id,classe,grupo,bloco,dobra_fora_blocos,dobra_fora_aleatorio,blocos_d0,blocos_d1,blocos_d2,blocos_d3,blocos_d4,aleatorio_d0,aleatorio_d1,aleatorio_d2,aleatorio_d3,aleatorio_d4
1,saudavel,bracol-1,0,0,3,fora,treino,treino,treino,treino,treino,treino,treino,fora,treino
2,saudavel,bracol-2,0,0,1,fora,treino,treino,treino,treino,treino,fora,treino,treino,treino
4,saudavel,bracol-4,0,0,2,fora,treino,treino,treino,treino,descartada_sorteio,treino,fora,treino,descartada_sorteio
5,saudavel,bracol-5,0,0,0,fora,treino,treino,treino,treino,fora,descartada_sorteio,descartada_sorteio,descartada_sorteio,treino
6,saudavel,bracol-6,0,0,3,fora,treino,treino,treino,treino,treino,treino,treino,fora,treino
7,saudavel,bracol-7,0,0,3,fora,treino,treino,treino,treino,descartada_sorteio,descartada_sorteio,descartada_sorteio,fora,treino
8,saudavel,bracol-8,0,0,2,fora,treino,treino,treino,treino,treino,treino,fora,treino,treino
9,saudavel,bracol-9,0,0,4,fora,treino,treino,treino,treino,treino,treino,treino,treino,fora
10,saudavel,bracol-10,0,0,2,fora,treino,treino,treino,treino,treino,treino,fora,treino,treino
13,saudavel,bracol-13,0,0,2,fora,treino,treino,treino,treino,treino,descartada_sorteio,fora,treino,treino
14,saudavel,bracol-14,0,0,0,fora,treino,treino,treino,treino,fora,descartada_sorteio,treino,treino,treino
15,saudavel,bracol-15,0,0,2,fora,treino,treino,treino,treino,descartada_sorteio,treino,fora,treino,treino
16,saudavel,bracol-16,0,0,1,fora,treino,treino,treino,treino,treino,fora,treino,descartada_sorteio,treino
17,saudavel,bracol-17,0,0,3,fora,treino,treino,treino,treino,treino,treino,treino,fora,treino
18,saudavel,bracol-18,0,0,1,fora,treino,treino,treino,treino,descartada_sorteio,fora,descartada_sorteio,treino,treino
19,saudavel,bracol-19,0,0,1,fora,treino,treino,treino,treino,treino,fora,treino,treino,treino
21,bicho_mineiro,bracol-21,0,0,2,fora,treino,treino,treino,treino,treino,treino,fora,treino,treino
22,bicho_mineiro,bracol-22,0,0,0,fora,treino,treino,treino,treino,fora,descartada_sorteio,treino,treino,treino
23,bicho_mineiro,bracol-23,0,0,1,fora,treino,treino,treino,treino,descartada_sorteio,fora,descartada_sorteio,treino,treino
24,bicho_mineiro,bracol-24,0,0,4,fora,treino,treino,treino,treino,treino,treino,treino,treino,fora
25,bicho_mineiro,bracol-25,0,0,4,fora,treino,treino,treino,treino,treino,treino,treino,treino,fora
26,bicho_mineiro,bracol-26,0,0,3,fora,treino,treino,treino,treino,treino,treino,treino,fora,treino
28,bicho_mineiro,bracol-28,0,0,3,fora,treino,treino,treino,treino,treino,treino,treino,fora,treino
29,bicho_mineiro,bracol-29,0,0,3,fora,treino,treino,treino,treino,treino,treino,treino,fora,treino
30,bicho_mineiro,bracol-30,0,0,0,fora,treino,treino,treino,treino,fora,treino,treino,treino,treino
31,bicho_mineiro,bracol-31,0,0,2,fora,treino,treino,treino,treino,treino,treino,fora,treino,treino
32,bicho_mineiro,bracol-32,0,0,0,fora,treino,treino,treino,treino,fora,treino,treino,treino,treino
33,bicho_mineiro,bracol-33,0,0,4,fora,treino,treino,treino,treino,treino,treino,treino,treino,fora
34,bicho_mineiro,bracol-34,0,0,2,fora,treino,treino,treino,treino,treino,treino,fora,treino,treino
35,bicho_mineiro,bracol-35,0,0,4,fora,treino,treino,treino,treino,treino,treino,treino,treino,fora
36,bicho_mineiro,bracol-36,0,0,2,fora,treino,treino,treino,treino,treino,treino,fora,treino,treino
37,bicho_mineiro,bracol-37,0,0,0,fora,treino,treino,treino,treino,fora,treino,treino,treino,treino
38,bicho_mineiro,bracol-38,0,0,1,fora,treino,treino,treino,treino,treino,fora,treino,treino,treino
39,bicho_mineiro,bracol-39,0,0,1,fora,treino,treino,treino,treino,treino,fora,treino,treino,treino
40,bicho_mineiro,bracol-40,0,0,0,fora,treino,treino,treino,treino,fora,treino,treino,treino,treino
41,bicho_mineiro,bracol-41,0,0,3,fora,treino,treino,treino,treino,treino,treino,treino,fora,treino
42,bicho_mineiro,bracol-42,0,0,0,fora,treino,treino,treino,treino,fora,treino,treino,treino,treino
43,bicho_mineiro,bracol-43,0,0,1,fora,treino,treino,treino,treino,treino,fora,treino,treino,treino
44,bicho_mineiro,bracol-44,0,0,4,fora,treino,treino,treino,treino,treino,treino,treino,treino,fora
45,bicho_mineiro,bracol-45,0,0,4,fora,treino,treino,treino,treino,treino,treino,treino,treino,fora
46,bicho_mineiro,bracol-46,0,0,4,fora,treino,treino,treino,treino,treino,descartada_sorteio,descartada_sorteio,descartada_sorteio,fora
47,bicho_mineiro,bracol-47,0,0,1,fora,treino,treino,treino,treino,treino,fora,treino,treino,treino
49,bicho_mineiro,bracol-49,0,0,4,fora,treino,treino,treino,treino,descartada_sorteio,descartada_sorteio,treino,treino,fora
50,bicho_mineiro,bracol-50,0,0,0,fora,treino,treino,treino,treino,fora,treino,treino,treino,treino
51,bicho_mineiro,bracol-51,0,0,4,fora,treino,treino,treino,treino,descartada_sorteio,treino,treino,treino,fora
52,bicho_mineiro,bracol-52,0,0,3,fora,treino,treino,treino,treino,treino,treino,treino,fora,descartada_sorteio
53,bicho_mineiro,bracol-53,0,0,2,fora,treino,treino,treino,treino,treino,treino,fora,treino,treino
54,bicho_mineiro,bracol-54,0,0,3,fora,treino,treino,treino,treino,treino,treino,treino,fora,treino
55,cercosporiose,bracol-55,0,0,0,fora,treino,treino,treino,treino,fora,descartada_sorteio,descartada_sorteio,descartada_sorteio,descartada_sorteio
56,bicho_mineiro,bracol-56,0,0,0,fora,treino,treino,treino,treino,fora,treino,treino,treino,treino
57,bicho_mineiro,bracol-57,0,0,0,fora,treino,treino,treino,treino,fora,treino,treino,treino,treino
58,bicho_mineiro,bracol-58,0,0,1,fora,treino,treino,treino,treino,treino,fora,treino,treino,treino
59,bicho_mineiro,bracol-59,0,0,3,fora,treino,treino,treino,treino,treino,treino,treino,fora,treino
60,bicho_mineiro,bracol-60,0,0,1,fora,treino,treino,treino,treino,treino,fora,treino,treino,treino
61,bicho_mineiro,bracol-61,0,0,1,fora,treino,treino,treino,treino,treino,fora,treino,treino,treino
62,cercosporiose,bracol-62,0,0,3,fora,treino,treino,treino,treino,descartada_sorteio,descartada_sorteio,descartada_sorteio,fora,descartada_sorteio
63,bicho_mineiro,bracol-63,0,0,2,fora,treino,treino,treino,treino,treino,treino,fora,treino,treino
64,bicho_mineiro,bracol-64,0,0,2,fora,treino,treino,treino,treino,treino,treino,fora,treino,treino
65,bicho_mineiro,bracol-65,0,0,1,fora,treino,treino,treino,treino,treino,fora,treino,treino,treino
66,bicho_mineiro,bracol-66,0,0,1,fora,treino,treino,treino,treino,treino,fora,treino,treino,treino
67,bicho_mineiro,bracol-67,0,0,4,fora,treino,treino,treino,treino,treino,treino,treino,treino,fora
68,bicho_mineiro,bracol-68,0,0,3,fora,treino,treino,treino,treino,treino,treino,treino,fora,treino
69,bicho_mineiro,bracol-69,0,0,0,fora,treino,treino,treino,treino,fora,treino,descartada_sorteio,treino,treino
72,bicho_mineiro,bracol-72,0,0,3,fora,treino,treino,treino,treino,treino,treino,treino,fora,treino
74,bicho_mineiro,bracol-74,0,0,3,fora,treino,treino,treino,treino,treino,treino,treino,fora,treino
75,bicho_mineiro,bracol-75,0,0,1,fora,treino,treino,treino,treino,descartada_sorteio,fora,treino,treino,treino
76,bicho_mineiro,bracol-76,0,0,2,fora,treino,treino,treino,treino,treino,descartada_sorteio,fora,treino,treino
77,bicho_mineiro,bracol-77,0,0,1,fora,treino,treino,treino,treino,treino,fora,treino,treino,treino
79,bicho_mineiro,bracol-79,0,0,1,fora,treino,treino,treino,treino,treino,fora,treino,treino,treino
80,bicho_mineiro,bracol-80,0,0,2,fora,treino,treino,treino,treino,treino,treino,fora,treino,treino
82,bicho_mineiro,bracol-82,0,0,0,fora,purga_distancia,treino,treino,treino,fora,treino,treino,treino,treino
84,bicho_mineiro,bracol-84,0,0,3,fora,purga_distancia,treino,treino,treino,treino,treino,treino,fora,treino
85,bicho_mineiro,bracol-85,0,0,4,fora,purga_distancia,treino,treino,treino,treino,treino,treino,treino,fora
86,bicho_mineiro,bracol-86,0,0,4,fora,purga_distancia,treino,treino,treino,treino,treino,treino,treino,fora
87,bicho_mineiro,bracol-87,0,0,2,fora,purga_distancia,treino,treino,treino,treino,treino,fora,treino,treino
88,bicho_mineiro,bracol-88,0,0,4,fora,purga_distancia,treino,treino,treino,treino,treino,treino,treino,fora
89,bicho_mineiro,bracol-89,0,0,0,fora,purga_distancia,treino,treino,treino,fora,treino,treino,treino,treino
90,ferrugem,bracol-90,0,0,0,fora,purga_distancia,treino,treino,treino,fora,treino,treino,treino,treino
91,ferrugem,bracol-91,0,0,3,fora,purga_distancia,treino,treino,treino,treino,treino,treino,fora,treino
92,ferrugem,bracol-92,0,0,1,fora,purga_distancia,treino,treino,treino,treino,fora,treino,treino,treino
93,ferrugem,bracol-93,0,0,2,fora,purga_distancia,treino,treino,treino,treino,treino,fora,treino,treino
94,ferrugem,bracol-94,0,0,3,fora,purga_distancia,treino,treino,treino,treino,treino,treino,fora,treino
95,ferrugem,bracol-95,0,0,4,fora,purga_distancia,treino,treino,treino,descartada_sorteio,descartada_sorteio,treino,treino,fora
96,ferrugem,bracol-96,0,0,1,fora,purga_distancia,treino,treino,treino,treino,fora,treino,treino,treino
97,ferrugem,bracol-97,0,0,4,fora,purga_distancia,treino,treino,treino,treino,treino,treino,treino,fora
98,ferrugem,bracol-98,0,0,2,fora,purga_distancia,treino,treino,treino,treino,treino,fora,treino,treino
99,ferrugem,bracol-99,0,0,0,fora,purga_distancia,treino,treino,treino,fora,treino,treino,treino,treino
100,ferrugem,bracol-100,0,0,2,fora,purga_distancia,treino,treino,treino,treino,treino,fora,treino,treino
102,ferrugem,bracol-102,1,1,2,purga_distancia,fora,treino,treino,treino,treino,treino,fora,treino,treino
103,ferrugem,bracol-103,1,1,1,purga_distancia,fora,treino,treino,treino,treino,fora,treino,treino,treino
104,ferrugem,bracol-104,1,1,3,purga_distancia,fora,treino,treino,treino,treino,treino,treino,fora,treino
105,ferrugem,bracol-105,1,1,4,purga_distancia,fora,treino,treino,treino,descartada_sorteio,treino,treino,treino,fora
106,ferrugem,bracol-106,1,1,3,purga_distancia,fora,treino,treino,treino,treino,descartada_sorteio,treino,fora,descartada_sorteio
107,ferrugem,bracol-107,1,1,1,purga_distancia,fora,treino,treino,treino,treino,fora,descartada_sorteio,descartada_sorteio,treino
108,ferrugem,bracol-108,1,1,4,purga_distancia,fora,treino,treino,treino,treino,treino,treino,treino,fora
109,ferrugem,bracol-109,1,1,3,purga_distancia,fora,treino,treino,treino,treino,treino,treino,fora,treino
111,ferrugem,bracol-111,1,1,2,purga_distancia,fora,treino,treino,treino,treino,treino,fora,treino,treino
112,ferrugem,bracol-112,1,1,0,purga_distancia,fora,treino,treino,treino,fora,treino,treino,treino,treino
113,ferrugem,bracol-113,1,1,2,purga_distancia,fora,treino,treino,treino,treino,treino,fora,treino,treino
115,ferrugem,bracol-115,1,1,1,purga_distancia,fora,treino,treino,treino,descartada_sorteio,fora,treino,treino,treino
117,ferrugem,bracol-117,1,1,2,purga_distancia,fora,treino,treino,treino,treino,treino,fora,treino,descartada_sorteio
118,ferrugem,bracol-118,1,1,4,purga_distancia,fora,treino,treino,treino,treino,descartada_sorteio,treino,descartada_sorteio,fora
119,ferrugem,bracol-119,1,1,2,purga_distancia,fora,treino,treino,treino,treino,treino,fora,treino,treino
120,ferrugem,bracol-120,1,1,0,purga_distancia,fora,treino,treino,treino,fora,treino,treino,treino,treino
121,ferrugem,bracol-121,1,1,1,treino,fora,treino,treino,treino,treino,fora,descartada_sorteio,treino,treino
122,ferrugem,bracol-122,1,1,1,treino,fora,treino,treino,treino,treino,fora,treino,treino,treino
123,ferrugem,bracol-123,1,1,3,treino,fora,treino,treino,treino,descartada_sorteio,treino,treino,fora,treino
124,ferrugem,bracol-124,1,1,4,treino,fora,treino,treino,treino,treino,treino,treino,treino,fora
125,ferrugem,bracol-125,1,1,4,treino,fora,treino,treino,treino,treino,treino,treino,descartada_sorteio,fora
126,ferrugem,bracol-126,1,1,1,treino,fora,treino,treino,treino,treino,fora,treino,treino,descartada_sorteio
128,ferrugem,bracol-128,1,1,1,treino,fora,treino,treino,treino,treino,fora,descartada_sorteio,treino,treino
131,ferrugem,bracol-131,1,1,1,treino,fora,treino,treino,treino,treino,fora,treino,treino,treino
132,ferrugem,bracol-132,1,1,4,treino,fora,treino,treino,treino,treino,descartada_sorteio,treino,treino,fora
133,ferrugem,bracol-133,1,1,2,treino,fora,treino,treino,treino,treino,treino,fora,treino,treino
134,ferrugem,bracol-134,1,1,1,treino,fora,treino,treino,treino,treino,fora,treino,treino,treino
135,ferrugem,bracol-135,1,1,4,treino,fora,treino,treino,treino,treino,treino,treino,treino,fora
136,ferrugem,bracol-136,1,1,4,treino,fora,treino,treino,treino,descartada_sorteio,treino,treino,treino,fora
137,bicho_mineiro,bracol-137,1,1,4,treino,fora,treino,treino,treino,treino,treino,treino,treino,fora
138,ferrugem,bracol-138,1,1,0,treino,fora,treino,treino,treino,fora,treino,treino,treino,treino
139,ferrugem,bracol-139,1,1,2,treino,fora,treino,treino,treino,treino,treino,fora,descartada_sorteio,treino
141,ferrugem,bracol-141,1,1,1,treino,fora,treino,treino,treino,treino,fora,treino,treino,treino
142,ferrugem,bracol-142,1,1,1,treino,fora,treino,treino,treino,descartada_sorteio,fora,treino,treino,treino
143,ferrugem,bracol-143,1,1,2,treino,fora,treino,treino,treino,treino,treino,fora,descartada_sorteio,treino
144,ferrugem,bracol-144,1,1,3,treino,fora,treino,treino,treino,treino,treino,treino,fora,descartada_sorteio
145,ferrugem,bracol-145,1,1,4,treino,fora,treino,treino,treino,treino,treino,descartada_sorteio,treino,fora
146,ferrugem,bracol-146,1,1,3,treino,fora,treino,treino,treino,treino,treino,treino,fora,treino
147,ferrugem,bracol-147,1,1,1,treino,fora,treino,treino,treino,treino,fora,treino,treino,treino
148,ferrugem,bracol-148,1,1,3,treino,fora,treino,treino,treino,treino,descartada_sorteio,descartada_sorteio,fora,descartada_sorteio
149,ferrugem,bracol-149,1,1,2,treino,fora,treino,treino,treino,treino,treino,fora,treino,treino
150,ferrugem,bracol-150,1,1,1,treino,fora,treino,treino,treino,descartada_sorteio,fora,treino,treino,treino
151,ferrugem,bracol-151,1,1,3,treino,fora,treino,treino,treino,treino,treino,treino,fora,treino
152,ferrugem,bracol-152,1,1,2,treino,fora,treino,treino,treino,treino,descartada_sorteio,fora,treino,treino
153,ferrugem,bracol-153,1,1,2,treino,fora,treino,treino,treino,treino,treino,fora,treino,treino
154,ferrugem,bracol-154,1,1,1,treino,fora,treino,treino,treino,descartada_sorteio,fora,treino,treino,treino
155,ferrugem,bracol-155,1,1,1,treino,fora,treino,treino,treino,treino,fora,treino,treino,treino
156,ferrugem,bracol-156,1,1,4,treino,fora,treino,treino,treino,descartada_sorteio,treino,treino,treino,fora
157,ferrugem,bracol-157,1,1,3,treino,fora,treino,treino,treino,descartada_sorteio,treino,treino,fora,treino
158,ferrugem,bracol-158,1,1,4,treino,fora,treino,treino,treino,treino,treino,treino,treino,fora
159,ferrugem,bracol-159,1,1,2,treino,fora,treino,treino,treino,treino,treino,fora,treino,treino
160,ferrugem,bracol-160,1,1,3,treino,fora,treino,treino,treino,treino,treino,treino,fora,treino
162,ferrugem,bracol-162,1,1,0,treino,fora,treino,treino,treino,fora,treino,treino,treino,treino
163,ferrugem,bracol-163,1,1,3,treino,fora,treino,treino,treino,descartada_sorteio,descartada_sorteio,treino,fora,treino
164,ferrugem,bracol-164,1,1,4,treino,fora,treino,treino,treino,treino,treino,treino,treino,fora
166,ferrugem,bracol-166,1,1,1,treino,fora,treino,treino,treino,descartada_sorteio,fora,descartada_sorteio,treino,treino
167,ferrugem,bracol-167,1,1,1,treino,fora,treino,treino,treino,treino,fora,treino,treino,treino
168,ferrugem,bracol-168,1,1,4,treino,fora,treino,treino,treino,treino,treino,treino,treino,fora
169,ferrugem,bracol-169,1,1,2,treino,fora,treino,treino,treino,descartada_sorteio,treino,fora,treino,treino
170,saudavel,bracol-170,1,1,0,treino,fora,treino,treino,treino,fora,descartada_sorteio,treino,treino,treino
171,ferrugem,bracol-171,1,1,0,treino,fora,treino,treino,treino,fora,descartada_sorteio,treino,treino,treino
174,saudavel,bracol-174,1,1,1,treino,fora,treino,treino,treino,treino,fora,descartada_sorteio,treino,treino
175,saudavel,bracol-175,1,1,4,treino,fora,treino,treino,treino,treino,treino,treino,treino,fora
178,saudavel,bracol-178,1,1,4,treino,fora,treino,treino,treino,descartada_sorteio,treino,treino,treino,fora
179,saudavel,bracol-179,1,1,3,treino,fora,treino,treino,treino,treino,treino,treino,fora,treino
180,saudavel,bracol-180,1,1,0,treino,fora,treino,treino,treino,fora,descartada_sorteio,treino,treino,treino
181,saudavel,bracol-181,1,1,4,treino,fora,purga_distancia,treino,treino,treino,treino,treino,treino,fora
182,saudavel,bracol-182,1,1,4,treino,fora,purga_distancia,treino,treino,treino,treino,treino,treino,fora
183,saudavel,bracol-183,1,1,3,treino,fora,purga_distancia,treino,treino,treino,treino,treino,fora,treino
184,saudavel,bracol-184,1,1,4,treino,fora,purga_distancia,treino,treino,treino,treino,treino,treino,fora
185,saudavel,bracol-185,1,1,2,treino,fora,purga_distancia,treino,treino,treino,treino,fora,treino,treino
186,saudavel,bracol-186,1,1,2,treino,fora,purga_distancia,treino,treino,treino,treino,fora,treino,treino
187,saudavel,bracol-187,1,1,3,treino,fora,purga_distancia,treino,treino,treino,treino,treino,fora,treino
188,saudavel,bracol-188,1,1,4,treino,fora,purga_distancia,treino,treino,treino,treino,treino,treino,fora
189,saudavel,bracol-189,1,1,4,treino,fora,purga_distancia,treino,treino,treino,treino,treino,treino,fora
191,saudavel,bracol-191,1,1,1,treino,fora,purga_distancia,treino,treino,treino,fora,treino,treino,treino
192,saudavel,bracol-192,1,1,1,treino,fora,purga_distancia,treino,treino,treino,fora,treino,treino,treino
193,saudavel,bracol-193,1,1,2,treino,fora,purga_distancia,treino,treino,treino,treino,fora,treino,treino
194,saudavel,bracol-194,1,1,4,treino,fora,purga_distancia,treino,treino,treino,treino,treino,treino,fora
195,saudavel,bracol-195,1,1,4,treino,fora,purga_distancia,treino,treino,treino,treino,treino,treino,fora
196,saudavel,bracol-196,1,1,3,treino,fora,purga_distancia,treino,treino,treino,treino,treino,fora,treino
197,saudavel,bracol-197,1,1,2,treino,fora,purga_distancia,treino,treino,treino,treino,fora,treino,treino
198,saudavel,bracol-198,1,1,4,treino,fora,purga_distancia,treino,treino,treino,treino,treino,treino,fora
200,saudavel,bracol-200,1,1,1,treino,fora,purga_distancia,treino,treino,treino,fora,treino,treino,treino
201,saudavel,bracol-201,2,2,2,treino,purga_distancia,fora,treino,treino,descartada_sorteio,treino,fora,treino,treino
202,saudavel,bracol-202,2,2,0,treino,purga_distancia,fora,treino,treino,fora,treino,treino,treino,treino
203,saudavel,bracol-203,2,2,2,treino,purga_distancia,fora,treino,treino,descartada_sorteio,treino,fora,treino,treino
204,saudavel,bracol-204,2,2,1,treino,purga_distancia,fora,treino,treino,treino,fora,treino,treino,treino
205,saudavel,bracol-205,2,2,4,treino,purga_distancia,fora,treino,treino,treino,treino,treino,descartada_sorteio,fora
206,saudavel,bracol-206,2,2,2,treino,purga_distancia,fora,treino,treino,treino,descartada_sorteio,fora,descartada_sorteio,treino
207,saudavel,bracol-207,2,2,2,treino,purga_distancia,fora,treino,treino,treino,descartada_sorteio,fora,treino,treino
208,saudavel,bracol-208,2,2,2,treino,purga_distancia,fora,treino,treino,treino,treino,fora,treino,treino
209,saudavel,bracol-209,2,2,1,treino,purga_distancia,fora,treino,treino,treino,fora,treino,treino,descartada_sorteio
210,saudavel,bracol-210,2,2,4,treino,purga_distancia,fora,treino,treino,treino,treino,treino,treino,fora
211,saudavel,bracol-211,2,2,3,treino,purga_distancia,fora,treino,treino,treino,treino,descartada_sorteio,fora,descartada_sorteio
212,bicho_mineiro,bracol-212,2,2,3,treino,purga_distancia,fora,treino,treino,descartada_sorteio,treino,treino,fora,treino
213,bicho_mineiro,bracol-213,2,2,0,treino,purga_distancia,fora,treino,treino,fora,descartada_sorteio,treino,treino,treino
214,bicho_mineiro,bracol-214,2,2,3,treino,purga_distancia,fora,treino,treino,treino,treino,descartada_sorteio,fora,treino
216,bicho_mineiro,bracol-216,2,2,4,treino,purga_distancia,fora,treino,treino,treino,treino,treino,treino,fora
219,bicho_mineiro,bracol-219,2,2,0,treino,purga_distancia,fora,treino,treino,fora,treino,treino,treino,treino
220,bicho_mineiro,bracol-220,2,2,0,treino,purga_distancia,fora,treino,treino,fora,descartada_sorteio,treino,treino,treino
221,bicho_mineiro,bracol-221,2,2,0,treino,treino,fora,treino,treino,fora,treino,treino,treino,treino
222,bicho_mineiro,bracol-222,2,2,0,treino,treino,fora,treino,treino,fora,treino,treino,treino,treino
223,bicho_mineiro,bracol-223,2,2,1,treino,treino,fora,treino,treino,treino,fora,treino,treino,treino
225,bicho_mineiro,bracol-225,2,2,1,treino,treino,fora,treino,treino,descartada_sorteio,fora,treino,treino,treino
227,bicho_mineiro,bracol-227,2,2,3,treino,treino,fora,treino,treino,treino,treino,treino,fora,treino
228,bicho_mineiro,bracol-228,2,2,1,treino,treino,fora,treino,treino,treino,fora,treino,treino,treino
230,bicho_mineiro,bracol-230,2,2,4,treino,treino,fora,treino,treino,treino,treino,treino,treino,fora
231,saudavel,bracol-231,2,2,4,treino,treino,fora,treino,treino,treino,treino,descartada_sorteio,treino,fora
232,phoma,bracol-232,2,2,2,treino,treino,fora,treino,treino,descartada_sorteio,descartada_sorteio,fora,treino,treino
233,phoma,bracol-233,2,2,2,treino,treino,fora,treino,treino,treino,treino,fora,treino,treino
235,phoma,bracol-235,2,2,1,treino,treino,fora,treino,treino,descartada_sorteio,fora,descartada_sorteio,descartada_sorteio,descartada_sorteio
236,phoma,bracol-236,2,2,0,treino,treino,fora,treino,treino,fora,descartada_sorteio,treino,treino,treino
237,phoma,bracol-237,2,2,1,treino,treino,fora,treino,treino,descartada_sorteio,fora,descartada_sorteio,treino,treino
238,phoma,bracol-238,2,2,3,treino,treino,fora,treino,treino,treino,descartada_sorteio,treino,fora,treino
239,phoma,bracol-239,2,2,1,treino,treino,fora,treino,treino,treino,fora,treino,treino,treino
240,phoma,bracol-240,2,2,0,treino,treino,fora,treino,treino,fora,treino,treino,treino,treino
241,phoma,bracol-241,2,2,2,treino,treino,fora,treino,treino,treino,treino,fora,treino,treino
242,phoma,bracol-242,2,2,0,treino,treino,fora,treino,treino,fora,treino,treino,treino,treino
244,phoma,bracol-244,2,2,0,treino,treino,fora,treino,treino,fora,treino,treino,treino,treino
245,phoma,bracol-245,2,2,3,treino,treino,fora,treino,treino,treino,treino,treino,fora,treino
246,phoma,bracol-246,2,2,4,treino,treino,fora,treino,treino,treino,treino,treino,treino,fora
247,phoma,bracol-247,2,2,4,treino,treino,fora,treino,treino,treino,treino,treino,treino,fora
248,phoma,bracol-248,2,2,1,treino,treino,fora,treino,treino,treino,fora,treino,treino,treino
249,phoma,bracol-249,2,2,2,treino,treino,fora,treino,treino,treino,treino,fora,treino,treino
250,phoma,bracol-250,2,2,2,treino,treino,fora,treino,treino,treino,treino,fora,treino,treino
251,phoma,bracol-251,2,2,0,treino,treino,fora,treino,treino,fora,treino,treino,treino,treino
252,phoma,bracol-252,2,2,3,treino,treino,fora,treino,treino,treino,treino,treino,fora,treino
253,phoma,bracol-253,2,2,1,treino,treino,fora,treino,treino,treino,fora,treino,treino,treino
254,phoma,bracol-254,2,2,4,treino,treino,fora,treino,treino,treino,treino,treino,treino,fora
255,phoma,bracol-255,2,2,2,treino,treino,fora,treino,treino,treino,treino,fora,treino,treino
256,phoma,bracol-256,2,2,4,treino,treino,fora,treino,treino,treino,treino,treino,treino,fora
257,phoma,bracol-257,2,2,1,treino,treino,fora,treino,treino,treino,fora,treino,treino,treino
260,phoma,bracol-260,2,2,1,treino,treino,fora,treino,treino,treino,fora,treino,treino,treino
261,phoma,bracol-261,2,2,0,treino,treino,fora,treino,treino,fora,treino,treino,descartada_sorteio,treino
262,phoma,bracol-262,2,2,3,treino,treino,fora,treino,treino,treino,treino,treino,fora,descartada_sorteio
263,phoma,bracol-263,2,2,4,treino,treino,fora,treino,treino,treino,treino,treino,treino,fora
265,phoma,bracol-265,2,2,4,treino,treino,fora,treino,treino,descartada_sorteio,treino,descartada_sorteio,treino,fora
266,phoma,bracol-266,2,2,1,treino,treino,fora,treino,treino,treino,fora,treino,treino,treino
267,phoma,bracol-267,2,2,2,treino,treino,fora,treino,treino,treino,descartada_sorteio,fora,treino,treino
268,phoma,bracol-268,2,2,3,treino,treino,fora,treino,treino,treino,treino,treino,fora,treino
269,phoma,bracol-269,2,2,0,treino,treino,fora,treino,treino,fora,treino,treino,treino,treino
270,phoma,bracol-270,2,2,2,treino,treino,fora,treino,treino,treino,treino,fora,treino,treino
271,phoma,bracol-271,2,2,4,treino,treino,fora,treino,treino,treino,treino,treino,treino,fora
272,phoma,bracol-272,2,2,2,treino,treino,fora,treino,treino,treino,treino,fora,treino,treino
273,phoma,bracol-273,2,2,1,treino,treino,fora,treino,treino,treino,fora,treino,treino,treino
274,phoma,bracol-274,2,2,1,treino,treino,fora,treino,treino,treino,fora,treino,treino,treino
276,phoma,bracol-276,2,2,3,treino,treino,fora,treino,treino,descartada_sorteio,treino,treino,fora,treino
278,phoma,bracol-278,2,2,0,treino,treino,fora,treino,treino,fora,treino,treino,treino,treino
279,phoma,bracol-279,2,2,2,treino,treino,fora,treino,treino,treino,treino,fora,treino,treino
280,phoma,bracol-280,2,2,0,treino,treino,fora,treino,treino,fora,descartada_sorteio,treino,treino,treino
282,phoma,bracol-282,2,2,4,treino,treino,fora,purga_distancia,treino,descartada_sorteio,treino,treino,treino,fora
284,phoma,bracol-284,2,2,2,treino,treino,fora,purga_distancia,treino,treino,descartada_sorteio,fora,treino,treino
285,phoma,bracol-285,2,2,2,treino,treino,fora,purga_distancia,treino,treino,treino,fora,treino,treino
286,phoma,bracol-286,2,2,4,treino,treino,fora,purga_distancia,treino,treino,treino,treino,treino,fora
287,phoma,bracol-287,2,2,3,treino,treino,fora,purga_distancia,treino,treino,treino,treino,fora,treino
288,phoma,bracol-288,2,2,1,treino,treino,fora,purga_distancia,treino,treino,fora,treino,treino,treino
289,phoma,bracol-289,2,2,4,treino,treino,fora,purga_distancia,treino,treino,treino,treino,treino,fora
290,phoma,bracol-290,2,2,3,treino,treino,fora,purga_distancia,treino,treino,descartada_sorteio,treino,fora,treino
291,phoma,bracol-291,2,2,1,treino,treino,fora,purga_distancia,treino,treino,fora,treino,treino,treino
292,phoma,bracol-292,2,2,1,treino,treino,fora,purga_distancia,treino,treino,fora,treino,treino,treino
293,phoma,bracol-293,2,2,1,treino,treino,fora,purga_distancia,treino,treino,fora,treino,treino,treino
294,phoma,bracol-294,2,2,3,treino,treino,fora,purga_distancia,treino,treino,treino,treino,fora,treino
297,phoma,bracol-297,2,2,1,treino,treino,fora,purga_distancia,treino,treino,fora,treino,treino,treino
298,phoma,bracol-298,2,2,2,treino,treino,fora,purga_distancia,treino,treino,treino,fora,treino,treino
299,phoma,bracol-299,2,2,4,treino,treino,fora,purga_distancia,treino,treino,treino,treino,treino,fora
300,phoma,bracol-300,2,2,2,treino,treino,fora,purga_distancia,treino,treino,treino,fora,treino,treino
301,phoma,bracol-301,3,3,2,treino,treino,purga_distancia,fora,treino,treino,treino,fora,treino,treino
304,phoma,bracol-304,3,3,3,treino,treino,purga_distancia,fora,treino,descartada_sorteio,treino,treino,fora,treino
305,phoma,bracol-305,3,3,2,treino,treino,purga_distancia,fora,treino,treino,treino,fora,treino,treino
306,phoma,bracol-306,3,3,3,treino,treino,purga_distancia,fora,treino,descartada_sorteio,treino,treino,fora,treino
307,phoma,bracol-307,3,3,0,treino,treino,purga_distancia,fora,treino,fora,treino,treino,treino,treino
308,phoma,bracol-308,3,3,4,treino,treino,purga_distancia,fora,treino,treino,treino,treino,descartada_sorteio,fora
310,phoma,bracol-310,3,3,2,treino,treino,purga_distancia,fora,treino,treino,treino,fora,treino,descartada_sorteio
311,phoma,bracol-311,3,3,0,treino,treino,purga_distancia,fora,treino,fora,descartada_sorteio,treino,treino,treino
312,phoma,bracol-312,3,3,2,treino,treino,purga_distancia,fora,treino,treino,treino,fora,treino,treino
313,phoma,bracol-313,3,3,0,treino,treino,purga_distancia,fora,treino,fora,descartada_sorteio,treino,treino,treino
314,phoma,bracol-314,3,3,2,treino,treino,purga_distancia,fora,treino,treino,treino,fora,treino,treino
315,phoma,bracol-315,3,3,3,treino,treino,purga_distancia,fora,treino,treino,treino,descartada_sorteio,fora,treino
316,phoma,bracol-316,3,3,2,treino,treino,purga_distancia,fora,treino,treino,treino,fora,treino,treino
317,phoma,bracol-317,3,3,0,treino,treino,purga_distancia,fora,treino,fora,treino,treino,treino,treino
318,phoma,bracol-318,3,3,2,treino,treino,purga_distancia,fora,treino,treino,treino,fora,treino,treino
319,phoma,bracol-319,3,3,1,treino,treino,purga_distancia,fora,treino,treino,fora,descartada_sorteio,treino,treino
321,phoma,bracol-321,3,3,0,treino,treino,treino,fora,treino,fora,treino,treino,treino,treino
322,phoma,bracol-322,3,3,4,treino,treino,treino,fora,treino,treino,treino,treino,treino,fora
323,phoma,bracol-323,3,3,2,treino,treino,treino,fora,treino,treino,treino,fora,treino,treino
324,phoma,bracol-324,3,3,4,treino,treino,treino,fora,treino,treino,treino,treino,treino,fora
325,phoma,bracol-325,3,3,3,treino,treino,treino,fora,treino,treino,treino,treino,fora,treino
326,phoma,bracol-326,3,3,1,treino,treino,treino,fora,treino,treino,fora,treino,treino,treino
327,phoma,bracol-327,3,3,1,treino,treino,treino,fora,treino,treino,fora,treino,treino,treino
328,phoma,bracol-328,3,3,3,treino,treino,treino,fora,treino,treino,treino,treino,fora,treino
329,phoma,bracol-329,3,3,2,treino,treino,treino,fora,treino,treino,treino,fora,treino,treino
330,phoma,bracol-330,3,3,4,treino,treino,treino,fora,treino,treino,treino,treino,treino,fora
331,phoma,bracol-331,3,3,1,treino,treino,treino,fora,treino,treino,fora,treino,treino,treino
333,phoma,bracol-333,3,3,4,treino,treino,treino,fora,treino,descartada_sorteio,treino,treino,treino,fora
334,phoma,bracol-334,3,3,3,treino,treino,treino,fora,treino,treino,treino,treino,fora,treino
335,phoma,bracol-335,3,3,0,treino,treino,treino,fora,treino,fora,treino,treino,treino,treino
336,phoma,bracol-336,3,3,2,treino,treino,treino,fora,treino,treino,treino,fora,treino,treino
337,phoma,bracol-337,3,3,2,treino,treino,treino,fora,treino,treino,treino,fora,treino,treino
338,phoma,bracol-338,3,3,4,treino,treino,treino,fora,treino,treino,descartada_sorteio,treino,treino,fora
339,phoma,bracol-339,3,3,0,treino,treino,treino,fora,treino,fora,treino,treino,treino,treino
341,phoma,bracol-341,3,3,4,treino,treino,treino,fora,treino,treino,treino,treino,treino,fora
342,phoma,bracol-342,3,3,1,treino,treino,treino,fora,treino,descartada_sorteio,fora,treino,treino,treino
343,phoma,bracol-343,3,3,1,treino,treino,treino,fora,treino,treino,fora,treino,treino,treino
344,phoma,bracol-344,3,3,1,treino,treino,treino,fora,treino,treino,fora,treino,treino,treino
345,phoma,bracol-345,3,3,1,treino,treino,treino,fora,treino,treino,fora,treino,treino,treino
346,phoma,bracol-346,3,3,4,treino,treino,treino,fora,treino,treino,treino,treino,descartada_sorteio,fora
347,phoma,bracol-347,3,3,3,treino,treino,treino,fora,treino,descartada_sorteio,treino,treino,fora,treino
348,phoma,bracol-348,3,3,3,treino,treino,treino,fora,treino,treino,treino,treino,fora,treino
349,phoma,bracol-349,3,3,2,treino,treino,treino,fora,treino,descartada_sorteio,descartada_sorteio,fora,treino,treino
350,phoma,bracol-350,3,3,3,treino,treino,treino,fora,treino,treino,treino,treino,fora,treino
351,phoma,bracol-351,3,3,0,treino,treino,treino,fora,treino,fora,treino,treino,treino,treino
352,phoma,bracol-352,3,3,4,treino,treino,treino,fora,treino,treino,treino,descartada_sorteio,treino,fora
353,phoma,bracol-353,3,3,0,treino,treino,treino,fora,treino,fora,treino,treino,treino,treino
354,phoma,bracol-354,3,3,2,treino,treino,treino,fora,treino,treino,descartada_sorteio,fora,treino,treino
355,phoma,bracol-355,3,3,0,treino,treino,treino,fora,treino,fora,treino,treino,treino,treino
356,phoma,bracol-356,3,3,2,treino,treino,treino,fora,treino,treino,descartada_sorteio,fora,treino,treino
357,phoma,bracol-357,3,3,3,treino,treino,treino,fora,treino,treino,treino,treino,fora,treino
358,phoma,bracol-358,3,3,1,treino,treino,treino,fora,treino,treino,fora,treino,treino,treino
361,phoma,bracol-361,3,3,1,treino,treino,treino,fora,treino,descartada_sorteio,fora,descartada_sorteio,treino,treino
362,phoma,bracol-362,3,3,1,treino,treino,treino,fora,treino,treino,fora,treino,treino,treino
363,phoma,bracol-363,3,3,0,treino,treino,treino,fora,treino,fora,treino,descartada_sorteio,treino,treino
364,phoma,bracol-364,3,3,1,treino,treino,treino,fora,treino,treino,fora,treino,descartada_sorteio,treino
365,phoma,bracol-365,3,3,1,treino,treino,treino,fora,treino,descartada_sorteio,fora,treino,treino,descartada_sorteio
366,phoma,bracol-366,3,3,2,treino,treino,treino,fora,treino,treino,treino,fora,treino,treino
367,phoma,bracol-367,3,3,2,treino,treino,treino,fora,treino,treino,treino,fora,treino,treino
368,phoma,bracol-368,3,3,3,treino,treino,treino,fora,treino,treino,treino,treino,fora,treino
369,phoma,bracol-369,3,3,0,treino,treino,treino,fora,treino,fora,treino,treino,treino,treino
370,phoma,bracol-370,3,3,4,treino,treino,treino,fora,treino,treino,descartada_sorteio,treino,treino,fora
371,phoma,bracol-371,3,3,3,treino,treino,treino,fora,treino,treino,treino,treino,fora,treino
372,phoma,bracol-372,3,3,3,treino,treino,treino,fora,treino,treino,treino,treino,fora,treino
373,phoma,bracol-373,3,3,2,treino,treino,treino,fora,treino,descartada_sorteio,descartada_sorteio,fora,treino,descartada_sorteio
374,phoma,bracol-374,3,3,4,treino,treino,treino,fora,treino,treino,treino,treino,descartada_sorteio,fora
375,phoma,bracol-375,3,3,4,treino,treino,treino,fora,treino,treino,treino,treino,treino,fora
376,phoma,bracol-376,3,3,0,treino,treino,treino,fora,treino,fora,treino,descartada_sorteio,treino,treino
378,phoma,bracol-378,3,3,0,treino,treino,treino,fora,treino,fora,treino,treino,treino,treino
379,phoma,bracol-379,3,3,4,treino,treino,treino,fora,treino,treino,treino,treino,treino,fora
380,phoma,bracol-380,3,3,3,treino,treino,treino,fora,treino,treino,treino,treino,fora,treino
381,phoma,bracol-381,3,3,3,treino,treino,treino,fora,purga_distancia,treino,descartada_sorteio,treino,fora,treino
382,phoma,bracol-382,3,3,2,treino,treino,treino,fora,purga_distancia,treino,treino,fora,treino,treino
383,phoma,bracol-383,3,3,0,treino,treino,treino,fora,purga_distancia,fora,treino,treino,treino,treino
384,phoma,bracol-384,3,3,4,treino,treino,treino,fora,purga_distancia,treino,treino,treino,treino,fora
385,phoma,bracol-385,3,3,4,treino,treino,treino,fora,purga_distancia,descartada_sorteio,treino,descartada_sorteio,treino,fora
388,phoma,bracol-388,3,3,3,treino,treino,treino,fora,purga_distancia,treino,treino,treino,fora,treino
389,phoma,bracol-389,3,3,1,treino,treino,treino,fora,purga_distancia,treino,fora,treino,treino,treino
390,phoma,bracol-390,3,3,2,treino,treino,treino,fora,purga_distancia,descartada_sorteio,treino,fora,treino,treino
391,phoma,bracol-391,3,3,3,treino,treino,treino,fora,purga_distancia,treino,treino,treino,fora,treino
392,phoma,bracol-392,3,3,3,treino,treino,treino,fora,purga_distancia,treino,descartada_sorteio,treino,fora,treino
393,phoma,bracol-393,3,3,1,treino,treino,treino,fora,purga_distancia,treino,fora,treino,treino,treino
395,phoma,bracol-395,3,3,4,treino,treino,treino,fora,purga_distancia,treino,treino,treino,treino,fora
396,phoma,bracol-396,3,3,4,treino,treino,treino,fora,purga_distancia,treino,treino,treino,treino,fora
397,phoma,bracol-397,3,3,4,treino,treino,treino,fora,purga_distancia,treino,descartada_sorteio,descartada_sorteio,treino,fora
398,phoma,bracol-398,3,3,1,treino,treino,treino,fora,purga_distancia,treino,fora,treino,treino,treino
399,phoma,bracol-399,3,3,2,treino,treino,treino,fora,purga_distancia,treino,treino,fora,treino,treino
400,phoma,bracol-400,3,3,3,treino,treino,treino,fora,purga_distancia,treino,treino,treino,fora,treino
401,phoma,bracol-401,4,4,4,treino,treino,treino,purga_distancia,fora,treino,treino,treino,treino,fora
402,phoma,bracol-402,4,4,0,treino,treino,treino,purga_distancia,fora,fora,treino,treino,treino,treino
403,phoma,bracol-403,4,4,1,treino,treino,treino,purga_distancia,fora,treino,fora,treino,treino,treino
404,phoma,bracol-404,4,4,0,treino,treino,treino,purga_distancia,fora,fora,treino,treino,treino,treino
405,phoma,bracol-405,4,4,0,treino,treino,treino,purga_distancia,fora,fora,treino,treino,treino,treino
406,phoma,bracol-406,4,4,4,treino,treino,treino,purga_distancia,fora,treino,treino,treino,treino,fora
407,phoma,bracol-407,4,4,4,treino,treino,treino,purga_distancia,fora,treino,treino,treino,treino,fora
408,phoma,bracol-408,4,4,1,treino,treino,treino,purga_distancia,fora,treino,fora,treino,treino,treino
409,phoma,bracol-409,4,4,4,treino,treino,treino,purga_distancia,fora,treino,treino,treino,treino,fora
410,phoma,bracol-410,4,4,3,treino,treino,treino,purga_distancia,fora,treino,treino,treino,fora,treino
412,phoma,bracol-412,4,4,3,treino,treino,treino,purga_distancia,fora,treino,treino,treino,fora,treino
413,phoma,bracol-413,4,4,1,treino,treino,treino,purga_distancia,fora,treino,fora,treino,treino,treino
414,phoma,bracol-414,4,4,0,treino,treino,treino,purga_distancia,fora,fora,treino,treino,treino,treino
415,phoma,bracol-415,4,4,0,treino,treino,treino,purga_distancia,fora,fora,treino,treino,treino,treino
416,phoma,bracol-416,4,4,3,treino,treino,treino,purga_distancia,fora,treino,treino,treino,fora,treino
418,phoma,bracol-418,4,4,4,treino,treino,treino,purga_distancia,fora,descartada_sorteio,treino,treino,treino,fora
419,phoma,bracol-419,4,4,2,treino,treino,treino,purga_distancia,fora,treino,treino,fora,treino,treino
421,phoma,bracol-421,4,4,0,treino,treino,treino,treino,fora,fora,treino,treino,descartada_sorteio,treino
422,phoma,bracol-422,4,4,2,treino,treino,treino,treino,fora,treino,treino,fora,treino,treino
423,phoma,bracol-423,4,4,3,treino,treino,treino,treino,fora,treino,treino,treino,fora,treino
424,phoma,bracol-424,4,4,4,treino,treino,treino,treino,fora,treino,descartada_sorteio,treino,treino,fora
425,phoma,bracol-425,4,4,3,treino,treino,treino,treino,fora,treino,treino,treino,fora,descartada_sorteio
428,phoma,bracol-428,4,4,1,treino,treino,treino,treino,fora,treino,fora,descartada_sorteio,treino,treino
429,phoma,bracol-429,4,4,1,treino,treino,treino,treino,fora,treino,fora,treino,treino,treino
430,phoma,bracol-430,4,4,3,treino,treino,treino,treino,fora,treino,treino,treino,fora,treino
431,phoma,bracol-431,4,4,3,treino,treino,treino,treino,fora,treino,treino,treino,fora,treino
432,phoma,bracol-432,4,4,0,treino,treino,treino,treino,fora,fora,treino,treino,treino,treino
433,phoma,bracol-433,4,4,0,treino,treino,treino,treino,fora,fora,treino,treino,treino,treino
434,phoma,bracol-434,4,4,2,treino,treino,treino,treino,fora,treino,treino,fora,treino,treino
435,phoma,bracol-435,4,4,0,treino,treino,treino,treino,fora,fora,treino,treino,treino,treino
436,phoma,bracol-436,4,4,0,treino,treino,treino,treino,fora,fora,treino,treino,treino,treino
437,phoma,bracol-437,4,4,3,treino,treino,treino,treino,fora,treino,treino,treino,fora,treino
438,phoma,bracol-438,4,4,0,treino,treino,treino,treino,fora,fora,treino,treino,treino,treino
439,cercosporiose,bracol-439,4,4,3,treino,treino,treino,treino,fora,descartada_sorteio,descartada_sorteio,treino,fora,treino
441,phoma,bracol-441,4,4,1,treino,treino,treino,treino,fora,descartada_sorteio,fora,treino,treino,treino
442,phoma,bracol-442,4,4,1,treino,treino,treino,treino,fora,treino,fora,treino,descartada_sorteio,treino
443,phoma,bracol-443,4,4,3,treino,treino,treino,treino,fora,treino,treino,descartada_sorteio,fora,treino
444,phoma,bracol-444,4,4,1,treino,treino,treino,treino,fora,treino,fora,treino,treino,treino
445,phoma,bracol-445,4,4,0,treino,treino,treino,treino,fora,fora,descartada_sorteio,treino,treino,treino
446,saudavel,bracol-446,4,4,1,treino,treino,treino,treino,fora,treino,fora,treino,treino,treino
449,phoma,bracol-449,4,4,3,treino,treino,treino,treino,fora,treino,treino,treino,fora,treino
450,phoma,bracol-450,4,4,0,treino,treino,treino,treino,fora,fora,treino,treino,treino,treino
451,phoma,bracol-451,4,4,2,treino,treino,treino,treino,fora,treino,treino,fora,treino,treino
452,phoma,bracol-452,4,4,4,treino,treino,treino,treino,fora,treino,treino,treino,treino,fora
454,phoma,bracol-454,4,4,3,treino,treino,treino,treino,fora,treino,treino,treino,fora,treino
455,phoma,bracol-455,4,4,3,treino,treino,treino,treino,fora,treino,treino,treino,fora,treino
456,phoma,bracol-456,4,4,4,treino,treino,treino,treino,fora,treino,treino,treino,treino,fora
457,phoma,bracol-457,4,4,4,treino,treino,treino,treino,fora,treino,treino,treino,treino,fora
460,phoma,bracol-460,4,4,1,treino,treino,treino,treino,fora,treino,fora,treino,treino,treino
461,phoma,bracol-461,4,4,0,treino,treino,treino,treino,fora,fora,descartada_sorteio,treino,treino,treino
462,phoma,bracol-462,4,4,3,treino,treino,treino,treino,fora,treino,treino,treino,fora,treino
464,phoma,bracol-464,4,4,3,treino,treino,treino,treino,fora,treino,treino,treino,fora,treino
465,phoma,bracol-465,4,4,0,treino,treino,treino,treino,fora,fora,treino,treino,treino,treino
466,cercosporiose,bracol-466,4,4,2,treino,treino,treino,treino,fora,treino,treino,fora,descartada_sorteio,treino
467,phoma,bracol-467,4,4,4,treino,treino,treino,treino,fora,treino,treino,treino,treino,fora
468,phoma,bracol-468,4,4,2,treino,treino,treino,treino,fora,treino,treino,fora,treino,treino
469,phoma,bracol-469,4,4,0,treino,treino,treino,treino,fora,fora,treino,treino,treino,treino
470,phoma,bracol-470,4,4,4,treino,treino,treino,treino,fora,treino,treino,treino,treino,fora
471,phoma,bracol-469,4,4,0,treino,treino,treino,treino,fora,fora,descartada_sorteio,treino,treino,treino
475,phoma,bracol-475,4,4,3,treino,treino,treino,treino,fora,treino,treino,treino,fora,treino
476,phoma,bracol-476,4,4,0,treino,treino,treino,treino,fora,fora,treino,descartada_sorteio,treino,treino
477,phoma,bracol-477,4,4,4,treino,treino,treino,treino,fora,treino,descartada_sorteio,treino,treino,fora
479,phoma,bracol-479,4,4,1,treino,treino,treino,treino,fora,treino,fora,treino,treino,descartada_sorteio
481,phoma,bracol-481,4,4,3,purga_distancia,treino,treino,treino,fora,descartada_sorteio,treino,treino,fora,treino
482,phoma,bracol-482,4,4,4,purga_distancia,treino,treino,treino,fora,treino,treino,treino,treino,fora
483,phoma,bracol-483,4,4,0,purga_distancia,treino,treino,treino,fora,fora,treino,treino,descartada_sorteio,treino
484,phoma,bracol-484,4,4,0,purga_distancia,treino,treino,treino,fora,fora,treino,treino,treino,treino
485,phoma,bracol-485,4,4,4,purga_distancia,treino,treino,treino,fora,treino,treino,treino,treino,fora
487,phoma,bracol-487,4,4,4,purga_distancia,treino,treino,treino,fora,treino,treino,descartada_sorteio,treino,fora
488,phoma,bracol-488,4,4,2,purga_distancia,treino,treino,treino,fora,treino,treino,fora,treino,treino
489,phoma,bracol-489,4,4,0,purga_distancia,treino,treino,treino,fora,fora,descartada_sorteio,treino,treino,treino
490,phoma,bracol-490,4,4,2,purga_distancia,treino,treino,treino,fora,treino,treino,fora,treino,treino
491,phoma,bracol-491,4,4,3,purga_distancia,treino,treino,treino,fora,treino,treino,treino,fora,treino
492,phoma,bracol-492,4,4,4,purga_distancia,treino,treino,treino,fora,treino,treino,treino,treino,fora
493,phoma,bracol-493,4,4,1,purga_distancia,treino,treino,treino,fora,descartada_sorteio,fora,treino,treino,treino
494,cercosporiose,bracol-494,4,4,2,purga_distancia,treino,treino,treino,fora,treino,treino,fora,treino,treino
495,phoma,bracol-495,4,4,1,purga_distancia,treino,treino,treino,fora,treino,fora,treino,treino,treino
496,phoma,bracol-496,4,4,4,purga_distancia,treino,treino,treino,fora,treino,treino,treino,treino,fora
498,phoma,bracol-498,4,4,4,purga_distancia,treino,treino,treino,fora,treino,treino,treino,treino,fora
500,phoma,bracol-500,4,4,3,purga_distancia,treino,treino,treino,fora,treino,treino,descartada_sorteio,fora,treino
501,phoma,bracol-501,5,0,4,fora,treino,treino,treino,purga_distancia,treino,treino,treino,treino,fora
502,phoma,bracol-502,5,0,3,fora,treino,treino,treino,purga_distancia,treino,descartada_sorteio,treino,fora,treino
505,phoma,bracol-505,5,0,0,fora,treino,treino,treino,purga_distancia,fora,treino,treino,treino,treino
506,phoma,bracol-506,5,0,1,fora,treino,treino,treino,purga_distancia,treino,fora,treino,treino,treino
507,phoma,bracol-507,5,0,3,fora,treino,treino,treino,purga_distancia,descartada_sorteio,treino,treino,fora,treino
508,phoma,bracol-508,5,0,3,fora,treino,treino,treino,purga_distancia,treino,treino,treino,fora,treino
509,phoma,bracol-509,5,0,1,fora,treino,treino,treino,purga_distancia,treino,fora,treino,treino,descartada_sorteio
510,phoma,bracol-510,5,0,0,fora,treino,treino,treino,purga_distancia,fora,treino,treino,descartada_sorteio,treino
512,phoma,bracol-512,5,0,3,fora,treino,treino,treino,purga_distancia,treino,treino,treino,fora,treino
513,phoma,bracol-513,5,0,0,fora,treino,treino,treino,purga_distancia,fora,treino,treino,treino,treino
514,phoma,bracol-514,5,0,0,fora,treino,treino,treino,purga_distancia,fora,treino,treino,treino,treino
515,phoma,bracol-515,5,0,3,fora,treino,treino,treino,purga_distancia,treino,treino,treino,fora,treino
516,phoma,bracol-516,5,0,4,fora,treino,treino,treino,purga_distancia,treino,descartada_sorteio,treino,treino,fora
517,cercosporiose,bracol-517,5,0,1,fora,treino,treino,treino,purga_distancia,treino,fora,treino,treino,treino
518,phoma,bracol-518,5,0,1,fora,treino,treino,treino,purga_distancia,treino,fora,treino,treino,treino
519,phoma,bracol-519,5,0,4,fora,treino,treino,treino,purga_distancia,treino,treino,treino,treino,fora
520,phoma,bracol-520,5,0,2,fora,treino,treino,treino,purga_distancia,treino,treino,fora,treino,treino
521,phoma,bracol-521,5,0,0,fora,treino,treino,treino,treino,fora,descartada_sorteio,descartada_sorteio,treino,treino
522,ferrugem,bracol-522,5,0,0,fora,treino,treino,treino,treino,fora,treino,treino,treino,treino
523,phoma,bracol-523,5,0,1,fora,treino,treino,treino,treino,descartada_sorteio,fora,treino,treino,treino
524,phoma,bracol-524,5,0,1,fora,treino,treino,treino,treino,treino,fora,treino,treino,treino
525,cercosporiose,bracol-525,5,0,3,fora,treino,treino,treino,treino,treino,treino,treino,fora,treino
526,phoma,bracol-526,5,0,1,fora,treino,treino,treino,treino,treino,fora,treino,treino,treino
527,ferrugem,bracol-527,5,0,1,fora,treino,treino,treino,treino,treino,fora,treino,treino,treino
529,phoma,bracol-529,5,0,0,fora,treino,treino,treino,treino,fora,treino,descartada_sorteio,treino,treino
530,phoma,bracol-530,5,0,3,fora,treino,treino,treino,treino,descartada_sorteio,treino,descartada_sorteio,fora,treino
531,phoma,bracol-531,5,0,4,fora,treino,treino,treino,treino,treino,treino,treino,treino,fora
532,phoma,bracol-532,5,0,0,fora,treino,treino,treino,treino,fora,descartada_sorteio,treino,treino,treino
533,phoma,bracol-533,5,0,4,fora,treino,treino,treino,treino,treino,treino,descartada_sorteio,treino,fora
534,phoma,bracol-534,5,0,1,fora,treino,treino,treino,treino,treino,fora,treino,treino,treino
535,cercosporiose,bracol-535,5,0,1,fora,treino,treino,treino,treino,treino,fora,treino,treino,treino
536,phoma,bracol-536,5,0,3,fora,treino,treino,treino,treino,descartada_sorteio,treino,treino,fora,descartada_sorteio
537,phoma,bracol-537,5,0,0,fora,treino,treino,treino,treino,fora,treino,treino,descartada_sorteio,treino
538,phoma,bracol-538,5,0,4,fora,treino,treino,treino,treino,treino,descartada_sorteio,descartada_sorteio,treino,fora
539,phoma,bracol-539,5,0,1,fora,treino,treino,treino,treino,treino,fora,treino,treino,treino
540,phoma,bracol-540,5,0,1,fora,treino,treino,treino,treino,treino,fora,treino,treino,treino
541,phoma,bracol-541,5,0,2,fora,treino,treino,treino,treino,descartada_sorteio,descartada_sorteio,fora,treino,treino
542,phoma,bracol-542,5,0,1,fora,treino,treino,treino,treino,descartada_sorteio,fora,treino,descartada_sorteio,descartada_sorteio
543,phoma,bracol-543,5,0,0,fora,treino,treino,treino,treino,fora,treino,treino,treino,treino
544,phoma,bracol-544,5,0,1,fora,treino,treino,treino,treino,treino,fora,treino,treino,treino
545,phoma,bracol-545,5,0,2,fora,treino,treino,treino,treino,treino,treino,fora,treino,treino
546,phoma,bracol-546,5,0,3,fora,treino,treino,treino,treino,descartada_sorteio,descartada_sorteio,treino,fora,treino
547,phoma,bracol-547,5,0,3,fora,treino,treino,treino,treino,treino,treino,treino,fora,treino
548,phoma,bracol-548,5,0,4,fora,treino,treino,treino,treino,treino,treino,treino,treino,fora
549,phoma,bracol-549,5,0,3,fora,treino,treino,treino,treino,treino,treino,treino,fora,treino
550,phoma,bracol-550,5,0,1,fora,treino,treino,treino,treino,descartada_sorteio,fora,treino,treino,descartada_sorteio
551,phoma,bracol-551,5,0,4,fora,treino,treino,treino,treino,treino,descartada_sorteio,descartada_sorteio,treino,fora
553,phoma,bracol-553,5,0,2,fora,treino,treino,treino,treino,treino,treino,fora,descartada_sorteio,treino
554,phoma,bracol-554,5,0,4,fora,treino,treino,treino,treino,treino,treino,treino,treino,fora
555,cercosporiose,bracol-555,5,0,4,fora,treino,treino,treino,treino,treino,treino,treino,treino,fora
557,phoma,bracol-557,5,0,0,fora,treino,treino,treino,treino,fora,treino,treino,treino,treino
558,ferrugem,bracol-558,5,0,2,fora,treino,treino,treino,treino,treino,descartada_sorteio,fora,treino,treino
562,cercosporiose,bracol-562,5,0,1,fora,treino,treino,treino,treino,descartada_sorteio,fora,treino,treino,treino
563,phoma,bracol-563,5,0,3,fora,treino,treino,treino,treino,treino,treino,treino,fora,treino
564,phoma,bracol-564,5,0,2,fora,treino,treino,treino,treino,treino,treino,fora,treino,treino
565,saudavel,bracol-565,5,0,3,fora,treino,treino,treino,treino,treino,treino,treino,fora,treino
569,cercosporiose,bracol-569,5,0,4,fora,treino,treino,treino,treino,treino,treino,treino,treino,fora
570,ferrugem,bracol-570,5,0,0,fora,treino,treino,treino,treino,fora,descartada_sorteio,treino,treino,treino
571,saudavel,bracol-571,5,0,1,fora,treino,treino,treino,treino,treino,fora,treino,treino,treino
572,ferrugem,bracol-572,5,0,0,fora,treino,treino,treino,treino,fora,treino,descartada_sorteio,treino,treino
573,saudavel,bracol-573,5,0,1,fora,treino,treino,treino,treino,treino,fora,treino,treino,treino
574,phoma,bracol-574,5,0,1,fora,treino,treino,treino,treino,treino,fora,treino,treino,treino
575,bicho_mineiro,bracol-575,5,0,0,fora,treino,treino,treino,treino,fora,descartada_sorteio,treino,treino,treino
576,bicho_mineiro,bracol-576,5,0,1,fora,treino,treino,treino,treino,treino,fora,treino,treino,treino
577,cercosporiose,bracol-577,5,0,1,fora,treino,treino,treino,treino,treino,fora,treino,treino,treino
578,saudavel,bracol-578,5,0,3,fora,treino,treino,treino,treino,treino,treino,treino,fora,treino
579,cercosporiose,bracol-579,5,0,3,fora,treino,treino,treino,treino,descartada_sorteio,descartada_sorteio,treino,fora,treino
581,saudavel,bracol-581,5,0,4,fora,purga_distancia,treino,treino,treino,treino,treino,treino,treino,fora
583,saudavel,bracol-583,5,0,3,fora,purga_distancia,treino,treino,treino,treino,treino,treino,fora,treino
584,bicho_mineiro,bracol-584,5,0,4,fora,purga_distancia,treino,treino,treino,descartada_sorteio,descartada_sorteio,treino,treino,fora
585,bicho_mineiro,bracol-585,5,0,0,fora,purga_distancia,treino,treino,treino,fora,treino,treino,treino,treino
586,ferrugem,bracol-586,5,0,1,fora,purga_distancia,treino,treino,treino,treino,fora,treino,treino,treino
587,saudavel,bracol-587,5,0,2,fora,purga_distancia,treino,treino,treino,treino,treino,fora,treino,treino
588,bicho_mineiro,bracol-588,5,0,0,fora,purga_distancia,treino,treino,treino,fora,treino,treino,treino,treino
589,ferrugem,bracol-589,5,0,0,fora,purga_distancia,treino,treino,treino,fora,treino,treino,treino,treino
590,ferrugem,bracol-590,5,0,2,fora,purga_distancia,treino,treino,treino,treino,treino,fora,treino,treino
591,phoma,bracol-591,5,0,1,fora,purga_distancia,treino,treino,treino,treino,fora,treino,treino,treino
593,ferrugem,bracol-593,5,0,2,fora,purga_distancia,treino,treino,treino,treino,descartada_sorteio,fora,treino,treino
594,cercosporiose,bracol-594,5,0,2,fora,purga_distancia,treino,treino,treino,treino,treino,fora,treino,treino
595,phoma,bracol-595,5,0,0,fora,purga_distancia,treino,treino,treino,fora,treino,descartada_sorteio,treino,treino
597,ferrugem,bracol-597,5,0,0,fora,purga_distancia,treino,treino,treino,fora,treino,treino,treino,treino
598,ferrugem,bracol-598,5,0,4,fora,purga_distancia,treino,treino,treino,treino,descartada_sorteio,treino,treino,fora
599,ferrugem,bracol-599,5,0,1,fora,purga_distancia,treino,treino,treino,treino,fora,descartada_sorteio,treino,treino
601,saudavel,bracol-601,6,1,1,purga_distancia,fora,treino,treino,treino,treino,fora,treino,treino,treino
602,saudavel,bracol-602,6,1,2,purga_distancia,fora,treino,treino,treino,treino,treino,fora,treino,treino
603,saudavel,bracol-603,6,1,0,purga_distancia,fora,treino,treino,treino,fora,treino,treino,treino,treino
604,cercosporiose,bracol-604,6,1,0,purga_distancia,fora,treino,treino,treino,fora,treino,descartada_sorteio,treino,treino
605,ferrugem,bracol-605,6,1,1,purga_distancia,fora,treino,treino,treino,treino,fora,treino,treino,treino
606,ferrugem,bracol-606,6,1,4,purga_distancia,fora,treino,treino,treino,treino,treino,treino,treino,fora
607,bicho_mineiro,bracol-607,6,1,0,purga_distancia,fora,treino,treino,treino,fora,treino,treino,treino,treino
609,ferrugem,bracol-609,6,1,3,purga_distancia,fora,treino,treino,treino,treino,treino,treino,fora,treino
610,phoma,bracol-610,6,1,2,purga_distancia,fora,treino,treino,treino,treino,treino,fora,treino,treino
611,cercosporiose,bracol-611,6,1,3,purga_distancia,fora,treino,treino,treino,treino,descartada_sorteio,treino,fora,treino
612,saudavel,bracol-612,6,1,3,purga_distancia,fora,treino,treino,treino,treino,treino,treino,fora,treino
613,saudavel,bracol-613,6,1,3,purga_distancia,fora,treino,treino,treino,treino,treino,treino,fora,treino
614,saudavel,bracol-614,6,1,2,purga_distancia,fora,treino,treino,treino,treino,treino,fora,treino,treino
615,ferrugem,bracol-615,6,1,0,purga_distancia,fora,treino,treino,treino,fora,descartada_sorteio,treino,treino,treino
616,saudavel,bracol-616,6,1,0,purga_distancia,fora,treino,treino,treino,fora,treino,treino,treino,treino
618,saudavel,bracol-618,6,1,3,purga_distancia,fora,treino,treino,treino,treino,treino,treino,fora,treino
619,ferrugem,bracol-619,6,1,4,purga_distancia,fora,treino,treino,treino,treino,treino,treino,treino,fora
620,bicho_mineiro,bracol-620,6,1,2,purga_distancia,fora,treino,treino,treino,descartada_sorteio,treino,fora,treino,treino
621,ferrugem,bracol-621,6,1,4,treino,fora,treino,treino,treino,treino,treino,treino,treino,fora
622,bicho_mineiro,bracol-622,6,1,4,treino,fora,treino,treino,treino,treino,treino,treino,treino,fora
624,saudavel,bracol-624,6,1,1,treino,fora,treino,treino,treino,treino,fora,treino,treino,treino
625,saudavel,bracol-625,6,1,0,treino,fora,treino,treino,treino,fora,treino,treino,treino,treino
626,saudavel,bracol-626,6,1,2,treino,fora,treino,treino,treino,descartada_sorteio,treino,fora,treino,treino
627,saudavel,bracol-627,6,1,3,treino,fora,treino,treino,treino,descartada_sorteio,treino,treino,fora,treino
628,phoma,bracol-628,6,1,2,treino,fora,treino,treino,treino,treino,treino,fora,treino,treino
629,saudavel,bracol-629,6,1,2,treino,fora,treino,treino,treino,descartada_sorteio,treino,fora,treino,treino
631,saudavel,bracol-631,6,1,4,treino,fora,treino,treino,treino,treino,treino,treino,treino,fora
632,bicho_mineiro,bracol-632,6,1,3,treino,fora,treino,treino,treino,treino,treino,treino,fora,treino
633,saudavel,bracol-633,6,1,0,treino,fora,treino,treino,treino,fora,treino,treino,treino,treino
635,saudavel,bracol-635,6,1,0,treino,fora,treino,treino,treino,fora,treino,treino,treino,treino
637,ferrugem,bracol-637,6,1,1,treino,fora,treino,treino,treino,treino,fora,treino,treino,treino
638,ferrugem,bracol-638,6,1,0,treino,fora,treino,treino,treino,fora,treino,treino,treino,treino
640,phoma,bracol-640,6,1,3,treino,fora,treino,treino,treino,treino,treino,treino,fora,treino
641,ferrugem,bracol-641,6,1,2,treino,fora,treino,treino,treino,treino,treino,fora,treino,treino
645,phoma,bracol-645,6,1,2,treino,fora,treino,treino,treino,descartada_sorteio,treino,fora,treino,descartada_sorteio
646,phoma,bracol-646,6,1,2,treino,fora,treino,treino,treino,treino,descartada_sorteio,fora,treino,treino
647,phoma,bracol-647,6,1,1,treino,fora,treino,treino,treino,treino,fora,treino,descartada_sorteio,treino
648,cercosporiose,bracol-648,6,1,0,treino,fora,treino,treino,treino,fora,treino,treino,treino,treino
650,ferrugem,bracol-650,6,1,4,treino,fora,treino,treino,treino,treino,treino,treino,treino,fora
651,phoma,bracol-651,6,1,3,treino,fora,treino,treino,treino,treino,treino,treino,fora,treino
652,cercosporiose,bracol-652,6,1,0,treino,fora,treino,treino,treino,fora,treino,treino,treino,descartada_sorteio
653,cercosporiose,bracol-653,6,1,3,treino,fora,treino,treino,treino,treino,treino,descartada_sorteio,fora,treino
654,phoma,bracol-654,6,1,1,treino,fora,treino,treino,treino,treino,fora,treino,treino,treino
655,phoma,bracol-655,6,1,0,treino,fora,treino,treino,treino,fora,treino,treino,treino,treino
656,saudavel,bracol-656,6,1,4,treino,fora,treino,treino,treino,treino,treino,treino,treino,fora
658,phoma,bracol-658,6,1,2,treino,fora,treino,treino,treino,descartada_sorteio,treino,fora,treino,treino
661,phoma,bracol-661,6,1,2,treino,fora,treino,treino,treino,treino,treino,fora,treino,treino
663,bicho_mineiro,bracol-663,6,1,1,treino,fora,treino,treino,treino,treino,fora,descartada_sorteio,treino,treino
664,ferrugem,bracol-664,6,1,0,treino,fora,treino,treino,treino,fora,treino,treino,treino,treino
665,ferrugem,bracol-665,6,1,3,treino,fora,treino,treino,treino,treino,treino,treino,fora,treino
666,phoma,bracol-666,6,1,4,treino,fora,treino,treino,treino,treino,treino,treino,treino,fora
667,saudavel,bracol-667,6,1,2,treino,fora,treino,treino,treino,treino,descartada_sorteio,fora,treino,treino
669,phoma,bracol-669,6,1,2,treino,fora,treino,treino,treino,treino,descartada_sorteio,fora,descartada_sorteio,treino
670,phoma,bracol-670,6,1,2,treino,fora,treino,treino,treino,treino,treino,fora,treino,treino
673,phoma,bracol-673,6,1,2,treino,fora,treino,treino,treino,treino,treino,fora,treino,treino
674,saudavel,bracol-674,6,1,2,treino,fora,treino,treino,treino,treino,descartada_sorteio,fora,treino,treino
676,bicho_mineiro,bracol-676,6,1,1,treino,fora,treino,treino,treino,treino,fora,treino,treino,treino
677,phoma,bracol-677,6,1,2,treino,fora,treino,treino,treino,treino,treino,fora,treino,treino
678,bicho_mineiro,bracol-678,6,1,0,treino,fora,treino,treino,treino,fora,treino,treino,treino,treino
679,cercosporiose,bracol-679,6,1,0,treino,fora,treino,treino,treino,fora,descartada_sorteio,treino,treino,treino
680,bicho_mineiro,bracol-680,6,1,3,treino,fora,treino,treino,treino,treino,treino,descartada_sorteio,fora,treino
681,ferrugem,bracol-681,6,1,1,treino,fora,purga_distancia,treino,treino,treino,fora,treino,treino,treino
682,cercosporiose,bracol-682,6,1,1,treino,fora,purga_distancia,treino,treino,descartada_sorteio,fora,treino,treino,treino
683,phoma,bracol-683,6,1,0,treino,fora,purga_distancia,treino,treino,fora,treino,treino,treino,treino
684,saudavel,bracol-684,6,1,0,treino,fora,purga_distancia,treino,treino,fora,descartada_sorteio,treino,descartada_sorteio,treino
685,saudavel,bracol-685,6,1,1,treino,fora,purga_distancia,treino,treino,treino,fora,treino,treino,descartada_sorteio
686,bicho_mineiro,bracol-686,6,1,4,treino,fora,purga_distancia,treino,treino,treino,treino,treino,treino,fora
687,saudavel,bracol-687,6,1,2,treino,fora,purga_distancia,treino,treino,treino,treino,fora,treino,treino
688,bicho_mineiro,bracol-688,6,1,2,treino,fora,purga_distancia,treino,treino,treino,treino,fora,descartada_sorteio,treino
689,bicho_mineiro,bracol-689,6,1,1,treino,fora,purga_distancia,treino,treino,treino,fora,treino,treino,treino
690,bicho_mineiro,bracol-690,6,1,4,treino,fora,purga_distancia,treino,treino,treino,treino,treino,treino,fora
691,ferrugem,bracol-691,6,1,3,treino,fora,purga_distancia,treino,treino,treino,treino,treino,fora,treino
692,cercosporiose,bracol-692,6,1,0,treino,fora,purga_distancia,treino,treino,fora,treino,treino,descartada_sorteio,treino
694,saudavel,bracol-694,6,1,1,treino,fora,purga_distancia,treino,treino,treino,fora,treino,treino,treino
695,bicho_mineiro,bracol-695,6,1,1,treino,fora,purga_distancia,treino,treino,treino,fora,treino,descartada_sorteio,treino
696,saudavel,bracol-696,6,1,1,treino,fora,purga_distancia,treino,treino,descartada_sorteio,fora,treino,treino,treino
697,bicho_mineiro,bracol-697,6,1,2,treino,fora,purga_distancia,treino,treino,treino,treino,fora,treino,descartada_sorteio
698,bicho_mineiro,bracol-698,6,1,2,treino,fora,purga_distancia,treino,treino,treino,descartada_sorteio,fora,treino,treino
699,bicho_mineiro,bracol-699,6,1,4,treino,fora,purga_distancia,treino,treino,descartada_sorteio,treino,treino,treino,fora
700,bicho_mineiro,bracol-700,6,1,3,treino,fora,purga_distancia,treino,treino,treino,treino,treino,fora,treino
701,saudavel,bracol-701,7,2,3,treino,purga_distancia,fora,treino,treino,treino,treino,treino,fora,treino
704,bicho_mineiro,bracol-704,7,2,2,treino,purga_distancia,fora,treino,treino,treino,descartada_sorteio,fora,treino,descartada_sorteio
705,bicho_mineiro,bracol-705,7,2,3,treino,purga_distancia,fora,treino,treino,descartada_sorteio,treino,treino,fora,treino
706,ferrugem,bracol-706,7,2,1,treino,purga_distancia,fora,treino,treino,treino,fora,treino,treino,treino
707,saudavel,bracol-707,7,2,4,treino,purga_distancia,fora,treino,treino,treino,treino,descartada_sorteio,treino,fora
708,saudavel,bracol-708,7,2,2,treino,purga_distancia,fora,treino,treino,treino,treino,fora,treino,treino
709,bicho_mineiro,bracol-709,7,2,1,treino,purga_distancia,fora,treino,treino,treino,fora,treino,treino,treino
711,ferrugem,bracol-711,7,2,4,treino,purga_distancia,fora,treino,treino,treino,treino,treino,treino,fora
712,ferrugem,bracol-712,7,2,1,treino,purga_distancia,fora,treino,treino,treino,fora,treino,treino,treino
714,bicho_mineiro,bracol-714,7,2,2,treino,purga_distancia,fora,treino,treino,treino,treino,fora,treino,treino
715,ferrugem,bracol-715,7,2,1,treino,purga_distancia,fora,treino,treino,treino,fora,treino,treino,treino
716,cercosporiose,bracol-716,7,2,3,treino,purga_distancia,fora,treino,treino,treino,treino,treino,fora,treino
717,bicho_mineiro,bracol-717,7,2,3,treino,purga_distancia,fora,treino,treino,treino,treino,treino,fora,treino
718,bicho_mineiro,bracol-718,7,2,3,treino,purga_distancia,fora,treino,treino,treino,treino,treino,fora,treino
719,bicho_mineiro,bracol-719,7,2,2,treino,purga_distancia,fora,treino,treino,treino,treino,fora,treino,treino
721,bicho_mineiro,bracol-721,7,2,4,treino,treino,fora,treino,treino,treino,treino,treino,treino,fora
722,ferrugem,bracol-722,7,2,4,treino,treino,fora,treino,treino,treino,treino,treino,treino,fora
724,bicho_mineiro,bracol-724,7,2,3,treino,treino,fora,treino,treino,treino,treino,treino,fora,treino
726,ferrugem,bracol-726,7,2,3,treino,treino,fora,treino,treino,treino,treino,treino,fora,treino
728,bicho_mineiro,bracol-728,7,2,4,treino,treino,fora,treino,treino,treino,treino,descartada_sorteio,treino,fora
729,bicho_mineiro,bracol-729,7,2,2,treino,treino,fora,treino,treino,treino,treino,fora,treino,treino
730,bicho_mineiro,bracol-730,7,2,4,treino,treino,fora,treino,treino,treino,treino,treino,treino,fora
731,bicho_mineiro,bracol-731,7,2,1,treino,treino,fora,treino,treino,treino,fora,treino,treino,treino
732,bicho_mineiro,bracol-732,7,2,3,treino,treino,fora,treino,treino,treino,treino,treino,fora,treino
733,ferrugem,bracol-733,7,2,3,treino,treino,fora,treino,treino,treino,treino,treino,fora,treino
734,saudavel,bracol-734,7,2,1,treino,treino,fora,treino,treino,descartada_sorteio,fora,treino,treino,treino
735,bicho_mineiro,bracol-735,7,2,3,treino,treino,fora,treino,treino,descartada_sorteio,treino,treino,fora,treino
736,saudavel,bracol-736,7,2,2,treino,treino,fora,treino,treino,treino,treino,fora,treino,treino
737,bicho_mineiro,bracol-737,7,2,2,treino,treino,fora,treino,treino,descartada_sorteio,descartada_sorteio,fora,descartada_sorteio,treino
739,ferrugem,bracol-739,7,2,1,treino,treino,fora,treino,treino,treino,fora,treino,treino,treino
740,saudavel,bracol-740,7,2,2,treino,treino,fora,treino,treino,treino,treino,fora,treino,treino
741,saudavel,bracol-741,7,2,3,treino,treino,fora,treino,treino,treino,treino,treino,fora,treino
742,cercosporiose,bracol-742,7,2,2,treino,treino,fora,treino,treino,treino,descartada_sorteio,fora,treino,treino
744,bicho_mineiro,bracol-744,7,2,2,treino,treino,fora,treino,treino,treino,descartada_sorteio,fora,treino,descartada_sorteio
746,ferrugem,bracol-746,7,2,0,treino,treino,fora,treino,treino,fora,treino,treino,treino,treino
747,saudavel,bracol-747,7,2,3,treino,treino,fora,treino,treino,treino,descartada_sorteio,treino,fora,treino
748,bicho_mineiro,bracol-748,7,2,0,treino,treino,fora,treino,treino,fora,treino,treino,treino,treino
749,ferrugem,bracol-749,7,2,4,treino,treino,fora,treino,treino,treino,treino,treino,treino,fora
750,saudavel,bracol-750,7,2,0,treino,treino,fora,treino,treino,fora,treino,treino,treino,treino
751,ferrugem,bracol-751,7,2,3,treino,treino,fora,treino,treino,treino,treino,treino,fora,treino
752,saudavel,bracol-752,7,2,4,treino,treino,fora,treino,treino,treino,treino,treino,treino,fora
753,cercosporiose,bracol-753,7,2,1,treino,treino,fora,treino,treino,descartada_sorteio,fora,treino,treino,treino
754,bicho_mineiro,bracol-754,7,2,0,treino,treino,fora,treino,treino,fora,treino,treino,treino,treino
755,bicho_mineiro,bracol-755,7,2,1,treino,treino,fora,treino,treino,treino,fora,treino,treino,treino
756,ferrugem,bracol-756,7,2,1,treino,treino,fora,treino,treino,descartada_sorteio,fora,treino,treino,treino
757,bicho_mineiro,bracol-757,7,2,2,treino,treino,fora,treino,treino,treino,treino,fora,treino,treino
758,saudavel,bracol-758,7,2,1,treino,treino,fora,treino,treino,treino,fora,treino,treino,treino
759,saudavel,bracol-758,7,2,1,treino,treino,fora,treino,treino,descartada_sorteio,fora,treino,descartada_sorteio,descartada_sorteio
760,ferrugem,bracol-760,7,2,4,treino,treino,fora,treino,treino,treino,treino,treino,treino,fora
761,bicho_mineiro,bracol-761,7,2,1,treino,treino,fora,treino,treino,treino,fora,treino,treino,treino
762,bicho_mineiro,bracol-762,7,2,4,treino,treino,fora,treino,treino,treino,treino,treino,treino,fora
763,saudavel,bracol-763,7,2,1,treino,treino,fora,treino,treino,treino,fora,treino,treino,treino
764,ferrugem,bracol-760,7,2,4,treino,treino,fora,treino,treino,treino,treino,treino,treino,fora
766,saudavel,bracol-766,7,2,2,treino,treino,fora,treino,treino,treino,treino,fora,treino,treino
767,bicho_mineiro,bracol-767,7,2,0,treino,treino,fora,treino,treino,fora,treino,treino,treino,treino
768,bicho_mineiro,bracol-768,7,2,3,treino,treino,fora,treino,treino,treino,treino,treino,fora,treino
769,ferrugem,bracol-769,7,2,0,treino,treino,fora,treino,treino,fora,treino,treino,descartada_sorteio,treino
770,bicho_mineiro,bracol-770,7,2,1,treino,treino,fora,treino,treino,treino,fora,descartada_sorteio,treino,treino
771,bicho_mineiro,bracol-771,7,2,0,treino,treino,fora,treino,treino,fora,treino,treino,treino,treino
773,saudavel,bracol-773,7,2,1,treino,treino,fora,treino,treino,treino,fora,treino,treino,treino
774,bicho_mineiro,bracol-774,7,2,2,treino,treino,fora,treino,treino,treino,treino,fora,treino,treino
775,saudavel,bracol-775,7,2,4,treino,treino,fora,treino,treino,treino,descartada_sorteio,treino,treino,fora
777,cercosporiose,bracol-777,7,2,0,treino,treino,fora,treino,treino,fora,treino,treino,treino,treino
778,saudavel,bracol-778,7,2,4,treino,treino,fora,treino,treino,treino,treino,treino,treino,fora
779,bicho_mineiro,bracol-779,7,2,2,treino,treino,fora,treino,treino,treino,treino,fora,descartada_sorteio,treino
780,saudavel,bracol-780,7,2,4,treino,treino,fora,treino,treino,treino,treino,treino,treino,fora
781,saudavel,bracol-781,7,2,3,treino,treino,fora,purga_distancia,treino,treino,treino,descartada_sorteio,fora,treino
783,bicho_mineiro,bracol-783,7,2,2,treino,treino,fora,purga_distancia,treino,treino,treino,fora,treino,treino
784,bicho_mineiro,bracol-784,7,2,4,treino,treino,fora,purga_distancia,treino,descartada_sorteio,descartada_sorteio,treino,treino,fora
785,ferrugem,bracol-785,7,2,3,treino,treino,fora,purga_distancia,treino,treino,treino,descartada_sorteio,fora,treino
787,ferrugem,bracol-787,7,2,0,treino,treino,fora,purga_distancia,treino,fora,treino,treino,treino,treino
788,ferrugem,bracol-788,7,2,2,treino,treino,fora,purga_distancia,treino,treino,treino,fora,treino,treino
789,saudavel,bracol-789,7,2,4,treino,treino,fora,purga_distancia,treino,treino,treino,treino,treino,fora
790,bicho_mineiro,bracol-790,7,2,2,treino,treino,fora,purga_distancia,treino,treino,treino,fora,descartada_sorteio,treino
791,bicho_mineiro,bracol-791,7,2,4,treino,treino,fora,purga_distancia,treino,treino,treino,descartada_sorteio,descartada_sorteio,fora
792,saudavel,bracol-792,7,2,1,treino,treino,fora,purga_distancia,treino,treino,fora,treino,treino,treino
793,saudavel,bracol-793,7,2,0,treino,treino,fora,purga_distancia,treino,fora,treino,treino,treino,treino
794,bicho_mineiro,bracol-794,7,2,3,treino,treino,fora,purga_distancia,treino,descartada_sorteio,descartada_sorteio,descartada_sorteio,fora,treino
795,bicho_mineiro,bracol-795,7,2,1,treino,treino,fora,purga_distancia,treino,descartada_sorteio,fora,treino,treino,descartada_sorteio
796,ferrugem,bracol-796,7,2,3,treino,treino,fora,purga_distancia,treino,treino,treino,treino,fora,treino
798,ferrugem,bracol-798,7,2,1,treino,treino,fora,purga_distancia,treino,treino,fora,treino,treino,treino
799,bicho_mineiro,bracol-799,7,2,4,treino,treino,fora,purga_distancia,treino,treino,descartada_sorteio,treino,treino,fora
800,bicho_mineiro,bracol-800,7,2,0,treino,treino,fora,purga_distancia,treino,fora,treino,descartada_sorteio,descartada_sorteio,treino
801,ferrugem,bracol-801,8,3,2,treino,treino,purga_distancia,fora,treino,treino,treino,fora,treino,treino
804,ferrugem,bracol-804,8,3,3,treino,treino,purga_distancia,fora,treino,treino,treino,treino,fora,treino
805,ferrugem,bracol-805,8,3,2,treino,treino,purga_distancia,fora,treino,descartada_sorteio,treino,fora,treino,treino
806,ferrugem,bracol-806,8,3,4,treino,treino,purga_distancia,fora,treino,treino,treino,treino,treino,fora
807,bicho_mineiro,bracol-807,8,3,4,treino,treino,purga_distancia,fora,treino,treino,treino,treino,treino,fora
808,bicho_mineiro,bracol-808,8,3,3,treino,treino,purga_distancia,fora,treino,descartada_sorteio,descartada_sorteio,treino,fora,treino
809,ferrugem,bracol-809,8,3,2,treino,treino,purga_distancia,fora,treino,descartada_sorteio,treino,fora,treino,treino
810,saudavel,bracol-810,8,3,2,treino,treino,purga_distancia,fora,treino,treino,treino,fora,treino,treino
811,phoma,bracol-811,8,3,2,treino,treino,purga_distancia,fora,treino,treino,treino,fora,treino,treino
812,ferrugem,bracol-812,8,3,0,treino,treino,purga_distancia,fora,treino,fora,treino,treino,treino,treino
813,ferrugem,bracol-813,8,3,0,purga_grupo,treino,purga_distancia,fora,treino,fora,descartada_sorteio,treino,treino,treino
814,ferrugem,bracol-814,8,3,3,treino,treino,purga_distancia,fora,treino,descartada_sorteio,treino,treino,fora,treino
815,saudavel,bracol-815,8,3,0,treino,treino,purga_distancia,fora,treino,fora,descartada_sorteio,treino,treino,treino
816,saudavel,bracol-816,8,3,0,treino,treino,purga_distancia,fora,treino,fora,treino,treino,treino,treino
817,bicho_mineiro,bracol-817,8,3,2,treino,treino,purga_distancia,fora,treino,treino,treino,fora,treino,treino
818,ferrugem,bracol-818,8,3,4,treino,treino,purga_distancia,fora,treino,treino,treino,treino,treino,fora
819,bicho_mineiro,bracol-819,8,3,4,treino,treino,purga_distancia,fora,treino,treino,treino,treino,treino,fora
820,ferrugem,bracol-820,8,3,1,treino,treino,purga_distancia,fora,treino,treino,fora,treino,treino,treino
821,bicho_mineiro,bracol-821,8,3,4,treino,treino,treino,fora,treino,treino,treino,treino,treino,fora
822,bicho_mineiro,bracol-822,8,3,1,treino,treino,treino,fora,treino,treino,fora,treino,treino,descartada_sorteio
823,ferrugem,bracol-823,8,3,3,treino,treino,treino,fora,treino,treino,treino,treino,fora,treino
824,saudavel,bracol-824,8,3,3,treino,treino,treino,fora,treino,treino,treino,treino,fora,treino
825,saudavel,bracol-825,8,3,1,treino,treino,treino,fora,treino,treino,fora,treino,treino,treino
827,saudavel,bracol-827,8,3,0,treino,treino,treino,fora,treino,fora,treino,treino,treino,treino
828,bicho_mineiro,bracol-828,8,3,3,treino,treino,treino,fora,treino,treino,treino,treino,fora,treino
829,cercosporiose,bracol-829,8,3,4,treino,treino,treino,fora,treino,treino,treino,treino,treino,fora
830,saudavel,bracol-830,8,3,0,treino,treino,treino,fora,treino,fora,treino,treino,treino,treino
831,saudavel,bracol-831,8,3,4,treino,treino,treino,fora,treino,treino,treino,treino,treino,fora
832,ferrugem,bracol-832,8,3,1,treino,treino,treino,fora,treino,descartada_sorteio,fora,descartada_sorteio,descartada_sorteio,treino
833,saudavel,bracol-833,8,3,4,treino,treino,treino,fora,treino,treino,treino,treino,treino,fora
835,bicho_mineiro,bracol-835,8,3,4,treino,treino,treino,fora,treino,treino,treino,treino,treino,fora
836,bicho_mineiro,bracol-836,8,3,1,treino,treino,treino,fora,treino,treino,fora,treino,treino,treino
837,saudavel,bracol-837,8,3,4,treino,treino,treino,fora,treino,treino,treino,treino,treino,fora
838,bicho_mineiro,bracol-838,8,3,4,treino,treino,treino,fora,treino,treino,treino,treino,treino,fora
839,bicho_mineiro,bracol-839,8,3,1,treino,treino,treino,fora,treino,treino,fora,descartada_sorteio,treino,treino
841,saudavel,bracol-841,8,3,4,treino,treino,treino,fora,treino,descartada_sorteio,treino,treino,treino,fora
842,saudavel,bracol-842,8,3,1,treino,treino,treino,fora,treino,descartada_sorteio,fora,treino,treino,treino
843,bicho_mineiro,bracol-843,8,3,0,treino,treino,treino,fora,treino,fora,treino,treino,descartada_sorteio,treino
844,bicho_mineiro,bracol-844,8,3,4,treino,treino,treino,fora,treino,descartada_sorteio,treino,treino,treino,fora
845,saudavel,bracol-845,8,3,1,treino,treino,treino,fora,treino,treino,fora,treino,treino,treino
846,bicho_mineiro,bracol-846,8,3,3,treino,treino,treino,fora,treino,treino,treino,treino,fora,treino
847,ferrugem,bracol-847,8,3,4,treino,treino,treino,fora,treino,treino,treino,treino,treino,fora
848,saudavel,bracol-848,8,3,3,treino,treino,treino,fora,treino,treino,treino,treino,fora,treino
850,bicho_mineiro,bracol-850,8,3,4,treino,treino,treino,fora,treino,treino,descartada_sorteio,treino,treino,fora
851,bicho_mineiro,bracol-851,8,3,1,treino,treino,treino,fora,treino,treino,fora,descartada_sorteio,treino,treino
852,saudavel,bracol-852,8,3,4,treino,treino,treino,fora,treino,treino,treino,treino,treino,fora
853,saudavel,bracol-853,8,3,0,treino,treino,treino,fora,treino,fora,treino,treino,descartada_sorteio,treino
854,saudavel,bracol-854,8,3,3,treino,treino,treino,fora,treino,treino,treino,treino,fora,treino
855,bicho_mineiro,bracol-855,8,3,4,treino,treino,treino,fora,treino,treino,treino,treino,treino,fora
856,bicho_mineiro,bracol-856,8,3,3,treino,treino,treino,fora,treino,descartada_sorteio,treino,treino,fora,treino
857,bicho_mineiro,bracol-857,8,3,2,treino,treino,treino,fora,treino,treino,treino,fora,descartada_sorteio,treino
858,ferrugem,bracol-858,8,3,2,treino,treino,treino,fora,treino,treino,treino,fora,treino,treino
859,ferrugem,bracol-859,8,3,1,treino,treino,treino,fora,treino,treino,fora,treino,treino,treino
860,bicho_mineiro,bracol-860,8,3,2,treino,treino,treino,fora,treino,treino,treino,fora,treino,treino
861,bicho_mineiro,bracol-861,8,3,2,treino,treino,treino,fora,treino,treino,descartada_sorteio,fora,treino,descartada_sorteio
863,cercosporiose,bracol-863,8,3,4,treino,treino,treino,fora,treino,treino,treino,treino,treino,fora
866,saudavel,bracol-866,8,3,0,treino,treino,treino,fora,treino,fora,treino,treino,treino,treino
867,bicho_mineiro,bracol-867,8,3,2,treino,treino,treino,fora,treino,treino,treino,fora,treino,treino
868,bicho_mineiro,bracol-868,8,3,4,treino,treino,treino,fora,treino,treino,treino,treino,treino,fora
870,bicho_mineiro,bracol-870,8,3,0,treino,treino,treino,fora,treino,fora,treino,treino,treino,treino
872,bicho_mineiro,bracol-872,8,3,3,treino,treino,treino,fora,treino,treino,treino,treino,fora,treino
873,bicho_mineiro,bracol-873,8,3,1,treino,treino,treino,fora,treino,treino,fora,treino,treino,treino
874,bicho_mineiro,bracol-874,8,3,3,treino,treino,treino,fora,treino,descartada_sorteio,treino,treino,fora,descartada_sorteio
876,bicho_mineiro,bracol-876,8,3,0,treino,treino,treino,fora,treino,fora,treino,descartada_sorteio,treino,treino
878,ferrugem,bracol-878,8,3,4,treino,treino,treino,fora,treino,treino,treino,treino,treino,fora
880,ferrugem,bracol-880,8,3,4,treino,treino,treino,fora,treino,treino,treino,treino,treino,fora
881,ferrugem,bracol-881,8,3,2,treino,treino,treino,fora,purga_distancia,treino,treino,fora,treino,descartada_sorteio
883,ferrugem,bracol-883,8,3,1,treino,treino,treino,fora,purga_distancia,treino,fora,treino,treino,treino
884,saudavel,bracol-884,8,3,2,treino,treino,treino,fora,purga_distancia,treino,treino,fora,treino,treino
885,ferrugem,bracol-885,8,3,3,treino,treino,treino,fora,purga_distancia,treino,descartada_sorteio,treino,fora,treino
886,saudavel,bracol-886,8,3,1,treino,treino,treino,fora,purga_distancia,treino,fora,treino,treino,treino
887,bicho_mineiro,bracol-887,8,3,2,treino,treino,treino,fora,purga_distancia,descartada_sorteio,treino,fora,treino,treino
888,bicho_mineiro,bracol-888,8,3,1,treino,treino,treino,fora,purga_distancia,treino,fora,descartada_sorteio,treino,treino
889,cercosporiose,bracol-889,8,3,4,treino,treino,treino,fora,purga_distancia,treino,treino,treino,treino,fora
890,ferrugem,bracol-890,8,3,0,treino,treino,treino,fora,purga_distancia,fora,treino,treino,treino,treino
891,saudavel,bracol-891,8,3,0,treino,treino,treino,fora,purga_distancia,fora,treino,treino,treino,treino
892,bicho_mineiro,bracol-892,8,3,1,treino,treino,treino,fora,purga_distancia,treino,fora,treino,treino,treino
893,bicho_mineiro,bracol-893,8,3,2,treino,treino,treino,fora,purga_distancia,treino,descartada_sorteio,fora,treino,treino
894,bicho_mineiro,bracol-894,8,3,2,treino,treino,treino,fora,purga_distancia,treino,descartada_sorteio,fora,treino,treino
895,bicho_mineiro,bracol-895,8,3,2,treino,treino,treino,fora,purga_distancia,treino,treino,fora,treino,treino
896,bicho_mineiro,bracol-896,8,3,1,treino,treino,treino,fora,purga_distancia,treino,fora,treino,treino,treino
898,bicho_mineiro,bracol-898,8,3,0,treino,treino,treino,fora,purga_distancia,fora,treino,treino,treino,treino
899,ferrugem,bracol-899,8,3,0,treino,treino,treino,fora,purga_distancia,fora,descartada_sorteio,treino,treino,treino
900,bicho_mineiro,bracol-900,8,3,0,treino,treino,treino,fora,purga_distancia,fora,treino,treino,treino,treino
902,bicho_mineiro,bracol-902,9,4,2,treino,treino,treino,purga_distancia,fora,treino,treino,fora,treino,treino
903,bicho_mineiro,bracol-903,9,4,2,treino,treino,treino,purga_distancia,fora,treino,treino,fora,treino,treino
904,saudavel,bracol-904,9,4,0,treino,treino,treino,purga_distancia,fora,fora,descartada_sorteio,descartada_sorteio,treino,descartada_sorteio
905,bicho_mineiro,bracol-905,9,4,0,treino,treino,treino,purga_distancia,fora,fora,treino,treino,treino,treino
906,bicho_mineiro,bracol-906,9,4,2,treino,treino,treino,purga_distancia,fora,treino,treino,fora,treino,treino
907,bicho_mineiro,bracol-907,9,4,0,treino,treino,treino,purga_distancia,fora,fora,treino,treino,treino,treino
909,saudavel,bracol-909,9,4,3,treino,treino,treino,purga_distancia,fora,treino,descartada_sorteio,treino,fora,treino
910,bicho_mineiro,bracol-910,9,4,2,treino,treino,treino,purga_distancia,fora,treino,treino,fora,treino,treino
911,saudavel,bracol-911,9,4,0,treino,treino,treino,purga_distancia,fora,fora,treino,treino,treino,treino
912,ferrugem,bracol-912,9,4,4,treino,treino,treino,purga_distancia,fora,treino,descartada_sorteio,treino,treino,fora
913,saudavel,bracol-913,9,4,2,treino,treino,treino,purga_distancia,fora,treino,treino,fora,treino,treino
914,bicho_mineiro,bracol-914,9,4,4,treino,treino,treino,purga_distancia,fora,treino,treino,treino,treino,fora
916,bicho_mineiro,bracol-916,9,4,4,treino,treino,treino,purga_distancia,fora,treino,treino,treino,treino,fora
917,cercosporiose,bracol-917,9,4,4,treino,treino,treino,purga_distancia,fora,treino,treino,treino,treino,fora
919,saudavel,bracol-919,9,4,0,treino,treino,treino,purga_distancia,fora,fora,treino,treino,treino,treino
920,bicho_mineiro,bracol-920,9,4,3,treino,treino,treino,purga_distancia,fora,treino,treino,treino,fora,treino
921,saudavel,bracol-921,9,4,4,treino,treino,treino,treino,fora,treino,treino,treino,treino,fora
922,bicho_mineiro,bracol-922,9,4,2,treino,treino,treino,treino,fora,treino,treino,fora,treino,treino
923,bicho_mineiro,bracol-923,9,4,2,treino,treino,treino,treino,fora,treino,treino,fora,treino,treino
926,bicho_mineiro,bracol-926,9,4,0,treino,treino,treino,treino,fora,fora,treino,treino,treino,treino
927,ferrugem,bracol-927,9,4,4,treino,treino,treino,treino,fora,treino,treino,treino,treino,fora
928,ferrugem,bracol-928,9,4,3,treino,treino,treino,treino,fora,treino,descartada_sorteio,treino,fora,treino
929,bicho_mineiro,bracol-929,9,4,4,treino,treino,treino,treino,fora,treino,treino,treino,treino,fora
932,bicho_mineiro,bracol-932,9,4,0,treino,treino,treino,treino,fora,fora,treino,treino,treino,treino
933,saudavel,bracol-933,9,4,1,treino,treino,treino,treino,fora,treino,fora,treino,treino,treino
934,saudavel,bracol-934,9,4,4,treino,treino,treino,treino,fora,treino,treino,treino,treino,fora
935,saudavel,bracol-935,9,4,0,treino,treino,treino,treino,fora,fora,treino,treino,treino,treino
936,saudavel,bracol-936,9,4,1,treino,treino,treino,treino,fora,treino,fora,treino,treino,treino
937,saudavel,bracol-937,9,4,4,treino,treino,treino,treino,fora,treino,treino,treino,treino,fora
938,saudavel,bracol-938,9,4,4,treino,treino,treino,treino,fora,treino,treino,treino,treino,fora
939,saudavel,bracol-939,9,4,0,treino,treino,treino,treino,fora,fora,treino,treino,treino,treino
940,saudavel,bracol-940,9,4,2,treino,treino,treino,treino,fora,treino,treino,fora,treino,treino
941,saudavel,bracol-941,9,4,3,treino,treino,treino,treino,fora,treino,treino,treino,fora,treino
942,saudavel,bracol-942,9,4,0,treino,treino,treino,treino,fora,fora,treino,treino,treino,treino
944,saudavel,bracol-944,9,4,1,treino,treino,treino,treino,fora,treino,fora,treino,treino,treino
946,saudavel,bracol-946,9,4,4,treino,treino,treino,treino,fora,treino,treino,treino,treino,fora
947,saudavel,bracol-947,9,4,0,treino,treino,treino,treino,fora,fora,treino,treino,treino,treino
948,saudavel,bracol-948,9,4,3,treino,treino,treino,treino,fora,treino,treino,treino,fora,treino
949,saudavel,bracol-949,9,4,3,treino,treino,treino,treino,fora,treino,treino,treino,fora,treino
950,saudavel,bracol-950,9,4,3,treino,treino,treino,treino,fora,treino,treino,treino,fora,treino
951,saudavel,bracol-951,9,4,0,treino,treino,treino,treino,fora,fora,treino,treino,treino,treino
952,saudavel,bracol-952,9,4,4,treino,treino,treino,treino,fora,treino,treino,treino,treino,fora
954,saudavel,bracol-954,9,4,3,treino,treino,treino,treino,fora,treino,treino,treino,fora,treino
955,saudavel,bracol-955,9,4,4,treino,treino,treino,treino,fora,treino,treino,treino,treino,fora
957,saudavel,bracol-957,9,4,4,treino,treino,treino,treino,fora,descartada_sorteio,treino,treino,treino,fora
958,saudavel,bracol-958,9,4,1,treino,treino,treino,treino,fora,treino,fora,treino,descartada_sorteio,treino
959,saudavel,bracol-959,9,4,3,treino,treino,treino,treino,fora,treino,treino,descartada_sorteio,fora,treino
960,saudavel,bracol-960,9,4,3,treino,treino,treino,treino,fora,treino,treino,treino,fora,treino
961,saudavel,bracol-961,9,4,0,treino,treino,treino,treino,fora,fora,descartada_sorteio,treino,treino,treino
962,saudavel,bracol-962,9,4,2,treino,treino,treino,treino,fora,descartada_sorteio,treino,fora,treino,treino
963,saudavel,bracol-963,9,4,0,treino,treino,treino,treino,fora,fora,treino,treino,treino,treino
965,saudavel,bracol-965,9,4,3,treino,treino,treino,treino,fora,treino,treino,descartada_sorteio,fora,treino
967,saudavel,bracol-967,9,4,2,treino,treino,treino,treino,fora,treino,descartada_sorteio,fora,treino,descartada_sorteio
968,saudavel,bracol-968,9,4,4,treino,treino,treino,treino,fora,treino,treino,treino,treino,fora
970,saudavel,bracol-970,9,4,3,treino,treino,treino,treino,fora,descartada_sorteio,treino,treino,fora,treino
971,saudavel,bracol-971,9,4,2,treino,treino,treino,treino,fora,treino,treino,fora,treino,treino
972,saudavel,bracol-972,9,4,0,treino,treino,treino,treino,fora,fora,descartada_sorteio,treino,treino,treino
973,saudavel,bracol-973,9,4,0,treino,treino,treino,treino,fora,fora,treino,descartada_sorteio,descartada_sorteio,treino
974,saudavel,bracol-974,9,4,1,treino,treino,treino,treino,fora,treino,fora,treino,treino,treino
975,saudavel,bracol-975,9,4,0,treino,treino,treino,treino,fora,fora,treino,treino,treino,treino
977,saudavel,bracol-977,9,4,0,treino,treino,treino,treino,fora,fora,treino,treino,treino,treino
978,saudavel,bracol-978,9,4,1,treino,treino,treino,treino,fora,treino,fora,descartada_sorteio,treino,treino
979,saudavel,bracol-979,9,4,2,treino,treino,treino,treino,fora,descartada_sorteio,descartada_sorteio,fora,descartada_sorteio,treino
980,saudavel,bracol-980,9,4,2,treino,treino,treino,treino,fora,descartada_sorteio,descartada_sorteio,fora,treino,treino
981,saudavel,bracol-981,9,4,2,purga_distancia,treino,treino,treino,fora,treino,treino,fora,treino,treino
982,saudavel,bracol-982,9,4,1,purga_distancia,treino,treino,treino,fora,treino,fora,descartada_sorteio,descartada_sorteio,treino
983,saudavel,bracol-983,9,4,0,purga_distancia,treino,treino,treino,fora,fora,treino,treino,treino,descartada_sorteio
984,saudavel,bracol-984,9,4,2,purga_distancia,treino,treino,treino,fora,descartada_sorteio,descartada_sorteio,fora,treino,treino
985,saudavel,bracol-985,9,4,3,purga_distancia,treino,treino,treino,fora,treino,descartada_sorteio,treino,fora,treino
986,saudavel,bracol-986,9,4,2,purga_distancia,treino,treino,treino,fora,treino,treino,fora,treino,descartada_sorteio
987,saudavel,bracol-987,9,4,1,purga_distancia,treino,treino,treino,fora,treino,fora,descartada_sorteio,treino,treino
988,saudavel,bracol-988,9,4,3,purga_distancia,treino,treino,treino,fora,treino,treino,treino,fora,treino
989,saudavel,bracol-989,9,4,0,purga_distancia,treino,treino,treino,fora,fora,treino,treino,treino,treino
990,saudavel,bracol-990,9,4,0,purga_distancia,treino,treino,treino,fora,fora,treino,treino,treino,treino
991,saudavel,bracol-991,9,4,1,purga_distancia,treino,treino,treino,fora,treino,fora,treino,treino,treino
992,saudavel,bracol-992,9,4,1,purga_distancia,treino,treino,treino,fora,treino,fora,treino,treino,treino
993,saudavel,bracol-993,9,4,2,purga_distancia,treino,treino,treino,fora,treino,treino,fora,treino,treino
994,saudavel,bracol-994,9,4,2,purga_distancia,treino,treino,treino,fora,treino,treino,fora,treino,treino
995,saudavel,bracol-995,9,4,0,purga_distancia,treino,treino,treino,fora,fora,treino,treino,treino,treino
996,phoma,bracol-996,9,4,4,purga_distancia,treino,treino,treino,fora,descartada_sorteio,treino,treino,treino,fora
997,bicho_mineiro,bracol-997,9,4,0,purga_distancia,treino,treino,treino,fora,fora,treino,treino,descartada_sorteio,treino
998,saudavel,bracol-998,9,4,4,purga_distancia,treino,treino,treino,fora,descartada_sorteio,descartada_sorteio,treino,treino,fora
999,saudavel,bracol-999,9,4,4,purga_distancia,treino,treino,treino,fora,treino,descartada_sorteio,treino,treino,fora
1002,bicho_mineiro,bracol-1002,10,0,4,fora,treino,treino,treino,purga_distancia,treino,descartada_sorteio,treino,treino,fora
1003,bicho_mineiro,bracol-1003,10,0,1,fora,treino,treino,treino,purga_distancia,treino,fora,treino,treino,treino
1004,bicho_mineiro,bracol-1004,10,0,2,fora,treino,treino,treino,purga_distancia,descartada_sorteio,treino,fora,treino,treino
1005,bicho_mineiro,bracol-1005,10,0,4,fora,treino,treino,treino,purga_distancia,treino,descartada_sorteio,treino,treino,fora
1006,saudavel,bracol-1006,10,0,1,fora,treino,treino,treino,purga_distancia,treino,fora,descartada_sorteio,treino,treino
1007,saudavel,bracol-1007,10,0,3,fora,treino,treino,treino,purga_distancia,treino,treino,treino,fora,treino
1008,ferrugem,bracol-1008,10,0,3,fora,treino,treino,treino,purga_distancia,treino,treino,treino,fora,treino
1009,ferrugem,bracol-1009,10,0,3,fora,treino,treino,treino,purga_distancia,treino,descartada_sorteio,treino,fora,treino
1010,bicho_mineiro,bracol-1010,10,0,4,fora,treino,treino,treino,purga_distancia,descartada_sorteio,treino,treino,treino,fora
1012,bicho_mineiro,bracol-1012,10,0,1,fora,treino,treino,treino,purga_distancia,treino,fora,treino,treino,treino
1013,cercosporiose,bracol-1013,10,0,2,fora,treino,treino,treino,purga_distancia,treino,treino,fora,treino,treino
1014,bicho_mineiro,bracol-1014,10,0,1,fora,treino,treino,treino,purga_distancia,treino,fora,descartada_sorteio,treino,treino
1015,bicho_mineiro,bracol-1015,10,0,1,fora,treino,treino,treino,purga_distancia,treino,fora,treino,treino,treino
1016,cercosporiose,bracol-1016,10,0,4,fora,treino,treino,treino,purga_distancia,treino,treino,treino,treino,fora
1017,bicho_mineiro,bracol-1017,10,0,0,fora,treino,treino,treino,purga_distancia,fora,treino,descartada_sorteio,treino,treino
1018,ferrugem,bracol-1018,10,0,2,fora,treino,treino,treino,purga_distancia,treino,treino,fora,treino,treino
1019,bicho_mineiro,bracol-1019,10,0,1,fora,treino,treino,treino,purga_distancia,treino,fora,treino,treino,treino
1020,bicho_mineiro,bracol-1020,10,0,3,fora,treino,treino,treino,purga_distancia,treino,treino,treino,fora,treino
1021,bicho_mineiro,bracol-1021,10,0,0,fora,treino,treino,treino,treino,fora,treino,treino,treino,treino
1022,ferrugem,bracol-813,10,0,0,fora,treino,treino,purga_grupo,treino,fora,treino,treino,treino,treino
1023,bicho_mineiro,bracol-1023,10,0,1,fora,treino,treino,treino,treino,descartada_sorteio,fora,treino,treino,treino
1024,bicho_mineiro,bracol-1024,10,0,2,fora,treino,treino,treino,treino,treino,treino,fora,treino,treino
1025,bicho_mineiro,bracol-1025,10,0,0,fora,treino,treino,treino,treino,fora,descartada_sorteio,treino,treino,treino
1026,bicho_mineiro,bracol-1026,10,0,1,fora,treino,treino,treino,treino,treino,fora,descartada_sorteio,treino,treino
1027,ferrugem,bracol-1027,10,0,3,fora,treino,treino,treino,treino,treino,treino,treino,fora,treino
1028,bicho_mineiro,bracol-1028,10,0,1,fora,treino,treino,treino,treino,descartada_sorteio,fora,treino,treino,treino
1030,bicho_mineiro,bracol-1030,10,0,2,fora,treino,treino,treino,treino,treino,treino,fora,treino,treino
1031,bicho_mineiro,bracol-1031,10,0,2,fora,treino,treino,treino,treino,treino,treino,fora,treino,treino
1032,bicho_mineiro,bracol-1032,10,0,3,fora,treino,treino,treino,treino,treino,descartada_sorteio,treino,fora,treino
1033,bicho_mineiro,bracol-1033,10,0,3,fora,treino,treino,treino,treino,treino,treino,treino,fora,treino
1034,ferrugem,bracol-1034,10,0,1,fora,treino,treino,treino,treino,treino,fora,treino,treino,treino
1035,bicho_mineiro,bracol-1035,10,0,2,fora,treino,treino,treino,treino,treino,treino,fora,treino,treino
1036,ferrugem,bracol-1036,10,0,3,fora,treino,treino,treino,treino,descartada_sorteio,treino,treino,fora,treino
1037,saudavel,bracol-1037,10,0,1,fora,treino,treino,treino,treino,treino,fora,treino,treino,treino
1038,bicho_mineiro,bracol-1038,10,0,3,fora,treino,treino,treino,treino,treino,treino,treino,fora,treino
1040,bicho_mineiro,bracol-1040,10,0,4,fora,treino,treino,treino,treino,treino,treino,treino,treino,fora
1041,bicho_mineiro,bracol-1041,10,0,1,fora,treino,treino,treino,treino,treino,fora,treino,treino,treino
1042,bicho_mineiro,bracol-1042,10,0,0,fora,treino,treino,treino,treino,fora,treino,treino,treino,treino
1043,bicho_mineiro,bracol-1043,10,0,3,fora,treino,treino,treino,treino,treino,treino,treino,fora,treino
1045,cercosporiose,bracol-1045,10,0,3,fora,treino,treino,treino,treino,treino,treino,treino,fora,treino
1048,saudavel,bracol-1048,10,0,4,fora,treino,treino,treino,treino,treino,treino,treino,treino,fora
1049,saudavel,bracol-1049,10,0,0,fora,treino,treino,treino,treino,fora,treino,treino,treino,treino
1051,bicho_mineiro,bracol-1051,10,0,1,fora,treino,treino,treino,treino,treino,fora,treino,treino,treino
1052,ferrugem,bracol-1052,10,0,0,fora,treino,treino,treino,treino,fora,treino,treino,treino,treino
1053,bicho_mineiro,bracol-1053,10,0,0,fora,treino,treino,treino,treino,fora,treino,treino,treino,treino
1054,saudavel,bracol-1054,10,0,0,fora,treino,treino,treino,treino,fora,treino,treino,treino,treino
1055,bicho_mineiro,bracol-1055,10,0,4,fora,treino,treino,treino,treino,treino,treino,treino,treino,fora
1056,bicho_mineiro,bracol-1056,10,0,1,fora,treino,treino,treino,treino,treino,fora,treino,treino,treino
1057,bicho_mineiro,bracol-1057,10,0,1,fora,treino,treino,treino,treino,treino,fora,treino,treino,treino
1058,bicho_mineiro,bracol-1058,10,0,2,fora,treino,treino,treino,treino,treino,descartada_sorteio,fora,treino,treino
1059,bicho_mineiro,bracol-1059,10,0,3,fora,treino,treino,treino,treino,treino,treino,treino,fora,treino
1062,bicho_mineiro,bracol-1062,10,0,2,fora,treino,treino,treino,treino,treino,treino,fora,treino,treino
1064,bicho_mineiro,bracol-1064,10,0,1,fora,treino,treino,treino,treino,treino,fora,treino,treino,treino
1065,cercosporiose,bracol-1065,10,0,2,fora,treino,treino,treino,treino,treino,treino,fora,treino,treino
1066,saudavel,bracol-1066,10,0,1,fora,treino,treino,treino,treino,treino,fora,treino,descartada_sorteio,treino
1070,bicho_mineiro,bracol-1070,10,0,3,fora,treino,treino,treino,treino,treino,treino,treino,fora,treino
1071,saudavel,bracol-1071,10,0,4,fora,treino,treino,treino,treino,treino,treino,treino,treino,fora
1072,bicho_mineiro,bracol-1072,10,0,3,fora,treino,treino,treino,treino,treino,treino,treino,fora,treino
1073,bicho_mineiro,bracol-1073,10,0,1,fora,treino,treino,treino,treino,treino,fora,treino,treino,treino
1074,bicho_mineiro,bracol-1074,10,0,3,fora,treino,treino,treino,treino,treino,treino,treino,fora,treino
1075,bicho_mineiro,bracol-1075,10,0,4,fora,treino,treino,treino,treino,treino,treino,treino,treino,fora
1076,saudavel,bracol-1076,10,0,3,fora,treino,treino,treino,treino,treino,treino,treino,fora,treino
1077,bicho_mineiro,bracol-1077,10,0,2,fora,treino,treino,treino,treino,treino,treino,fora,treino,treino
1078,bicho_mineiro,bracol-1078,10,0,2,fora,treino,treino,treino,treino,treino,treino,fora,treino,treino
1081,saudavel,bracol-1081,10,0,4,fora,purga_distancia,treino,treino,treino,treino,treino,treino,treino,fora
1082,bicho_mineiro,bracol-1082,10,0,1,fora,purga_distancia,treino,treino,treino,treino,fora,treino,treino,treino
1083,cercosporiose,bracol-1083,10,0,4,fora,purga_distancia,treino,treino,treino,treino,treino,treino,treino,fora
1084,saudavel,bracol-1084,10,0,3,fora,purga_distancia,treino,treino,treino,descartada_sorteio,treino,descartada_sorteio,fora,treino
1085,ferrugem,bracol-1085,10,0,4,fora,purga_distancia,treino,treino,treino,treino,treino,treino,treino,fora
1086,bicho_mineiro,bracol-1086,10,0,1,fora,purga_distancia,treino,treino,treino,treino,fora,treino,treino,treino
1088,bicho_mineiro,bracol-1088,10,0,4,fora,purga_distancia,treino,treino,treino,descartada_sorteio,treino,treino,descartada_sorteio,fora
1089,saudavel,bracol-1089,10,0,2,fora,purga_distancia,treino,treino,treino,treino,descartada_sorteio,fora,treino,treino
1090,cercosporiose,bracol-1090,10,0,1,fora,purga_distancia,treino,treino,treino,treino,fora,treino,treino,treino
1091,cercosporiose,bracol-1091,10,0,0,fora,purga_distancia,treino,treino,treino,fora,treino,treino,treino,treino
1092,bicho_mineiro,bracol-1092,10,0,0,fora,purga_distancia,treino,treino,treino,fora,treino,treino,treino,treino
1093,saudavel,bracol-1093,10,0,2,fora,purga_distancia,treino,treino,treino,treino,treino,fora,treino,descartada_sorteio
1094,ferrugem,bracol-1094,10,0,3,fora,purga_distancia,treino,treino,treino,treino,treino,treino,fora,treino
1096,bicho_mineiro,bracol-1096,10,0,3,fora,purga_distancia,treino,treino,treino,descartada_sorteio,treino,treino,fora,treino
1097,bicho_mineiro,bracol-1097,10,0,0,fora,purga_distancia,treino,treino,treino,fora,treino,treino,treino,treino
1098,bicho_mineiro,bracol-1098,10,0,1,fora,purga_distancia,treino,treino,treino,treino,fora,treino,treino,treino
1099,bicho_mineiro,bracol-1099,10,0,0,fora,purga_distancia,treino,treino,treino,fora,treino,treino,treino,treino
1100,bicho_mineiro,bracol-1100,10,0,1,fora,purga_distancia,treino,treino,treino,treino,fora,treino,treino,descartada_sorteio
1101,cercosporiose,bracol-1101,11,1,4,purga_distancia,fora,treino,treino,treino,treino,treino,descartada_sorteio,treino,fora
1102,bicho_mineiro,bracol-1102,11,1,4,purga_distancia,fora,treino,treino,treino,descartada_sorteio,treino,treino,treino,fora
1103,ferrugem,bracol-1103,11,1,4,purga_distancia,fora,treino,treino,treino,treino,treino,descartada_sorteio,treino,fora
1104,bicho_mineiro,bracol-1104,11,1,3,purga_distancia,fora,treino,treino,treino,treino,treino,descartada_sorteio,fora,treino
1105,saudavel,bracol-1105,11,1,3,purga_distancia,fora,treino,treino,treino,treino,treino,treino,fora,treino
1106,bicho_mineiro,bracol-1106,11,1,4,purga_distancia,fora,treino,treino,treino,treino,treino,treino,treino,fora
1107,bicho_mineiro,bracol-1107,11,1,3,purga_distancia,fora,treino,treino,treino,treino,treino,treino,fora,treino
1110,saudavel,bracol-1110,11,1,1,purga_distancia,fora,treino,treino,treino,treino,fora,treino,treino,treino
1111,ferrugem,bracol-1111,11,1,3,purga_distancia,fora,treino,treino,treino,treino,treino,treino,fora,treino
1114,bicho_mineiro,bracol-1114,11,1,0,purga_distancia,fora,treino,treino,treino,fora,descartada_sorteio,treino,treino,treino
1116,saudavel,bracol-1116,11,1,3,purga_distancia,fora,treino,treino,treino,treino,treino,treino,fora,treino
1117,bicho_mineiro,bracol-1117,11,1,4,purga_distancia,fora,treino,treino,treino,treino,descartada_sorteio,treino,treino,fora
1119,bicho_mineiro,bracol-1119,11,1,2,purga_distancia,fora,treino,treino,treino,treino,treino,fora,treino,treino
1120,bicho_mineiro,bracol-1120,11,1,3,purga_distancia,fora,treino,treino,treino,treino,treino,treino,fora,treino
1121,bicho_mineiro,bracol-1121,11,1,2,treino,fora,treino,treino,treino,treino,descartada_sorteio,fora,treino,treino
1122,ferrugem,bracol-1122,11,1,4,treino,fora,treino,treino,treino,treino,treino,treino,treino,fora
1123,bicho_mineiro,bracol-1123,11,1,2,treino,fora,treino,treino,treino,treino,treino,fora,treino,treino
1124,saudavel,bracol-1124,11,1,3,treino,fora,treino,treino,treino,treino,treino,treino,fora,treino
1125,ferrugem,bracol-1125,11,1,1,treino,fora,treino,treino,treino,treino,fora,treino,treino,treino
1126,bicho_mineiro,bracol-1126,11,1,3,treino,fora,treino,treino,treino,treino,treino,treino,fora,treino
1128,bicho_mineiro,bracol-1128,11,1,4,treino,fora,treino,treino,treino,treino,treino,treino,treino,fora
1129,bicho_mineiro,bracol-1129,11,1,1,treino,fora,treino,treino,treino,descartada_sorteio,fora,treino,descartada_sorteio,treino
1130,bicho_mineiro,bracol-1130,11,1,0,treino,fora,treino,treino,treino,fora,treino,treino,treino,treino
1131,bicho_mineiro,bracol-1131,11,1,0,treino,fora,treino,treino,treino,fora,treino,treino,treino,treino
1132,bicho_mineiro,bracol-1132,11,1,4,treino,fora,treino,treino,treino,descartada_sorteio,treino,treino,treino,fora
1133,bicho_mineiro,bracol-1133,11,1,3,treino,fora,treino,treino,treino,treino,treino,treino,fora,treino
1134,saudavel,bracol-1134,11,1,1,treino,fora,treino,treino,treino,descartada_sorteio,fora,treino,treino,treino
1135,bicho_mineiro,bracol-1135,11,1,1,treino,fora,treino,treino,treino,treino,fora,treino,treino,treino
1136,bicho_mineiro,bracol-1136,11,1,0,treino,fora,treino,treino,treino,fora,treino,descartada_sorteio,treino,descartada_sorteio
1137,bicho_mineiro,bracol-1137,11,1,2,treino,fora,treino,treino,treino,treino,treino,fora,treino,treino
1139,bicho_mineiro,bracol-1139,11,1,2,treino,fora,treino,treino,treino,treino,treino,fora,treino,treino
1140,ferrugem,bracol-1140,11,1,3,treino,fora,treino,treino,treino,treino,treino,treino,fora,treino
1141,bicho_mineiro,bracol-1141,11,1,2,treino,fora,treino,treino,treino,treino,descartada_sorteio,fora,descartada_sorteio,treino
1142,bicho_mineiro,bracol-1142,11,1,2,treino,fora,treino,treino,treino,treino,descartada_sorteio,fora,treino,treino
1143,bicho_mineiro,bracol-1143,11,1,4,treino,fora,treino,treino,treino,descartada_sorteio,treino,treino,treino,fora
1144,bicho_mineiro,bracol-1144,11,1,1,treino,fora,treino,treino,treino,treino,fora,treino,treino,treino
1145,bicho_mineiro,bracol-1145,11,1,4,treino,fora,treino,treino,treino,treino,treino,treino,descartada_sorteio,fora
1146,bicho_mineiro,bracol-1146,11,1,0,treino,fora,treino,treino,treino,fora,treino,treino,treino,treino
1147,bicho_mineiro,bracol-1147,11,1,3,treino,fora,treino,treino,treino,treino,descartada_sorteio,treino,fora,treino
1148,phoma,bracol-1148,11,1,0,treino,fora,treino,treino,treino,fora,treino,treino,treino,treino
1149,phoma,bracol-1149,11,1,2,treino,fora,treino,treino,treino,treino,descartada_sorteio,fora,treino,treino
1150,ferrugem,bracol-1150,11,1,1,treino,fora,treino,treino,treino,treino,fora,treino,treino,treino
1151,saudavel,bracol-1151,11,1,3,treino,fora,treino,treino,treino,treino,treino,treino,fora,treino
1152,saudavel,bracol-1152,11,1,2,treino,fora,treino,treino,treino,descartada_sorteio,treino,fora,treino,treino
1153,bicho_mineiro,bracol-1153,11,1,4,treino,fora,treino,treino,treino,descartada_sorteio,treino,treino,treino,fora
1155,bicho_mineiro,bracol-1155,11,1,1,treino,fora,treino,treino,treino,treino,fora,treino,treino,descartada_sorteio
1156,saudavel,bracol-1156,11,1,0,treino,fora,treino,treino,treino,fora,treino,descartada_sorteio,treino,treino
1157,bicho_mineiro,bracol-1157,11,1,3,treino,fora,treino,treino,treino,treino,treino,descartada_sorteio,fora,treino
1158,cercosporiose,bracol-1158,11,1,3,treino,fora,treino,treino,treino,treino,descartada_sorteio,treino,fora,treino
1159,cercosporiose,bracol-1159,11,1,0,treino,fora,treino,treino,treino,fora,treino,treino,treino,treino
1160,bicho_mineiro,bracol-1160,11,1,1,treino,fora,treino,treino,treino,treino,fora,treino,treino,treino
1161,bicho_mineiro,bracol-1161,11,1,0,treino,fora,treino,treino,treino,fora,treino,treino,treino,treino
1162,bicho_mineiro,bracol-1162,11,1,0,treino,fora,treino,treino,treino,fora,treino,treino,treino,descartada_sorteio
1163,bicho_mineiro,bracol-1163,11,1,3,treino,fora,treino,treino,treino,descartada_sorteio,treino,descartada_sorteio,fora,treino
1164,saudavel,bracol-1164,11,1,0,treino,fora,treino,treino,treino,fora,descartada_sorteio,treino,treino,treino
1165,bicho_mineiro,bracol-1165,11,1,2,treino,fora,treino,treino,treino,treino,treino,fora,treino,treino
1166,bicho_mineiro,bracol-1166,11,1,2,treino,fora,treino,treino,treino,treino,descartada_sorteio,fora,treino,treino
1167,bicho_mineiro,bracol-1167,11,1,3,treino,fora,treino,treino,treino,treino,treino,treino,fora,treino
1168,ferrugem,bracol-1168,11,1,2,treino,fora,treino,treino,treino,treino,treino,fora,treino,treino
1169,saudavel,bracol-1169,11,1,2,treino,fora,treino,treino,treino,treino,treino,fora,treino,treino
1170,bicho_mineiro,bracol-1170,11,1,2,treino,fora,treino,treino,treino,treino,treino,fora,treino,treino
1171,bicho_mineiro,bracol-1171,11,1,2,treino,fora,treino,treino,treino,treino,treino,fora,treino,treino
1172,bicho_mineiro,bracol-1172,11,1,4,treino,fora,treino,treino,treino,treino,descartada_sorteio,treino,treino,fora
1173,bicho_mineiro,bracol-1173,11,1,1,treino,fora,treino,treino,treino,treino,fora,treino,treino,treino
1174,ferrugem,bracol-1174,11,1,0,treino,fora,treino,treino,treino,fora,treino,treino,treino,treino
1175,cercosporiose,bracol-1175,11,1,0,treino,fora,treino,treino,treino,fora,treino,treino,treino,treino
1176,bicho_mineiro,bracol-1176,11,1,0,treino,fora,treino,treino,treino,fora,descartada_sorteio,treino,treino,treino
1177,bicho_mineiro,bracol-1177,11,1,0,treino,fora,treino,treino,treino,fora,treino,treino,treino,treino
1179,phoma,bracol-1179,11,1,0,treino,fora,treino,treino,treino,fora,treino,treino,treino,treino
1180,saudavel,bracol-1180,11,1,0,treino,fora,treino,treino,treino,fora,treino,treino,treino,treino
1182,bicho_mineiro,bracol-1182,11,1,1,treino,fora,purga_distancia,treino,treino,treino,fora,treino,treino,treino
1183,saudavel,bracol-1183,11,1,1,treino,fora,purga_distancia,treino,treino,treino,fora,treino,treino,treino
1184,saudavel,bracol-1184,11,1,2,treino,fora,purga_distancia,treino,treino,treino,treino,fora,treino,treino
1188,bicho_mineiro,bracol-1188,11,1,2,treino,fora,purga_distancia,treino,treino,treino,treino,fora,treino,treino
1189,bicho_mineiro,bracol-1189,11,1,0,treino,fora,purga_distancia,treino,treino,fora,treino,treino,treino,treino
1190,bicho_mineiro,bracol-1190,11,1,4,treino,fora,purga_distancia,treino,treino,treino,treino,treino,treino,fora
1191,ferrugem,bracol-1191,11,1,2,treino,fora,purga_distancia,treino,treino,treino,treino,fora,treino,treino
1193,saudavel,bracol-1193,11,1,4,treino,fora,purga_distancia,treino,treino,treino,treino,treino,treino,fora
1194,saudavel,bracol-1194,11,1,0,treino,fora,purga_distancia,treino,treino,fora,treino,treino,treino,treino
1195,phoma,bracol-1195,11,1,4,treino,fora,purga_distancia,treino,treino,treino,treino,treino,treino,fora
1196,saudavel,bracol-1196,11,1,3,treino,fora,purga_distancia,treino,treino,treino,treino,treino,fora,treino
1197,bicho_mineiro,bracol-1197,11,1,3,treino,fora,purga_distancia,treino,treino,treino,treino,treino,fora,treino
1198,saudavel,bracol-1198,11,1,2,treino,fora,purga_distancia,treino,treino,treino,treino,fora,treino,treino
1199,bicho_mineiro,bracol-1199,11,1,1,treino,fora,purga_distancia,treino,treino,treino,fora,treino,treino,treino
1200,cercosporiose,bracol-1200,11,1,2,treino,fora,purga_distancia,treino,treino,descartada_sorteio,treino,fora,treino,treino
1201,saudavel,bracol-1201,12,2,3,treino,purga_distancia,fora,treino,treino,treino,treino,treino,fora,treino
1202,cercosporiose,bracol-1202,12,2,4,treino,purga_distancia,fora,treino,treino,treino,treino,treino,treino,fora
1203,bicho_mineiro,bracol-1203,12,2,4,treino,purga_distancia,fora,treino,treino,treino,treino,treino,treino,fora
1204,bicho_mineiro,bracol-1204,12,2,3,treino,purga_distancia,fora,treino,treino,treino,treino,treino,fora,treino
1205,cercosporiose,bracol-1205,12,2,3,treino,purga_distancia,fora,treino,treino,treino,descartada_sorteio,descartada_sorteio,fora,treino
1206,ferrugem,bracol-1206,12,2,3,treino,purga_distancia,fora,treino,treino,treino,treino,treino,fora,treino
1207,bicho_mineiro,bracol-1207,12,2,3,treino,purga_distancia,fora,treino,treino,treino,treino,treino,fora,treino
1209,ferrugem,bracol-1209,12,2,3,treino,purga_distancia,fora,treino,treino,treino,descartada_sorteio,treino,fora,treino
1210,bicho_mineiro,bracol-1210,12,2,0,treino,purga_distancia,fora,treino,treino,fora,treino,treino,treino,treino
1212,bicho_mineiro,bracol-1212,12,2,3,treino,purga_distancia,fora,treino,treino,treino,treino,treino,fora,treino
1213,bicho_mineiro,bracol-1213,12,2,4,treino,purga_distancia,fora,treino,treino,descartada_sorteio,treino,treino,treino,fora
1214,cercosporiose,bracol-1214,12,2,2,treino,purga_distancia,fora,treino,treino,treino,treino,fora,treino,treino
1215,cercosporiose,bracol-1215,12,2,1,treino,purga_distancia,fora,treino,treino,treino,fora,treino,treino,treino
1217,bicho_mineiro,bracol-1217,12,2,0,treino,purga_distancia,fora,treino,treino,fora,treino,treino,treino,treino
1218,saudavel,bracol-1218,12,2,1,treino,purga_distancia,fora,treino,treino,treino,fora,treino,treino,treino
1219,bicho_mineiro,bracol-1219,12,2,2,treino,purga_distancia,fora,treino,treino,treino,treino,fora,treino,treino
1220,cercosporiose,bracol-1220,12,2,3,treino,purga_distancia,fora,treino,treino,descartada_sorteio,treino,treino,fora,treino
1221,cercosporiose,bracol-1221,12,2,1,treino,treino,fora,treino,treino,treino,fora,treino,treino,treino
1222,bicho_mineiro,bracol-1222,12,2,0,treino,treino,fora,treino,treino,fora,treino,treino,treino,treino
1223,bicho_mineiro,bracol-1223,12,2,4,treino,treino,fora,treino,treino,treino,treino,treino,treino,fora
1225,bicho_mineiro,bracol-1225,12,2,3,treino,treino,fora,treino,treino,treino,descartada_sorteio,treino,fora,treino
1226,saudavel,bracol-1226,12,2,3,treino,treino,fora,treino,treino,treino,treino,treino,fora,treino
1227,bicho_mineiro,bracol-1227,12,2,3,treino,treino,fora,treino,treino,treino,treino,descartada_sorteio,fora,treino
1228,saudavel,bracol-1228,12,2,1,treino,treino,fora,treino,treino,treino,fora,treino,treino,treino
1229,saudavel,bracol-1229,12,2,0,treino,treino,fora,treino,treino,fora,treino,treino,treino,treino
1230,saudavel,bracol-1230,12,2,1,treino,treino,fora,treino,treino,treino,fora,treino,treino,treino
1231,ferrugem,bracol-1231,12,2,0,treino,treino,fora,treino,treino,fora,descartada_sorteio,treino,treino,treino
1232,ferrugem,bracol-1232,12,2,0,treino,treino,fora,treino,treino,fora,treino,treino,treino,treino
1233,ferrugem,bracol-1233,12,2,2,treino,treino,fora,treino,treino,treino,treino,fora,treino,treino
1234,ferrugem,bracol-1234,12,2,3,treino,treino,fora,treino,treino,treino,treino,treino,fora,treino
1235,ferrugem,bracol-1235,12,2,3,treino,treino,fora,treino,treino,treino,treino,treino,fora,treino
1236,ferrugem,bracol-1236,12,2,2,treino,treino,fora,treino,treino,treino,treino,fora,treino,treino
1237,ferrugem,bracol-1237,12,2,1,treino,treino,fora,treino,treino,descartada_sorteio,fora,treino,treino,treino
1238,ferrugem,bracol-1238,12,2,2,treino,treino,fora,treino,treino,descartada_sorteio,treino,fora,treino,treino
1239,ferrugem,bracol-1239,12,2,3,treino,treino,fora,treino,treino,treino,treino,treino,fora,treino
1240,ferrugem,bracol-1240,12,2,3,treino,treino,fora,treino,treino,treino,treino,treino,fora,treino
1244,bicho_mineiro,bracol-1244,12,2,4,treino,treino,fora,treino,treino,treino,treino,treino,treino,fora
1245,ferrugem,bracol-1245,12,2,4,treino,treino,fora,treino,treino,treino,treino,treino,treino,fora
1246,cercosporiose,bracol-1246,12,2,4,treino,treino,fora,treino,treino,treino,treino,treino,treino,fora
1247,bicho_mineiro,bracol-1247,12,2,1,treino,treino,fora,treino,treino,treino,fora,treino,treino,treino
1248,ferrugem,bracol-1248,12,2,2,treino,treino,fora,treino,treino,treino,treino,fora,treino,treino
1249,cercosporiose,bracol-1249,12,2,1,treino,treino,fora,treino,treino,treino,fora,treino,treino,treino
1251,cercosporiose,bracol-1251,12,2,0,treino,treino,fora,treino,treino,fora,treino,treino,treino,treino
1252,cercosporiose,bracol-1252,12,2,3,treino,treino,fora,treino,treino,treino,treino,treino,fora,treino
1253,ferrugem,bracol-1253,12,2,1,treino,treino,fora,treino,treino,treino,fora,descartada_sorteio,treino,treino
1254,ferrugem,bracol-1254,12,2,1,treino,treino,fora,treino,treino,treino,fora,descartada_sorteio,treino,treino
1255,ferrugem,bracol-1255,12,2,2,treino,treino,fora,treino,treino,descartada_sorteio,treino,fora,treino,treino
1256,cercosporiose,bracol-1256,12,2,0,treino,treino,fora,treino,treino,fora,treino,treino,treino,treino
1258,ferrugem,bracol-1258,12,2,3,treino,treino,fora,treino,treino,treino,treino,treino,fora,treino
1259,ferrugem,bracol-1259,12,2,4,treino,treino,fora,treino,treino,treino,treino,treino,treino,fora
1261,ferrugem,bracol-1261,12,2,4,treino,treino,fora,treino,treino,descartada_sorteio,treino,treino,treino,fora
1262,ferrugem,bracol-1262,12,2,0,treino,treino,fora,treino,treino,fora,treino,treino,treino,treino
1264,ferrugem,bracol-1264,12,2,4,treino,treino,fora,treino,treino,treino,treino,treino,descartada_sorteio,fora
1266,ferrugem,bracol-1266,12,2,0,treino,treino,fora,treino,treino,fora,descartada_sorteio,treino,descartada_sorteio,treino
1268,ferrugem,bracol-1268,12,2,1,treino,treino,fora,treino,treino,treino,fora,descartada_sorteio,treino,treino
1269,ferrugem,bracol-1269,12,2,0,treino,treino,fora,treino,treino,fora,descartada_sorteio,treino,treino,treino
1270,ferrugem,bracol-1270,12,2,2,treino,treino,fora,treino,treino,treino,descartada_sorteio,fora,treino,treino
1271,ferrugem,bracol-1271,12,2,1,treino,treino,fora,treino,treino,treino,fora,treino,treino,treino
1272,ferrugem,bracol-1272,12,2,3,treino,treino,fora,treino,treino,treino,treino,descartada_sorteio,fora,treino
1273,ferrugem,bracol-1273,12,2,2,treino,treino,fora,treino,treino,treino,treino,fora,treino,treino
1274,ferrugem,bracol-1274,12,2,3,treino,treino,fora,treino,treino,treino,treino,treino,fora,treino
1275,ferrugem,bracol-1275,12,2,2,treino,treino,fora,treino,treino,treino,treino,fora,treino,treino
1276,ferrugem,bracol-1276,12,2,2,treino,treino,fora,treino,treino,treino,treino,fora,treino,treino
1277,ferrugem,bracol-1277,12,2,1,treino,treino,fora,treino,treino,treino,fora,treino,treino,treino
1278,ferrugem,bracol-1278,12,2,0,treino,treino,fora,treino,treino,fora,descartada_sorteio,treino,treino,treino
1280,ferrugem,bracol-1280,12,2,2,treino,treino,fora,treino,treino,treino,treino,fora,treino,treino
1281,ferrugem,bracol-1281,12,2,0,treino,treino,fora,purga_distancia,treino,fora,treino,treino,treino,treino
1282,ferrugem,bracol-1282,12,2,1,treino,treino,fora,purga_distancia,treino,treino,fora,treino,treino,treino
1283,ferrugem,bracol-1283,12,2,1,treino,treino,fora,purga_distancia,treino,treino,fora,treino,treino,treino
1284,ferrugem,bracol-1284,12,2,3,treino,treino,fora,purga_distancia,treino,treino,descartada_sorteio,treino,fora,treino
1286,ferrugem,bracol-1286,12,2,1,treino,treino,fora,purga_distancia,treino,treino,fora,treino,treino,treino
1287,ferrugem,bracol-1287,12,2,3,treino,treino,fora,purga_distancia,treino,treino,treino,treino,fora,treino
1288,ferrugem,bracol-1288,12,2,2,treino,treino,fora,purga_distancia,treino,descartada_sorteio,treino,fora,treino,treino
1289,ferrugem,bracol-1289,12,2,4,treino,treino,fora,purga_distancia,treino,treino,treino,treino,treino,fora
1290,ferrugem,bracol-1290,12,2,4,treino,treino,fora,purga_distancia,treino,treino,treino,treino,treino,fora
1291,ferrugem,bracol-1291,12,2,1,treino,treino,fora,purga_distancia,treino,descartada_sorteio,fora,treino,treino,treino
1292,ferrugem,bracol-1292,12,2,4,treino,treino,fora,purga_distancia,treino,treino,treino,treino,treino,fora
1293,ferrugem,bracol-1293,12,2,1,treino,treino,fora,purga_distancia,treino,treino,fora,treino,treino,treino
1294,ferrugem,bracol-1294,12,2,2,treino,treino,fora,purga_distancia,treino,descartada_sorteio,treino,fora,treino,treino
1295,ferrugem,bracol-1295,12,2,1,treino,treino,fora,purga_distancia,treino,treino,fora,treino,treino,treino
1296,ferrugem,bracol-1295,12,2,1,treino,treino,fora,purga_distancia,treino,treino,fora,treino,treino,treino
1297,ferrugem,bracol-1297,12,2,3,treino,treino,fora,purga_distancia,treino,treino,treino,descartada_sorteio,fora,treino
1298,ferrugem,bracol-1298,12,2,4,treino,treino,fora,purga_distancia,treino,descartada_sorteio,treino,treino,treino,fora
1299,ferrugem,bracol-1299,12,2,0,treino,treino,fora,purga_distancia,treino,fora,treino,treino,treino,descartada_sorteio
1300,ferrugem,bracol-1300,12,2,0,treino,treino,fora,purga_distancia,treino,fora,treino,descartada_sorteio,treino,treino
1301,bicho_mineiro,bracol-1301,13,3,4,treino,treino,purga_distancia,fora,treino,treino,descartada_sorteio,treino,treino,fora
1302,ferrugem,bracol-1302,13,3,4,treino,treino,purga_distancia,fora,treino,treino,treino,treino,descartada_sorteio,fora
1303,ferrugem,bracol-1303,13,3,4,treino,treino,purga_distancia,fora,treino,treino,treino,treino,treino,fora
1304,ferrugem,bracol-1304,13,3,1,treino,treino,purga_distancia,fora,treino,treino,fora,descartada_sorteio,treino,treino
1306,ferrugem,bracol-1306,13,3,2,treino,treino,purga_distancia,fora,treino,treino,treino,fora,descartada_sorteio,descartada_sorteio
1307,ferrugem,bracol-1307,13,3,4,treino,treino,purga_distancia,fora,treino,treino,treino,treino,treino,fora
1308,ferrugem,bracol-1308,13,3,0,treino,treino,purga_distancia,fora,treino,fora,treino,treino,treino,treino
1311,bicho_mineiro,bracol-1311,13,3,4,treino,treino,purga_distancia,fora,treino,treino,treino,treino,treino,fora
1312,bicho_mineiro,bracol-1312,13,3,2,treino,treino,purga_distancia,fora,treino,treino,treino,fora,treino,treino
1313,cercosporiose,bracol-1313,13,3,3,treino,treino,purga_distancia,fora,treino,treino,treino,treino,fora,treino
1315,ferrugem,bracol-1315,13,3,3,treino,treino,purga_distancia,fora,treino,descartada_sorteio,treino,treino,fora,treino
1316,bicho_mineiro,bracol-1316,13,3,4,treino,treino,purga_distancia,fora,treino,treino,treino,treino,treino,fora
1318,ferrugem,bracol-1318,13,3,3,treino,treino,purga_distancia,fora,treino,treino,descartada_sorteio,treino,fora,descartada_sorteio
1319,ferrugem,bracol-1319,13,3,3,treino,treino,purga_distancia,fora,treino,treino,treino,treino,fora,treino
1320,ferrugem,bracol-1320,13,3,3,treino,treino,purga_distancia,fora,treino,treino,treino,treino,fora,treino
1321,bicho_mineiro,bracol-1321,13,3,4,treino,treino,treino,fora,treino,treino,treino,treino,treino,fora
1322,bicho_mineiro,bracol-1322,13,3,3,treino,treino,treino,fora,treino,treino,treino,treino,fora,treino
1323,cercosporiose,bracol-1323,13,3,4,treino,treino,treino,fora,treino,treino,treino,treino,treino,fora
1324,bicho_mineiro,bracol-1324,13,3,3,treino,treino,treino,fora,treino,treino,treino,treino,fora,treino
1325,ferrugem,bracol-1325,13,3,1,treino,treino,treino,fora,treino,descartada_sorteio,fora,treino,descartada_sorteio,treino
1326,ferrugem,bracol-1326,13,3,0,treino,treino,treino,fora,treino,fora,descartada_sorteio,treino,treino,treino
1327,ferrugem,bracol-1327,13,3,4,treino,treino,treino,fora,treino,treino,treino,treino,treino,fora
1328,ferrugem,bracol-1328,13,3,0,treino,treino,treino,fora,treino,fora,treino,descartada_sorteio,treino,treino
1329,ferrugem,bracol-1329,13,3,4,treino,treino,treino,fora,treino,treino,descartada_sorteio,treino,treino,fora
1330,ferrugem,bracol-1330,13,3,0,treino,treino,treino,fora,treino,fora,treino,treino,treino,treino
1332,ferrugem,bracol-1332,13,3,2,treino,treino,treino,fora,treino,treino,treino,fora,treino,treino
1333,cercosporiose,bracol-1333,13,3,0,treino,treino,treino,fora,treino,fora,treino,descartada_sorteio,treino,treino
1334,ferrugem,bracol-1334,13,3,0,treino,treino,treino,fora,treino,fora,treino,treino,treino,treino
1335,ferrugem,bracol-1335,13,3,4,treino,treino,treino,fora,treino,treino,descartada_sorteio,descartada_sorteio,treino,fora
1336,ferrugem,bracol-1336,13,3,3,treino,treino,treino,fora,treino,treino,treino,treino,fora,treino
1337,ferrugem,bracol-1337,13,3,2,treino,treino,treino,fora,treino,descartada_sorteio,treino,fora,treino,treino
1338,ferrugem,bracol-1338,13,3,3,treino,treino,treino,fora,treino,treino,treino,treino,fora,treino
1339,ferrugem,bracol-1339,13,3,1,treino,treino,treino,fora,treino,treino,fora,treino,treino,treino
1340,ferrugem,bracol-1340,13,3,2,treino,treino,treino,fora,treino,treino,treino,fora,treino,treino
1341,ferrugem,bracol-1341,13,3,0,treino,treino,treino,fora,treino,fora,treino,treino,treino,treino
1342,ferrugem,bracol-1342,13,3,1,treino,treino,treino,fora,treino,treino,fora,treino,treino,treino
1344,ferrugem,bracol-1344,13,3,0,treino,treino,treino,fora,treino,fora,descartada_sorteio,treino,treino,treino
1345,ferrugem,bracol-1345,13,3,3,treino,treino,treino,fora,treino,treino,treino,treino,fora,treino
1346,ferrugem,bracol-1346,13,3,3,treino,treino,treino,fora,treino,treino,treino,treino,fora,treino
1347,ferrugem,bracol-1347,13,3,4,treino,treino,treino,fora,treino,treino,treino,treino,treino,fora
1348,ferrugem,bracol-1348,13,3,1,treino,treino,treino,fora,treino,treino,fora,treino,treino,treino
1350,ferrugem,bracol-1350,13,3,0,treino,treino,treino,fora,treino,fora,descartada_sorteio,treino,treino,treino
1351,bicho_mineiro,bracol-1351,13,3,2,treino,treino,treino,fora,treino,treino,treino,fora,treino,treino
1352,ferrugem,bracol-1352,13,3,3,treino,treino,treino,fora,treino,treino,treino,treino,fora,treino
1353,ferrugem,bracol-1353,13,3,0,treino,treino,treino,fora,treino,fora,treino,treino,treino,treino
1354,ferrugem,bracol-1354,13,3,0,treino,treino,treino,fora,treino,fora,treino,treino,treino,treino
1355,ferrugem,bracol-1355,13,3,2,treino,treino,treino,fora,treino,treino,treino,fora,treino,treino
1356,ferrugem,bracol-1352,13,3,3,treino,treino,treino,fora,treino,treino,treino,treino,fora,treino
1357,cercosporiose,bracol-1357,13,3,4,treino,treino,treino,fora,treino,treino,treino,treino,treino,fora
1358,ferrugem,bracol-1358,13,3,4,treino,treino,treino,fora,treino,treino,descartada_sorteio,treino,treino,fora
1359,ferrugem,bracol-1359,13,3,4,treino,treino,treino,fora,treino,treino,treino,treino,treino,fora
1360,ferrugem,bracol-1360,13,3,1,treino,treino,treino,fora,treino,treino,fora,treino,treino,treino
1362,bicho_mineiro,bracol-1362,13,3,3,treino,treino,treino,fora,treino,treino,treino,treino,fora,treino
1363,ferrugem,bracol-1363,13,3,1,treino,treino,treino,fora,treino,treino,fora,treino,treino,treino
1364,ferrugem,bracol-1364,13,3,2,treino,treino,treino,fora,treino,treino,treino,fora,treino,treino
1365,ferrugem,bracol-1365,13,3,4,treino,treino,treino,fora,treino,treino,treino,treino,treino,fora
1366,ferrugem,bracol-1366,13,3,3,treino,treino,treino,fora,treino,treino,treino,treino,fora,treino
1368,ferrugem,bracol-1368,13,3,0,treino,treino,treino,fora,treino,fora,treino,treino,treino,treino
1369,ferrugem,bracol-1369,13,3,2,treino,treino,treino,fora,treino,descartada_sorteio,treino,fora,treino,treino
1370,saudavel,bracol-1370,13,3,4,treino,treino,treino,fora,treino,treino,treino,treino,treino,fora
1371,ferrugem,bracol-1371,13,3,2,treino,treino,treino,fora,treino,treino,treino,fora,treino,treino
1372,ferrugem,bracol-1372,13,3,0,treino,treino,treino,fora,treino,fora,treino,treino,treino,treino
1373,ferrugem,bracol-1373,13,3,3,treino,treino,treino,fora,treino,treino,treino,treino,fora,treino
1374,ferrugem,bracol-1374,13,3,3,treino,treino,treino,fora,treino,treino,treino,descartada_sorteio,fora,treino
1376,ferrugem,bracol-1376,13,3,0,treino,treino,treino,fora,treino,fora,treino,treino,treino,treino
1377,ferrugem,bracol-1377,13,3,3,treino,treino,treino,fora,treino,treino,treino,treino,fora,treino
1378,ferrugem,bracol-1378,13,3,1,treino,treino,treino,fora,treino,treino,fora,treino,treino,treino
1381,ferrugem,bracol-1381,13,3,3,treino,treino,treino,fora,purga_distancia,treino,treino,treino,fora,treino
1382,ferrugem,bracol-1382,13,3,4,treino,treino,treino,fora,purga_distancia,treino,treino,treino,treino,fora
1385,ferrugem,bracol-1385,13,3,0,treino,treino,treino,fora,purga_distancia,fora,treino,treino,treino,treino
1386,ferrugem,bracol-1386,13,3,4,treino,treino,treino,fora,purga_distancia,treino,treino,treino,treino,fora
1387,cercosporiose,bracol-1387,13,3,2,treino,treino,treino,fora,purga_distancia,treino,descartada_sorteio,fora,treino,treino
1388,ferrugem,bracol-1388,13,3,3,treino,treino,treino,fora,purga_distancia,treino,treino,treino,fora,treino
1389,ferrugem,bracol-1389,13,3,3,treino,treino,treino,fora,purga_distancia,treino,treino,treino,fora,treino
1390,ferrugem,bracol-1390,13,3,0,treino,treino,treino,fora,purga_distancia,fora,descartada_sorteio,treino,treino,treino
1392,bicho_mineiro,bracol-1392,13,3,3,treino,treino,treino,fora,purga_distancia,descartada_sorteio,treino,treino,fora,treino
1393,cercosporiose,bracol-1393,13,3,0,treino,treino,treino,fora,purga_distancia,fora,treino,treino,treino,treino
1395,ferrugem,bracol-1395,13,3,0,treino,treino,treino,fora,purga_distancia,fora,treino,treino,treino,treino
1396,ferrugem,bracol-1396,13,3,0,treino,treino,treino,fora,purga_distancia,fora,treino,treino,treino,treino
1397,ferrugem,bracol-1397,13,3,2,treino,treino,treino,fora,purga_distancia,treino,treino,fora,treino,treino
1398,ferrugem,bracol-1398,13,3,0,treino,treino,treino,fora,purga_distancia,fora,treino,treino,treino,treino
1399,ferrugem,bracol-1399,13,3,1,treino,treino,treino,fora,purga_distancia,treino,fora,treino,treino,treino
1401,ferrugem,bracol-1401,14,4,0,treino,treino,treino,purga_distancia,fora,fora,treino,treino,treino,treino
1402,ferrugem,bracol-1402,14,4,1,treino,treino,treino,purga_distancia,fora,treino,fora,treino,treino,treino
1403,cercosporiose,bracol-1403,14,4,1,treino,treino,treino,purga_distancia,fora,treino,fora,treino,treino,treino
1404,cercosporiose,bracol-1404,14,4,3,treino,treino,treino,purga_distancia,fora,treino,treino,treino,fora,treino
1405,ferrugem,bracol-1405,14,4,1,treino,treino,treino,purga_distancia,fora,treino,fora,treino,treino,treino
1406,ferrugem,bracol-1406,14,4,1,treino,treino,treino,purga_distancia,fora,treino,fora,treino,treino,treino
1407,ferrugem,bracol-1407,14,4,3,treino,treino,treino,purga_distancia,fora,treino,treino,treino,fora,treino
1408,ferrugem,bracol-1408,14,4,4,treino,treino,treino,purga_distancia,fora,treino,treino,treino,treino,fora
1409,ferrugem,bracol-1409,14,4,1,treino,treino,treino,purga_distancia,fora,treino,fora,treino,treino,treino
1410,cercosporiose,bracol-1410,14,4,2,treino,treino,treino,purga_distancia,fora,descartada_sorteio,treino,fora,descartada_sorteio,treino
1411,ferrugem,bracol-1411,14,4,3,treino,treino,treino,purga_distancia,fora,treino,treino,treino,fora,treino
1412,bicho_mineiro,bracol-1412,14,4,0,treino,treino,treino,purga_distancia,fora,fora,treino,treino,treino,treino
1414,ferrugem,bracol-1414,14,4,4,treino,treino,treino,purga_distancia,fora,treino,treino,treino,treino,fora
1417,cercosporiose,bracol-1417,14,4,4,treino,treino,treino,purga_distancia,fora,treino,treino,treino,treino,fora
1418,ferrugem,bracol-1418,14,4,4,treino,treino,treino,purga_distancia,fora,treino,treino,treino,treino,fora
1419,ferrugem,bracol-1419,14,4,4,treino,treino,treino,purga_distancia,fora,treino,treino,treino,treino,fora
1420,ferrugem,bracol-1420,14,4,1,treino,treino,treino,purga_distancia,fora,treino,fora,treino,treino,treino
1422,ferrugem,bracol-1422,14,4,3,treino,treino,treino,treino,fora,treino,treino,treino,fora,treino
1423,ferrugem,bracol-1423,14,4,0,treino,treino,treino,treino,fora,fora,treino,treino,treino,treino
1424,ferrugem,bracol-1424,14,4,2,treino,treino,treino,treino,fora,treino,treino,fora,treino,treino
1425,ferrugem,bracol-1425,14,4,0,treino,treino,treino,treino,fora,fora,treino,treino,treino,treino
1427,ferrugem,bracol-1427,14,4,4,treino,treino,treino,treino,fora,treino,treino,treino,treino,fora
1428,ferrugem,bracol-1428,14,4,1,treino,treino,treino,treino,fora,treino,fora,descartada_sorteio,treino,treino
1429,ferrugem,bracol-1429,14,4,2,treino,treino,treino,treino,fora,treino,treino,fora,treino,treino
1430,ferrugem,bracol-1430,14,4,1,treino,treino,treino,treino,fora,treino,fora,descartada_sorteio,treino,treino
1433,ferrugem,bracol-1433,14,4,0,treino,treino,treino,treino,fora,fora,treino,treino,treino,treino
1434,ferrugem,bracol-1434,14,4,2,treino,treino,treino,treino,fora,treino,treino,fora,treino,treino
1435,bicho_mineiro,bracol-1435,14,4,3,treino,treino,treino,treino,fora,treino,treino,treino,fora,treino
1437,ferrugem,bracol-1437,14,4,2,treino,treino,treino,treino,fora,descartada_sorteio,treino,fora,treino,treino
1438,cercosporiose,bracol-1438,14,4,0,treino,treino,treino,treino,fora,fora,treino,treino,treino,treino
1439,ferrugem,bracol-1439,14,4,3,treino,treino,treino,treino,fora,descartada_sorteio,treino,treino,fora,treino
1440,ferrugem,bracol-1440,14,4,0,treino,treino,treino,treino,fora,fora,treino,treino,treino,treino
1441,cercosporiose,bracol-1441,14,4,3,treino,treino,treino,treino,fora,treino,treino,treino,fora,treino
1442,ferrugem,bracol-1442,14,4,2,treino,treino,treino,treino,fora,treino,treino,fora,treino,treino
1444,cercosporiose,bracol-1444,14,4,0,treino,treino,treino,treino,fora,fora,treino,treino,treino,treino
1446,cercosporiose,bracol-1446,14,4,1,treino,treino,treino,treino,fora,treino,fora,treino,treino,treino
1448,ferrugem,bracol-1448,14,4,4,treino,treino,treino,treino,fora,treino,treino,treino,treino,fora
1449,ferrugem,bracol-1449,14,4,1,treino,treino,treino,treino,fora,treino,fora,treino,treino,descartada_sorteio
1451,bicho_mineiro,bracol-1451,14,4,0,treino,treino,treino,treino,fora,fora,treino,treino,treino,treino
1452,bicho_mineiro,bracol-1452,14,4,0,treino,treino,treino,treino,fora,fora,treino,treino,treino,treino
1453,cercosporiose,bracol-1453,14,4,3,treino,treino,treino,treino,fora,treino,treino,treino,fora,treino
1455,ferrugem,bracol-1455,14,4,2,treino,treino,treino,treino,fora,treino,treino,fora,treino,descartada_sorteio
1456,ferrugem,bracol-1456,14,4,2,treino,treino,treino,treino,fora,treino,treino,fora,treino,treino
1457,ferrugem,bracol-1457,14,4,3,treino,treino,treino,treino,fora,treino,treino,treino,fora,treino
1458,bicho_mineiro,bracol-1458,14,4,0,treino,treino,treino,treino,fora,fora,treino,treino,treino,treino
1459,bicho_mineiro,bracol-1459,14,4,0,treino,treino,treino,treino,fora,fora,descartada_sorteio,descartada_sorteio,treino,treino
1460,ferrugem,bracol-1460,14,4,2,treino,treino,treino,treino,fora,treino,treino,fora,treino,treino
1461,ferrugem,bracol-1461,14,4,4,treino,treino,treino,treino,fora,treino,treino,treino,treino,fora
1462,cercosporiose,bracol-1462,14,4,0,treino,treino,treino,treino,fora,fora,treino,treino,treino,treino
1463,ferrugem,bracol-1463,14,4,1,treino,treino,treino,treino,fora,treino,fora,treino,descartada_sorteio,treino
1464,ferrugem,bracol-1464,14,4,0,treino,treino,treino,treino,fora,fora,treino,treino,descartada_sorteio,treino
1465,ferrugem,bracol-1465,14,4,3,treino,treino,treino,treino,fora,treino,descartada_sorteio,treino,fora,treino
1466,ferrugem,bracol-1466,14,4,0,treino,treino,treino,treino,fora,fora,descartada_sorteio,treino,treino,treino
1468,ferrugem,bracol-1468,14,4,0,treino,treino,treino,treino,fora,fora,treino,treino,treino,treino
1469,cercosporiose,bracol-1469,14,4,4,treino,treino,treino,treino,fora,treino,treino,descartada_sorteio,treino,fora
1470,ferrugem,bracol-1470,14,4,3,treino,treino,treino,treino,fora,treino,treino,treino,fora,treino
1472,ferrugem,bracol-1472,14,4,0,treino,treino,treino,treino,fora,fora,treino,treino,treino,treino
1473,ferrugem,bracol-1473,14,4,2,treino,treino,treino,treino,fora,treino,treino,fora,treino,treino
1474,ferrugem,bracol-1474,14,4,2,treino,treino,treino,treino,fora,treino,treino,fora,treino,treino
1475,ferrugem,bracol-1475,14,4,3,treino,treino,treino,treino,fora,treino,treino,treino,fora,treino
1476,ferrugem,bracol-1476,14,4,4,treino,treino,treino,treino,fora,descartada_sorteio,treino,treino,treino,fora
1477,bicho_mineiro,bracol-1477,14,4,4,treino,treino,treino,treino,fora,treino,treino,treino,treino,fora
1478,cercosporiose,bracol-1478,14,4,2,treino,treino,treino,treino,fora,treino,treino,fora,treino,treino
1479,ferrugem,bracol-1479,14,4,3,treino,treino,treino,treino,fora,treino,treino,descartada_sorteio,fora,treino
1480,bicho_mineiro,bracol-1480,14,4,1,treino,treino,treino,treino,fora,treino,fora,treino,treino,treino
1481,ferrugem,bracol-1481,14,4,3,purga_distancia,treino,treino,treino,fora,descartada_sorteio,treino,treino,fora,treino
1482,bicho_mineiro,bracol-1482,14,4,1,purga_distancia,treino,treino,treino,fora,treino,fora,treino,treino,treino
1485,cercosporiose,bracol-1485,14,4,3,purga_distancia,treino,treino,treino,fora,treino,descartada_sorteio,treino,fora,treino
1487,bicho_mineiro,bracol-1487,14,4,3,purga_distancia,treino,treino,treino,fora,treino,treino,treino,fora,treino
1488,ferrugem,bracol-1488,14,4,2,purga_distancia,treino,treino,treino,fora,treino,treino,fora,treino,treino
1490,ferrugem,bracol-1490,14,4,3,purga_distancia,treino,treino,treino,fora,treino,treino,treino,fora,descartada_sorteio
1491,ferrugem,bracol-1491,14,4,1,purga_distancia,treino,treino,treino,fora,treino,fora,treino,treino,treino
1492,ferrugem,bracol-1492,14,4,4,purga_distancia,treino,treino,treino,fora,treino,treino,treino,treino,fora
1493,ferrugem,bracol-1493,14,4,0,purga_distancia,treino,treino,treino,fora,fora,treino,treino,treino,treino
1494,ferrugem,bracol-1494,14,4,4,purga_distancia,treino,treino,treino,fora,treino,treino,treino,treino,fora
1495,ferrugem,bracol-1495,14,4,1,purga_distancia,treino,treino,treino,fora,treino,fora,treino,treino,treino
1498,ferrugem,bracol-1498,14,4,1,purga_distancia,treino,treino,treino,fora,descartada_sorteio,fora,treino,treino,treino
1499,bicho_mineiro,bracol-1499,14,4,0,purga_distancia,treino,treino,treino,fora,fora,treino,treino,treino,treino
1500,ferrugem,bracol-1500,14,4,0,purga_distancia,treino,treino,treino,fora,fora,descartada_sorteio,descartada_sorteio,treino,treino
1501,cercosporiose,bracol-1501,15,0,1,fora,treino,treino,treino,purga_distancia,treino,fora,treino,treino,treino
1502,ferrugem,bracol-1502,15,0,3,fora,treino,treino,treino,purga_distancia,treino,treino,treino,fora,treino
1503,ferrugem,bracol-1503,15,0,0,fora,treino,treino,treino,purga_distancia,fora,descartada_sorteio,treino,treino,treino
1504,bicho_mineiro,bracol-1504,15,0,3,fora,treino,treino,treino,purga_distancia,treino,treino,treino,fora,treino
1505,ferrugem,bracol-1505,15,0,3,fora,treino,treino,treino,purga_distancia,descartada_sorteio,treino,treino,fora,treino
1507,ferrugem,bracol-1507,15,0,2,fora,treino,treino,treino,purga_distancia,treino,treino,fora,treino,descartada_sorteio
1508,ferrugem,bracol-1508,15,0,0,fora,treino,treino,treino,purga_distancia,fora,treino,treino,descartada_sorteio,treino
1509,bicho_mineiro,bracol-1509,15,0,1,fora,treino,treino,treino,purga_distancia,descartada_sorteio,fora,treino,treino,treino
1510,ferrugem,bracol-1510,15,0,0,fora,treino,treino,treino,purga_distancia,fora,treino,treino,treino,treino
1512,bicho_mineiro,bracol-1512,15,0,0,fora,treino,treino,treino,purga_distancia,fora,treino,treino,treino,treino
1513,ferrugem,bracol-1513,15,0,3,fora,treino,treino,treino,purga_distancia,treino,descartada_sorteio,treino,fora,treino
1515,ferrugem,bracol-1515,15,0,4,fora,treino,treino,treino,purga_distancia,treino,treino,treino,treino,fora
1516,ferrugem,bracol-1516,15,0,2,fora,treino,treino,treino,purga_distancia,treino,descartada_sorteio,fora,treino,treino
1517,ferrugem,bracol-1517,15,0,2,fora,treino,treino,treino,purga_distancia,treino,treino,fora,treino,treino
1518,ferrugem,bracol-1518,15,0,1,fora,treino,treino,treino,purga_distancia,treino,fora,treino,treino,treino
1519,bicho_mineiro,bracol-1519,15,0,0,fora,treino,treino,treino,purga_distancia,fora,descartada_sorteio,treino,treino,treino
1520,ferrugem,bracol-1520,15,0,4,fora,treino,treino,treino,purga_distancia,treino,descartada_sorteio,treino,treino,fora
1522,ferrugem,bracol-1522,15,0,4,fora,treino,treino,treino,treino,treino,treino,treino,treino,fora
1523,ferrugem,bracol-1523,15,0,1,fora,treino,treino,treino,treino,treino,fora,treino,treino,treino
1524,ferrugem,bracol-1524,15,0,0,fora,treino,treino,treino,treino,fora,treino,treino,descartada_sorteio,treino
1528,ferrugem,bracol-1528,15,0,4,fora,treino,treino,treino,treino,treino,treino,treino,treino,fora
1529,ferrugem,bracol-1529,15,0,0,fora,treino,treino,treino,treino,fora,treino,treino,treino,treino
1530,ferrugem,bracol-1530,15,0,4,fora,treino,treino,treino,treino,treino,treino,descartada_sorteio,treino,fora
1531,ferrugem,bracol-1531,15,0,0,fora,treino,treino,treino,treino,fora,treino,treino,treino,treino
1532,ferrugem,bracol-1532,15,0,1,fora,treino,treino,treino,treino,treino,fora,treino,treino,treino
1533,ferrugem,bracol-1533,15,0,2,fora,treino,treino,treino,treino,treino,treino,fora,treino,treino
1534,ferrugem,bracol-1534,15,0,2,fora,treino,treino,treino,treino,treino,treino,fora,treino,treino
1535,ferrugem,bracol-1535,15,0,0,fora,treino,treino,treino,treino,fora,treino,treino,treino,treino
1536,ferrugem,bracol-1536,15,0,4,fora,treino,treino,treino,treino,descartada_sorteio,treino,treino,treino,fora
1537,ferrugem,bracol-1537,15,0,3,fora,treino,treino,treino,treino,treino,treino,treino,fora,treino
1538,cercosporiose,bracol-1538,15,0,4,fora,treino,treino,treino,treino,treino,treino,treino,treino,fora
1540,ferrugem,bracol-1540,15,0,2,fora,treino,treino,treino,treino,treino,treino,fora,treino,treino
1541,ferrugem,bracol-1541,15,0,3,fora,treino,treino,treino,treino,treino,treino,treino,fora,treino
1542,bicho_mineiro,bracol-1542,15,0,3,fora,treino,treino,treino,treino,treino,treino,treino,fora,treino
1543,ferrugem,bracol-1543,15,0,1,fora,treino,treino,treino,treino,treino,fora,treino,treino,treino
1544,ferrugem,bracol-1544,15,0,0,fora,treino,treino,treino,treino,fora,treino,treino,treino,treino
1546,ferrugem,bracol-1546,15,0,2,fora,treino,treino,treino,treino,treino,descartada_sorteio,fora,treino,treino
1547,ferrugem,bracol-1547,15,0,1,fora,treino,treino,treino,treino,treino,fora,treino,treino,treino
1548,ferrugem,bracol-1548,15,0,1,fora,treino,treino,treino,treino,treino,fora,treino,treino,treino
1549,cercosporiose,bracol-1549,15,0,4,fora,treino,treino,treino,treino,treino,treino,treino,treino,fora
1551,ferrugem,bracol-1551,15,0,2,fora,treino,treino,treino,treino,treino,treino,fora,treino,treino
1552,ferrugem,bracol-1552,15,0,2,fora,treino,treino,treino,treino,treino,treino,fora,treino,treino
1553,cercosporiose,bracol-1553,15,0,2,fora,treino,treino,treino,treino,treino,treino,fora,treino,treino
1554,ferrugem,bracol-1554,15,0,4,fora,treino,treino,treino,treino,treino,treino,descartada_sorteio,treino,fora
1555,cercosporiose,bracol-1555,15,0,0,fora,treino,treino,treino,treino,fora,treino,treino,descartada_sorteio,descartada_sorteio
1557,ferrugem,bracol-1557,15,0,0,fora,treino,treino,treino,treino,fora,treino,treino,treino,treino
1559,ferrugem,bracol-1559,15,0,4,fora,treino,treino,treino,treino,descartada_sorteio,treino,treino,treino,fora
1560,ferrugem,bracol-1560,15,0,3,fora,treino,treino,treino,treino,treino,treino,treino,fora,descartada_sorteio
1562,bicho_mineiro,bracol-1562,15,0,3,fora,treino,treino,treino,treino,treino,treino,descartada_sorteio,fora,treino
1563,ferrugem,bracol-1563,15,0,4,fora,treino,treino,treino,treino,treino,treino,treino,treino,fora
1564,ferrugem,bracol-1564,15,0,2,fora,treino,treino,treino,treino,treino,treino,fora,treino,treino
1566,ferrugem,bracol-1566,15,0,4,fora,treino,treino,treino,treino,treino,treino,treino,treino,fora
1567,ferrugem,bracol-1567,15,0,0,fora,treino,treino,treino,treino,fora,treino,descartada_sorteio,treino,treino
1568,ferrugem,bracol-1568,15,0,2,fora,treino,treino,treino,treino,treino,descartada_sorteio,fora,treino,treino
1570,ferrugem,bracol-1570,15,0,2,fora,treino,treino,treino,treino,descartada_sorteio,treino,fora,descartada_sorteio,treino
1572,ferrugem,bracol-1572,15,0,0,fora,treino,treino,treino,treino,fora,treino,descartada_sorteio,treino,treino
1575,cercosporiose,bracol-1575,15,0,2,fora,treino,treino,treino,treino,descartada_sorteio,treino,fora,treino,treino
1577,cercosporiose,bracol-1577,15,0,2,fora,treino,treino,treino,treino,treino,treino,fora,treino,treino
1578,cercosporiose,bracol-1578,15,0,1,fora,treino,treino,treino,treino,treino,fora,treino,treino,treino
1579,cercosporiose,bracol-1579,15,0,0,fora,treino,treino,treino,treino,fora,treino,treino,treino,treino
1581,ferrugem,bracol-1581,15,0,1,fora,purga_distancia,treino,treino,treino,descartada_sorteio,fora,treino,treino,treino
1583,ferrugem,bracol-1583,15,0,2,fora,purga_distancia,treino,treino,treino,treino,treino,fora,treino,descartada_sorteio
1584,ferrugem,bracol-1584,15,0,3,fora,purga_distancia,treino,treino,treino,treino,treino,treino,fora,treino
1585,bicho_mineiro,bracol-1585,15,0,2,fora,purga_distancia,treino,treino,treino,treino,treino,fora,treino,treino
1586,ferrugem,bracol-1586,15,0,1,fora,purga_distancia,treino,treino,treino,treino,fora,treino,treino,treino
1589,cercosporiose,bracol-1589,15,0,3,fora,purga_distancia,treino,treino,treino,treino,treino,treino,fora,treino
1590,ferrugem,bracol-1590,15,0,2,fora,purga_distancia,treino,treino,treino,treino,treino,fora,treino,treino
1591,cercosporiose,bracol-1591,15,0,2,fora,purga_distancia,treino,treino,treino,treino,descartada_sorteio,fora,treino,treino
1593,ferrugem,bracol-1593,15,0,2,fora,purga_distancia,treino,treino,treino,descartada_sorteio,descartada_sorteio,fora,treino,treino
1594,ferrugem,bracol-1594,15,0,2,fora,purga_distancia,treino,treino,treino,treino,descartada_sorteio,fora,descartada_sorteio,treino
1595,ferrugem,bracol-1595,15,0,0,fora,purga_distancia,treino,treino,treino,fora,treino,treino,treino,treino
1597,ferrugem,bracol-1597,15,0,0,fora,purga_distancia,treino,treino,treino,fora,descartada_sorteio,treino,treino,descartada_sorteio
1599,ferrugem,bracol-1599,15,0,2,fora,purga_distancia,treino,treino,treino,descartada_sorteio,treino,fora,treino,treino
1600,ferrugem,bracol-1600,15,0,4,fora,purga_distancia,treino,treino,treino,descartada_sorteio,treino,treino,treino,fora
1601,cercosporiose,bracol-1601,16,1,1,purga_distancia,fora,treino,treino,treino,treino,fora,descartada_sorteio,treino,treino
1602,ferrugem,bracol-1602,16,1,4,purga_distancia,fora,treino,treino,treino,treino,descartada_sorteio,descartada_sorteio,treino,fora
1603,ferrugem,bracol-1603,16,1,3,purga_distancia,fora,treino,treino,treino,descartada_sorteio,treino,descartada_sorteio,fora,treino
1604,cercosporiose,bracol-1604,16,1,0,purga_distancia,fora,treino,treino,treino,fora,treino,treino,treino,treino
1605,ferrugem,bracol-1605,16,1,0,purga_distancia,fora,treino,treino,treino,fora,descartada_sorteio,treino,treino,descartada_sorteio
1606,ferrugem,bracol-1606,16,1,2,purga_distancia,fora,treino,treino,treino,treino,descartada_sorteio,fora,descartada_sorteio,treino
1607,ferrugem,bracol-1607,16,1,2,purga_distancia,fora,treino,treino,treino,treino,treino,fora,treino,treino
1608,cercosporiose,bracol-1608,16,1,3,purga_distancia,fora,treino,treino,treino,treino,treino,treino,fora,treino
1609,ferrugem,bracol-1609,16,1,3,purga_distancia,fora,treino,treino,treino,treino,descartada_sorteio,descartada_sorteio,fora,treino
1611,cercosporiose,bracol-1611,16,1,2,purga_distancia,fora,treino,treino,treino,treino,treino,fora,treino,treino
1612,ferrugem,bracol-1612,16,1,4,purga_distancia,fora,treino,treino,treino,treino,treino,treino,treino,fora
1613,ferrugem,bracol-1613,16,1,0,purga_distancia,fora,treino,treino,treino,fora,treino,treino,descartada_sorteio,treino
1614,ferrugem,bracol-1614,16,1,2,purga_distancia,fora,treino,treino,treino,descartada_sorteio,treino,fora,treino,descartada_sorteio
1616,ferrugem,bracol-1616,16,1,2,purga_distancia,fora,treino,treino,treino,descartada_sorteio,treino,fora,treino,treino
1617,ferrugem,bracol-1617,16,1,4,purga_distancia,fora,treino,treino,treino,treino,descartada_sorteio,treino,treino,fora
1618,cercosporiose,bracol-1618,16,1,2,purga_distancia,fora,treino,treino,treino,treino,treino,fora,treino,treino
1620,ferrugem,bracol-1620,16,1,0,purga_distancia,fora,treino,treino,treino,fora,descartada_sorteio,treino,treino,treino
1621,cercosporiose,bracol-1621,16,1,1,treino,fora,treino,treino,treino,descartada_sorteio,fora,treino,treino,treino
1624,saudavel,bracol-1624,16,1,4,treino,fora,treino,treino,treino,treino,treino,treino,treino,fora
1625,cercosporiose,bracol-1625,16,1,2,treino,fora,treino,treino,treino,treino,treino,fora,treino,treino
1627,ferrugem,bracol-1627,16,1,3,treino,fora,treino,treino,treino,treino,treino,descartada_sorteio,fora,treino
1628,ferrugem,bracol-1628,16,1,2,treino,fora,treino,treino,treino,treino,treino,fora,descartada_sorteio,treino
1629,ferrugem,bracol-1629,16,1,1,treino,fora,treino,treino,treino,treino,fora,descartada_sorteio,descartada_sorteio,treino
1630,cercosporiose,bracol-1630,16,1,1,treino,fora,treino,treino,treino,treino,fora,treino,treino,treino
1632,ferrugem,bracol-1632,16,1,0,treino,fora,treino,treino,treino,fora,treino,treino,treino,treino
1633,ferrugem,bracol-1633,16,1,1,treino,fora,treino,treino,treino,treino,fora,treino,treino,treino
1634,cercosporiose,bracol-1634,16,1,0,treino,fora,treino,treino,treino,fora,treino,treino,treino,treino
1635,ferrugem,bracol-1635,16,1,3,treino,fora,treino,treino,treino,treino,treino,treino,fora,treino
1636,cercosporiose,bracol-1636,16,1,3,treino,fora,treino,treino,treino,treino,treino,treino,fora,treino
1637,ferrugem,bracol-1637,16,1,2,treino,fora,treino,treino,treino,treino,treino,fora,treino,treino
1639,ferrugem,bracol-1639,16,1,3,treino,fora,treino,treino,treino,treino,treino,treino,fora,treino
1642,cercosporiose,bracol-1642,16,1,3,treino,fora,treino,treino,treino,treino,treino,treino,fora,treino
1644,cercosporiose,bracol-1644,16,1,2,treino,fora,treino,treino,treino,treino,treino,fora,treino,treino
1645,ferrugem,bracol-1645,16,1,0,treino,fora,treino,treino,treino,fora,treino,treino,treino,treino
1646,ferrugem,bracol-1646,16,1,4,treino,fora,treino,treino,treino,treino,treino,treino,treino,fora
1647,ferrugem,bracol-1647,16,1,0,treino,fora,treino,treino,treino,fora,treino,treino,treino,treino
1648,ferrugem,bracol-1648,16,1,4,treino,fora,treino,treino,treino,treino,treino,treino,treino,fora
1649,ferrugem,bracol-1649,16,1,2,treino,fora,treino,treino,treino,treino,treino,fora,treino,treino
1650,ferrugem,bracol-1650,16,1,4,treino,fora,treino,treino,treino,treino,treino,treino,treino,fora
1651,ferrugem,bracol-1651,16,1,3,treino,fora,treino,treino,treino,treino,treino,treino,fora,treino
1652,ferrugem,bracol-1652,16,1,2,treino,fora,treino,treino,treino,treino,treino,fora,treino,treino
1654,cercosporiose,bracol-1654,16,1,2,treino,fora,treino,treino,treino,treino,treino,fora,treino,treino
1655,cercosporiose,bracol-1655,16,1,4,treino,fora,treino,treino,treino,treino,descartada_sorteio,treino,treino,fora
1656,ferrugem,bracol-1656,16,1,1,treino,fora,treino,treino,treino,treino,fora,treino,treino,treino
1657,ferrugem,bracol-1657,16,1,3,treino,fora,treino,treino,treino,treino,treino,treino,fora,treino
1658,cercosporiose,bracol-1658,16,1,0,treino,fora,treino,treino,treino,fora,treino,treino,treino,treino
1659,cercosporiose,bracol-1659,16,1,1,treino,fora,treino,treino,treino,treino,fora,treino,treino,treino
1660,cercosporiose,bracol-1660,16,1,4,treino,fora,treino,treino,treino,treino,treino,treino,treino,fora
1661,cercosporiose,bracol-1661,16,1,1,treino,fora,treino,treino,treino,treino,fora,treino,treino,treino
1662,ferrugem,bracol-1662,16,1,0,treino,fora,treino,treino,treino,fora,treino,treino,treino,treino
1664,ferrugem,bracol-1664,16,1,0,treino,fora,treino,treino,treino,fora,treino,treino,treino,treino
1666,ferrugem,bracol-1666,16,1,4,treino,fora,treino,treino,treino,treino,treino,treino,treino,fora
1667,ferrugem,bracol-1667,16,1,1,treino,fora,treino,treino,treino,treino,fora,treino,treino,treino
1668,ferrugem,bracol-1668,16,1,1,treino,fora,treino,treino,treino,treino,fora,treino,treino,treino
1669,cercosporiose,bracol-1669,16,1,2,treino,fora,treino,treino,treino,descartada_sorteio,treino,fora,treino,treino
1671,ferrugem,bracol-1671,16,1,3,treino,fora,treino,treino,treino,treino,treino,treino,fora,treino
1672,ferrugem,bracol-1672,16,1,4,treino,fora,treino,treino,treino,treino,treino,treino,treino,fora
1673,cercosporiose,bracol-1673,16,1,1,treino,fora,treino,treino,treino,treino,fora,treino,treino,treino
1674,ferrugem,bracol-1674,16,1,2,treino,fora,treino,treino,treino,descartada_sorteio,treino,fora,treino,treino
1675,cercosporiose,bracol-1675,16,1,4,treino,fora,treino,treino,treino,treino,treino,treino,treino,fora
1676,cercosporiose,bracol-1676,16,1,0,treino,fora,treino,treino,treino,fora,treino,treino,treino,treino
1677,cercosporiose,bracol-1677,16,1,1,treino,fora,treino,treino,treino,treino,fora,treino,treino,treino
1678,ferrugem,bracol-1678,16,1,0,treino,fora,treino,treino,treino,fora,descartada_sorteio,treino,treino,treino
1679,ferrugem,bracol-1679,16,1,0,treino,fora,treino,treino,treino,fora,treino,treino,treino,treino
1681,ferrugem,bracol-1681,16,1,4,treino,fora,purga_distancia,treino,treino,treino,treino,treino,treino,fora
1683,saudavel,bracol-1683,16,1,0,treino,fora,purga_distancia,treino,treino,fora,treino,treino,treino,treino
1684,ferrugem,bracol-1684,16,1,4,treino,fora,purga_distancia,treino,treino,treino,treino,treino,treino,fora
1685,saudavel,bracol-1685,16,1,3,treino,fora,purga_distancia,treino,treino,treino,treino,treino,fora,treino
1686,cercosporiose,bracol-1686,16,1,1,treino,fora,purga_distancia,treino,treino,treino,fora,treino,treino,treino
1687,ferrugem,bracol-1687,16,1,1,treino,fora,purga_distancia,treino,treino,treino,fora,treino,treino,treino
1688,ferrugem,bracol-1688,16,1,0,treino,fora,purga_distancia,treino,treino,fora,treino,treino,treino,treino
1689,cercosporiose,bracol-1689,16,1,2,treino,fora,purga_distancia,treino,treino,treino,treino,fora,treino,treino
1692,ferrugem,bracol-1692,16,1,2,treino,fora,purga_distancia,treino,treino,treino,treino,fora,treino,treino
1693,ferrugem,bracol-1693,16,1,4,treino,fora,purga_distancia,treino,treino,treino,treino,treino,treino,fora
1694,ferrugem,bracol-1692,16,1,2,treino,fora,purga_distancia,treino,treino,treino,treino,fora,treino,treino
1695,ferrugem,bracol-1695,16,1,2,treino,fora,purga_distancia,treino,treino,treino,treino,fora,treino,treino
1697,cercosporiose,bracol-1697,16,1,3,treino,fora,purga_distancia,treino,treino,treino,treino,treino,fora,treino
1698,ferrugem,bracol-1698,16,1,0,treino,fora,purga_distancia,treino,treino,fora,treino,treino,treino,treino
1699,ferrugem,bracol-1699,16,1,4,treino,fora,purga_distancia,treino,treino,treino,treino,treino,treino,fora
1702,ferrugem,bracol-1702,17,2,1,treino,purga_distancia,fora,treino,treino,treino,fora,treino,treino,treino
1704,ferrugem,bracol-1704,17,2,2,treino,purga_distancia,fora,treino,treino,treino,descartada_sorteio,fora,treino,treino
1706,cercosporiose,bracol-1706,17,2,4,treino,purga_distancia,fora,treino,treino,treino,treino,treino,treino,fora
1708,cercosporiose,bracol-1708,17,2,4,treino,purga_distancia,fora,treino,treino,treino,treino,treino,treino,fora
1709,ferrugem,bracol-1709,17,2,1,treino,purga_distancia,fora,treino,treino,descartada_sorteio,fora,treino,treino,treino
1710,ferrugem,bracol-1710,17,2,1,treino,purga_distancia,fora,treino,treino,treino,fora,treino,treino,treino
1711,cercosporiose,bracol-1711,17,2,1,treino,purga_distancia,fora,treino,treino,treino,fora,descartada_sorteio,descartada_sorteio,descartada_sorteio
1712,ferrugem,bracol-1712,17,2,3,treino,purga_distancia,fora,treino,treino,treino,treino,treino,fora,treino
1714,bicho_mineiro,bracol-1714,17,2,2,treino,purga_distancia,fora,treino,treino,descartada_sorteio,descartada_sorteio,fora,descartada_sorteio,descartada_sorteio
1716,ferrugem,bracol-1716,17,2,4,treino,purga_distancia,fora,treino,treino,treino,treino,treino,treino,fora
1718,cercosporiose,bracol-1718,17,2,3,treino,purga_distancia,fora,treino,treino,descartada_sorteio,descartada_sorteio,treino,fora,treino
1719,cercosporiose,bracol-1719,17,2,4,treino,purga_distancia,fora,treino,treino,treino,treino,treino,treino,fora
1720,cercosporiose,bracol-1720,17,2,1,treino,purga_distancia,fora,treino,treino,treino,fora,treino,treino,treino
1724,cercosporiose,bracol-1724,17,2,2,treino,treino,fora,treino,treino,treino,treino,fora,treino,treino
1725,cercosporiose,bracol-1725,17,2,1,treino,treino,fora,treino,treino,treino,fora,treino,treino,treino
1726,ferrugem,bracol-1726,17,2,0,treino,treino,fora,treino,treino,fora,treino,treino,treino,treino
1727,cercosporiose,bracol-1727,17,2,4,treino,treino,fora,treino,treino,descartada_sorteio,treino,treino,treino,fora
1728,cercosporiose,bracol-1728,17,2,2,treino,treino,fora,treino,treino,treino,treino,fora,treino,treino
1729,ferrugem,bracol-1729,17,2,0,treino,treino,fora,treino,treino,fora,treino,treino,treino,treino
1730,cercosporiose,bracol-1730,17,2,0,treino,treino,fora,treino,treino,fora,descartada_sorteio,treino,treino,treino
1732,cercosporiose,bracol-1732,17,2,2,treino,treino,fora,treino,treino,treino,treino,fora,treino,treino
1734,ferrugem,bracol-1734,17,2,4,treino,treino,fora,treino,treino,treino,treino,treino,treino,fora
1735,cercosporiose,bracol-1735,17,2,0,treino,treino,fora,treino,treino,fora,treino,treino,treino,treino
1736,phoma,bracol-1736,17,2,2,treino,treino,fora,treino,treino,treino,treino,fora,treino,treino
1740,ferrugem,bracol-1740,17,2,3,treino,treino,fora,treino,treino,treino,treino,treino,fora,treino
1741,cercosporiose,bracol-1741,17,2,3,treino,treino,fora,treino,treino,treino,treino,treino,fora,treino
1742,saudavel,bracol-1742,17,2,4,treino,treino,fora,treino,treino,treino,treino,treino,treino,fora
1744,ferrugem,bracol-1744,17,2,1,treino,treino,fora,treino,treino,treino,fora,treino,treino,treino
1745,cercosporiose,bracol-1745,17,2,3,treino,treino,fora,treino,treino,treino,treino,treino,fora,treino
1746,cercosporiose,bracol-1746,17,2,4,treino,treino,fora,treino,treino,treino,treino,treino,treino,fora
