fonte,id,caminho,presente,classe,predominant_stress,miner,rust,phoma,cercospora,severity,largura,altura,sha256,phash,phash_folha,grupo,split,excluida,motivo_exclusao
bracol,1,data/raw/bracol/bracol_completo/coffee-datasets/leaf/images/1.jpg,1,saudavel,0,0,0,0,0,0,2048,1024,3bfa5be4492abcf09f4a582e1f825275877dc5a4096ce12e608480b18c39f30f,f546c38dd0ac1e68cb5270376d0b33e220fcd3057242cf3e896fcc38fdb164d1,fa8bcb83a1572b9685faa55a97c175a8960f0485961d3e959e5d909c9618b3da,bracol-1,val,0,
bracol,2,data/raw/bracol/bracol_completo/coffee-datasets/leaf/images/2.jpg,1,saudavel,0,0,0,0,0,0,2048,1024,b5c5ebe2334a31b43c2782481a66c223d17c27e5d069a50f8ddc47ec0cd1b280,f141b3c1d2bc5a3e0f578f406429783f26f431f0da0b330f996dcb3ce8919ca3,faf8a0f6e018160287eb5aa7d7812955c20ff97a9e5f0128de7c6f2d187a4925,bracol-2,treino,0,
bracol,3,data/raw/bracol/bracol_completo/coffee-datasets/leaf/images/3.jpg,1,saudavel,0,0,0,0,0,0,2048,1024,134328f4d24ce1009bd411f4132833a2a22a152bffc7ff9109a32a70cc5a9f61,e151872785f85afc9e16e94b796a1cad25e1e0726617276b8678e20ed96199e1,fa90a760e159162e85b9e2b497810756861ffbc2d6de00c7965af3e99eda1445,bracol-3,teste,0,
bracol,4,data/raw/bracol/bracol_completo/coffee-datasets/leaf/images/4.jpg,1,saudavel,0,0,0,0,0,0,2048,1024,7876ad5ba1877d4140fc7ebc520e1313137ac019b0485253ee60518204d98265,f017cbcb87e0f0f89e0d9786787c687e35a325e063977097167887daca70c829,fe908ad9f0137c0982fa84bfcbc1fe918f0f82518e0f7fcbcf7c0009c0286f9d,bracol-4,treino,0,
bracol,5,data/raw/bracol/bracol_completo/coffee-datasets/leaf/images/5.jpg,1,saudavel,0,0,0,0,0,0,2048,1024,1efdb2da4b6c923c507bf12e73137a828c3108340567fe04bc919996b152944c,f1509e4487a179ab9a5e279569e0663a278797216618d86edb699d861da7649e,ff8e97c8e004fa0685f9815f978077e8d6879284921efa579e5ed7569a588242,bracol-5,treino,0,
bracol,6,data/raw/bracol/bracol_completo/coffee-datasets/leaf/images/6.jpg,1,saudavel,0,0,0,0,0,0,2048,1024,c3b891cdb9bcc339b8ac01ac38c3ec62c4d34a00a97ffefc4d85aa0b5c67468c,f059e95987e935989e15c696587ece6265e0dc6d620739e52649e29ed0dc3398,ff93d81ae01119da91dabdc9d7ea90a98e81f1a5980f21d5ce2f1bd68a497b02,bracol-6,treino,0,
bracol,7,data/raw/bracol/bracol_completo/coffee-datasets/leaf/images/7.jpg,1,saudavel,0,0,0,0,0,0,2048,1024,f8b29b3014296258b8f7022e5be6e3b5a1fb2f6fb8ce9d75ff098dc0083726bf,f059c58787815a580e1eb12a61e0ce953787667aca7cb6658d21d9c67cd68d3e,ffb9e17bf40047ab80ff2e84d3d02712c300761bcb4fb28b870c62fd8f2d6078,bracol-7,treino,0,
bracol,8,data/raw/bracol/bracol_completo/coffee-datasets/leaf/images/8.jpg,1,saudavel,0,0,0,0,0,0,2048,1024,26142b4a8420ee2802a60805d0e8e8cd0b9d0b61c72def36f3ea6d56d112286a,f014c2d385f81c2d9e0730f4797e63c025a0e70f72978ebc277adc71de0d18e3,fd09c2b3a11d0f5487f8b502d6801ebf821ffe54de5a58728048b6fbde7b1441,bracol-8,treino,0,
bracol,9,data/raw/bracol/bracol_completo/coffee-datasets/leaf/images/9.jpg,1,saudavel,0,0,0,0,0,0,2048,1024,ba8abac0829e0525bd3a5d1f1464390b2e855207c10af8e7b47086bc723f27f7,f401db5b87f01d2c9e0e62d6787c674b23c0962df61f89709e7899a6ec636186,fdf95adaf008bd4982de10ac97e9f3f6c20591c08f0fb3c78b0c134ac90c3b2f,bracol-9,treino,0,
bracol,10,data/raw/bracol/bracol_completo/coffee-datasets/leaf/images/10.jpg,1,saudavel,0,0,0,0,0,0,2048,1024,d5998f871e4804740e6623cc250102b092ebedff66e6b69db8b766849ef6cd3c,e15598dc87a347831a946e7c616ab8eb87a5c3d6d85e6c3c19c264e1611db3c7,fa039c85e054b0fd8553d1fcd60afb8190a9830ddeb1ef1e9e07820ac61e4f7b,bracol-10,treino,0,
bracol,11,data/raw/bracol/bracol_completo/coffee-datasets/leaf/images/11.jpg,1,saudavel,0,0,0,0,0,0,2048,1024,888e562ebb84dda6c71b0f574c9f54f4846a46e46ebb07b161bd6db516389e61,e01664b487a0c78b9e53da5f696b1c7027a565a5721627964df8fa1a6c919de1,fba0ed0de15605bdc5e6eb80968640579e166fda980e3c19d97e1498c86cf4f8,bracol-11,teste,0,
bracol,12,data/raw/bracol/bracol_completo/coffee-datasets/leaf/images/12.jpg,1,saudavel,0,0,0,0,0,0,2048,1024,59e0c528bb30fd5da00dddfd975827cbf0d3da8ebce1e5b31fec08d5d0fd1b9a,f013c4f1c3f15a0fcf049b642c7e64a732e12ed233d33469cd2f9b348cb449b6,ffd6e412b41165fb90bf8295dafc375ac9f89a0949a81b05c599db26c5890936,bracol-12,teste,0,
bracol,13,data/raw/bracol/bracol_completo/coffee-datasets/leaf/images/13.jpg,1,saudavel,0,0,0,0,0,0,2048,1024,64ff5cf9339e3f74af8a6e35cd43fab8b243986418c59965144f939bf723bc46,f05c905987e24ba38e07ed5e6c7836a833e19a557307496a8f3eed95cc3016da,fec0b60db046126c92fbf864dbe161788b4769e8cf2f258181363493cfb63497,bracol-13,val,0,
bracol,14,data/raw/bracol/bracol_completo/coffee-datasets/leaf/images/14.jpg,1,saudavel,0,0,0,0,0,0,2048,1024,0817dd6161a0606d851e2cc669fe9b1c49e343518d9710454ea9cc5330b34c71,f44e8d7781e470ba1e1303c1717b786e67a4cdb4ca1efa939c68137969b57804,ffc20e63f0467d0385efc12bc3a4e1f0dfe68491c0043e93cfe797978c103a9a,bracol-14,treino,0,
bracol,15,data/raw/bracol/bracol_completo/coffee-datasets/leaf/images/15.jpg,1,saudavel,0,0,0,0,0,0,2048,1024,c86a682183dcc0fd21713092512206324f7009606b0b1ff1f2f00a93646dd32c,f057b47987e042e49e0d8f07697e9c3835e30af0729f714b8b4827bdc925f614,fc92b419e057564c83f84aebd7806b51830e6169cf2c372dc3340626cf7c767e,bracol-15,treino,0,
bracol,16,data/raw/bracol/bracol_completo/coffee-datasets/leaf/images/16.jpg,1,saudavel,0,0,0,0,0,0,2048,1024,8473904e8f7b1aebb5a1727a4fc61a614fdfb92df19587fa87f87ae21d49f86f,f046cfc683e9b47b0e1b339170acec0eb3e487e48f1bda1b4c19337921e0e5a6,fe644be6f06dec4582e4a06e816696e4cfa316c2c5831403ce976ebf8f1f6093,bracol-16,treino,0,
bracol,17,data/raw/bracol/bracol_completo/coffee-datasets/leaf/images/17.jpg,1,saudavel,0,0,0,0,0,0,2048,1024,881bcbf75cbf62b6dd2cddc8f1a67bb5df958e3afda38c60f0c6c4ce889f0eb1,f0139b9387e3613d9e0d0f84c87c645e3ce116c821d77a67611fd926373887b6,ff929792b01bfb1bd3fb817fcb816ba8cf45a185860e2084d62dbe8eca60284e,bracol-17,treino,0,
bracol,18,data/raw/bracol/bracol_completo/coffee-datasets/leaf/images/18.jpg,1,saudavel,0,0,0,0,0,0,2048,1024,a7df4e8ca847f7fef1ea66dbedbc6472123d0b31ad4dd3eea56bc56036f27519,f013c2b385d01f2e9ea5e8cc68740fc665e27433269d2730de58c31799ebf8cc,fa90e0b8e053073885fbff199689811fde95c3b09a5debb19c5a01139cc93d2b,bracol-18,treino,0,
bracol,19,data/raw/bracol/bracol_completo/coffee-datasets/leaf/images/19.jpg,1,saudavel,0,0,0,0,0,0,2048,1024,689b243c85ed6ddaf7113d46699c88cdedb4f49554e35ec0589adf3796dcefcf,e110e73c87899ec31e4799dd796a0f246785603ec61e2ed09c69d89bf8658b6c,f906e18fe18e47bcc0bc7e0286940e5e9cda7e7c8a9bc44c9fd9c4e8c20bc4e9,bracol-19,treino,0,
bracol,20,data/raw/bracol/bracol_completo/coffee-datasets/leaf/images/20.jpg,1,phoma,3,0,0,1,0,2,2048,1024,b813cb5408a25d351107297d3272b7f5009202822f5e6741a82f3a4fba3ab822,f131c33386c73cec4d4ed1d970b927038642d036c92f3b403dd4dc8d765bcf52,ff1cc132b50e03f286acff61cbd40823994a3d7f6c694a089dbf369ec4d0ce12,bracol-20,teste,0,
bracol,21,data/raw/bracol/bracol_completo/coffee-datasets/leaf/images/21.jpg,1,bicho_mineiro,1,1,0,0,0,3,2048,1024,19cc6b6514ef7e5d60d59dedbbeb53cc959fd2a736a60eadc1cf66a06a806303,f551c74cd0b81f814fc4f85f3c2e43e272b52485c353165e9d2f99498ce4d1a7,fdf1e24cb11305f8c2bb3d88cbd1361f9702be1e8f3b705ac239b0c9d91b00e9,bracol-21,treino,0,
bracol,22,data/raw/bracol/bracol_completo/coffee-datasets/leaf/images/22.jpg,1,bicho_mineiro,1,1,0,0,0,1,2048,1024,95ba0ebf337d575ba22d304d46874b73453039a1adbc5faf0b1e3d68eaaec76a,f414c2ccc3d23d070d2de1f130f69f0dc3cbcc6c9d3c58d28cf2370f62cf5330,fdc5e646f0a016eec2f7e4e4db5a70449b0b2aef9f2f1d449004bc87cb7c1046,bracol-22,treino,0,
bracol,23,data/raw/bracol/bracol_completo/coffee-datasets/leaf/images/23.jpg,1,bicho_mineiro,1,1,0,0,0,1,2048,1024,fde379354a14c9323764e842da44e02451bbba99112d0cd66ddd049f3bbe53fa,f157ccd982e13d2c0f9c70646d5aa7e232e1ce1bda1689fc0b6a31c46d8137c7,f9516cd1f07bad9a83f214a9d703be95c61b9413c6199adbce9b925a841c4279,bracol-23,treino,0,
bracol,24,data/raw/bracol/bracol_completo/coffee-datasets/leaf/images/24.jpg,1,bicho_mineiro,1,1,0,0,0,1,2048,1024,31085b0eda667c3cd9b41c6ddf1411ff51893ec8a8669453c0d413fbba3a93cb,f14ccba687e93c110a5370fc65aac7c6b6d59c3793f858f2690f63470cb4162c,facdcbe7f04d297782edbd208f48142f8d0b9e7cdf259068c4b4cbedc8788280,bracol-24,treino,0,
bracol,25,data/raw/bracol/bracol_completo/coffee-datasets/leaf/images/25.jpg,1,bicho_mineiro,1,1,0,0,0,1,2048,1024,d8c8acfb90693ed0d11425c37b04d8452329c34edad12033b3191776068cfc3f,f511c0cdc2f44b224f43f43734be03d89358ed0dcb0f9ab4cc96aa7336ea6685,bf55e59bb00a4097d2bdebc0c3d0110bcb5b9a8dc901974ccfa51a1ccd979c3e,bracol-25,treino,0,
bracol,26,data/raw/bracol/bracol_completo/coffee-datasets/leaf/images/26.jpg,1,bicho_mineiro,1,1,0,0,0,2,2048,1024,47352b23ceeceda3905a480693f5c53da66c5d0a7cefa67e43b1e4041bfd0ee4,f548c330c2f66c874f0236ec343ddb0f93c04fb1cd27e84f1cbc37e43349e906,bf598311b001ffa8d277119cc97aebdec9a05109c592a9dc8ed311c85f4b6bcc,bracol-26,val,0,
bracol,27,data/raw/bracol/bracol_completo/coffee-datasets/leaf/images/27.jpg,1,bicho_mineiro,1,1,0,0,0,1,2048,1024,c032520d408418fc4db1487e5b61ecd8347d52a8ba9e11cab8dc07a9afafd276,f5589b76c2b760011f4227f860fdda0ed78089e3897f6c157ca4361827d68b67,eb1c9a2ee11af90697b981ee829703a0da52df17d961ea3e186987621d656a2f,bracol-27,teste,0,
bracol,28,data/raw/bracol/bracol_completo/coffee-datasets/leaf/images/28.jpg,1,bicho_mineiro,1,1,0,0,0,2,2048,1024,fe7fe752fc95cb87bca7fce533086e1eef82499cca3fd3b925b99f8f1bc62311,f456cf4cc3b17913cf0924c96c7ef20736f087b8634bd824df2d1cf28cb064c3,fe578266f403fb22d2fe009bcbd0fbf4d34b110283250a2f9f9ff534cb140a32,bracol-28,treino,0,
bracol,29,data/raw/bracol/bracol_completo/coffee-datasets/leaf/images/29.jpg,1,bicho_mineiro,1,1,1,0,0,1,2048,1024,2dbd0b3d077e86873d771850a35dd00a387aec5309c3444ed03590305f91f574,f511c461c39193960f6ecc4e70b431f593c9f293c93d0b1d5cf0cca4674f30f3,fc11c653f1ba133982b1df34cbd11132970bcbfdcb095120db3d8b274938f534,bracol-29,treino,0,
bracol,30,data/raw/bracol/bracol_completo/coffee-datasets/leaf/images/30.jpg,1,bicho_mineiro,1,1,0,0,0,1,2048,1024,2b5f4e5cb8a069390bb86df1c4f7e65f605b01cb96f7580138a406a4bd98f770,f5069431c2f463cf1e53cb8e6c2f9cf023b470339a4a27df9d2df002cda198f4,ffc49c38f10e043d82be7f4092d403c39e4ae7eb9a4ba021db6955ffc9613a30,bracol-30,treino,0,
bracol,31,data/raw/bracol/bracol_completo/coffee-datasets/leaf/images/31.jpg,1,bicho_mineiro,1,1,0,0,0,3,2048,1024,901ab8c9f45ffcd4dbf413c26a0ffbc27279b6cdd954dbbe38a4f64c065067d8,f512e5cfd2b514b8cf489a532c2f4f2932f06484330316dace3c9b69ccd0d9b7,bd5760e4f02325e2d09d36a78bfa1652c380ba4bc3c6d879c08b9b2de7cd5931,bracol-31,treino,0,
bracol,32,data/raw/bracol/bracol_completo/coffee-datasets/leaf/images/32.jpg,1,bicho_mineiro,1,1,0,0,0,1,2048,1024,942fba50ee0bd4c34242ad9338537e1a404fd4d3f4b62159011e3812c90791ef,e443c39e93b41ee11a1ee07e65e10782c693b8399b5a5c6171ada7ce26d3f438,ef51e182e43b01fed6b9bf1286955e1fd7020a19da4b5978914bba7999e11829,bracol-32,treino,0,
bracol,33,data/raw/bracol/bracol_completo/coffee-datasets/leaf/images/33.jpg,1,bicho_mineiro,1,1,0,0,0,1,2048,1024,3d22097a31b96f3689858eaf5a3ff3cad9c30b45527419c5e2c13a575592da73,f052cf3e82e9780b0f0c31e9693ec60396c08f7c2a4fd8b475a13f92c776d06b,ff154b87f019fd16c3f994bf832002d0c394da4bd752f16dcb0b8ba1832d9741,bracol-33,treino,0,
bracol,34,data/raw/bracol/bracol_completo/coffee-datasets/leaf/images/34.jpg,1,bicho_mineiro,1,1,0,0,0,1,2048,1024,30b96d16ca60e45e3336794b524ec5d5ad52170d66ebe010dce8d6806d9bf753,f50c9671c3f1696e0e126785306d925bc3c7cf29cc1e2c879c5132e053ed6f1b,bfc1969ff409be44d2bdd02ec216716ccfdea1e4c9a86da4c9b0d3a6c3906146,bracol-34,val,0,
bracol,35,data/raw/bracol/bracol_completo/coffee-datasets/leaf/images/35.jpg,1,bicho_mineiro,1,1,1,0,0,2,2048,1024,16bce0ce917691a8f1fd580bd03224383a82e1c4bb84d74ad18fb84b00cffefc,f543d0e3d2fc1f3c4b16ec0c3d0887ff32f5f801c742163ec92fe3001db041ef,f8c1d0c3b47f03ff86aafa018ed5001fc24affbccf6bc024cf61ebb2cc250116,bracol-35,treino,0,
bracol,36,data/raw/bracol/bracol_completo/coffee-datasets/leaf/images/36.jpg,1,bicho_mineiro,1,1,0,0,0,1,2048,1024,63e59ec2da2b02a3afd446d03115b9891d79ce72f103f8631f107861ea4a2c63,f01e9db393e160784f0e8785646cb81e32d109f0db137585cd21c6de6cde9e69,fe079523b0735a3793b14974cb017d60c72d41a5ce11e796cf7ae2824601a7df,bracol-36,treino,0,
bracol,37,data/raw/bracol/bracol_completo/coffee-datasets/leaf/images/37.jpg,1,bicho_mineiro,1,1,1,0,0,2,2048,1024,5b9512d356a75f3a3457366e75fe73f1dd3699f610e3255dd8443940ee448b8f,f02ea4e783e14b108e19d9bb6c3f8e9c32f074e9734b272e0f0cc337cc341b9a,bff7a66cf0236267d0007f43c37f21f183e8c9b06fe0c197c590c39ae583c31c,bracol-37,treino,0,
bracol,38,data/raw/bracol/bracol_completo/coffee-datasets/leaf/images/38.jpg,1,bicho_mineiro,1,1,0,0,0,1,2048,1024,7eb20437baf2dbbc774837e64370a3bfe657e6e0d97583889ab5cb923b8ad01f,fc062c66c0f7d2914f808bd831996d0f318532fc44fe32e3f261cf07cb65c6bc,ff678c65f423676192ff8415c378fefacbe0c64ac100274dcbb7cb2cd1862104,bracol-38,treino,0,
bracol,39,data/raw/bracol/bracol_completo/coffee-datasets/leaf/images/39.jpg,1,bicho_mineiro,1,1,0,0,0,1,2048,1024,56a16c29b617461261852b128f12c732973c6f7e29cf62054d3de3039bab4552,f14981cf90bd7c328ff227796c0ff20134e093da33de182e9b0bcca6c93566d8,fbd880e0b0087ec492ff187f82c0186e9b42dde4c92368ecc92fc5c7c9b7e2cb,bracol-39,treino,0,
bracol,40,data/raw/bracol/bracol_completo/coffee-datasets/leaf/images/40.jpg,1,bicho_mineiro,1,1,1,0,0,2,2048,1024,ba518a76f9081935067b1ca1918b9b34fa8f7174af897e58fa29107d3de2db0a,f438a4fcc2855e038bc689fd3d24d89424b60fdee3cb7609c70d22f13c767e60,ef1da08ff41153d7c2f30b40f2797d0b80393825df747d3e8a006035c3efe1f0,bracol-40,val,0,
bracol,41,data/raw/bracol/bracol_completo/coffee-datasets/leaf/images/41.jpg,1,bicho_mineiro,1,1,0,0,0,1,2048,1024,eed31d06e98252fd535253c9266f4151d6a5b2d852195ea0b6179bd51bf20043,fd65c2e584093d3ecbfc9a913d07cb7230fbe92173d12da5c7092610ce1ce278,fd74c2f4b508056ed2bdbfa1c3d40784d3de2e16c00ffc3a836c1c50df60bc70,bracol-41,treino,0,
bracol,42,data/raw/bracol/bracol_completo/coffee-datasets/leaf/images/42.jpg,1,bicho_mineiro,1,1,0,0,0,2,2048,1024,4c4e2feb65e61c5eb671a61e02ee1475f099ebcacde71a1335bc3fe0478c72c6,f17321cd879d563a9ec4c31168669d1e25bccce4ea8627c314fbf24b3a013759,fc79a1e9f409168592fcfe7493d01308df0b0bbf030dc5249f0d6b36d10cc5f6,bracol-42,treino,0,
bracol,43,data/raw/bracol/bracol_completo/coffee-datasets/leaf/images/43.jpg,1,bicho_mineiro,1,1,0,0,0,1,2048,1024,10c239c988e0339a0e029ed9bd6b30815870d0e94c3efd96fdc1a3ca8ca32b05,fc0dcf32c2f0305d4f4363c07c3f242f33f0d210d30b8dab8f3ee944cc903efc,ff42cf26f02ebc0682fd90bfd3c0d1d08347c2d2db8f836bc10fdb41cb358a05,bracol-43,treino,0,
bracol,44,data/raw/bracol/bracol_completo/coffee-datasets/leaf/images/44.jpg,1,bicho_mineiro,1,1,0,0,0,1,2048,1024,fb8c05b76aa3ef518146d22272b6c860f7bc1c2072a6ca837bc98759e98070c9,fd3e8f98c381f0078ec183f13cbe7c2b730224dd837df2c6de80db20c84b0c3f,ff070b9cf1047c00c3e084e9820af0e4d7fcd3fed21cd2c4c6949f4ecbda9b0e,bracol-44,treino,0,
bracol,45,data/raw/bracol/bracol_completo/coffee-datasets/leaf/images/45.jpg,1,bicho_mineiro,1,1,1,0,0,1,2048,1024,92924ee0d2feeeb4832c1533b9adc137e07ac57fc739456d9bc118bf32559405,f414b46ec3ead3918f03cd837cb96c171bc936783c2d73852776239e7183e610,ff4da4ccf00c46cf92fd6f48dbc0c12f8901fbf46d8792220c96df72ac9e1803,bracol-45,treino,0,
bracol,46,data/raw/bracol/bracol_completo/coffee-datasets/leaf/images/46.jpg,1,bicho_mineiro,1,1,0,0,0,1,2048,1024,2b897b6ea093968dcb8280cccbe8cb4e8b79cbfb1e16fe06a031a6c94794f848,f051a6d387bb542c9e8c9bcc687e5c62278126b1d21f661b8d709b787887d947,ff5da019f018079983edfa81d7c0201f92025f7e9b5f3c2892082dfdb97e74b0,bracol-46,val,0,
bracol,47,data/raw/bracol/bracol_completo/coffee-datasets/leaf/images/47.jpg,1,bicho_mineiro,1,1,0,0,0,2,2048,1024,24a8bba86ad39fa4f7fc07b976edf3cb5a709b3f512141a7d13330c1c57fbbbc,f0699c73c3c761ac1e1c0e8660f9b07937c68fc3ca3e683e0de136f0b48f3247,fe198e38f05cfa1983e180fcd3c47be0820ec103cb4f67ff896de500cf24269f,bracol-47,treino,0,
bracol,48,data/raw/bracol/bracol_completo/coffee-datasets/leaf/images/48.jpg,1,bicho_mineiro,1,1,0,0,0,2,2048,1024,68b9bb24860d08d1b4f1e37b0ea7c9ef7426f5c843e7ecb9f2bda5ff7384ae3d,f40d6c87c3d092781c2f8f0334e06cb463df36d28f2c126dd8f3d934f1cd4cc3,ef55c048f5007fffd2bf06a082d60616834abe1fdb0df65a8f0f8279023d6278,bracol-48,teste,0,
bracol,49,data/raw/bracol/bracol_completo/coffee-datasets/leaf/images/49.jpg,1,bicho_mineiro,1,1,0,0,0,2,2048,1024,ff0bc9d87f92ee6e9a5fcdeb80fc19490d693f5732594ca4aada1b1230a001ee,f146ec4c86e751e21e188a3361f92da8378760c6b27e364ecf61d26988f70fb1,fa41e666f079186783effce79f8102e4c357f656c23a1240cf1c867a8f04fe08,bracol-49,treino,0,
bracol,50,data/raw/bracol/bracol_completo/coffee-datasets/leaf/images/50.jpg,1,bicho_mineiro,1,1,0,0,0,1,2048,1024,eb60b9c7ae088497edaa4832da7181b4b99f2d9e919831817ee460ecd9d0e11f,f5479c1dd2f463f00f1a610775291ec062f7c8799e4a0fbcc13d7097699072e3,ece18f89f4635c7986e7f0389ed40ffd964a97008f49ee8fdf0dc4d0c00c0aca,bracol-50,treino,0,
bracol,51,data/raw/bracol/bracol_completo/coffee-datasets/leaf/images/51.jpg,1,bicho_mineiro,1,1,0,0,0,1,2048,1024,f8a620657f221a7386eeccf041e6622fc2a68e6df778cffccfe140181d833ba4,f02db466c3d2c3292c1f8c9f30e8b268db4667a7cd38cc1a46d79be1316871e6,ffff9625f000d223c03f6b53cff0c5bbc59022b0c7935359c30f2229873c6535,bracol-51,treino,0,
bracol,52,data/raw/bracol/bracol_completo/coffee-datasets/leaf/images/52.jpg,1,bicho_mineiro,1,1,0,0,0,1,2048,1024,38aa23350ee1148011a75b077307ee466cce7dfa255b1501c0bf7a7e551e69dd,f55bcbdb92e53c294b0ea0f4712f478b26d1cc1cde1b18e089e4714778a6273c,ff11c2b1f43a0d58c2bd8c29d7d01d1d830b8e9adb0f5c5ac10dcad9cfed5049,bracol-52,val,0,
bracol,53,data/raw/bracol/bracol_completo/coffee-datasets/leaf/images/53.jpg,1,bicho_mineiro,1,1,0,0,0,2,2048,1024,bd860fba58598a69d1047ea194c9962d9268d9cbdd5b62f73147d0e5b7c02352,f13cc64c929778b32c68c3d071b58e2d8f4a58f3f83d630f27c2863cf21d4cc3,ea19c69ae1530fc287a99c32de115cfd8a9798a1df92bdc5c156008c9dae3cec,bracol-53,val,0,
bracol,54,data/raw/bracol/bracol_completo/coffee-datasets/leaf/images/54.jpg,1,bicho_mineiro,1,1,0,0,1,2,2048,1024,e9b306c9108203f7e16e27d0df6cc9e9697f0470d1c6e643b1924db7bddad8d4,e0669b3387a771be18191e4b61e1e06c26961f878f70f03ad8e78fc93dd04ca6,fe248b1ee066f90487a001fe82077790df56f29f8a3e021a9e7c9f9bda707609,bracol-54,val,0,
bracol,55,data/raw/bracol/bracol_completo/coffee-datasets/leaf/images/55.jpg,1,cercosporiose,4,1,0,0,1,2,2048,1024,a514c86307fc82d3d99226c26373bb80fc8ee126ae1901e67c525a496c86eda3,f4609c649317c39b79cc1f0366b1f0e49a7a8f1b6d877929645896d69be14349,ec1d8e6de51cfc4c968984ee901ec285daf8c7f68bf24042c1406f62cbef60e7,bracol-55,treino,0,
bracol,56,data/raw/bracol/bracol_completo/coffee-datasets/leaf/images/56.jpg,1,bicho_mineiro,1,1,0,0,0,3,2048,1024,d60bd51283d31f357667f4d56b61d4e605097c61d4bb30e54a28ebb7a8074ddc,f91f9fd9c0e068020f4027fe3c3f9087f1c1cb78cbf645251e1e6691f06991cb,f9d083c9b0897e88d0fdf07e9a53e038996a01f4c82f65b0d964afb28fe427b2,bracol-56,treino,0,
bracol,57,data/raw/bracol/bracol_completo/coffee-datasets/leaf/images/57.jpg,1,bicho_mineiro,1,1,0,0,0,1,2048,1024,a1b8070081f617cce3bcc63c9a3fb602041e0afc48a14cb87371b03e24a33c42,fc72499cc3a5d4671f4f0393687c7808378124f4f31ff607da60837c8ce71d31,fc55499ef02efc4e87f100afd280fec1dbdec0c3014ac3c3fa6fdfcb9101000f,bracol-57,treino,0,
bracol,58,data/raw/bracol/bracol_completo/coffee-datasets/leaf/images/58.jpg,1,bicho_mineiro,1,1,0,0,1,1,2048,1024,b00963115d1ecd0060ab988cead502f3ff73a582711a6441c0cde52a8fc93726,f07bca67878175b85a1e23d661e1c66b26978c34da5839c2c9e533876c766638,bfcfcb07f481f5a7d003c290c17f025bc1fcb7e9c8701a4dd038980dd3747a4d,bracol-58,treino,0,
bracol,59,data/raw/bracol/bracol_completo/coffee-datasets/leaf/images/59.jpg,1,bicho_mineiro,1,1,0,0,0,1,2048,1024,41f3a635b2cb503a574f8fd85968bdf5bc78bac6e303f3f48d519faddbf360a4,f1128f33c2fd7c8d0e0833f0687de32733c0cef48b1bdc69cc2c39c76cc033a6,fbb68b30f0026de893ff842dc3d016d4c702f6d2c787030b871e832fc61af976,bracol-59,treino,0,
bracol,60,data/raw/bracol/bracol_completo/coffee-datasets/leaf/images/60.jpg,1,bicho_mineiro,1,1,0,0,0,2,2048,1024,f6e444df4d48283225306ffff4a20eff91277c56145af5270fcc480244be460e,f43f663687e0d0c91a5b8f4f712c783867936791e65a620f38ec1e6ca0c7d825,ff018724e0fe569287e03a5cde43186e8e5ff8e1de60c1e18224eb82cf3e815f,bracol-60,treino,0,
bracol,61,data/raw/bracol/bracol_completo/coffee-datasets/leaf/images/61.jpg,1,bicho_mineiro,1,1,0,0,1,3,2048,1024,6b653aec1082958b369a1a624945d0a1dcf236d6d1d3e5bf4219df0cc358a329,f45acc33d0a45bc9cf5760677c2937b634f4ce00e342c87d9f2f8d80c83430df,ff5e8f10f42e3d8e92f6f49fc3da60ded30105e8c36d60cdc72cd440838462e5,bracol-61,treino,0,
bracol,62,data/raw/bracol/bracol_completo/coffee-datasets/leaf/images/62.jpg,1,cercosporiose,4,0,0,0,1,1,2048,1024,0f82c222d0ad129132451c1a53d06c933c4189737307a41f29354e56253a1903,e538c871d2963f8e1962e07c25b18f83e2de98281be929f6dc24678a65fa364d,ed1cea39e5990f31c294fca59f5200979e4b3fd3184d20939df9bcd98a60641b,bracol-62,treino,0,
bracol,63,data/raw/bracol/bracol_completo/coffee-datasets/leaf/images/63.jpg,1,bicho_mineiro,1,1,0,0,0,1,2048,1024,dfd4f1113162a9db8e610f097628e53ee77912059a1bd43e6fb9a253f3d2150d,f11bc73892901d8fc86cb8f667a460e9921f27d83939c90319f4ccbee4cb666c,f917e31c913a07d6d29d97a3881eda154d78994bd9f021adcb01f5b79d0c2992,bracol-63,treino,0,
bracol,64,data/raw/bracol/bracol_completo/coffee-datasets/leaf/images/64.jpg,1,bicho_mineiro,1,1,0,0,0,1,2048,1024,e334d2064c7ab1c1927ffb94db369497e0eb8b871a05516b50039c889eb01c96,f14467b396bdd66438c8981b616b61c91787a634607cd85a97e139e1d81f6e1e,f974a198f10606ff93a47e07835e300fdbf809629801b9e79a7f29209f79d0a7,bracol-64,treino,0,
bracol,65,data/raw/bracol/bracol_completo/coffee-datasets/leaf/images/65.jpg,1,bicho_mineiro,1,1,0,0,0,1,2048,1024,f8027707b096d3fc21ebb0d8d381456e1da096514236ff361dde05adda51559f,fd1ae8cc83e557a31e469833782f6f6023b0e4adf20b32d29e7c994bd8604b35,ff83eacee11341ed80bbdd80d3d130a586409ed6de0f18d28e1d9cdb9e3c58c1,bracol-65,treino,0,
bracol,66,data/raw/bracol/bracol_completo/coffee-datasets/leaf/images/66.jpg,1,bicho_mineiro,1,1,0,0,0,1,2048,1024,b3654f52b747c86b3328f7f00bd4baefdd63818728ed6cb586cb12031d34f163,f53ee49ac2851fcf8f43b8707c2d0fb032d4e596634b36f88e253861cc7cc1a1,fe06e526b54647e196f57e8182541c1f9f721e3bc863be7dc2a16f40c743006b,bracol-66,treino,0,
bracol,67,data/raw/bracol/bracol_completo/coffee-datasets/leaf/images/67.jpg,1,bicho_mineiro,1,1,0,0,0,1,2048,1024,06eae203e496849d40d312f6379c8cbe82ba26f36962445eab5b6583ec2ec241,f44e8ed9c2f5d1240d120fe730ff7c1bd2c093c0cd7ecb0f9c81bcb231d802f9,fe410e98f06bfc18c7f490fdca1fc340cf28ef66cead0fa7436694168802ea72,bracol-67,treino,0,
bracol,68,data/raw/bracol/bracol_completo/coffee-datasets/leaf/images/68.jpg,1,bicho_mineiro,1,1,0,0,0,1,2048,1024,b4e3e7c7d1090720d6d305295c7adc702290886e4bc0be172525ff6057eefc09,f504cc70d0bcb487cbf083cd3d037329309fac3477681ef2c225834f8f62f3cd,bf454874f4083d24c2fd8ca4cf705fd6c62882428f75d3cfde2a82cc980ff36c,bracol-68,treino,0,
bracol,69,data/raw/bracol/bracol_completo/coffee-datasets/leaf/images/69.jpg,1,bicho_mineiro,1,1,0,0,0,1,2048,1024,3a644cd2b62c8cc75d13bf512c5910a62d2ae625c23c236424b1d450eb6b19c0,f550878fc2bd68700fc735af700b939403f8c97a3c072ca5e3fa32d29b08f339,fd5487c1f108f81e83bcc03ec34e1fd4cf2dbc8f8f2d08808895c1d1dcf2f0db,bracol-69,val,0,
bracol,70,data/raw/bracol/bracol_completo/coffee-datasets/leaf/images/70.jpg,1,bicho_mineiro,1,1,0,0,0,2,2048,1024,b8b5f60b7c1d586c881d13564cf4cdb29a82656fea7bed9a9adf1378508eec71,f059c938918b5f8ecbc630c36c0e367934fcc300b2d18b9ec36ffcf00d252ce7,fe1dcb1eb4094f0c92fdd1a7d3d01a96c342d05acbad1acbc9859d69cd971821,bracol-70,teste,0,
bracol,71,data/raw/bracol/bracol_completo/coffee-datasets/leaf/images/71.jpg,1,bicho_mineiro,1,1,0,0,1,2,2048,1024,c2c8c157dc7d282e03d88145879e0a978d0114412342b2e76a2dcc4f3c449707,f508c2f2c2df1f23cf60349f2c35e3c872da1b8d8f6dcd36d0734cb223c12703,bdc1e017f4c4a5b3d24676d081ed026a8beeba7ddda5d06d9d06fa449b070c26,bracol-71,teste,0,
bracol,72,data/raw/bracol/bracol_completo/coffee-datasets/leaf/images/72.jpg,1,bicho_mineiro,1,1,0,0,0,2,2048,1024,cec37bfafabeee7dbb9680897b9e454f31be3cccf2c7398b3e7e02fc87752ecf,f50ccf39c0e578871f0327ec6438c619d2c419fb9b4f70a1ec3063dc22f79e0b,ffcc871ce40cff10d6ec003b82c116709fda3bf19a4b3a40dc0df04b9a2d176f,bracol-72,val,0,
bracol,73,data/raw/bracol/bracol_completo/coffee-datasets/leaf/images/73.jpg,1,bicho_mineiro,1,1,0,0,0,3,2048,1024,7c4ba0a5a726a13ad4012cb641a1dea66018ba4870cecb544d43a7499b6fac15,f043c9a687b12c584e1c60ed616a93d333b5de1e7a4ecdf0876d70877a13325a,fef0d8b2f038a91392bb94aad7d17cf18a0380938b5b3f53c96bd043c929a26b,bracol-73,teste,0,
bracol,74,data/raw/bracol/bracol_completo/coffee-datasets/leaf/images/74.jpg,1,bicho_mineiro,1,1,0,0,0,3,2048,1024,33982b52ca1913866124ed3e893cb7ca7cbfe48f5007267ff437e3a0ad5b660d,f506c216c2fc0fe14f61b41d34bfc3d0f158cd2fcbad3c148c5b71c966c58325,bfc7f786b00242f7d2bf6b5293502f2a9b2c3c259f762c06d9136cb6c0e08c96,bracol-74,treino,0,
bracol,75,data/raw/bracol/bracol_completo/coffee-datasets/leaf/images/75.jpg,1,bicho_mineiro,1,1,0,0,0,1,2048,1024,bac931c157bbb8f3476c91f4550ae6edb9b61e0efcb7ead8277d15f3b2edd220,f0546b3c87a885ca1e179e9760f9685aee4225e025a8b70f7287da78937a1de3,fa05c32de14e9b4483ec952ad381daad92171854975efbfada0a1870935c69fa,bracol-75,treino,0,
bracol,76,data/raw/bracol/bracol_completo/coffee-datasets/leaf/images/76.jpg,1,bicho_mineiro,1,1,0,0,0,1,2048,1024,f235d591fc1e192ca0508cfd7ed0ea91e9ecfea85034936e3c1122b88531f8ba,e04dc3a585ea1e179eb370f8685723c725ead60c741d88709edcd963d84a21fb,fbc5e1b4f0442bf491ef6502d7c57d0f820602bed3d6779cc10692108baeb3da,bracol-76,treino,0,
bracol,77,data/raw/bracol/bracol_completo/coffee-datasets/leaf/images/77.jpg,1,bicho_mineiro,1,1,0,0,0,1,2048,1024,77c2291f8f5b6b45e909b74ccb222cd498cd642e018ee739c42b054b7e6e7eda,e94dc8e695b83f189ab3613f694287c065ad9c4f9254987a935b6183793d26ce,ea45c860e5430c7780efdd6396f5ce059604c5f79e5ee2f49a0cd258975cb618,bracol-77,treino,0,
bracol,78,data/raw/bracol/bracol_completo/coffee-datasets/leaf/images/78.jpg,1,bicho_mineiro,1,1,0,0,0,1,2048,1024,70ef8c528e854301bcba48f73e713f8322a6cb9ed4bfebf4218087cca77d6b24,f511cbc6c0bdbc09cfc232b07c2fe14a32f497a59301cc1ecd3f28f86ca277a1,fe11d2e7f059e94382fd95ab97c0fe95cb091298cb3d7c7ccf144810c91a2e38,bracol-78,teste,0,
bracol,79,data/raw/bracol/bracol_completo/coffee-datasets/leaf/images/79.jpg,1,bicho_mineiro,1,1,0,0,0,2,2048,1024,90cd34bb41ee0e7b91bdc971beb67c8b312460461784505cbc307f00c3865226,f14dcf8ec39460f14c1b374730ecd91e93c6ccd14e39347fecb133c413c6c918,feb81be2b055f88791e8915f818591e8cbaedae9cb2c18d549051a444f2f6f4b,bracol-79,treino,0,
bracol,80,data/raw/bracol/bracol_completo/coffee-datasets/leaf/images/80.jpg,1,bicho_mineiro,1,1,0,0,0,1,2048,1024,547f2806f071a06faa39209421e91950e154653e49338c9ef379165085ebbb9f,b405308ec27e9b49cfa0cdb43c97cc9a1c7f66dd4c70326972fd393633623093,bff4e100b40870af9215217fdb6ab3e8c94513e8c92553e5cda03b45dc9729ee,bracol-80,treino,0,
bracol,81,data/raw/bracol/bracol_completo/coffee-datasets/leaf/images/81.jpg,1,bicho_mineiro,1,1,0,0,0,1,2048,1024,65b52dfc7b6bc2281fa47a1a2270fea46b80b482ad93e37d07161f6b803b0c4b,d094cf23cb4b3c5c6cb4e3c132c38e3ecb2d78f18c96678f70c9933833078cf1,bfe5ea0cf120014cd2af37e893d0ee0593c3d696d302c6da9b0fa2dacb0f5558,bracol-81,teste,0,
bracol,82,data/raw/bracol/bracol_completo/coffee-datasets/leaf/images/82.jpg,1,bicho_mineiro,1,1,0,0,0,2,2048,1024,2749b0692ba7529583869af34e4aa1bd2ef08e40fd432588badc2c0f30183fff,d1199d99c3d2c3e46c2e8e2630f470f9931393c1cd3dce3e26d68ce0734b70c7,bb908532b11ad33093bf8999dbc14d488b0f6c09df0fa4bdc82c74d46ffc24da,bracol-82,treino,0,
bracol,83,data/raw/bracol/bracol_completo/coffee-datasets/leaf/images/83.jpg,1,bicho_mineiro,1,1,0,0,0,1,2048,1024,756eff0b8ff5de4d576d11b44f3b76b386fc47d5c1261d30db54834ae1fc7ace,d5019accc3d665232d2b369030f4d86fcb834da48c3f761b72c03b7d278ed987,fd519e8ff009f841d6b941fb8a57a9e1dd7ac5a5c8b1a8849803c5920bf34bb2,bracol-83,teste,0,
bracol,84,data/raw/bracol/bracol_completo/coffee-datasets/leaf/images/84.jpg,1,bicho_mineiro,1,1,1,0,0,1,2048,1024,1fdb4abb4185511dc70d822c26e70bbbd2c4cacb265fb32acf988a827bcf6c59,f458c0f393853b0c4c1ee47c34e11b83f30f897e8f38c4b5ccf3265a32c5732d,ff45fd18b00b10bfd2fdfbd082c0d14bcb6282a55d04d1d78927eb929136cd92,bracol-84,treino,0,
bracol,85,data/raw/bracol/bracol_completo/coffee-datasets/leaf/images/85.jpg,1,bicho_mineiro,1,1,0,0,0,1,2048,1024,1cea2092b871d54b9e105d8e472ffb52deeadc3d006353ee67a1372711aeabc1,f430cccec2d7b1700f0d7bbb30bc8c0683634bf2cd273d8da4dc33763a41cf21,bd360dc7f037bc0e82f200f6cb635fe8cd63a0418e24fa65ccb7d360c552b370,bracol-85,treino,0,
bracol,86,data/raw/bracol/bracol_completo/coffee-datasets/leaf/images/86.jpg,1,bicho_mineiro,1,1,0,0,0,1,2048,1024,22c0fd3c2bcc93c44541225e1cf4ec825dba560c42d2b1e903d4c10b009dc5c1,f51ccb1fc2d530600f4326de703ddb0ed3d0d8f18e4f2c41ec34738e3793894e,b91c0b07e10cf9329784d1bd93ce13b19ac4f893db4b54db9c490bd99879661b,bracol-86,treino,0,
bracol,87,data/raw/bracol/bracol_completo/coffee-datasets/leaf/images/87.jpg,1,bicho_mineiro,1,1,0,0,0,1,2048,1024,b8dd8042c591b533a9b0956d3c27891cfef04cb526236601ea0143f047159332,d111c793c3c53c4e6c4ee1b527b1cf13d87f2c6c07c07296ce1f935b5ce0d805,fd15e112f13a07b6d3b1ff0282954c1fdf7a1e3a8a115c7c9969b630cb2946c1,bracol-87,treino,0,
bracol,88,data/raw/bracol/bracol_completo/coffee-datasets/leaf/images/88.jpg,1,bicho_mineiro,1,1,0,0,0,3,2048,1024,9ba9c66aaa0ed084429bc22d4697640aff3825fa6706584474b314c5bb4ecfa3,f431ce49d3db30960d0d33d364f0c63793cb1cc8193c79edc53133032ecb075f,ee544ebce56eed52c7e5a5ab958315819c87f085d83cb89c8d3c13dc8d349093,bracol-88,treino,0,
bracol,89,data/raw/bracol/bracol_completo/coffee-datasets/leaf/images/89.jpg,1,bicho_mineiro,1,1,0,0,0,1,2048,1024,0d98ccaad1280d90d5bcc76125b533d9f9d95670911a0d8e3abcf53d17d6e179,e472c07997973f8e584c62f22581ce13c6d2198cd92b39ce9c34e6f3469ac67a,ec33fc1f853207fad6931481db5f48d09b4fb84b19ee5d399801993d84b18f38,bracol-89,treino,0,
bracol,90,data/raw/bracol/bracol_completo/coffee-datasets/leaf/images/90.jpg,1,ferrugem,2,0,1,0,1,4,2048,1024,545496dbb79152d7c5f742b5cff67d1f977bc4a76f6381faf8d264d5ce9dd31e,f513c3e7c2e5d8584f4c849c342f7b8792f0826fcf097c188cbc819e70d2fbc4,ff24a1c3b077d2c382fe8247dad03c728b52142b9f2a1ef5952d6832cba44b76,bracol-90,treino,0,
bracol,91,data/raw/bracol/bracol_completo/coffee-datasets/leaf/images/91.jpg,1,ferrugem,2,0,1,0,0,2,2048,1024,2df7565ab57e901c6eb8f248b5615758dc6041e205229fcfe00e5dd305ae7561,f541c4e3c2b4da0d0bc2cbb63d0d3c8732f476fbd342a300cd2ddb3e3cd28cd0,b911e5e6e43b968386fc4e53d2c0ce0ac34b7d19cf698e2dc70d7415cf2d8238,bracol-91,treino,0,
bracol,92,data/raw/bracol/bracol_completo/coffee-datasets/leaf/images/92.jpg,1,ferrugem,2,0,1,0,0,1,2048,1024,d95c95b2c536fd005be379500900d31fb1bf18102482c20dfdd8727860a8fc7f,fd50c91ed03bd4a1cbd58adecd0037292c3f696534f065a232c1c4d3734fb2d9,bf5fcb42f40275a9d0abcc95d3dd94dac3e092d9c9e0124889a5d949d987896d,bracol-92,treino,0,
bracol,93,data/raw/bracol/bracol_completo/coffee-datasets/leaf/images/93.jpg,1,ferrugem,2,0,1,0,0,1,2048,1024,1702263700068e16a6f50630225d449dcf3971e91e79fbdbc2aa9b14c4d7d41f,f502c343c2f51f0c8b4a3cbeed2d73e034b6670f725ac63c03e9897079859cb6,fd54c370f42ae72b92fd8485c3c0fe96c70b885a8b0dff78d70c80018b3c76f1,bracol-93,val,0,
bracol,94,data/raw/bracol/bracol_completo/coffee-datasets/leaf/images/94.jpg,1,ferrugem,2,1,1,0,0,3,2048,1024,dce2a0ca114c261330d1f2c57817918a281425551b53a12eb62a87d4309ebb66,f550c18bd2bf1e3c0b43f0433d2c0ff462b46e048f4b90fed82c3bc13d958b37,e8f8c1a0e55d0f5f87ab6f0886a5c41fd6543cbc8a521cd09e5b3c93186b70db,bracol-94,treino,0,
bracol,95,data/raw/bracol/bracol_completo/coffee-datasets/leaf/images/95.jpg,1,ferrugem,2,0,1,0,0,1,2048,1024,7a3866d590c46bf72c1cc258853fd6a5a92e390120e50dee0464c15c00f03f93,f543c7e6c6ac3c0e9b927019692b67e404a49e171cd29979b3c97990678f4cb6,ff51ca76e40a6d48c6e48d259f901c35920b9e769f3d90f29128b2e299bd72c3,bracol-95,treino,0,
bracol,96,data/raw/bracol/bracol_completo/coffee-datasets/leaf/images/96.jpg,1,ferrugem,2,0,1,0,0,3,2048,1024,962848fffe5a29f514443aca11ee82de7baa6b4cb4dc294780884d950938933e,e054cb4e972b35b89a3df2c321d66f1e625bcc302749c8c7d0b4158f9b32f21d,f414ca77e15f2d02c349dc2f8d20087ddeb514e18d1ffac58c9c01cfdf9c7184,bracol-96,treino,0,
bracol,97,data/raw/bracol/bracol_completo/coffee-datasets/leaf/images/97.jpg,1,ferrugem,2,0,1,0,0,1,2048,1024,c2ad87d0694cc74c49207dd0f086e54fb5c9749e648c070545d259949a82af47,f41196b8c1ebda548fc569eb7c0eb48530f8269e6382db1aa73f897dd630d840,ffb4951ee11696b483fa4256c780db508f03094b963f5f6fde3539259a301869,bracol-97,treino,0,
bracol,98,data/raw/bracol/bracol_completo/coffee-datasets/leaf/images/98.jpg,1,ferrugem,2,0,1,0,0,2,2048,1024,576474716fc22c3ee94f5d629fdf423a2c0dd9268e8ee2730cdf6d426cb563e3,f404cc4ec3d2d2b01d3d3b0d3ce24c7e62ceccf3933197899d33332e686d6872,eec85ea8e44cec55c795f87f9257acb7825b81f18a79a1928c78a192ae30a738,bracol-98,val,0,
bracol,99,data/raw/bracol/bracol_completo/coffee-datasets/leaf/images/99.jpg,1,ferrugem,2,0,1,0,0,2,2048,1024,408c8162fb552bc30622f762f0dd810e82498ac38f3a72fe6c28c75581a4d202,f046ccf383e11bc91e19632c60ea96f28787cc7bda1e49c91d7974966097167a,fec26c33e0653c7197bcc4fa9684e7e1921384c5c3f0dee7ca538240cf13d24e,bracol-99,treino,0,
bracol,100,data/raw/bracol/bracol_completo/coffee-datasets/leaf/images/100.jpg,1,ferrugem,2,1,1,0,0,4,2048,1024,8d99e871765319d57faab7c566d156089cbe6bc52ae8cc1715400c4a5bb2178d,d505e09ec2fe1ff14d01cc2f34bc60f4734237cbcd8f9b0501f8cdb41e2580df,af54e10ca57e63ec96a58d05de1520baca7834f1986a3ed3c8257afac926e349,bracol-100,treino,0,
bracol,101,data/raw/bracol/bracol_completo/coffee-datasets/leaf/images/101.jpg,1,ferrugem,2,0,1,0,0,1,2048,1024,498172fc0ce5e165142b0d6550559037c55905858519a0cb846dba4071eb0328,f017969fc2f8cb780f0b85a770b69ade27c23168d20d6187897ac69adca39c59,fb00b546e01fd2ae83f41a55d740eb6ac20f49659fbde967941401239ebc7927,bracol-101,teste,0,
bracol,102,data/raw/bracol/bracol_completo/coffee-datasets/leaf/images/102.jpg,1,ferrugem,2,0,1,0,0,1,2048,1024,f9b09a676323b9c31f34e2077efb5fbb9145fdc209bbef42a77dfcbf98a49005,d414c679cbca39a63d3dcbce62d2a6318f0f5858d87433873583ca72627d2e29,fd41c738e46aaf1882f55f29dec222958a0ff4dadd6e10d198613ed9d9631053,bracol-102,val,0,
bracol,103,data/raw/bracol/bracol_completo/coffee-datasets/leaf/images/103.jpg,1,ferrugem,2,0,1,0,0,1,2048,1024,a6a95ea6c9a43320d4940a3bcce40223476045332ba86b2d512b0c8a7b5886ec,f4159327c1f0687c0f8d65c93076921f73f25970e58da603cedc467eb962ad24,ff0097e3f010ba03c1aa487fc90de9f88ded608854d1e7d8bedbc7ca52604da5,bracol-103,treino,0,
bracol,104,data/raw/bracol/bracol_completo/coffee-datasets/leaf/images/104.jpg,1,ferrugem,2,0,1,0,0,1,2048,1024,dc68361bca2e292f5dd9d4b1605e7c45fef2479989186456899ad5a26502d914,f50dc2f0c2f61f01c943303f65a1c3d2ce0f9b2918fcc9b631c3469f330fbe58,bfd4e010e40e47fbc6ad8f8896d50417874abcbeda4b10d0c86bbbeb9cc34943,bracol-104,treino,0,
bracol,105,data/raw/bracol/bracol_completo/coffee-datasets/leaf/images/105.jpg,1,ferrugem,2,0,1,0,0,2,2048,1024,61d49d8e70f24d8abd0a0ef51b6b39f0b9a766f242ba25c717b46d718337e602,95c48a66da5a65996db5969e32ced966992d649365b33348324ccd27c3253e72,aaa09672a455167395fa4a03dea1277782d5c262db52f57bc21a81b9cb2e6d95,bracol-105,treino,0,
bracol,106,data/raw/bracol/bracol_completo/coffee-datasets/leaf/images/106.jpg,1,ferrugem,2,0,1,0,0,2,2048,1024,3cbbb913f6372f33b1bc530f38691018b1bd1a96e00a9ae0cb61a6ec3ffef09d,b4119e81c3ec697e4f4236e4343f9b1b32d0c9adcb0bacd28cb436db7c12732c,bf109fb1b00fb91392f410ffdb5279f0cb6d80fa892d71e1ddb4c1d588962182,bracol-106,val,0,
bracol,107,data/raw/bracol/bracol_completo/coffee-datasets/leaf/images/107.jpg,1,ferrugem,2,0,1,0,0,1,2048,1024,7acd47fffea39b30b2b153af01948a8219feaa88d34dac712577a1bc4120a972,b505cd69c2d296968f2d334b7c1fc1a423f1e617730f8e589b7e9861986131a7,aaaa5a68e1558a7582ab2d4287d5ad2b8e01bc2d9e7ea4e49c689de29ce9b4a7,bracol-107,val,0,
bracol,108,data/raw/bracol/bracol_completo/coffee-datasets/leaf/images/108.jpg,1,ferrugem,2,0,1,0,0,1,2048,1024,78c2bb14ff5050bbfd6f571508c2602ebd9adb44e198f74687620beb9f7a077d,f050d169c5a91f869ac7685e796a05f925b19e05c69c997bde5859a0196f2697,ea18f85be159176b87b9fe81968180179697f1fa925ea7a09a5a1715984ba696,bracol-108,treino,0,
bracol,109,data/raw/bracol/bracol_completo/coffee-datasets/leaf/images/109.jpg,1,ferrugem,2,0,1,0,0,1,2048,1024,ce736ba62398979d99153184bf7c50053316c782a97dc3d36701d715c741796e,b41d9336c2d0c8f94d4b2cc934bcda0c43d8a1f2cf2f7a134cb62659b8dbcacc,be11974ce438d26cc7b16964de037d620d5f28a7fdab743608b3a2b29cd8d710,bracol-109,treino,0,
bracol,110,data/raw/bracol/bracol_completo/coffee-datasets/leaf/images/110.jpg,1,ferrugem,2,0,1,0,0,2,2048,1024,39c2a89845520b0b202ccebf49836bdebc7cdd610c9231eece097561f6bbb987,94179d07c3e8e0fe6d870f8332d8b03ed365c9e1cf962687cc59732e31641db0,bec11eefa41ffc06d6a8d07e92d500f4835adb70db58dbe08b6881a3852dc587,bracol-110,teste,0,
bracol,111,data/raw/bracol/bracol_completo/coffee-datasets/leaf/images/111.jpg,1,ferrugem,2,0,1,0,0,1,2048,1024,737884da4f5e96daa266a97dd97fa68d5a496aae4de9519eae37d5fd48885dbd,b548e94cd0b506bccbdbda433d01493b30b7edb473ca348ec786b34c9c0ed325,bbd0c018e558017bd0ab9f89d295050993df9e9f9348f49c9b6b90d89b4cb8fa,bracol-111,treino,0,
bracol,112,data/raw/bracol/bracol_completo/coffee-datasets/leaf/images/112.jpg,1,ferrugem,2,0,1,0,0,2,2048,1024,408033d42dc5e70e60b00b06412ce271b350a05e98cc1253304c6b57bb23d67c,b5189ed9c2b5e12dcb4a47f42c27b60b34d21a7c334989f0f324dd818fb2865f,bd151eb1b42af812d2bd502fc348a9f1cb6fd5f0912588808b3455d3ddb2e3cb,bracol-112,val,0,
bracol,113,data/raw/bracol/bracol_completo/coffee-datasets/leaf/images/113.jpg,1,ferrugem,2,0,1,0,0,1,2048,1024,061a59617728488d5cbf271dd2c20393d8c1a7a3ead2e6141623652771241132,b41582c6c3d26d3f4d2f34f034f4d34b33438d2cc93d6cd20cb0334b70df733c,bf51b447b40bdee4d2fd20c683d0f5cac74a20e18b0d77fccf2d2a83892c5507,bracol-113,treino,0,
bracol,114,data/raw/bracol/bracol_completo/coffee-datasets/leaf/images/114.jpg,1,ferrugem,2,0,1,0,0,1,2048,1024,c8d2efe682777db042fd9b775364bfcb9c7739e413819283cc67e77212b650de,f055c1cd87e99e8f5a15f0726962478365afec1c869414f8d86abac309e5d32e,fcc0e046a44f05eed2e9efc082d5160edf420e0fcb4afe5ecb291248cf7d1e68,bracol-114,teste,0,
bracol,115,data/raw/bracol/bracol_completo/coffee-datasets/leaf/images/115.jpg,1,ferrugem,2,0,1,0,0,1,2048,1024,19c5356f60239cd67c0b8f0923ed09b6db51a2cff1fa0a6cec20f8d105906e10,d009c3d2c3f63d2d2d1bf0f830ddcf43836e6cbccd9233c030cd632f3360cdb2,bf91e1a6b41b00fb82fdff40c374900bcb447f6dc32f9005c7253fbec7344214,bracol-115,treino,0,
bracol,116,data/raw/bracol/bracol_completo/coffee-datasets/leaf/images/116.jpg,1,ferrugem,2,0,1,0,0,1,2048,1024,2088f07d112fbeb52d47915e0c08db59019b145897b588164ae45b322c789074,b505cb42c2d23c3d4d2d70da34b6934333c2cd3ccd2d4cf06bd230cb973f732c,aac1c3e9a556bc5195aa156b9285bfa9970754159e1eeabcd25e44509a58aeba,bracol-116,teste,0,
bracol,117,data/raw/bracol/bracol_completo/coffee-datasets/leaf/images/117.jpg,1,ferrugem,2,0,1,0,1,4,2048,1024,8b60bb7a37d8bbd46111aae13f2dc85bafa5954fa39f1415fda110a763cb26af,f441c0e3c3f61f080f0bb03f74b4c3c0924b6e0fcb2c9cf84d9579c336dac70f,beb5e070f41341fb96ab6fd4c683a600d2d76c1aca56d6998b5a3e19cf4a0a19,bracol-117,treino,0,
bracol,118,data/raw/bracol/bracol_completo/coffee-datasets/leaf/images/118.jpg,1,ferrugem,2,0,1,0,0,1,2048,1024,79082f2b013ceed6471c715eed2ac9a32eb760771749f168a6a309cc0b2a2c89,90518923cb27349c3c9ad36033e1cd97cd1e32f834e91b2733a7ccdacf1c2e65,aa0cb4f8b45e10ed96e8fa44d285094ec34eefaccb4c4124cf2cefbc5d2d9586,bracol-118,treino,0,
bracol,119,data/raw/bracol/bracol_completo/coffee-datasets/leaf/images/119.jpg,1,ferrugem,2,0,1,0,0,2,2048,1024,38cb44c6ed5d252084f04c8dfaef0bc89709b787b0f3fc67743305fe27ed3d8a,94418976c13e649b0fc1336c360de9b631f68ed9cd81e664c64f33337c3c3999,abd49d7bb408782092aca077d2d471f89b5a83e1db4a67a18b6dc707916d8a9e,bracol-119,treino,0,
bracol,120,data/raw/bracol/bracol_completo/coffee-datasets/leaf/images/120.jpg,1,ferrugem,2,0,1,0,0,1,2048,1024,949985e7b196ac024787395d0c72740adbaaed9560bfc4f8b3fcd901cedfd762,b414861bcb4b387c2c3c33c772d2cf3d9b0dccf0c8f432cf24c3732c72799d30,bad5e125f54ad72292ad2015d3c4f7be8a0e1214df4ebaf8cb2c50588b2cbae9,bracol-120,treino,0,
bracol,121,data/raw/bracol/bracol_completo/coffee-datasets/leaf/images/121.jpg,1,ferrugem,2,0,1,0,1,1,2048,1024,e91169384de134ca98ebad4cd4ecf5786d1fe12a8f96daed117d7938c50acb9d,90149a4bcbc36cb42c1e324b31e0c93c8787ccdbdb6c32647db2330fcecbccbc,bfdc976eb4005e24d2fd684ec968902fc9b574fdcd9ae8d8cdb049418b9009e9,bracol-121,treino,0,
bracol,122,data/raw/bracol/bracol_completo/coffee-datasets/leaf/images/122.jpg,1,ferrugem,2,0,1,0,0,3,2048,1024,32c7c36f150767d610253b2bcf905b52d022da2a92f28e45f7b191d2a1c30a88,d100c9309e1f36cf39614c72679695ad9e6949d2c9e5262d379ed25262699dad,fb40dbc6e157a85787aad56ad69193a1861e8295de5a7656860a822ace7b9e19,bracol-122,treino,0,
bracol,123,data/raw/bracol/bracol_completo/coffee-datasets/leaf/images/123.jpg,1,ferrugem,2,0,1,0,0,2,2048,1024,46cdb36da1364564a8468f6e5e82c610f8dc53cc0910c5e095de573c49f9e426,f159902cc6a44bd69f42652b78bd34b427c293c8f60fd90eccf0cd36989b3cb1,faa33c1de157f00a87eac2ec9691e7c490da425fc382d3689bcfc36b90c84b4b,bracol-123,treino,0,
bracol,124,data/raw/bracol/bracol_completo/coffee-datasets/leaf/images/124.jpg,1,ferrugem,2,0,1,0,0,4,2048,1024,4867f9ed8d70c159c78279eeb81d88404db3e8904f0523d8ebd3e1f54c7a598a,d161cf069e1e38f9696163873696cc309b439ccbc9bc63c94cd2b737906d991c,fff6e80cb012a5ffd3e007a0812dbe9490b5564edef612648cf21e760c13b276,bracol-124,treino,0,
bracol,125,data/raw/bracol/bracol_completo/coffee-datasets/leaf/images/125.jpg,1,ferrugem,2,0,1,0,0,1,2048,1024,2c0e3b171950d82aa81f97b9c84fa5ec24ff617c245288dd47b46798ece7df1f,f5099b86c2f04d2a8f4f24b57c3f72d232d08b6df30bccb48f3c8cdacc2076c1,fd519de4f02af83492f4887e9bc0f9e0c30b88018b4dddf6cf2c90868f1cd59e,bracol-125,treino,0,
bracol,126,data/raw/bracol/bracol_completo/coffee-datasets/leaf/images/126.jpg,1,ferrugem,2,0,1,0,0,4,2048,1024,81893297c593372c92ff5e14dd4b8641e278fa9c9db80c010efb2acd1a65b9a3,d41c313cc1bbcfc91b43cc6f646e3af1a6d2604e7b0bc78de12c9a1b86943978,ff8fb109e10d13bec1fa7ac08191eb4e9fbb814e9a21ddec1a140c68197e6ca9,bracol-126,treino,0,
bracol,127,data/raw/bracol/bracol_completo/coffee-datasets/leaf/images/127.jpg,1,ferrugem,2,0,1,0,0,2,2048,1024,2d5617fa6eb6f65e26944798715927ff8846d98a0994bbc107ae9fc393ee634d,d503b231c2f4cbe60f4acc8d743c12de33c27121db0723b6cc38de1b2cd98d7d,f857b473f06b92ed83c4fb43870a487fcf250c388e367d308e360839dc3269b9,bracol-127,teste,0,
bracol,128,data/raw/bracol/bracol_completo/coffee-datasets/leaf/images/128.jpg,1,ferrugem,2,0,1,0,0,1,2048,1024,7e2f7139e31ef15282d187561686000c78eaac1945f973bda69e8ca2cc4c029b,f401c1e4c3f43f074f00707e34b7c3e032d2ce07db2dcc782db630d1729b33eb,ffd76a40f401a52ed01f36b5d1ff76dad1f0324183d2ba69c3c0d26ac1c11365,bracol-128,treino,0,
bracol,129,data/raw/bracol/bracol_completo/coffee-datasets/leaf/images/129.jpg,1,ferrugem,2,0,1,0,0,4,2048,1024,002a38587bdd578c49a79fb481213b921e1bf6f0a1d1817ac691c6f16ebae36f,f50e973cc2f168430f4325eb343fd216e3c48b688b4b6ca5dc3126da27de1369,ff0d971de11ed628c7e8027d8290f140de50e3eb9c7701a59c783d35dd313c98,bracol-129,teste,0,
bracol,130,data/raw/bracol/bracol_completo/coffee-datasets/leaf/images/130.jpg,1,ferrugem,2,0,1,0,0,2,2048,1024,4367339ec2aa14089c8c37ebeecf2bd43d67b6baa85f520d8c8deacfcfc7c940,f4159f60c3f26dbf0d0736d2307acb2dc3c08db4e61f72431a7033ecc9b2ca1c,ff151ed8f418fc00d2f9d07f8259e9e8d75adde08b2c81a48310c586cb39cf96,bracol-130,teste,0,
bracol,131,data/raw/bracol/bracol_completo/coffee-datasets/leaf/images/131.jpg,1,ferrugem,2,0,1,0,0,2,2048,1024,9d2f5a00ef1aefc21a246e8030130a07cda8ffaa0cc1e95bee558325855fb4fd,94159acec3ca6db92c39369370d6d96c8f0e0d86cc39665b25c31365731ed996,b94594ccf1eada8482cd89cedf0fd9e88a1c490ddc3abfbe9cb24496881b29d2,bracol-131,treino,0,
bracol,132,data/raw/bracol/bracol_completo/coffee-datasets/leaf/images/132.jpg,1,ferrugem,2,0,1,0,0,3,2048,1024,8f74b53d97b5e19633419d6c037815c1e005696ed66de7338a24a06e5e69446d,f443c3d8c3f43f31cf5878566c2d31ea32d2d385f209cf3e4968ec9825e504cd,fc01c299f066a75383f697abd702d6148a0dda5ccb3d8a588b34d878df364d61,bracol-132,treino,0,
bracol,133,data/raw/bracol/bracol_completo/coffee-datasets/leaf/images/133.jpg,1,ferrugem,2,0,1,0,0,2,2048,1024,a7a8d3027fafd6440523597458275fcd35a67b205821a43e0b81ae2d0c20346c,d40930c3c2d3c73c3d0e9da674b430f7c3c3c7499d0f8d2760f038f43f4327cb,fd5db0f1e40b12f1c2b13fd287d3410bce43eb3f9c0945348e3f0fb0dc1c85b0,bracol-133,treino,0,
bracol,134,data/raw/bracol/bracol_completo/coffee-datasets/leaf/images/134.jpg,1,ferrugem,2,0,1,0,0,1,2048,1024,1c896815d128c10a23338e186a8f870ef8c47fe665be59685940be68d895b3cd,b500c2dfd0958f41cbda6cb74d0130da34b773eb7ae88305a069cb37deb88c9a,bfd50ea3f400bf4092bd042bc3d4daf583c2a0d0d34bd55bdb4faea1822d4f19,bracol-134,val,0,
bracol,135,data/raw/bracol/bracol_completo/coffee-datasets/leaf/images/135.jpg,1,ferrugem,2,0,1,0,0,3,2048,1024,6cbaab60ef2897cbe8e2e7ac56697dc27ccbf422a5c420a48d95752d2e10782c,f504c8c9d25a2768cf69f6263c9601bb70daff8033e90a1fd306cce88d36caf1,ab54d93ee52a09b2c6ad6d9986d40484d61afdb69e5bc486de79aec2886155c3,bracol-135,val,0,
bracol,136,data/raw/bracol/bracol_completo/coffee-datasets/leaf/images/136.jpg,1,ferrugem,2,0,1,0,0,1,2048,1024,b43dd47b7eda59970a3a3808a590e488d43dc88649cd41e5a3ce2f9a3084e144,fd556051c42e87f88af3de067f40885f382f7de875f461a583c0669e474b065a,ffdde001e50080fbd4ae67f0c2958e00c6d67f0b825a9e0d8efa3c1fd6581c3d,bracol-136,treino,0,
bracol,137,data/raw/bracol/bracol_completo/coffee-datasets/leaf/images/137.jpg,1,bicho_mineiro,1,1,0,0,0,1,2048,1024,34d59a6eee406b120e2edc01cb4a2372e00e04d52439553e6bea9f272de558f3,f50cc678c2f51f834f42307e25adc7807693cc039b7a9879d98433cee59e63a1,ff87e219e5030579c7fa3d2882a1bc31df7f1491cb881edb9085f05382deb0c9,bracol-137,treino,0,
bracol,138,data/raw/bracol/bracol_completo/coffee-datasets/leaf/images/138.jpg,1,ferrugem,2,0,1,0,0,3,2048,1024,a965233cb1679b81785cb254a526e672fb1dfe3ec4d622ab67983da0be8b373f,f44696b3c2e44b330f0b25ac30be92de23c11b6ad30fc9378e7e4c9b9cc1b658,fe443536f046f220c2fc63779340fb628a2d41039a65bfb7cf7615168822fe1e,bracol-138,val,0,
bracol,139,data/raw/bracol/bracol_completo/coffee-datasets/leaf/images/139.jpg,1,ferrugem,2,0,1,0,0,4,2048,1024,28bcfa28747faa266e1b0f50ce2d2c61a9070b9f7ea3a958e40f7a83f2da284a,f451c3a7c29c1f404f42706d3c3603f472d6df03234b8d7cce2578e08dd6a3cf,fc30e167e51e03edc6badf808695201fc75a7c7c8a1a2268cf791e51c228baeb,bracol-139,val,0,
bracol,140,data/raw/bracol/bracol_completo/coffee-datasets/leaf/images/140.jpg,1,ferrugem,2,0,1,0,0,2,2048,1024,230ac5576bdeca2fc27280c84579da4382c8e35e5c92d55c7811710ff55631fb,d4149b4bc3c26dad0c3f369230f0db6dc7078db4cc3c64db38e1334d3187d936,bff7977bf402fa00d2b7401a82d0d97bd36ae9b18b2181b0d907e1b18ba6e193,bracol-140,teste,0,
bracol,141,data/raw/bracol/bracol_completo/coffee-datasets/leaf/images/141.jpg,1,ferrugem,2,1,1,0,0,3,2048,1024,60dc65231738248e688fde68f67920324c2ca879a7f29de0b3f74d91fd1a9064,d0d0c30ccb0f2cf33c3493c933c3cf2ccf2c34f2ccf0334f33cfc534933c4cc3,bd4490e1f02142f7d2ffef4af3d0402d9361ff179b25400adb27af768b265482,bracol-141,treino,0,
bracol,142,data/raw/bracol/bracol_completo/coffee-datasets/leaf/images/142.jpg,1,ferrugem,2,1,1,0,0,1,2048,1024,b32d95d885f727d83a5589efd2f5e341a2193f9a1bd23d17db22a249727d4660,f409c591c3d21a5e4d0bb1e434bc43d233c3ee19cb3f92f0ccb079a636ca278f,beb3e916b44045ba90be6fb4d3f0a512cb509c1f8b4b4e1bcf290a5b8f21f14a,bracol-142,treino,0,
bracol,143,data/raw/bracol/bracol_completo/coffee-datasets/leaf/images/143.jpg,1,ferrugem,2,0,1,0,0,3,2048,1024,68101a388b5b3fd7c72b5a38a659ec10ff7acdf587b6f29a463641cf7dee417a,f44ec4ccc7e11e931b1bf17325e44b85629624dc8b49d0e19c353b2378d2dbb6,fec0e84be46f0deed6a02e8592ddfc17835a2efe9e0804589e1d24e8c256b6c3,bracol-143,treino,0,
bracol,144,data/raw/bracol/bracol_completo/coffee-datasets/leaf/images/144.jpg,1,ferrugem,2,0,1,0,0,1,2048,1024,55c707bb7dd4065e2cc783f905afe26deef6729ebc8709956b2c04fb56bc344e,f5099acec2f049698f4b64313c2d329232f4db09e70b89b4c63f7cc23c7026ff,fa113d8de57ab01c87a9f0f8d695f3c09216c707db5a8f0b9302c5099b0f4f3c,bracol-144,treino,0,
bracol,145,data/raw/bracol/bracol_completo/coffee-datasets/leaf/images/145.jpg,1,ferrugem,2,0,1,0,0,1,2048,1024,67aafff0be9c9042714de99ce73e1a31a24d34b3129d86f3a36ee8bdc99e0355,f50dcfccd2f53c31cb4232762d2de3c364d48f8d3a48cc3c132dccf0633666c2,fdc1c9c4f0a9ad88d2f484ad9bd27ed48f079c5a9d0f3ac9cb3f9249c5343041,bracol-145,val,0,
bracol,146,data/raw/bracol/bracol_completo/coffee-datasets/leaf/images/146.jpg,1,ferrugem,2,0,1,0,0,2,2048,1024,e647a3466b7d66a9d2ecefa57618c8639d65e9ab9511677f579a491ef008e052,f01496cbc3e068fd8d0f278332f0337a394feca5659a9cc30f6996ae6734b01a,fd179ffbd036d807c940e8f5ccaf64d7ccfe80cb84e8414c88f4896ed0e0cb50,bracol-146,treino,0,
bracol,147,data/raw/bracol/bracol_completo/coffee-datasets/leaf/images/147.jpg,1,ferrugem,2,0,1,0,0,1,2048,1024,a86150459079a2d8c9c87a326fe7259451bba7bbcbe128634522f9cf34b30d2f,f0569486c7a54b781e11a53960f8969487c7c84adc3f2f392df0f69663879bc2,ff55b4e1f02314a782fffa57d7e0084293034f6a9e2748019e266de79e36e920,bracol-147,treino,0,
bracol,148,data/raw/bracol/bracol_completo/coffee-datasets/leaf/images/148.jpg,1,ferrugem,2,0,1,0,0,1,2048,1024,d3ee0cbda24fc7c579b719bc6a6fea56c1b9fec0fd6975bcda04d102bd102aa3,f501cc71c2f56f4e4f06349c343c13f1b2f0cd0b9b0b4cbccd3c34c224fc336f,bd550f78b01a7c0992fbbcbf9bd014f493429ad0cb2f5053cb25da7bc9341161,bracol-148,treino,0,
bracol,149,data/raw/bracol/bracol_completo/coffee-datasets/leaf/images/149.jpg,1,ferrugem,2,0,1,0,0,3,2048,1024,97ca8ee857eaa795fd3952ea818893a0c35de820351153f13f6bb83dc6de812f,d0519b43cb0a6cb42c3cb2d332e1db2dcf1eccb09c7832cb39a5f33ccc9a8e13,bd54b432b42b5a10d2fd4978db60cda99103cdb5bbb78d92010b60939f9dc59b,bracol-149,treino,0,
bracol,150,data/raw/bracol/bracol_completo/coffee-datasets/leaf/images/150.jpg,1,ferrugem,2,0,1,0,0,2,2048,1024,93e17cf09d12803e4574d25aad0d2d81571c5424a1b92e28be046ece7ab82f00,b1529926c6e948d39f1667c9787a761531e19a7aa316d923c63b0d9d2cf17492,b8151d6ca56af83496a901fa9255f3a4da52d3068a4b829f9b6bd7da9b27a283,bracol-150,treino,0,
bracol,151,data/raw/bracol/bracol_completo/coffee-datasets/leaf/images/151.jpg,1,ferrugem,2,0,1,0,0,1,2048,1024,f2bf589827d677afedf576afc8d14f4d4b55683ffece7d3d60f38db0e0589176,b5489e07c2b6c9f8cf4b36056c3d13d632d0f949134bcdb5d12c8c5a4f167669,bc5f3f61b020c83f92f5f8fe9b5000f0d96ab0588b25d8c9dd0f83e18b94d969,bracol-151,treino,0,
bracol,152,data/raw/bracol/bracol_completo/coffee-datasets/leaf/images/152.jpg,1,ferrugem,2,0,1,0,0,1,2048,1024,4e8f5a503cd67249f92b26bba8aee31d28c359ddf021517850ce7cf9ae3dacfc,b411c3b6c3e82d490d2630de309bcb61d3edcc3e4ece32d8732771219b92ce9e,bd21b349b426332dc2f6b374cb4293f2854bdb03ce2d9b07c414c326ae7ac9b6,bracol-152,val,0,
bracol,153,data/raw/bracol/bracol_completo/coffee-datasets/leaf/images/153.jpg,1,ferrugem,2,0,1,0,0,3,2048,1024,d3ea672cadc7966adb8a3a7e4b3df4b835577b635c470a769ff9913f0e3d4c41,f4469b71c3f1695e0f0e3584703cd27383c1cd29641f7c9403f863c2fb61770f,fe611f79b479f801d6f180ffc253fbf19f5285c18c0b6c838f214c97c1350c16,bracol-153,treino,0,
bracol,154,data/raw/bracol/bracol_completo/coffee-datasets/leaf/images/154.jpg,1,ferrugem,2,0,1,0,1,3,2048,1024,4b433548f0e89276b236d321c348b3f77456e9bcd0abdcf8996270420f98da51,f151c7a186a43a4e5b1a61b964ed878666c6d87e997b1de1499d60d6a65e2728,fb19e91de541a6e186afc601d3b5a6378352c45fdb1fae38820a44589b5aba78,bracol-154,treino,0,
bracol,155,data/raw/bracol/bracol_completo/coffee-datasets/leaf/images/155.jpg,1,ferrugem,2,0,1,0,0,1,2048,1024,4832086686cb69d9b2b40cfe73c94ee14646ffa957c93b987e80d234ea2ff817,f04793b3c3e46b5a1f1764ad307b92d433e0cb0e6d071cb166da30d3b26923ae,fec09772e04eb88690ee907fd2c47968834689619bce6be5db4cc1859a6ce3c6,bracol-155,treino,0,
bracol,156,data/raw/bracol/bracol_completo/coffee-datasets/leaf/images/156.jpg,1,ferrugem,2,0,1,0,1,1,2048,1024,cf59501446d8da2392fc1afb1d2911bdd11cfbf5748983cf27128956d9b0a1b4,b5051e1bc2f4d1f40d0b0f0d64b4787e33d2a3c18d2ddb1fccf42cf064cbe0c7,baeb0fa4e155fd0485eaa07e9681d3fc965502009a5a9f0fda79300e9a69f97c,bracol-156,treino,0,
bracol,157,data/raw/bracol/bracol_completo/coffee-datasets/leaf/images/157.jpg,1,ferrugem,2,0,1,0,1,1,2048,1024,133ca20a4c0db9c5a45b03c313935d87fd442ee43cbad9faab1e9f0faec8d0ab,d04d303b9392c3c54d6f8e1e24b5307092da73c7db61cd3c6c9eccb0ced8364b,bedf9733b4029281d0ab7a17cbfddb7ac1403168cba5b9e1cd9461a08b86b1e2,bracol-157,treino,0,
bracol,158,data/raw/bracol/bracol_completo/coffee-datasets/leaf/images/158.jpg,1,ferrugem,2,0,1,0,0,1,2048,1024,1f3d8150cda89a7a9f633bd878fda865f44e9e9fbb36607a1731b80335c165fb,f015c3c387f81e13da47707c696ee3c036b5d60f6652cc78996999879ba426c6,ffaec0f0f50481d0d0be35f8d2fe66a1c7402e95cb0a0f1ac34b6e1acb69d439,bracol-158,treino,0,
bracol,159,data/raw/bracol/bracol_completo/coffee-datasets/leaf/images/159.jpg,1,ferrugem,2,0,1,0,1,1,2048,1024,efc746abadfbb358ecbdbe81fcf72d0c91f5fe0a9ef22834872cf901106cc6f5,95059383c2da6c7c2d2d36c330f0d97fcb4f2db08c34665f70d39361332d5996,aae195e6e157f20497a2027c828f5b4cdf5c6b4a8e38414fdd31e3afcabb4105,bracol-159,val,0,
bracol,160,data/raw/bracol/bracol_completo/coffee-datasets/leaf/images/160.jpg,1,ferrugem,2,0,1,0,0,1,2048,1024,1bc1d6f6c8efa7d2320936cf0a39c01e790effde0933413fabb7b3c22dadb8bc,f500c696d0bd9d69cbd230bd2d0b334234fc13b773c2cf08830d8cbdcb2cfcd2,bf544ea7f40bad4492fd14bac3d0faf5cb0b80d0c30a47cbdb1fab8b8309504b,bracol-160,treino,0,
bracol,161,data/raw/bracol/bracol_completo/coffee-datasets/leaf/images/161.jpg,1,ferrugem,2,0,1,0,0,2,2048,1024,e81f29b1e84aad4421896e6121201512faf5e202a61b0cdbf15ba421944eb652,b500c3dfd0576d00cb6834be25a7f2d2729ecb6939ec8cb6a438285a72e372e9,ad5d8080b400f7f2d2bfff8dc25610c9836a2dcb8b293d89d7643e8dcb0d745c,bracol-161,teste,0,
bracol,162,data/raw/bracol/bracol_completo/coffee-datasets/leaf/images/162.jpg,1,ferrugem,2,0,1,0,0,1,2048,1024,76c00906f8816d3a069e7459d81d9de20bb88219430e26cb5b35c9f766bb29e8,b4014d87c3d096d0cf0edb4b347c2d3533e166d2d397b14b8f1adb2ccc6d8c16,bd504974b00bad23d07f54b7d1e0aede81945258d792beea8b839241d19397fa,bracol-162,treino,0,
bracol,163,data/raw/bracol/bracol_completo/coffee-datasets/leaf/images/163.jpg,1,ferrugem,2,0,1,0,0,1,2048,1024,f3c889a5a9749fadef614028754b949e34ee96b5b5c78d4a7dd43265c8cbaa92,9415c7c6cb4b3c796da4e3d032dacf0f9b6138f4cd92238b369ec33572618692,aae3e08fa54505dd94223e88d6bf3401827114b5df58aeb1de0ad8568f9ddaf2,bracol-163,treino,0,
bracol,164,data/raw/bracol/bracol_completo/coffee-datasets/leaf/images/164.jpg,1,ferrugem,2,0,1,0,0,1,2048,1024,6116622547b630dcc6f581d6b787a497766f7841a7572a55fc20884f2c15e47b,b4149a46cbcb65ac0c3e269b30f29969634f99a68c3de49ac8f336f133873363,afd5964ef40bfa84d2bd405782d4e1eadffae1e5c9806d84c1b02c07c99264be,bracol-164,treino,0,
bracol,165,data/raw/bracol/bracol_completo/coffee-datasets/leaf/images/165.jpg,1,ferrugem,2,0,1,0,0,2,2048,1024,7dfb39c3a4c3659206a43d35aa1f0f9f97f95bf9a241555e0c8f75ac7194e967,94599c4fcbe4c1f22c9b1f0d336c307fcd36c78326d18e1e332e7067dc921392,a9509fa7b023da85d2b5c85f825741ebd36ba9e1c3f85da5cef02c91860e44d3,bracol-165,teste,0,
bracol,166,data/raw/bracol/bracol_completo/coffee-datasets/leaf/images/166.jpg,1,ferrugem,2,0,1,0,0,1,2048,1024,942b1e7be2d64d9c622d213fb73c4ba05af64cbae369d7df3393fc96aefdef91,b411c7f2c17d9e0f0d966cb13249c2d931746f24cf93161ecc4df8e9366494c7,abd1c3f3e543a510d4bf552a96d42e9586427416ce4fe23aca6c47f9cf4d2281,bracol-166,treino,0,
bracol,167,data/raw/bracol/bracol_completo/coffee-datasets/leaf/images/167.jpg,1,ferrugem,2,0,1,0,0,1,2048,1024,0b44975acfb483e26f3ca132b6534d621789d004b35d5e73387a96b2b54930f0,9414c63ccb699ac72c974db632d936d8c3247b6ccc1f9db218e9ca5973873624,ad14c61eb43aad10d2b554a1cbd08ad5874bd45a9e6da8eb986c5dc39cf43ac3,bracol-167,treino,0,
bracol,168,data/raw/bracol/bracol_completo/coffee-datasets/leaf/images/168.jpg,1,ferrugem,2,0,1,0,0,1,2048,1024,f805d43811c25b0a052d02af6d235b7500424d2ac18a09a3d968b1ccd2968850,b500c27fd2d70f204b6c349d7c8432dacf3fc361cc10d9962cfb319a72e1619f,bab84eb9a111ed51c5fb442bc2a0e5a9d7d564e5930e24c69b0ee6d2db0e5686,bracol-168,treino,0,
bracol,169,data/raw/bracol/bracol_completo/coffee-datasets/leaf/images/169.jpg,1,ferrugem,2,0,1,0,0,1,2048,1024,3c5f92560d09f28d32456dbda8c6c9de5d77718ee678bc23ff7da1a7541a740d,f11292b9c2d54b6e0d0d64b77876924a23e1da25f716899aced8ef0d986906f6,bb05b552e02e52ed83d46b4adf086b258c35670e9eb2430ec892b739dfdb0939,bracol-169,treino,0,
bracol,170,data/raw/bracol/bracol_completo/coffee-datasets/leaf/images/170.jpg,1,saudavel,0,0,0,0,0,0,2048,1024,8dce7dfc6df45799fb75b303f3f595d7266211ab6abcc261b6a29d267d939ab9,9450cb86cb4d3c393cb6e3e533c98f16cf2660f82cda3307334dc9348f368cd9,aab0f0eca011a0ac857bff4497ba0a0a96953fcfde95c848ca1fe27ccb5ac278,bracol-170,treino,0,
bracol,171,data/raw/bracol/bracol_completo/coffee-datasets/leaf/images/171.jpg,1,ferrugem,2,0,1,0,1,1,2048,1024,88f24705b05ad20c8f06f05fb057fb734df764a5b5a3725050242a34b4f4fd01,b5059f18c256687f4fe937803417105b32fad93c932505f3cd96f6c38c5b316c,b9519731b42a7823d2fdf77c83d020e0d34b75e48b0da285db2f5147cb24a2cf,bracol-171,treino,0,
bracol,172,data/raw/bracol/bracol_completo/coffee-datasets/leaf/images/172.jpg,1,ferrugem,2,0,1,0,0,1,2048,1024,fd3bc3931caaa9af0e78d42fdad4269370fac3437a881d45e917c0162ff4b546,f415cb33c2d83c0e492f72d964b6c781be5bd81613e565e9618f26728e3870c7,bd514b65f0bba56a83da3ea6dfa9063a8f177c719f1520f180b4bce3d9221083,bracol-172,teste,0,
bracol,173,data/raw/bracol/bracol_completo/coffee-datasets/leaf/images/173.jpg,1,ferrugem,2,0,1,0,0,1,2048,1024,6cdb15cb3645a7a393781ed48aa7d5e9f5eea59cb4b899c1faeb3df7ae67eb3a,b4659383c2d24c7c0f39360634975bcb92ebc92ddb255e928d1e26697299f364,ad45b783f4e253b692f5e05adac25d2e8a4a09049f6d3fa68f2559068d24b2be,bracol-173,teste,0,
bracol,174,data/raw/bracol/bracol_completo/coffee-datasets/leaf/images/174.jpg,1,saudavel,0,0,0,0,0,0,2048,1024,88a6da991ed682c139d4f7cdce2f223175ee36754bba23850d9128990bef8f1d,b15196ac97aa68531e1625ab616892b4c7f1cb489e1f6daf19f636f071c8d20b,fab0afd8a074f40a857640fb962ffad196a44ed583068e03df4ec96b494fa541,bracol-174,val,0,
bracol,175,data/raw/bracol/bracol_completo/coffee-datasets/leaf/images/175.jpg,1,saudavel,0,0,0,0,0,0,2048,1024,bd093dc995dfecc338e822abc6af40101de377acbddac8b4c3f42526e1d62ba3,e05796f095aa6a1e1a9565cb697ab6b127a39e56e64fd90898f829a599933612,eaa3a479e077fe2985f203ad96aafbc5969d405e921c1f4a9ff8184ad040b84f,bracol-175,treino,0,
bracol,176,data/raw/bracol/bracol_completo/coffee-datasets/leaf/images/176.jpg,1,saudavel,0,0,0,0,0,0,2048,1024,6f3a04d6b2c4940dad061b786663a9bd51010d54e003596c090bbdc87a620733,b574278696879e731969997161b1799dc696269ac868c6651e658d64e1f65996,ee41e067a56796ec86ac3e04965e1e5eca78fd6b8270a829cfe0716d980269bd,bracol-176,teste,0,
bracol,177,data/raw/bracol/bracol_completo/coffee-datasets/leaf/images/177.jpg,1,saudavel,0,0,0,0,0,0,2048,1024,a36aa065db6d8ab961c85146e5e3dba9abc15e74525410c2483bf0f6a930a372,b45999e3c9a66648360b9b3c317c3893cd83e6e1646ecf1e333018d9cd8b70e7,fa8bb113a05511b983dd5aa0cf44797d8d0a0964be2e7ea4163c24d6b6f8e5d6,bracol-177,teste,0,
bracol,178,data/raw/bracol/bracol_completo/coffee-datasets/leaf/images/178.jpg,1,saudavel,0,0,0,0,0,0,2048,1024,32683b86dbee7f0f841ec521c65c80899cead1c34ad1cdf01bf29939bf3156f3,b51192c6c2da4d390d64e4917013326f83f96966de0ecc930ceefe59f0e17366,ea43a5b1e253353187fa52bb9e10d2951c1f8a57f5ba9a51e1a2d8413beb0969,bracol-178,treino,0,
bracol,179,data/raw/bracol/bracol_completo/coffee-datasets/leaf/images/179.jpg,1,saudavel,0,0,0,0,0,0,2048,1024,8ef3b58ade85d32ad05268b7665ba0d852f6c0deace1106d4ba469f555d6db33,b4169b79cb786d863d2536c230dd9969c7908d968c4f664f39e43270f1939d0b,eabab467e1537420947342af9eb3e7559fd20f70800ade11d76ec93f8627c120,bracol-179,treino,0,
bracol,180,data/raw/bracol/bracol_completo/coffee-datasets/leaf/images/180.jpg,1,saudavel,0,0,0,0,0,0,2048,1024,8d7cbab2cf6999f474ed8324d303d53246a270f179b10d8eedbdd61147bf1349,b4079259c3786d254d80b6d2345f1b2d33e009b6d183dccbce9fc36dcc5c7626,bfeab858a001554b80bf5aabd7fdbad582c0c14096c3d1ea860381ebd65db3e5,bracol-180,val,0,
bracol,181,data/raw/bracol/bracol_completo/coffee-datasets/leaf/images/181.jpg,1,saudavel,0,0,0,0,0,0,2048,1024,17b93cdbfac60cb2975b9377c5a282d307cbf23791fe6ef7ef54b31afe6e41af,b4159e46cb4b69f92c36169a33c9c96ccb1f2c930cf0335c32cfe126f30d8cd3,ea290f8ea15dd4169709ebe0d6fd2bd596f109519635040b9810dc299ed7de3d,bracol-181,treino,0,
bracol,182,data/raw/bracol/bracol_completo/coffee-datasets/leaf/images/182.jpg,1,saudavel,0,0,0,0,0,0,2048,1024,1e4ef67a3c31e0f827e660a2958aa3b59e0e0f560b9179d9547f6fb70f2c1cb2,b54794bcc2f46b5b0d6934bf789493c2616fdc25b4920cf822d33181db6c87b6,fa8fa151e54d55ba87ec5a9196c07a9e965e0b1c9e08fb5c9e1c45289a1dc9e8,bracol-182,treino,0,
bracol,183,data/raw/bracol/bracol_completo/coffee-datasets/leaf/images/183.jpg,1,saudavel,0,0,0,0,0,0,2048,1024,f856836519b85f3d0e19a1cc61ab80ed9ce7db036f0217ce634dc3639a509057,b558c58692b53a780f43e5ad64bc97d2968bd82f9b6525e4e822669f279c9829,eaabe9e9a11d014b857dfe8b97a10a9d9ea97a159871f07d9e7105d09e11b580,bracol-183,treino,0,
bracol,184,data/raw/bracol/bracol_completo/coffee-datasets/leaf/images/184.jpg,1,saudavel,0,0,0,0,0,0,2048,1024,f23d3132db6b40803e20b6acde4ae9b5c1aed81b2ceb4d527cf0ac7e0d4ded24,f557cf93d6a4383c1b5333e46129e70a26940ebb9a4fb8c199e113ec6994e706,eaa0cfe4e05dec0585ee0d7e96a27da29e7510a7d874f0b5de7c93974a003390,bracol-184,val,0,
bracol,185,data/raw/bracol/bracol_completo/coffee-datasets/leaf/images/185.jpg,1,saudavel,0,0,0,0,0,0,2048,1024,c2864d55014f179e8474ee1151370844889ce2c4348c7bbd64fc1d4b7e38ef3c,b5409331d2bce83bcf5245a46c2fb60632f49a7d334a79a0c38d65978c1b66db,baaa9777b455d62381ea9a77c3a06b7287154940cf2269a7d435cd278292cb3e,bracol-185,treino,0,
bracol,186,data/raw/bracol/bracol_completo/coffee-datasets/leaf/images/186.jpg,1,saudavel,0,0,0,0,0,0,2048,1024,17f66af26e14166d970e285e7000a044dd5ec0942e82098ac83dffbd0fa47185,a543c079d2943f049b4c712b792d47f026d38e0be65999fc8d6c71c4d92437db,eaa1c072e5450ff2856aae02dea8757f8e3da0b0da1477b19a1c1193d9d87a97,bracol-186,val,0,
bracol,187,data/raw/bracol/bracol_completo/coffee-datasets/leaf/images/187.jpg,1,saudavel,0,0,0,0,0,0,2048,1024,6d36e3cc8058afd2a54bfda6422b8ea251f84be989bda2c345a2c861fb58cf78,b5126736d0b75a838b4099787d2dcd0430f624bef3c272d1c32f334b7e30cf25,abace55fe10447e885acee85d6a408579e167e7a9e540c68de4a7c69825f94e1,bracol-187,val,0,
bracol,188,data/raw/bracol/bracol_completo/coffee-datasets/leaf/images/188.jpg,1,saudavel,0,0,0,0,0,0,2048,1024,86913ef84cd132efbb332d120a6a86370e0207d35cc45dca016fa1a8ad918ee5,bc0db416d0e84be1cbd1ed4b2d2b96bd34345a5232fbb96dd38521ad8916f290,fe0aa50da45f17edd2bb7ac483d1ab42d7ca214ad781f06f8b153da8d83c30a4,bracol-188,treino,0,
bracol,189,data/raw/bracol/bracol_completo/coffee-datasets/leaf/images/189.jpg,1,saudavel,0,0,0,0,0,0,2048,1024,28838842cffc85fd934ef403ddd7e190d86ac050992044b22ca9cff2f8f1b6e6,b44a979cd2a569630f1236e334b9d31c83cc49eccc0f3c939dbb665b7303c32c,eda2871ba1b6d21b859642f3d6923bd188b23943daf13d6b1a1758a95a1e1d8d,bracol-189,treino,0,
bracol,190,data/raw/bracol/bracol_completo/coffee-datasets/leaf/images/190.jpg,1,saudavel,0,0,0,0,0,0,2048,1024,f30914c59744f945b3d8cf8e4ce384996a705d8d0e3411f229041e3db1abc9cc,b505cf46c2fa70390f0933c034bfd82f93c2cdf0cb0d349b2c3e32fcc0f29b27,befa0acbb454ffc194ea944ad080f42a82cf84bdc24f94f5c17dd4d1c3e4c0cb,bracol-190,teste,0,
bracol,191,data/raw/bracol/bracol_completo/coffee-datasets/leaf/images/191.jpg,1,saudavel,0,0,0,0,0,0,2048,1024,0e77c3f2a3a2e1514aef1a18bb3cd713600bfc0ffbe1da48ee541efdaee756bf,b5406521d0bfb223cbd8dbde6d218d0934bfccb570c024da33c532e9fb0e3365,bfeccbd3a101854395bbe56bd2b0362982557615df5a06528a0ff67a8b6d2468,bracol-191,treino,0,
bracol,192,data/raw/bracol/bracol_completo/coffee-datasets/leaf/images/192.jpg,1,saudavel,0,0,0,0,0,0,2048,1024,1781bb1261bb90b8a899e58638cb4a1a754adcdfed925395d506606bd90643e9,e5659bc99e926d3679e9c686e7079878ccf26585330f865ac1e199a72c926398,eaacbc91e14430bc87e8f780962d038fda5dcc5e125c4e6adb4e0c41914aedff,bracol-192,val,0,
bracol,193,data/raw/bracol/bracol_completo/coffee-datasets/leaf/images/193.jpg,1,saudavel,0,0,0,0,0,0,2048,1024,15427ebf067b7fc08b72ca567c090737df0ea652f81533130591d38216d2a960,b414e6e6c3ca9a592d27c9b130fa6682c3c9b24cce3e99a419f9c4937193375d,fba0c092a1350fbf9517af0097ba952ecaf0b4aec0d112e49de33ec694a73e46,bracol-193,treino,0,
bracol,194,data/raw/bracol/bracol_completo/coffee-datasets/leaf/images/194.jpg,1,saudavel,0,0,0,0,0,0,2048,1024,93c5911da6b2e2e5b4e6ea046d13fa2f17c1dbe9f4b86d9ea4d309b170c8679c,b501c773c2f43c0d8b4a70fc3c2da3c066d0ce0f764b8c7c9b6578f0d9a631cb,eafac42de55187fe852adf4096a90e0b8685fc5f9ed6186e925238e09a5e39e0,bracol-194,treino,0,
bracol,195,data/raw/bracol/bracol_completo/coffee-datasets/leaf/images/195.jpg,1,saudavel,0,0,0,0,0,0,2048,1024,7a800094f88a3e22b4334863d704e283df9205d4042f8f71a4bf235d4f7fbfed,f55b925ad2b569254b4205fa342ffe0b76d0117ec34b6b25dc2584da30f216d9,eaad94aca535360485e822fc82a173c0de15e3cbca1e434f995c872b9dced72b,bracol-195,treino,0,
bracol,196,data/raw/bracol/bracol_completo/coffee-datasets/leaf/images/196.jpg,1,saudavel,0,0,0,0,0,0,2048,1024,cc589a89dbccd9ae6a43a0206ca54ecf3eb272df5265e6578dd1ef63eaf8ac78,b563cf32d2d73c9d8f4870ca6c1c25a532f2ce1633618e7b892ff8c09c9431ce,aacbcecee043ae4585eac55b96c504aa960ed6a59e5f2695821c96d4d3fc36d0,bracol-196,treino,0,
bracol,197,data/raw/bracol/bracol_completo/coffee-datasets/leaf/images/197.jpg,1,saudavel,0,0,0,0,0,0,2048,1024,43380d45594f48ef52475b559d7344d6df4c1c19033c519a585cfe77137aa127,b40dced2c3d8692d4d2732d1347fc30913e8cdb4cd87de5b0cda30e17261731e,afa00e5ba1347c09d1baa4bfc2b9f7f0971583d2870adb0697db970fc203932a,bracol-197,treino,0,
bracol,198,data/raw/bracol/bracol_completo/coffee-datasets/leaf/images/198.jpg,1,saudavel,0,0,0,0,0,0,2048,1024,bade11f38c27d02a740147c380c1e38ca4fd758d48211c8363e1e552dceb3bed,b40d9f0cc2d2c0f60d030fe134b67c1f73d833d0cb2de90fccb68f343cf0dc31,fea807b9e01dfb09857c205fc7a8f7f887ad2188960553819ef7f39f1a501294,bracol-198,treino,0,
bracol,199,data/raw/bracol/bracol_completo/coffee-datasets/leaf/images/199.jpg,1,saudavel,0,0,0,0,0,0,2048,1024,e37605a605874154b0650c3527dfbab7db1be064b3b39c2be65655c8d89b007d,fd5199f3d0bbec088bc687dc6d4e7c0274b930f39293ca319f03870c696ce0cd,fab09166a030fb649537206497a2de749fa38638dad1c611d25fe613ca5ae1db,bracol-199,teste,0,
bracol,200,data/raw/bracol/bracol_completo/coffee-datasets/leaf/images/200.jpg,1,saudavel,0,0,0,0,0,0,2048,1024,2273b756934f246f0eaa67b1ffc1d974c8d4ff136471fba6f228a793e9d49711,fd14cb49c1ba35be8fc1b4b67c030af2347ee94933b803adc309b6948fc51c36,ff08d3b2e80e42b2817ceb9283fc8113d3b0f7d39305210397f71ba39f403ee3,bracol-200,val,0,
bracol,201,data/raw/bracol/bracol_completo/coffee-datasets/leaf/images/201.jpg,1,saudavel,0,0,0,0,0,0,2048,1024,53553c2c1b6dec971bfc48e5a35e17cda9c140dadd085c62c9426c7b95dbd961,b1509cb1d0ac781e8b4767ee6d2b760734b5027a33d29961d30989adc97ce59e,faa81df1a155f823954b01f996abff819ed5831f9a57e33a9e5acb388a4a0201,bracol-201,treino,0,
bracol,202,data/raw/bracol/bracol_completo/coffee-datasets/leaf/images/202.jpg,1,saudavel,0,0,0,0,0,0,2048,1024,742299264684e7bf789145497e36f28629c8ea0b17cd7643b636f58673edaf0b,f81986c1c11958bf9fa76b447846252b24fad299279993d3c399f866b9254ce6,fa1a86f0e118f403851946bfd7ab8f8093a9cb97db41e15a986fe9cb1a6509c3,bracol-202,treino,0,
bracol,203,data/raw/bracol/bracol_completo/coffee-datasets/leaf/images/203.jpg,1,saudavel,0,0,0,0,0,0,2048,1024,483214ab0c5eed9cb6f9db02eb0a1d330c2b6e27610e4f024058598f1d8d2757,b503c08ed2f41ff0cf4af8072cad01f372d2e78093691e1ecf241878cc9ef9e3,eaaec113a14607fa95e6ff0196a32c3f9ef53c3c9a52f4b19a5206b0da52c293,bracol-203,treino,0,
bracol,204,data/raw/bracol/bracol_completo/coffee-datasets/leaf/images/204.jpg,1,saudavel,0,0,0,0,0,0,2048,1024,b787930c8737bc7a269eddaaa4e11db19652ee8bcb9f09c79ac4b061b225fbdb,f5037120c2fc87be8b42da4b3c2f09f160d4749233eb33df9f14cb0d033ed8b4,bbc4f079e50e017fd7ae3f8182959f0dca56120dda5ae2bc9a68d25c9a69b248,bracol-204,treino,0,
bracol,205,data/raw/bracol/bracol_completo/coffee-datasets/leaf/images/205.jpg,1,saudavel,0,0,0,0,0,0,2048,1024,1e8ca7ea96e78027fd686b38a59795a81d67b58ec8e16c64371db6d2d233dae9,b441e786c2f4962c0d0bdb7370b56da123e836dace073a6dccf8892739e1cd92,aebfc1ece4598bc786ab95c297d59c02ca48baffca491c52ce411e4287e8a86b,bracol-205,treino,0,
bracol,206,data/raw/bracol/bracol_completo/coffee-datasets/leaf/images/206.jpg,1,saudavel,0,0,0,0,0,0,2048,1024,184305fcaa3737d3953387d80cf15c2c1e0741d31657d3a4a2080ec29e250d11,b473610ed2bc96f14b0ccb0e6469298cb2d074f33b0e93537637c92d8f7944f4,ae70f1cca47513ed95624ea196a1fe559294c05bdb56e67ac21267f9835a2781,bracol-206,val,0,
bracol,207,data/raw/bracol/bracol_completo/coffee-datasets/leaf/images/207.jpg,1,saudavel,0,0,0,0,0,0,2048,1024,c27a055e7ec86c158000441e9a6e69baf76ab25d4d51a4ae5ce675bcce37a1ad,b467b26cc3f2cda34d8cc69c64bd3a4c167261e5d927a432c9c0cbd9661d998d,be71b6c3f4611aafc567e8748f2ec862d024cff3b0b6c71a1970e10d9bb4218c,bracol-207,treino,0,
bracol,208,data/raw/bracol/bracol_completo/coffee-datasets/leaf/images/208.jpg,1,saudavel,0,0,0,0,0,0,2048,1024,10d0d3a77c8d4d8ab1ddbf72d5acf5b609794694fd352acf541934730e035959,b504c7d9c2fa382e2f8330f03216c7099b781f3eec87f0c2027b35ed772ccf14,ea87cf6ea176ec04952a94fc1a25feb09e56031390ea7b3ac3f8913838cafb28,bracol-208,val,0,
bracol,209,data/raw/bracol/bracol_completo/coffee-datasets/leaf/images/209.jpg,1,saudavel,0,0,0,0,0,0,2048,1024,75c32a0656769a850746b24b012b5dfa7c7c2bd4ced3717de2116319dd50bbef,f50ccf8cd2f038731e5b65a0652e921c13f09c6bda0b65b707fc7692f882927c,ea13cf18e353f81d855321f19cbb7d4394b1103ad6b5feb8969080859817f6c7,bracol-209,treino,0,
bracol,210,data/raw/bracol/bracol_completo/coffee-datasets/leaf/images/210.jpg,1,saudavel,0,0,0,0,0,0,2048,1024,61b9b66c2b28e429067f457fa3f22f1bb6f9fe9283b34a3500d346459457643b,f0318cfbc1af6e064fc63178307bd29196b04dcecb4634acf09bba111ed1c36b,fa3208f6b033f8029770bc7fd2a316e8c2d5824969c3d259e94be34869cb57ea,bracol-210,treino,0,
bracol,211,data/raw/bracol/bracol_completo/coffee-datasets/leaf/images/211.jpg,1,saudavel,0,0,0,0,0,0,2048,1024,82e173c5e7ddd8c34321c0677b5e6f3e2ae03f4864a226e490a39423fb82a252,e41ed079d4a33bc61bc7641e7d2886f180bcda427386996f2013f994667b879b,ee299cf3e4751ff285e1c01bd683739a9adf038a5ad4799b9ada10f190483c31,bracol-211,treino,0,
bracol,212,data/raw/bracol/bracol_completo/coffee-datasets/leaf/images/212.jpg,1,bicho_mineiro,1,1,0,0,0,1,2048,1024,30c592ed0a09c7ede43353109c8712551a7578ca61fff90bdbb26085e4dda9d2,f4419cc9c2f5e13e4f1a0f0234a77c6d92d492f0cd69cb0b27b70dbc325e78c1,f8f18cd9b448fc1b94ec807bda945cf08256a020cf4a3ff6c34d2502ef2d7337,bracol-212,treino,0,
bracol,213,data/raw/bracol/bracol_completo/coffee-datasets/leaf/images/213.jpg,1,bicho_mineiro,1,1,0,0,0,1,2048,1024,3f10d75f59677ebbcc152ee57b0382e61ea619c7789159674b29d4022cd10b98,f167c7cc92923e1f4f4971f324ac4785329ecc1e99618e68dcb7312566da2392,fa48e0ceb1652fcf83b6b50cdb3822bdc8a19e5ccf9592588c12d0fcd7199da0,bracol-213,treino,0,
bracol,214,data/raw/bracol/bracol_completo/coffee-datasets/leaf/images/214.jpg,1,bicho_mineiro,1,1,0,0,0,1,2048,1024,6aec12ab59edf0d173da3b847ab3f2daa6414a3601f779df3ceed1283361583c,b5059b47c0fe643ccfc136f034769b0f7812c99693dd86eac16c62414eb2b6b9,bf1697c3b00afa04d3b0696e831725bf809b74a0c3db6ddde94be488d0af4694,bracol-214,treino,0,
bracol,215,data/raw/bracol/bracol_completo/coffee-datasets/leaf/images/215.jpg,1,bicho_mineiro,1,1,0,0,0,1,2048,1024,13aa7a3dafa80e6e47709bd1cd4b3c2cd0aa5f615fdfe8fb8cfb8b7ebf9dcb80,f505c8ced2d63f334f6b701a649481fc964ace82183d4c7f71b02464c68ffaf4,fa15499df01a2d5083ddbc89cf80949b8507dcfb979f90a1de99bcb580b91a70,bracol-215,teste,0,
bracol,216,data/raw/bracol/bracol_completo/coffee-datasets/leaf/images/216.jpg,1,bicho_mineiro,1,1,0,0,0,1,2048,1024,75743c7e18893d535fa32b738c23e031e39bb66b054bedc48241fef6ca1a230b,f4119f09c3d2687e4f0e26c134bcf25f72d38ba1c72bfc96cc3434ca10e8627d,fd1597d2e03afa03d6b5817d835761a0cf0acfa5cf2d010784012e9c8ebbe4be,bracol-216,treino,0,
bracol,217,data/raw/bracol/bracol_completo/coffee-datasets/leaf/images/217.jpg,1,bicho_mineiro,1,1,0,0,0,1,2048,1024,869b20c9576d71b2d9443c0903e29b895ca395c97e4b3835fe4d8f7c3ea167a8,f05cc75c93873c234f4230f2643d938d36d0c94cf953cc3019a526f3e3de734b,fcc762cdb08eefc892ff14accbc0fad4cfcd515a8d0c0928cc0cdf254c1c9b26,bracol-217,teste,0,
bracol,218,data/raw/bracol/bracol_completo/coffee-datasets/leaf/images/218.jpg,1,bicho_mineiro,1,1,0,0,0,1,2048,1024,e7f32db4a8f0b9fd5480af22070724af716e45dee52584e589660f3c909e0b4a,f049c7f193a56c1ecf0635ec6c39f2c332c08b6e630fcd30cda01cdaccd7324b,fe59c078b00e778092fc030fcb406faec92b011fcb25bf9ed7b6101ace123af9,bracol-218,teste,0,
bracol,219,data/raw/bracol/bracol_completo/coffee-datasets/leaf/images/219.jpg,1,bicho_mineiro,1,1,0,0,0,2,2048,1024,611d0988f8a84da0fc13b275044560f2aec9fcab6b6ade58610ce82efd024b2f,f410c21bd0ef4d8ccbc074ae2c0f32d834fcb36133d0c937d90fcc9a17be8ed8,bfb38693b4003b19903fd429d37d48bddb68cb7cd924052889a490a1ddb2fdd5,bracol-219,val,0,
bracol,220,data/raw/bracol/bracol_completo/coffee-datasets/leaf/images/220.jpg,1,bicho_mineiro,1,1,0,0,0,1,2048,1024,63d451696f3e615eebb51fa832354073b814c24377e9d331c8d3ccc60e1d197f,f54bc3c296941c2fda5a71f025a5660e64368be9b843993f33e5ecb0231f26f0,e854e0b5e56e0fc2d7a7dc2a82beccbd92800c74df536c708a3ffef08d4014c3,bracol-220,treino,0,
bracol,221,data/raw/bracol/bracol_completo/coffee-datasets/leaf/images/221.jpg,1,bicho_mineiro,1,1,0,0,0,1,2048,1024,32f4076e58b9f28c83f87ec669bdf5087affb84bbaa5b1abea97395898515c82,f40ccedac3d23c250d21705e34bccf81c3cec87ed92d3fb198b073ce648b8d64,bdc3ca82f4a3057fc0f7f6a0ca5a0a518b4a16db9f2fe2198b05b28993a721dd,bracol-221,val,0,
bracol,222,data/raw/bracol/bracol_completo/coffee-datasets/leaf/images/222.jpg,1,bicho_mineiro,1,1,0,0,0,1,2048,1024,b639e63319cc73257e100e73e247c1439364cd11805c3174d27cc7a753383954,f04895b186a1ca5c1e168d2e6938b0f727876bc2b25fe71dcd68c6b0e9879cc6,fa47b5b8e44a729986e84bdf9e01e74a8e0f610fcb7c879cc164f414cba40c9e,bracol-222,treino,0,
bracol,223,data/raw/bracol/bracol_completo/coffee-datasets/leaf/images/223.jpg,1,bicho_mineiro,1,1,0,0,0,1,2048,1024,1001161e78feeab58ce1d4b555e6e006b3f08b3451bb6df638ec198bb31fdb35,f45490cec3e16b4b0f0724b1307e9ac64be1894fe61764b116da2773b96dd4ac,ff1694e3f40e9ac7c0ff084bcbfcf96dc5e44c2880902cfcc4db64b868c1ec91,bracol-223,treino,0,
bracol,224,data/raw/bracol/bracol_completo/coffee-datasets/leaf/images/224.jpg,1,bicho_mineiro,1,1,0,0,0,1,2048,1024,aa5ae2a6f9e2939fbe4a0487e1379eb263066e076e644acc00819d3864fb948e,f119cb3696a13dc91e5670dd60acc722b3819c379e5b38c0c8ac678f27b6b730,fa1bc32ce15b2b5583f9bf62970130239a3b3ce29a3ab0a3db3a10c7d18077c7,bracol-224,teste,0,
bracol,225,data/raw/bracol/bracol_completo/coffee-datasets/leaf/images/225.jpg,1,bicho_mineiro,1,1,0,0,0,2,2048,1024,8d3e051427d41a935d8ebe302b9ab787d3e1d1e0bac63618d1b1dd722ebfb3d3,f152c4f192e71f1ecf12702c6d5923f034a5de033356cdb9d32c1cb42b9738c6,ff55e439b4232cd992bd96e8d3f02205c302d657c51b9262cfb992e19d19f145,bracol-225,treino,0,
bracol,226,data/raw/bracol/bracol_completo/coffee-datasets/leaf/images/226.jpg,1,bicho_mineiro,1,1,0,0,0,1,2048,1024,ed2d73b4cfb31fad842f23ff96b50019c6d7392a963799c74cd2819f9385e745,f4479473c2f86b8c1f0d650c783d96b167f2da53ae07892c987c6194b9c136da,fd519638f4139a38c2fbcb538f51896a870341a5cb7faba7c12050168b7bb2b6,bracol-226,teste,0,
bracol,227,data/raw/bracol/bracol_completo/coffee-datasets/leaf/images/227.jpg,1,bicho_mineiro,1,1,0,0,0,2,2048,1024,789fbba5cd5ec9461c1705379f6de69def16ab6dede4d3903794982fce093064,e944966295b06b9b1e1361ae606c96b4c3c6ea5bbc3965e932f6bc84c24b8b3e,f8c4b636f166b66e95aec2e49e84eac09306024bc3deeb4fc20bc149075faba9,bracol-227,treino,0,
bracol,228,data/raw/bracol/bracol_completo/coffee-datasets/leaf/images/228.jpg,1,bicho_mineiro,1,1,0,0,0,1,2048,1024,5633a6cfe7ec043b6cd1f624dce4e6cc6e093598145a404be0ae6913454c2ff8,e1c69c3b872c63c41c71250e7193d0f5eb0ecf4124e438baba5e71ab9be18ed4,f8f01f9895e0f898de0de9d8cb7c712fd82e80b5871c84f6c07e6e134f086e62,bracol-228,treino,0,
bracol,229,data/raw/bracol/bracol_completo/coffee-datasets/leaf/images/229.jpg,1,bicho_mineiro,1,1,0,0,0,1,2048,1024,47f02120b2f89650f1f341599d9089ae3fb2a3677e1a937c114e1a3bf9f89adf,f07390c8cfac6d733c9c963e736199e06d3ac6cf96874f689c3c61b362591910,fa3095c7c3337819cdc7e6f994fe42cb8d602474c4ae6e11ccc2e4329c6dc356,bracol-229,teste,0,
bracol,230,data/raw/bracol/bracol_completo/coffee-datasets/leaf/images/230.jpg,1,bicho_mineiro,1,1,0,0,1,3,2048,1024,5f8de91324f189af3e76b575d672033ca2b85a5dcbcf14ad89f8d32f24ac4ffb,f19a9c6487b166ae1e6c279361e0d8bb96968f454f78c62c71312cd21b9299cf,fcd10e07b09bfc22dfcd94f5887d0a52c0f09879df42dce9da6f8e2143644165,bracol-230,treino,0,
bracol,231,data/raw/bracol/bracol_completo/coffee-datasets/leaf/images/231.jpg,1,saudavel,0,0,0,0,0,0,2048,1024,13c868c3dc279124cf1a4e0fbe69acecbe3fcd8f8bfca2b24730c5eced987868,f44184bcc2f45a831b43d16b783c3f9426f0e51ac64b36f9897c9e4339b0d9ad,ee26c11ce55607aa85e2da81d681305f86973efa9ed338399e5af9f99c582181,bracol-231,treino,0,
bracol,232,data/raw/bracol/bracol_completo/coffee-datasets/leaf/images/232.jpg,1,phoma,3,0,0,1,0,2,2048,1024,a83cd012725507118f6db786e144d89836f15cb1f53a492ce8069adb08b43edd,e07cc639978778f25a1e31a46579d61e6693886a3966cda5938c26128c5b76eb,bfede0cdf501e3c8d29b27888a5e2fa6dd6a3d24c82d3020d4743173ceb22bb2,bracol-232,treino,0,
bracol,233,data/raw/bracol/bracol_completo/coffee-datasets/leaf/images/233.jpg,1,phoma,3,0,0,1,0,1,2048,1024,419794d30dd2e6ada88f6e6e28529daf4055792dc48e123c95e8c30741b598cd,e952db0c96a73d691e1a6087e96c270e97859679d896ca636dc38d0eec1db234,fab45acef174f94583a421ee970afd81d70a74bd903d6cf8dbf06db009034b01,bracol-233,val,0,
bracol,234,data/raw/bracol/bracol_completo/coffee-datasets/leaf/images/234.jpg,1,phoma,3,0,0,1,0,3,2048,1024,1a092af8ff3cb2fd45a34ce2b921be2a347d3aafb258b4217a12f16b16e990c4,ef01f1ce90bf0e30dad42c3b6dcbe0872ca5935076141b4fb31e8d3173e1ccb4,ebb9f8e3a358900e970e0607d2af1bf492d14f1ef850c92a983e6daf0b1e8da1,bracol-234,teste,0,
bracol,235,data/raw/bracol/bracol_completo/coffee-datasets/leaf/images/235.jpg,1,phoma,3,0,0,1,0,2,2048,1024,740f0d399047de5a504f9030f31557b69fec20507ce6d555c6df8bbf97b2bf70,f10964f686f49b092c5ed0fc31a16fc7e69e33982e70c66393a52dc6c496998b,fbd9e42c91da4ea593040e1bd77c1a68e56d18716d2590526ea799626eaec167,bracol-235,treino,0,
bracol,236,data/raw/bracol/bracol_completo/coffee-datasets/leaf/images/236.jpg,1,phoma,3,0,0,1,0,1,2048,1024,472f5db43bd4015dc572fb6a72c1854f23e04051f170bc7f6fcf8e36177860c4,f407cc0ec3d0b0f01d3d3b0b71e2e4b466cfced293789d4f193173a4f1d22632,ee1f4afff43eed43c3d5c421c702a4b087a582f0c7b407f58eb4e287189616c6,bracol-236,treino,0,
bracol,237,data/raw/bracol/bracol_completo/coffee-datasets/leaf/images/237.jpg,1,phoma,3,0,0,1,0,1,2048,1024,4f5994391237f7dd2d37fda7587ca56d3b202a8052c9ea2326d109486c4845bf,f133e6ed96941912296bf1ad2f16e65a70f10e4394cf793c8f0691a9693d07a2,f911e46cc5a807b5f6140a3a945b7bb080737eeb88f39941caef94424ae3b64f,bracol-237,treino,0,
bracol,238,data/raw/bracol/bracol_completo/coffee-datasets/leaf/images/238.jpg,1,phoma,3,0,0,1,0,1,2048,1024,933134120417d9d12ff5df5e2c66a1edc35c3824c1461c080fe8b03e7a5a1c9d,e935c40995ca1ae59a07615e0f78678bec7516b45cc2925b238fd929763c0de7,eaafe709e145062dc7a0fe3496876c76de5320e29a5cf4c38b4ab68f590c12dc,bracol-238,val,0,
bracol,239,data/raw/bracol/bracol_completo/coffee-datasets/leaf/images/239.jpg,1,phoma,3,0,0,1,0,1,2048,1024,e49a677d46b80930506c3ee30120bba822f3c5df5a1714fb33c2571992c580a6,e14dc7b3968c3a475833f1ec65ab0e13d69c70f398529f8d61aff03827142cc3,eb69e592a465039f86e67e148e850078de5efe79886a9a41cd751267cc049aef,bracol-239,val,0,
bracol,240,data/raw/bracol/bracol_completo/coffee-datasets/leaf/images/240.jpg,1,phoma,3,0,0,1,0,1,2048,1024,c2b2a0d7dd3ae1b63fd38e7c8b2cdbc252f5de45bee95dae865a3ba8d56bef1e,e515cce99a5a39067929e7b126968e69f36919840d1ae79a96f13e69c1ce93a4,e952ca16e5ab07e9c695b4451e5efae6944219c6daeb850c8a4bfa9c1d49e998,bracol-240,treino,0,
bracol,241,data/raw/bracol/bracol_completo/coffee-datasets/leaf/images/241.jpg,1,phoma,3,0,0,1,0,2,2048,1024,e09832d272378dd15760fc45bd67fde54fccee3ebcd293965fdcaa8adb3351de,e46dcce793943319191b66c665e58c634696999d9879316ac9e56631659ee44e,ee564e77e443ed12c6ad41e897843be59e4e0c869c7134bf9ed9b2988848d3d0,bracol-241,val,0,
bracol,242,data/raw/bracol/bracol_completo/coffee-datasets/leaf/images/242.jpg,1,phoma,3,0,0,1,0,2,2048,1024,4e21d8baa21143920699d58a72f29924ac486d0a717a646b6490ed8b2bae03d2,f40dc33ec3e23c012d37b0ce7298cf01b0673cb4dac2b0cbe32d63c5b4729d2f,bfd9f3e1f403439dc27f2f4c4368be258b7444169f208e564501b3ba8bd55169,bracol-242,treino,0,
bracol,243,data/raw/bracol/bracol_completo/coffee-datasets/leaf/images/243.jpg,1,phoma,3,0,0,1,0,3,2048,1024,dd8dc87ae828d4490cade5fdf8f207a801f755c65f9486477d2e30f9f5fb63fb,e068cc699787b3871972725a648fcd65c768d19632a532b99d56a65a6dca64a5,efc64b6ee06fec0acb40f8b0f3253de99d2e99cd9b9e8ac58dbd8141d1109105,bracol-243,teste,0,
bracol,244,data/raw/bracol/bracol_completo/coffee-datasets/leaf/images/244.jpg,1,phoma,3,0,0,1,0,2,2048,1024,223a7dd528f780d75ebb071ba053682d67457f43f8d53808b42e70e97cccfecc,e0639c9b968c63e479789e3b2587c9d1c27c214e3d273631cc93c96ee64c5995,be150fb38538ac1fd70bc4a8ca25e6c3dd7cd6cfe8f2ea5450d3d14ea0c260c4,bracol-244,treino,0,
bracol,245,data/raw/bracol/bracol_completo/coffee-datasets/leaf/images/245.jpg,1,phoma,3,0,0,1,0,1,2048,1024,69ae79bc5cd23efbebf21a2e67b821a2ce411ccddebcaadec52b66e2f014421b,e456cde796a9321c1947e38365aece6d869099f0db4b638f9d252e7044d694c5,eaaaca70e5450f79878ead2a9e8ef4f798dc00b418d03dd2dabd3c1ac15d429a,bracol-245,treino,0,
bracol,246,data/raw/bracol/bracol_completo/coffee-datasets/leaf/images/246.jpg,1,phoma,3,0,0,1,0,2,2048,1024,4c60e850e806cafc2cbc3764958c7cd9b3ed7d262b72eb1e0be4024a75416a50,e40cb33bc3db49653d3f949e60d2334b870dc93598728cc26983f25b258e73ad,ed44b78bf48d32d683df5b4a8709494dd70f8966521cee2091f44d2abec64535,bracol-246,treino,0,
bracol,247,data/raw/bracol/bracol_completo/coffee-datasets/leaf/images/247.jpg,1,phoma,3,0,0,1,0,1,2048,1024,7c975372ff95a039c5a4bcef19e9fdad1c5f6f2726803a49618050fa9bea4449,f133c193cf8e3e3c6c6c90e232d34b0f91ac64b04ec3b26adc7d4b873162f49c,bf38f81b903c03f9cbc02dc840a3b685c5d65202abed532fcaa0ad37d6d26eba,bracol-247,treino,0,
bracol,248,data/raw/bracol/bracol_completo/coffee-datasets/leaf/images/248.jpg,1,phoma,3,0,0,1,0,1,2048,1024,634305b25c1448957f1300fe0f1ab80677a4bc75d8a296f0e7b07d04fdae6b9d,e0d192d597ad6d2a187264d461879e8b261d612c9a703e9699a7c4f9798ddb4d,fcae9415a05592fe83fa7b42d683316bd607352c8a5c4307de5663bc9828e7a6,bracol-248,treino,0,
bracol,249,data/raw/bracol/bracol_completo/coffee-datasets/leaf/images/249.jpg,1,phoma,3,0,0,1,0,2,2048,1024,f36a065783465fd156c82e11b9c61c01b5ac7d64bce6126c98f22d64430aa9b5,e1c89911979525445e6a66e661e18d5b3796da39b2588d668e6564becce627d8,fc44d99cf0a9890b92f451acdfc2aad0830bd103d76f22eda225bb86d76e44ce,bracol-249,treino,0,
bracol,250,data/raw/bracol/bracol_completo/coffee-datasets/leaf/images/250.jpg,1,phoma,3,0,0,1,0,2,2048,1024,9cf50c500eaf41e12ab20eb0eb1630d21540654fccd28139adcb392338528b99,e15896e687a56f0b1e16e1b8616b06a76785987e96384be19873658e4cc737b4,fac5b626f1530677c1eabec897a540489b87eadf9316464a9b3e2f49d1380a68,bracol-250,treino,0,
bracol,251,data/raw/bracol/bracol_completo/coffee-datasets/leaf/images/251.jpg,1,phoma,3,0,0,1,0,1,2048,1024,55c22e2b481543a7a3064f4fb6e1500521488e3115a6b856e9f2eb303baa8312,f469c394c6d43e4b890cb0f161b667c2b65ada2d2ae18db2da2f3996a7987249,bf5ae1e7f40842f782d59fd2d34b2e00d35d5e3fcb2cb454c7200e39c5740a2a,bracol-251,treino,0,
bracol,252,data/raw/bracol/bracol_completo/coffee-datasets/leaf/images/252.jpg,1,phoma,3,0,0,1,0,2,2048,1024,7e4082f3d71063bb3eac571e6445d5741038b579fa92ae9062d7df9bea696322,f138c74d97863c3ece5b21e1656d139f36b4834833924e25892becd29e8d568b,bfe1f043b00802ff90b7a7e1da904520db766b37c90a4517cfed29bbc005dd93,bracol-252,treino,0,
bracol,253,data/raw/bracol/bracol_completo/coffee-datasets/leaf/images/253.jpg,1,phoma,3,0,0,1,0,2,2048,1024,34ecde71f8e951145cb21ccb16a83595fc66bec4a70eb87dd088c784b50146c0,b852de4d93e56cfa4f1760806c7e33cf16e1c318ac57cd3cd5a89c91324534cb,ba964ec9b04bbc4493e994fbcb1eeed04b244142cd16cb6fca3e8125c515d736,bracol-253,treino,0,
bracol,254,data/raw/bracol/bracol_completo/coffee-datasets/leaf/images/254.jpg,1,phoma,3,0,0,1,0,3,2048,1024,0245dffc7dc5348121cfe6481e0107c63a92f924d4c44835ff63b15eacfa5521,f53c94f1c3c74b0f3c79b1b467c39e4bd3ac4f209c38c1b32ec3b44c63251b48,af67b40cf06642fc97c671728ec9f14382adbb45d2ce8d2dd95480ac4f449cae,bracol-254,val,0,
bracol,255,data/raw/bracol/bracol_completo/coffee-datasets/leaf/images/255.jpg,1,phoma,3,0,0,1,0,2,2048,1024,d6310d6cf4359275c2bf86a4c080dbdf6ec28bfb1cd571184081fe8053eebeb5,f49899f1c343660e4d36e73830981987f34998e0ce266ac7cd7ae7191cd57a6a,adff9d8cb4801c21d242bff6c34b5412fbada85945046ca9af8ee4555c3a30bb,bracol-255,treino,0,
bracol,256,data/raw/bracol/bracol_completo/coffee-datasets/leaf/images/256.jpg,1,phoma,3,0,0,1,0,3,2048,1024,bff91bf4d53f3254deb257c2e9ae4cfc899db64dca785cf0b685552139b7f025,e5a4b69b9e5a486999a1c986650eb63962c137699e356e6699e6cd94e14a9999,af70b487d0bd22d7d7ca3a48c1477f2d8d4762298f44422e9b34c62eb130ceee,bracol-256,treino,0,
bracol,257,data/raw/bracol/bracol_completo/coffee-datasets/leaf/images/257.jpg,1,phoma,3,0,0,1,0,2,2048,1024,505e3fdf8e6cb1ec2bba13b5d03988abb934c95fffe9d7d50d87e8856a3b3ecc,ec0e9db087f0627eda2f2587388496988f439a7971adc95766941d8e3ec33931,edc29dfe809fda07c600eb70d00a7961e2bd65a7f4c478a62c5275d44e6b2b92,bracol-257,val,0,
bracol,258,data/raw/bracol/bracol_completo/coffee-datasets/leaf/images/258.jpg,1,phoma,3,0,0,1,0,2,2048,1024,5a86cf6cc5e1fb1b10f761d7b245a20f99b3ca84bc32ab8d2c99ebcc2c8f0bd1,e17ac6899685397eda5861e325afc69764f29c681ec3d9a5833e31924e39265a,ea22e5dea5550780c5eb9c0d86b8dcf5ce8098e8d6d771c08ada39cfdc58b189,bracol-258,teste,0,
bracol,259,data/raw/bracol/bracol_completo/coffee-datasets/leaf/images/259.jpg,1,phoma,3,0,0,1,0,1,2048,1024,45b76e84cb09680532e2e9ab378fece8a79bb46ab829e385c1b4c3fabbce44ad,e44e919996b46e731918e4e461eb12924645c979ad3e8da592c374dabf1e63c9,ee73b8c8e4633a9997aec258fa856fc3914e650b8f6e28adc60445149a7eae1a,bracol-259,teste,0,
bracol,260,data/raw/bracol/bracol_completo/coffee-datasets/leaf/images/260.jpg,1,phoma,3,0,0,1,0,1,2048,1024,44dd8ed7d20459f69bf34f00d9db4f94a55f91d73abd1b0014784f7302406bce,e538c78f96d5386c594ab1b165bcc61f3650d869da833d848d0e709a5eb1a759,ed57e0f9f48b47e4869dbe42d65a00698a715f65d4692a25d9ff5de688a00446,bracol-260,treino,0,
bracol,261,data/raw/bracol/bracol_completo/coffee-datasets/leaf/images/261.jpg,1,phoma,3,0,0,1,0,1,2048,1024,37d8b43855e01e86d4f5c6fa427af39728e48d6795fa363c16e17cdebe0a3876,f1419f968791687b5e0e37a531e19258d987cf69245e2cb532d1d9d233298d0f,bf4719b3b00cf808d2c4d8bfd34ef0d48b6ca3eb4dae63e164b46645e41267c2,bracol-261,treino,0,
bracol,262,data/raw/bracol/bracol_completo/coffee-datasets/leaf/images/262.jpg,1,phoma,3,0,0,1,0,1,2048,1024,84460149d4ddfff73c02df365c3cba7fd7fc7fdfe0d9f64c02de9d42e0026a1a,e460e31997971c4e69788de13487621a92d0256cc3299ef4add6d9bb1e9ae51d,ae47f18e94fb73e09a052b63d308262fd91c06b4fb1e8450cd338a98e7f1d94b,bracol-262,treino,0,
bracol,263,data/raw/bracol/bracol_completo/coffee-datasets/leaf/images/263.jpg,1,phoma,3,0,0,1,0,2,2048,1024,53daeda02f8cd8ac4f5abef24b30efb63c4b05fc014cdab95385ba2729589f22,a14a939896a53c664b1a64e531a99b9ac6c6b9786e4b66e551996c9e9be496b8,ec51f98eb46339cbc4a49d238bd48827d5029d72a39fe262d31b3776226eeaa0,bracol-263,treino,0,
bracol,264,data/raw/bracol/bracol_completo/coffee-datasets/leaf/images/264.jpg,1,phoma,3,0,0,1,0,1,2048,1024,87972df723fbe7fd887cc795b5f164be17e85af255dc133a12771acec1cd90f8,e50eb0f092f04f0f485fe4fc35a41ad272db670ba768f0f4ce251b4a98d21ba5,a9fcbf85b400009ed28fe0de83d4f54ac34a66a19b0f17d1df2c0a0f9f24d55d,bracol-264,teste,0,
bracol,265,data/raw/bracol/bracol_completo/coffee-datasets/leaf/images/265.jpg,1,phoma,3,0,0,1,0,2,2048,1024,7c23e66165a0bf53488d159b37c3b70173d54dff9629e2eed11d99f405fec80d,e50bce33d2f438cc1b0f33b864b5c38706d28d3cb34f58b119ac25c3e733660f,ebb0cf33e427ec5cc5fc842ac280e6b1d70794d5888c2ef29f367cde989c20ca,bracol-265,treino,0,
bracol,266,data/raw/bracol/bracol_completo/coffee-datasets/leaf/images/266.jpg,1,phoma,3,0,0,1,0,1,2048,1024,dc61d5164830fdc6f0aea363f94a212ddadae84b61ee557a169bbc50cc38e3b8,e169c31496963ceb686ae3d263a59f3c94ba98e1ce4b6496c8a4973935ea9362,fa80d3f6f159034491bf9f0292803c2fd3a244bfd3927cb1d3952cd5df162c15,bracol-266,treino,0,
bracol,267,data/raw/bracol/bracol_completo/coffee-datasets/leaf/images/267.jpg,1,phoma,3,0,0,1,0,1,2048,1024,24050de137ac8f323561a7e771b92d71892efba1bb424012fd63449d29f9f4f4,e458d3cb96b56c3e4b4e30f031add2432690cd2ce97a98b497cf21dae93c6629,be94d2d6b518b3dac2bd0f09cb546f2fc74a0436922bbcb4d76568708a2968f2,bracol-267,treino,0,
bracol,268,data/raw/bracol/bracol_completo/coffee-datasets/leaf/images/268.jpg,1,phoma,3,0,0,1,0,1,2048,1024,9dfb4072af95ffd69f1efa5d291192631c3ce21b07080061d7ba9162008fe0c1,e078c1c796931e3c494eb47934b54b87b65af82ecb2d96718db64a2f30d225b2,ea0de8f0b53a41e982b4bd85d351a49ecb4956de822be25cd77c834a9a15c769,bracol-268,treino,0,
bracol,269,data/raw/bracol/bracol_completo/coffee-datasets/leaf/images/269.jpg,1,phoma,3,0,0,1,0,4,2048,1024,7d8d332d4e4f5410b72c29af8afb8a00f1858f8b75e912a777cedf6c15f95d4f,f12d9c7ac6f063e1ce0fbd8cc8e47cd2bc7063897397364c31894265b9168e63,b95f0ffcf5887f03c295808dd05258fe876bb856c37f11e88a0c711057acaf8a,bracol-269,treino,0,
bracol,270,data/raw/bracol/bracol_completo/coffee-datasets/leaf/images/270.jpg,1,phoma,3,0,0,1,0,1,2048,1024,a947a86bcfab5184bdc95a623a2e553aa7879a676fcaf187bf09d5e058b1959f,f070987097c76dafcf2c62c73cb4366932c3cb3433a58d32c70eccd2467434cd,ab7f837fb7ee097dd2955faed15a0bd08969bc08c12d5c00c1b4a89de1b26c0a,bracol-270,treino,0,
bracol,271,data/raw/bracol/bracol_completo/coffee-datasets/leaf/images/271.jpg,1,phoma,3,0,0,1,0,1,2048,1024,736f194717192408bc0de02f17ad7f6d45a043ba526718fafde1f339e2930e16,e449cd36939433c95c12e61f21f96da4568798d78d789b59d8a361b431da26d6,ae574db6f0683802c2ed94ffcf4492d0c7ae53439614a287ce4ed6c68e6ca28f,bracol-271,treino,0,
bracol,272,data/raw/bracol/bracol_completo/coffee-datasets/leaf/images/272.jpg,1,phoma,3,0,0,1,0,2,2048,1024,6ad8566234e53f9d9ca1ae7b8881a9549b29dde65ff9288faf7f4ccc9b111495,b933e4b586cc1a1a607ab1e13997e6169e7859b9da0719ec618d6627257ce293,fb74e15885fb4723849f433d87609805d5b39806fdb114c2f9ad1546ead59aa6,bracol-272,val,0,
bracol,273,data/raw/bracol/bracol_completo/coffee-datasets/leaf/images/273.jpg,1,phoma,3,0,0,1,0,2,2048,1024,91f3f0a0fa216735f132f36f9c5896b100d5241f494e4220111c6e1b855774d7,b85a85b1c3c54a4e2f0f35b470f8c85b93834f6d8dde943a6e7031c1932b4acf,bd13a53990bbcad591fc434b89e09300cce7b9154ee62dbc46536cacb4c34cde,bracol-273,treino,0,
bracol,274,data/raw/bracol/bracol_completo/coffee-datasets/leaf/images/274.jpg,1,phoma,3,0,0,1,0,1,2048,1024,c3fd7729183f8e58d6668eb7dd4ad674b49d42e3aa2944e19e3c202ee5e7b90e,e04f9acd87f06d1a5e1f24a531e992d37384d96a6d1a89a5c6f164da9843365e,baff9a43b4023a9bd0abd974cbd529bb8b42f5e1d30b38818a0df496c1d041de,bracol-274,treino,0,
bracol,275,data/raw/bracol/bracol_completo/coffee-datasets/leaf/images/275.jpg,1,phoma,3,0,0,1,0,1,2048,1024,337bd025af0f3c91f40a12c0668df77446bea4a9dd40f485c0c1f0d5f98c802f,b43fe1f083c31e0f6878e1e1348e659e531b98588d319b675cd6c790b74d306d,bbfffdc0f00000ffd39416dbcb0212054f3bd12d8f1de904d41ac5b6a879ae96,bracol-275,teste,0,
bracol,276,data/raw/bracol/bracol_completo/coffee-datasets/leaf/images/276.jpg,1,phoma,3,0,0,1,0,1,2048,1024,fce152665de26df7eeb7fdcd6216029a08c926a99037459d399907766ae0be99,e1489ac796b4693c185365a161ed7696971c9a686871d9a727833d9c72de3279,eab11c3ee154f8d187aa81ca9681ffc1d6d5b30f82d6431cde52ebe8ca4a490d,bracol-276,treino,0,
bracol,277,data/raw/bracol/bracol_completo/coffee-datasets/leaf/images/277.jpg,1,phoma,3,0,0,1,0,1,2048,1024,19c4f8bc52acb8e7e6a80618be5e94a67daab5e06649a03524daefb25a4be470,f05ae5ee87a51a52697ac1ad36856696c23d3668cde3c1253cc6c99a731d3459,fea8e853b55f06a3d3511602cb1e367ac829fa790f21f2258f6bd12596f4c123,bracol-277,teste,0,
bracol,278,data/raw/bracol/bracol_completo/coffee-datasets/leaf/images/278.jpg,1,phoma,3,0,0,1,0,1,2048,1024,e87c9f07b891f122f77197185994ae2d679b8565035c0004c9df96f4ad7dac38,e140c7b197af381e9e504ce869eba58f67851e38761af97392430fa598e1709e,eadcc11ef141b3b187ae5b049784fa1e9a57817a971e1931da1abb319a7a1931,bracol-278,treino,0,
bracol,279,data/raw/bracol/bracol_completo/coffee-datasets/leaf/images/279.jpg,1,phoma,3,0,0,1,0,1,2048,1024,d1d3a63e6ab231bac266505e635edc149d6794b3bf3acb907b53d0f30842ede7,e419b39692d24c6939a5e4c666d81319e46d58759b92e58ed83d1edce760722b,efdcb1e3c687139c8f525e2890a9eb751db08123de97457e8233df20d153ac21,bracol-279,treino,0,
bracol,280,data/raw/bracol/bracol_completo/coffee-datasets/leaf/images/280.jpg,1,phoma,3,0,0,1,0,1,2048,1024,d7a1a762daaf7422bc73e0724a8e49827d299091c3a86fde72e617e348636a14,e40c9f19c6f0e0fe5a4b37863da8663c62978461275acbe59e2db91ed8664cb0,efc10f9ca54efc08c7a0f0f9863740e5c65233839efa3fc39e633e129a0b381c,bracol-280,treino,0,
bracol,281,data/raw/bracol/bracol_completo/coffee-datasets/leaf/images/281.jpg,1,phoma,3,0,0,1,0,1,2048,1024,9dce3c037975eccb5361bf77bd684c8b6379d7e0d2bcfbf159a3d26e3b944f7b,a05a812d96a57a5a4d2e64e730d09f0cd3cbc9782ce527d3c25e768f1b389e78,feb5e94bb45213ac83e9da94de41191eca8ffd78c86c8135cdac4db1858444b5,bracol-281,teste,0,
bracol,282,data/raw/bracol/bracol_completo/coffee-datasets/leaf/images/282.jpg,1,phoma,3,0,0,1,0,1,2048,1024,76676048769a46b5cfaae275e962431ab84d2546cffdc1602136d1289a849950,e872868195a75a1c9e1d68f8685a67a727e59336780f9ed82dd4cc4b648b6ce4,ea37863ce177f9c593e8816a9b817fc0939f002b9a9c7dd9971cac88869844dd,bracol-282,treino,0,
bracol,283,data/raw/bracol/bracol_completo/coffee-datasets/leaf/images/283.jpg,1,phoma,3,0,0,1,0,3,2048,1024,5c9eca2d0ac075c3372c2a36fbab19222662d4e1fc10fab69869471c554aab85,e06ec7c096855a5ecb7a39a960e59592318ec65e351b626dce5439b9ca649937,af3ff550b50152af8095725481ca7658c7e92a49c721a9cbc6653f0bc6653dab,bracol-283,teste,0,
bracol,284,data/raw/bracol/bracol_completo/coffee-datasets/leaf/images/284.jpg,1,phoma,3,0,0,1,0,1,2048,1024,a39f302263b45a1058e4d57f75ed15d32730504a143c9bbda9a33c0be8841f1c,e46c92b3c3c34d4f9d3d6cb430d2878361c9b23ccd2d98f08c324ccb9a9b678f,eefbb376f451340ac0aa33fd82d11fd0a3725cc083c2440b9bcd5e2b834d473f,bracol-284,treino,0,
bracol,285,data/raw/bracol/bracol_completo/coffee-datasets/leaf/images/285.jpg,1,phoma,3,0,0,1,0,2,2048,1024,0c4259d03ff2eb2fc0dfe02e11d25264143c0b14ca52955d8376836df2489858,e0689e3e979761c14878363c35879a734290c96da569ec965ef7361a9946e761,bf638ff390b9980bd28050a4fb42e862c72d64c9e46cac95cb9ed59bd45826cd,bracol-285,treino,0,
bracol,286,data/raw/bracol/bracol_completo/coffee-datasets/leaf/images/286.jpg,1,phoma,3,0,0,1,0,1,2048,1024,66621a1c724faf76f2cd851615cf6625aa436f1e64d49272eb101bddcf670ebc,f433864793fc699e4f8b37b1247ed27732e08d48c3077c9c9c1b31d26c693229,af3d867cb4007e40d23f4847c25c716fd5eee8e5c3a15074cd449ae26fae9152,bracol-286,treino,0,
bracol,287,data/raw/bracol/bracol_completo/coffee-datasets/leaf/images/287.jpg,1,phoma,3,0,0,1,0,2,2048,1024,935dd7b392a2780d74bc04e30d5c2f825093f4767b6f310f836d63ba8d9a0c21,f40bcf0b83f0687c584f3486252da353c2f05b2d39da8db6b6cfc6c1672c2963,bb55c040f080abeed21f5f855b6e1d1689b4ae9e9cb854f9c1d8d4dce9952849,bracol-287,treino,0,
bracol,288,data/raw/bracol/bracol_completo/coffee-datasets/leaf/images/288.jpg,1,phoma,3,0,0,1,0,2,2048,1024,80f44d2a19321ab26092724e3adfcc87cabce82ab51eb227a40d437f9c239318,e571918d968e4a721858e5e71b87669c657a92d16625da6a78c69b8dccbc39b0,eb12b1d8c47157a8a784de139456e255de281271c2edde5290e3da6bdf694847,bracol-288,treino,0,
bracol,289,data/raw/bracol/bracol_completo/coffee-datasets/leaf/images/289.jpg,1,phoma,3,0,0,1,0,1,2048,1024,0c524f2efb0598deba5045e5918e82048d5fa49e59321bcd650bbfb1453a6b76,ec4e96bd97a029421a176dbd61e9a6863386da5a423c19a98c73c996e6d67794,eee515cca551ba0e80aa10efd7bc71d197142b409a9fcb2b320acf2d9a5dc32d,bracol-289,treino,0,
bracol,290,data/raw/bracol/bracol_completo/coffee-datasets/leaf/images/290.jpg,1,phoma,3,0,0,1,0,2,2048,1024,a17d9ef2d556611034b5d33a5f616c4707dffc4df9946335f2b0e11a77451b34,e44c939a87a16a45991e64e871a58797679a9a588e61d9a1c8d62da7399be65e,aeeeb8f9f5451008c0ab5bdd86f03b42d3d0a30b9e45e32f8c4cc737990ec734,bracol-290,treino,0,
bracol,291,data/raw/bracol/bracol_completo/coffee-datasets/leaf/images/291.jpg,1,phoma,3,0,0,1,0,1,2048,1024,9d6c4dfbe8cbc00294d8fe9e3546cd25bbf78d177f079d45cb591acf4c2da825,e44398d3c73c6f0e3c76b6b861c19ac3ce1dcd3c9cf226d14b0f306b39b48f04,ec381d3ca516783996bac3d6daf13b428140d129dae3b1a5895dd317d9e20bb6,bracol-291,treino,0,
bracol,292,data/raw/bracol/bracol_completo/coffee-datasets/leaf/images/292.jpg,1,phoma,3,0,0,1,0,2,2048,1024,860fac16d8d1d170f7fa782c20a9d7e4787984cc2528cbdd9ebc8892756a1c75,e1499a4d93b6e1b28e4a6ec368e5b03c31969b43035bd9bfec3d64bc8ce1065a,ead11ed9b122b90593ab00ffc29359f0df5a6d41ed5b2187882167ac6cb36696,bracol-292,treino,0,
bracol,293,data/raw/bracol/bracol_completo/coffee-datasets/leaf/images/293.jpg,1,phoma,3,0,0,1,0,2,2048,1024,02487cf923865c9f553d28b4e9ace663a5f73bf71c1aa5f43f05d47d4a8f30dc,ec1e9f8e87e36170585c6c87996a36168d45669149a6716999daa67de21fc615,efc59fed817be315a28064a84a0f78b3587f38179c2db18a9621e78ad4d27994,bracol-293,treino,0,
bracol,294,data/raw/bracol/bracol_completo/coffee-datasets/leaf/images/294.jpg,1,phoma,3,0,0,1,0,2,2048,1024,50d2d5a299581091bbdc79fc3a5c6100f8884cafc05169497a607aca9e705f65,e8cce66797a218885a77b13a6de866a7a7954c589a6291b1396b1336e5b46e58,ece7e338a447466ed1ac4e45d616ac0e925cdc3a9e4c95bdfa4881b5d249bbc0,bracol-294,treino,0,
bracol,295,data/raw/bracol/bracol_completo/coffee-datasets/leaf/images/295.jpg,1,phoma,3,0,0,1,0,3,2048,1024,fa7c628554097e3202f5acbec4b0967a0bda9106b8b3380f5bad954fe2e6a85e,f0319993864e67e569719a1c9d869c656679c992d9a5b1cc3c464e71cd99e5a4,bf179db694efa86fc6016681cb38c192e964a94ca8e6f688d783d311d8d5e0cc,bracol-295,teste,0,
bracol,296,data/raw/bracol/bracol_completo/coffee-datasets/leaf/images/296.jpg,1,phoma,3,0,0,1,0,1,2048,1024,9c4c7ef77d7faeb52fedab84a256b397b4b730484ba61583a54953653bec64d4,f0f89c1e9787e1e1cb2b371b2db472d630d2916c61cfca35970d8d3a72307891,afff0811b420adfbd23596b49a5bfe52d12bf20bea25cf41d126fa2dca001705,bracol-296,teste,0,
bracol,297,data/raw/bracol/bracol_completo/coffee-datasets/leaf/images/297.jpg,1,phoma,3,0,0,1,0,2,2048,1024,8a919170568feed9f280cc8d0f9d7bbab16b403be754ddf5f738439648e1e337,b01886e693cd6b0a4f1634b97c6e12d036e6cb0fd4879cbc235374d2532936ef,be952e25b40e3c72d2ff3273cb44f0fddd2ca16088a5c9e7d4568b862ae2c186,bracol-297,val,0,
bracol,298,data/raw/bracol/bracol_completo/coffee-datasets/leaf/images/298.jpg,1,phoma,3,0,0,1,0,2,2048,1024,558a88b6383af33aa18d83c46d09f6b2dc4c538b68cfc492b344293acfbf70f9,f070ce0f978790f04c1c390f64e163b13256a71e7b2bcef5cdb0cc625cdb3087,bfe8600fb400f7fbd0af122cc8d15355dd5eeb78c3e8ddb0c16dc18145a08d95,bracol-298,treino,0,
bracol,299,data/raw/bracol/bracol_completo/coffee-datasets/leaf/images/299.jpg,1,phoma,3,0,0,1,0,2,2048,1024,5580db316e5ddb17d00d10f022994b1fcc5301c2a7e7f6afce55e3ae2c7cb7d8,e435c71c93c238e36d3de12e64f0ce971a433078cd3c5385c692ad363e69ced8,aff5e3e3f42a4420923d3eb78bd65042d8e2bacbc0d4750d8a9a2a0d45f937e2,bracol-299,treino,0,
bracol,300,data/raw/bracol/bracol_completo/coffee-datasets/leaf/images/300.jpg,1,phoma,3,0,0,1,0,3,2048,1024,9bd6d84bb5b7c1e4e5258d4bb65615385b5e1fd4287d6ae132ed60e7c2743c26,e94ce4afd6b61b58396be1e62b842e18c8d299cb3707f27699380ec564c6691b,f893e9cd85550fbadd2518b321f3772493333c5ecfe48050c62d9a748c199aec,bracol-300,treino,0,
bracol,301,data/raw/bracol/bracol_completo/coffee-datasets/leaf/images/301.jpg,1,phoma,3,0,0,1,0,3,2048,1024,61485d3ccf28c0e3dbc0adc571f27b663710b90791c0acb61bede3a907d83f68,e126c65996d239264c59b1a566358e5ab0624e699bc7f126ce9cb393ec323acb,f973e6c8903c47b78ed07f0282cbbb374e63b0a9cd65139bc8251f56c23e3908,bracol-301,treino,0,
bracol,302,data/raw/bracol/bracol_completo/coffee-datasets/leaf/images/302.jpg,1,phoma,3,0,0,1,0,2,2048,1024,d39c09bfafc4552f61cd24c665c534b42742fceb3c782e66843106553b44bed8,e1669936969165e9786a2656319599fbce1a4f0c6ce161b09986374b5b1ccced,fa651a79a159b91997aa91fa96bd518194f4f397eed2678c62c2262044ca66d9,bracol-302,teste,0,
bracol,303,data/raw/bracol/bracol_completo/coffee-datasets/leaf/images/303.jpg,1,phoma,3,0,0,1,0,1,2048,1024,c0215bea49d4c47fba10b909bdf544116743ce3b83a5c4c708785a766e3d8f60,e057def997a06d075a1772b821eb97514684c82b987eadc681a1368e72976b71,faf0569bb11da85083ad45eadf007ea5cb3b0b068d30f77e9db2926a88b236e0,bracol-303,teste,0,
bracol,304,data/raw/bracol/bracol_completo/coffee-datasets/leaf/images/304.jpg,1,phoma,3,0,0,1,0,2,2048,1024,d5f7af634d200b4d7cdfd386fb455aed61a157427459188a3009d216cde7ead7,f17899b6978764c94c7c667431e3930b331ec8b4c36924c22e76524fd9f3312d,bffd99b2b400bdd2d0014400d97eac5fa976606b65a0767f6435a27092d3d9ba,bracol-304,val,0,
bracol,305,data/raw/bracol/bracol_completo/coffee-datasets/leaf/images/305.jpg,1,phoma,3,0,0,1,0,1,2048,1024,949704f0693c66d9d8056fd65f9e12561927e784daafc2e9cbb247d05e81b53f,b43c93e2c3c36d2fc96c363331b7c369385299a5c79b4c92c678343933667272,afffbe29b5087a40d6a61847e855492ed44e09afe86209bfd87489be88d8d1d2,bracol-305,val,0,
bracol,306,data/raw/bracol/bracol_completo/coffee-datasets/leaf/images/306.jpg,1,phoma,3,0,0,1,0,2,2048,1024,961280b7d2495374f48e93a83e0474c1cc8c1802a6d70ba6a35d0c2bdaf01676,f043e3a3938c1e1c4c3bc8e164e3478732c7b738c96c73e19cb42d4e665bd2e4,be87f80eb06e01ff9ae3abc0c85115c28d6f6281cca5b74584f2626fc453b765,bracol-306,treino,0,
bracol,307,data/raw/bracol/bracol_completo/coffee-datasets/leaf/images/307.jpg,1,phoma,3,0,0,1,0,1,2048,1024,3f640fbd4117c6c2a0de5d2d865b88d60d3eda56d5238eda25ec41a86085cd01,e44dcd969ed23a696926e7863698ce16ca69b1e949a66716b0da26794b8598c7,bed16926f4cb07b2c3adbe928f56405b861aabf84f65c4818a7d3e45c468c8ce,bracol-307,treino,0,
bracol,308,data/raw/bracol/bracol_completo/coffee-datasets/leaf/images/308.jpg,1,phoma,3,0,0,1,0,2,2048,1024,a3af99396e5ccb5f00836b9aae54c0caa575302a5636123abf048bf0e4c3f31c,f537c0e897c01e0fca7e39f02da163cb3496c73d23481a3846259ce3add6d98e,ad87fe58b400a10fd2ff17bcc3483a44432d75038f1ca8bddf3664560e3aaaf8,bracol-308,treino,0,
bracol,309,data/raw/bracol/bracol_completo/coffee-datasets/leaf/images/309.jpg,1,phoma,3,0,0,1,0,4,2048,1024,6ceb2f187ef1a7c04d3953a4e36f3b95c8e408a4c087643ef4004e6cfc88b918,f00ce319ca731c646d93c6ca36cc6b199361306463939bd39c6ce49d5ac3b5ee,bdc7e1b6964c5b1f9e28616cd13cbec355930468b934dd97834ab0f15cba8e01,bracol-309,teste,0,
bracol,310,data/raw/bracol/bracol_completo/coffee-datasets/leaf/images/310.jpg,1,phoma,3,0,0,1,0,3,2048,1024,d53cd4ff5cba8811ce776bac69d3e83355ccbf0b4e25279ec824684bc927cd5a,e133c3ce97d83c34584fe1d325e48f0e521a7c70993991c358e6cd3e24da9379,bf17f876f1082760d2fc76838bd23287910a657e8b3f8aa89f1cd1412f3c89ac,bracol-310,treino,0,
bracol,311,data/raw/bracol/bracol_completo/coffee-datasets/leaf/images/311.jpg,1,phoma,3,0,0,1,0,1,2048,1024,37b83c4365c336fea2d6f2d82e028874c4a5ef16a09c6dec9fb8e536d5e297d1,e40d98cc96f061391b5b66a735acc4dec6979b693f6a393d30e464b4c3d82643,eff71ceee502bd44c6b7e52ad610c3bd8296a21090501d1193da3eb89ecaadda,bracol-311,val,0,
bracol,312,data/raw/bracol/bracol_completo/coffee-datasets/leaf/images/312.jpg,1,phoma,3,0,0,1,0,1,2048,1024,5ecd52cfa2887d01d731b7d926089646c69860d27f46f4c4015db6cb5c770b78,e1619b66969ee49969791ecc25a4b1629a124787cd69ec783c941bc5736be11e,ea379a64b56cda3d97a543f1ca16ef830c5a451fcc27efb48e6e0430d844b2b0,bracol-312,treino,0,
bracol,313,data/raw/bracol/bracol_completo/coffee-datasets/leaf/images/313.jpg,1,phoma,3,0,0,1,0,1,2048,1024,6d75802360a441af132c5fa6c6e46b251a4c43ab1976adcb0db84b776e7e4bb0,e1188ccf97a77b301a57e53960e89e86871ed87a9331272578d660b68dce9a59,eb866c70a1475c6384eeeae5de90e5468a96d7cedfd392acc0ca3217af889212,bracol-313,val,0,
bracol,314,data/raw/bracol/bracol_completo/coffee-datasets/leaf/images/314.jpg,1,phoma,3,0,0,1,0,1,2048,1024,b85cc866b6c4b4ce7ead27563ffed38ac68d65a1056f93bd478d92f6b68578f2,e13f9831978063cfdc7b643c25e41ef072b6934b3316193d62f925988c5966f1,fbfc9f08b020183fd7bff8f081d01dca5e9968e1078d6d4706146bafd25ad106,bracol-314,treino,0,
bracol,315,data/raw/bracol/bracol_completo/coffee-datasets/leaf/images/315.jpg,1,phoma,3,0,0,1,0,2,2048,1024,5fa4a31572ae6b1e9c407e8adfeef2f6284c103319be1ac6c65a01e6aa38fc44,f40de1e3c3d01e0c496e90f0348563cf335a3e8dc264b7781da7ca769cda9987,bfc3f03295bd43f1d2840d5bd20e2f0dd37c86ac8171538e8e28d7154aa2bf6c,bracol-315,treino,0,
bracol,316,data/raw/bracol/bracol_completo/coffee-datasets/leaf/images/316.jpg,1,phoma,3,0,0,1,0,1,2048,1024,970be10f3823e170ae70af299299f0791de21e61222ecbd81cf9dc021a43cd92,e1469a3887a569c71e58652eb1f346b1170dc25e587e1d896d93f15de62e132a,ed701b81e569f81ec6af01e8c2f4fb25974283569292efa3bfcb47171009af22,bracol-316,val,0,
bracol,317,data/raw/bracol/bracol_completo/coffee-datasets/leaf/images/317.jpg,1,phoma,3,0,0,1,0,1,2048,1024,55bba1bb396a9a5288b0cf628963bd640061b2bda7cc9b613f53d1caa88bb7b2,f41e9e0fc3c061f04b2d27961cb47e4b8c62c53c739e39e225c3ce23665c9dcc,a5ff836df4808f86c25bce10c3e9d8fedba49c70890751c0d9ada8f0991e7199,bracol-317,treino,0,
bracol,318,data/raw/bracol/bracol_completo/coffee-datasets/leaf/images/318.jpg,1,phoma,3,0,0,1,0,3,2048,1024,1f02c1e6af237c6efc230c9058b1ecb4ce967dfbb04fcfd8c50f80740cff5c0b,e5b492539e4b69a538b2e690e34d9e4b2d34b18cc6d34e19646db0631b9ccb9e,e95c37a4e58af25a96bd43791a54be2919485065f13de8e6833541467f52be8c,bracol-318,treino,0,
bracol,319,data/raw/bracol/bracol_completo/coffee-datasets/leaf/images/319.jpg,1,phoma,3,0,0,1,0,2,2048,1024,1635b38ff32593c43a2e369edbe6a882b0024b21ccf93b8595f2b96e734ff204,e41cc70a86c13cb5da4b38ea9d2cc3c561968d8e34d94e3266d9a7e9c6677a46,a9ecf0b1bd448157d68307aa869557bdc606bebcc2165474861b0ef3c67b7078,bracol-319,treino,0,
bracol,320,data/raw/bracol/bracol_completo/coffee-datasets/leaf/images/320.jpg,1,phoma,3,0,0,1,0,2,2048,1024,0963b7f2fcce53dc9c5abd71b7cd04ce3930b076430e36789e4f4abd03877550,e1ccc37396b7388c7b53e5c927ad1216c852996b4b85611c363a46d1b05fb66b,e9cde310c5ec17a3d695be5486fafa60b751806fba59d763100f8b31d94f8024,bracol-320,teste,0,
bracol,321,data/raw/bracol/bracol_completo/coffee-datasets/leaf/images/321.jpg,1,phoma,3,0,0,1,0,4,2048,1024,ae91e97cb78b06ca2aec6a4a423c68969feee9e3d7e4dee3a4cf0288358161ab,e4e526879a5ad9693125c3966d8e3618c67b4c6d38c4d992cd9d921ce3334cf3,efd12553d52e0ebdb7d0c6020e579b3ac8199468fb619c9188ec63c7960bc8d7,bracol-321,treino,0,
bracol,322,data/raw/bracol/bracol_completo/coffee-datasets/leaf/images/322.jpg,1,phoma,3,0,0,1,0,2,2048,1024,e22f93e434e8360c3320622843420dd0147ce84cb3a6e7e3bd5ae4b6a284b234,ec6ce666978159191b1bad9931e8d2e6c6962772c65a728d313985c219e5cb97,ef77f739e5625233c08d2bc792d51c6a13daae611e58d4483e08e36d1c4be02e,bracol-322,treino,0,
bracol,323,data/raw/bracol/bracol_completo/coffee-datasets/leaf/images/323.jpg,1,phoma,3,0,0,1,0,3,2048,1024,32c998e274c66359dec1c5b6ab67ed59661a2b9d214804f163ddbf8c2d0ef7a2,ac9dc7c693d078393b0fe5c768f0da5a35093925c6d625d80e2b4a93b174c66e,adfee437e4845ff4c2d629c8c0db388dbb59753218b8ae33175940ab3391c6c4,bracol-323,treino,0,
bracol,324,data/raw/bracol/bracol_completo/coffee-datasets/leaf/images/324.jpg,1,phoma,3,0,0,1,0,1,2048,1024,e479f1e2ae5382ec82cf7085f2918ccb512cbe3ff57b7f68f9003dd36b2b5545,e4f0b38b9a1e4c7039e9c68666563319c69dd86999a34c96cc6a64dc661cbb6b,efffb840d0001aefc4f5c3da9dc5c30a8f8fd963888fcd15c0f4cd86089687a3,bracol-324,treino,0,
bracol,325,data/raw/bracol/bracol_completo/coffee-datasets/leaf/images/325.jpg,1,phoma,3,0,0,1,0,1,2048,1024,f12f525d857fe18be0a3958278d6a648731c3cd325c4bbef117a47b29e57ec31,e1429e2996bd69d23862a78d658dda70961e994bdbc165b40d3e6653c0e19b6d,faa98799e1d44d1a85e086b8968ffc15969f847b82569cb0de52f4f192528cb3,bracol-325,treino,0,
bracol,326,data/raw/bracol/bracol_completo/coffee-datasets/leaf/images/326.jpg,1,phoma,3,0,0,1,0,2,2048,1024,584950e9727c157e1a100c4fda2c60ce2c299466aaa0833f35ea3e8be2e5dc5a,b0709c389f0f6bc7690fb4a736f0ca78936f49a5c91431ca78994a7c3669ccb4,afb58132b5f842bf92144151c32081e1db2da7a9db35ded2ed3676d0fd127841,bracol-326,val,0,
bracol,327,data/raw/bracol/bracol_completo/coffee-datasets/leaf/images/327.jpg,1,phoma,3,0,0,1,0,3,2048,1024,2effdce13a563c4cb3ff162a6c57bf79410fcda8b870c38db2fa34d3a80cae54,e531c667939c1d1c6e66b1b12793ce4ed8d8ad21cb07709326783349c8ddcf2c,bd14763cb0bc46f0d6c42f01825edc89c34a8cd7c7c9548acf4d8e59c48fde69,bracol-327,treino,0,
bracol,328,data/raw/bracol/bracol_completo/coffee-datasets/leaf/images/328.jpg,1,phoma,3,0,0,1,0,2,2048,1024,4918863c7c39971ca9e2bfb65ff647727dc3e43dcd3a2e5714270d0a69579a5b,e154633297aa9c0e5835d2e131ca4d0e63ad64f00f3636c7d0f34b4e1fc799bc,fae2e107a0f507f0d741ae8b022eb41ec2f0043bdf755a798002fef1db6bac68,bracol-328,treino,0,
bracol,329,data/raw/bracol/bracol_completo/coffee-datasets/leaf/images/329.jpg,1,phoma,3,0,0,1,0,1,2048,1024,2adea15937847a64a2f5288281e634c0dd2202714c3fbfaebc147a42ae887b20,fc7ff1f093852c1e69788c2334e193999818696fcb9c24f0c747da583663992d,afbff980900439ffd0ee0ef94a7445e2690ac4f16425b2f86685535ebac2e22d,bracol-329,val,0,
bracol,330,data/raw/bracol/bracol_completo/coffee-datasets/leaf/images/330.jpg,1,phoma,3,0,0,1,0,1,2048,1024,c4f64e3dcae596b6604417382ab83a18d3e7fc088bab4c3d48bd8ed50bf56c32,e96dc3d986b43c369e5a70f4b969278f37b4661c6112866037e3d8a3724e99c4,bf6cc0ccf42827d9c2b557a1ced2a81e864b143ade593ab08a293853d57f7853,bracol-330,treino,0,
bracol,331,data/raw/bracol/bracol_completo/coffee-datasets/leaf/images/331.jpg,1,phoma,3,0,0,1,0,2,2048,1024,816cf161444eeb8d5bc0eabba315fdb52208579ada666a90d197e4706d86a33d,f0e2930e8f0f6c70493486c731c35b58266db1b4cb7278539db5c4cf6bca9a58,af56b021f49f50fdc248ab62d12119e98397df06d5922ba782d35506fa1b0b9f,bracol-331,treino,0,
bracol,332,data/raw/bracol/bracol_completo/coffee-datasets/leaf/images/332.jpg,1,phoma,3,0,0,1,0,1,2048,1024,3dc9ed1475e6340463a3bcc9885c2c1da26165562854fb00852db7de857883c7,e15c652896a51ad6587ac329370f6c3867b536c6ccdad3249e4ad99933259e72,f2efebc6a5540fbedc0014afc9f48630cca51e579e82f035cecab4248e4f1e12,bracol-332,teste,0,
bracol,333,data/raw/bracol/bracol_completo/coffee-datasets/leaf/images/333.jpg,1,phoma,3,0,0,1,0,1,2048,1024,df36330578377d388f5c9ed781410fe6b6c6eb0adfb559d8ccd4c5546d4103ea,b058c4ecc3876a524c3cb5a160f11bceb34fcd6cdb3c9c33c9b072c3361b732c,bfb62e7fb4067400902fa697dafd025689c8de4a8de8136bcce0bb2d44e59b24,bracol-333,val,0,
bracol,334,data/raw/bracol/bracol_completo/coffee-datasets/leaf/images/334.jpg,1,phoma,3,0,0,1,0,2,2048,1024,5fc2667f34b80d9051242b20004c174e44eac15481fa4e881bdb088df87dfec0,b449c6b0939e3b0f6933b0f4668bcece384c613158b69617edda7ceed2852944,ae4fe40094ee46dfdae03a48f94317eda80f2bc4d199df62aa954c60d5e0bea4,bracol-334,val,0,
bracol,335,data/raw/bracol/bracol_completo/coffee-datasets/leaf/images/335.jpg,1,phoma,3,0,0,1,0,1,2048,1024,cf6c94ba8404c3545c73a98718c18bbbfef7a22d1308ae196af78fb4bd299b9d,e90b9fcc96b5606e5a1267c10d39359e98a6d22cc3c2a7592dca59ad389c9977,eb950bdd81bba9428b803ce09f4af5e4d52bbc8e9a20b6a69827f44d9475740f,bracol-335,treino,0,
bracol,336,data/raw/bracol/bracol_completo/coffee-datasets/leaf/images/336.jpg,1,phoma,3,0,0,1,0,3,2048,1024,636ca6e9341226be23b7873aa13a69f0f762acb251594473f90dbf795688bfd5,b078978f97876978ca6334a78d2e30d27a9463cba568872d5a94cb363ccb8cb2,afff8000b400f8ffd6a1557ffa50aaecc14a55e3d167a811cb2515f0c13609fb,bracol-336,treino,0,
bracol,337,data/raw/bracol/bracol_completo/coffee-datasets/leaf/images/337.jpg,1,phoma,3,0,0,1,0,1,2048,1024,249dc9c54e5a93a777c6bc4402ccfb333e84af39a0156a7e54746b0d4f8a01d2,ec2231f59380ce1e6c7fb5e84c9524d336ca3b1da178d626eb3495321e93c8d3,af3d34089002cbffbb5091e8eb85c417cbbaad97178e6a99955dcaa8645db608,bracol-337,treino,0,
bracol,338,data/raw/bracol/bracol_completo/coffee-datasets/leaf/images/338.jpg,1,phoma,3,0,0,1,0,1,2048,1024,7e4226e99cd88e7c1add01d28868b32ae984dbe58d31ac8017a29f8df7197534,b410927ec1cd0b430f8664bd303386d073eddf2fe58689764e9b79a18c6931d7,bd353606f018b276c2f9735acfe0b969862741a0d7768b858232c98a57b3c71f,bracol-338,val,0,
bracol,339,data/raw/bracol/bracol_completo/coffee-datasets/leaf/images/339.jpg,1,phoma,3,0,0,1,0,2,2048,1024,7d5ed57c9e2e17f26a62137eef29a24e92a19e580968c570a22866e682d2e53b,ac19ec7e92ef92911bc69b4e243f6c25c6d087d6994b72c93934896d66307c36,ef18ce43e510447fc4ab8be1d0f5356698d270bc1d5ae2bc9eca471e8cc92e2a,bracol-339,treino,0,
bracol,340,data/raw/bracol/bracol_completo/coffee-datasets/leaf/images/340.jpg,1,phoma,3,0,0,1,0,1,2048,1024,7a7f9ea0854aaae289fcfb9442c9757c6b8e021debf9b28a1fbfe460397f1208,b966e4f997871a1ec87835a16497c6d8332e4e6c9d714927cc91b1966a7833c9,bb65e400b07f76eb92801b75c6829b26cf13b93bcf2464398f6455348f3ad836,bracol-340,teste,0,
bracol,341,data/raw/bracol/bracol_completo/coffee-datasets/leaf/images/341.jpg,1,phoma,3,0,0,1,0,1,2048,1024,e436e61c5147ed1f4baa536e52bdf4035a4346fbb247bfaf73436dd64b4b1d7f,ac0ac66c90f53b1b4b1a64f16d2ec68438f5995b73a3c7a42e573cd651a823d3,af54c765e42a6d66c4ff8ca49ed43c95114a309ae3af767ad74926028a81367b,bracol-341,treino,0,
bracol,342,data/raw/bracol/bracol_completo/coffee-datasets/leaf/images/342.jpg,1,phoma,3,0,0,1,0,1,2048,1024,e328cc41312c20c13dc8803fe4c2fcedcd103fe877061dd79181337237951523,e56298cc96956929785ee6b5a5c19e5a683d79e13682661ec96d4e3199a7b0d2,ea345ce7e522a07786b1ebead212438fd67ae50d9041af3d8e0f0828ca6e7ed8,bracol-342,val,0,
bracol,343,data/raw/bracol/bracol_completo/coffee-datasets/leaf/images/343.jpg,1,phoma,3,0,0,1,0,1,2048,1024,67baaf26f273f6c427d6b459823103b307645b31fb98912529683c1222ede2ff,ed02c8f483b51fc3da1a703d3d6061927ca506dee1569e7946e9d825399d89e6,efd1d806f10a0573c7b5d7a086d0e2a78f5e4413de4ab7da8a2dae59d479140a,bracol-343,treino,0,
bracol,344,data/raw/bracol/bracol_completo/coffee-datasets/leaf/images/344.jpg,1,phoma,3,0,0,1,0,1,2048,1024,8239424219ba066283d28da3a74f24158efc0ce340237b2b63c33d8eea865dee,e508c9d992b5363e4e4a727061bdc78b16909c3cb34b7862d3e533cdad16671a,ed5dc8ddf0aaadc0c3fc84ad8780be95c7175416823aaaf2cf7456d2d622a2a2,bracol-344,val,0,
bracol,345,data/raw/bracol/bracol_completo/coffee-datasets/leaf/images/345.jpg,1,phoma,3,0,0,1,0,2,2048,1024,673644bd7acafdde04c876e8331100bbb4318599d6f311ba0b29b3746d7bc096,e0629b3c9795695f5e4e66a4b9e9a61b33979a69463ad86d2451098452ebd33a,ef141b0791bbb91a82d110edd31bd3c0df11bf168b6dad2e602b64384c6567f4,bracol-345,treino,0,
bracol,346,data/raw/bracol/bracol_completo/coffee-datasets/leaf/images/346.jpg,1,phoma,3,0,0,1,0,1,2048,1024,60d985e144b2ee3b5e1845681a644a601f5db10216fee8695b15f88cd96129a8,f403d18cc2fc2d434b0a343f3ca7c35072dedd2f8f483c95cca774da39d22361,af7ff9e1b7203824d280147ec34228c7c12f55f3c3f5e8c18b34d583cd32e1c7,bracol-346,treino,0,
bracol,347,data/raw/bracol/bracol_completo/coffee-datasets/leaf/images/347.jpg,1,phoma,3,0,0,1,0,1,2048,1024,90dd3320d914b38b767debd4d7a0413740547f84fcb94da3a59a50f2b1301d17,bf40c03fd0bf0fc0cb523c0f4db930f4258473c3b64f6589d23cc6042d72deee,afffe412b54040abd02ba7fdd0f1974069d89307c7ca0a17964c6d3f82e4553d,bracol-347,treino,0,
bracol,348,data/raw/bracol/bracol_completo/coffee-datasets/leaf/images/348.jpg,1,phoma,3,0,0,1,0,1,2048,1024,fb5569ecdb80ade3286e9f6b4c4f52397f6f39fa23c45ed801fd02359005d70a,b87c701e87f127eddb06d2178d7d8fe27ca1c83531d25c80728b20dfa34c7788,bf05f496b43e02e6d2f4eb4083c2476fd34b2a35932f5d3c8b25ae3cdb361030,bracol-348,treino,0,
bracol,349,data/raw/bracol/bracol_completo/coffee-datasets/leaf/images/349.jpg,1,phoma,3,0,0,1,0,1,2048,1024,aa0488adf04cf729e47ffd776d19cccc30242e6534c047b370e99c8bad4eb8ee,f168c74497871c1a4eda79f12d6d93cd32b4660cb3524e3278adcc718dc698cb,fb51e06fb17a07f6d0a47f22c29583164f5a5f1fc92a9a194ff1451880a1aabb,bracol-349,treino,0,
bracol,350,data/raw/bracol/bracol_completo/coffee-datasets/leaf/images/350.jpg,1,phoma,3,0,0,1,0,3,2048,1024,d97fd9ad7c8eac71921145bee5767f0ccaef5dcad7cb1dc4fa97ae325f32cd9a,fc03e1f897871e0fc9789ca96cb4e3d23ca9634f360a70e8e3173430cb85ca76,acc5f62e943b72af8fdc426a97815b65a3ad4945dba60d67d216bda481de6800,bracol-350,val,0,
bracol,351,data/raw/bracol/bracol_completo/coffee-datasets/leaf/images/351.jpg,1,phoma,3,0,0,1,0,1,2048,1024,cde88165d565f1b7f6fe566f6d1d329b9114f015dc9ffb1312f95981d23c6ce5,e11ccdc697abb0b41a53379369eae27964879c212e50d8f6b26bd9cb33052e2c,eb8f4ae4e1d1ec47d79805eb8e3e04ad9c01a414d8a5f4b2d9f127d119f7229a,bracol-351,treino,0,
bracol,352,data/raw/bracol/bracol_completo/coffee-datasets/leaf/images/352.jpg,1,phoma,3,0,0,1,0,1,2048,1024,06e925b43283f2edfcb8564e60a54005c7397ba2b586858fc543079ab7402eb6,b04fe631c3f098d64f03b989347c66d693c0a62bcf0f98bccc3429e33af16696,bebd6717bd56676ad002a285c03595c4e1ffda8e20f2d956c2e0a98ac351378e,bracol-352,val,0,
bracol,353,data/raw/bracol/bracol_completo/coffee-datasets/leaf/images/353.jpg,1,phoma,3,0,0,1,0,2,2048,1024,7f1f67f11c56e6aa83971ef328fbb9b62814b2f0067388f4021de86e3059191b,f4099ccfc3d661704b3b27893ce49cded29e98612729cba67631e49ea44e38d8,afdd0cfdb4c3bc40d7b1d03b9a14e1d1931a1106c2792a3fd16ddc5ecb2760a2,bracol-353,treino,0,
bracol,354,data/raw/bracol/bracol_completo/coffee-datasets/leaf/images/354.jpg,1,phoma,3,0,0,1,0,1,2048,1024,b6f1a6758be31ae654375cf42e5754b77786f25a745a7c0c1ac3b678abe51eee,e106c66c979d38f35a58619f64e59e1c9cd6c968538b278579186cf207e59b43,f8736763f1e3663f96a59634da46d652806e9a587fc41169900638a5597b25d6,bracol-354,treino,0,
bracol,355,data/raw/bracol/bracol_completo/coffee-datasets/leaf/images/355.jpg,1,phoma,3,0,0,1,0,2,2048,1024,0b6aa9cc7c6aceaa3931fa4ac2e38e69adb9eef5f87985ed13c1f24f1b52b87c,b42ecf86c3f06c194f0f34e424bc73d398d88d0fdb45ceb4256aa473739518c9,bf760d72b4007d89d0b59c9088df9019d1ea9adf8ba5d97ad1d0c92dcba27434,bracol-355,treino,0,
bracol,356,data/raw/bracol/bracol_completo/coffee-datasets/leaf/images/356.jpg,1,phoma,3,0,0,1,0,1,2048,1024,7e1912d4c4c0bf980fbe42651a721f0e2f859bbb35edb9b496622c662d7ad47d,e460c71c96d738711b4ea5e665b9ce1436c6b9c8da6c47a5992c641e76b186e3,eb05e3c7e538470986b03cd7de97147a82567ae0d74220879a8f5c5c987faea8,bracol-356,treino,0,
bracol,357,data/raw/bracol/bracol_completo/coffee-datasets/leaf/images/357.jpg,1,phoma,3,0,0,1,0,2,2048,1024,addb8d7a05eba5f2887134f887995019dd22720dafcdce801e4a4819f69cd02d,f831c90791fa0fb8da03385f4d783421a4ff73c13602931f7a58c9aa9d6dcd91,fe2bebe0b051807f97f8b480d2ab1f959b0172dfc9061a4ad9bf4168c9940dad,bracol-357,treino,0,
bracol,358,data/raw/bracol/bracol_completo/coffee-datasets/leaf/images/358.jpg,1,phoma,3,0,0,1,0,1,2048,1024,46a70ff074f52ca69ee14705d89a4fcb8ad5843445fcb2be37a96b97d2bd0f1a,e341cf4a94b95cb79a9631e0c97a630f24a1365c4cc6d4a9f0de8b5d9729d9a1,ea78c35ca559ec22d6803c6b9e874ce4dd59f4c6ca8095868dd45ade8dbe304e,bracol-358,treino,0,
bracol,359,data/raw/bracol/bracol_completo/coffee-datasets/leaf/images/359.jpg,1,phoma,3,0,0,1,0,1,2048,1024,e58050660288107324658e0e249d251b1d91d2350cf942604906cd145ab0627e,b50fdb59c2d26d270d0930d430b5c34b17d29c3de82f58b227f421cbd22f763c,bdc11acbf0a6f539c2f700bd8f43fbd0d70f010b8a3c3fbdd73c41088a34a19c,bracol-359,teste,0,
bracol,360,data/raw/bracol/bracol_completo/coffee-datasets/leaf/images/360.jpg,1,phoma,3,0,0,1,0,1,2048,1024,1338627ca526b9cedd2725288c4194295283e67efe27ea4633440f0db9ef7447,f85296e6c7a569194e1c37a1307ed236c387cd4a2f1c34ad92397256c9468f2f,fa239666b073f806d7eacbf4c2af49e687554542c3026d8ac692e485c79566bc,bracol-360,teste,0,
bracol,361,data/raw/bracol/bracol_completo/coffee-datasets/leaf/images/361.jpg,1,phoma,3,0,0,1,0,1,2048,1024,239a2964912b250a4fd46f41c51013a881ce512936e3a1c51e034ce8902b3d45,e814cce1976b1c9e5ab473786d534723642c6cf396c419caf25a93c40f31d23f,eba06c0fa14d0dfdc526bd418ebb902e1cddf6e59c6800c6d3fd4fce80d0a50d,bracol-361,treino,0,
bracol,362,data/raw/bracol/bracol_completo/coffee-datasets/leaf/images/362.jpg,1,phoma,3,0,0,1,0,4,2048,1024,1aa3ae38c16b36af3ce1f4d87f120809b0d8bdd5e869e78d9ffbff6be74c3356,f07cce33cfc761c0493d348c34b3ca63c2cf8531c92c739e9cb224eb63c1da74,bfdc838bb728c784d210f3e4cb5ad062d12fa807c035106bc134eabde73ef1d2,bracol-362,treino,0,
bracol,363,data/raw/bracol/bracol_completo/coffee-datasets/leaf/images/363.jpg,1,phoma,3,0,0,1,0,1,2048,1024,c9ad02aea8ab93dcd77383f4aa54d6a93cde080a117b9095279ff84f99a8de98,bd0cc199d05e3f614ff1302e6491c3dc135acd81b86f563735d4e3684b8b58b5,bfcd6113f586e5f9c09796a8c9feda94df901d5aba120cb8120f9c10603d9a9b,bracol-363,treino,0,
bracol,364,data/raw/bracol/bracol_completo/coffee-datasets/leaf/images/364.jpg,1,phoma,3,0,0,1,0,3,2048,1024,3e2e9c0ba39fb3347f86e75b815dacfe6f2c2f8a720f03243f57586240b3dcd2,f50d9c9cd2f249634f0f25a63cb432d233c38f69e21fd8b40f2c8dca7071788d,abdd0fcbb501bd02d0b54035c2d6f5fcd75a01c0822b73c3d775fbc7ca40050f,bracol-364,treino,0,
bracol,365,data/raw/bracol/bracol_completo/coffee-datasets/leaf/images/365.jpg,1,phoma,3,0,0,1,0,1,2048,1024,9bb5731ebdc4fa2ee2b308e203981eb6ef070f8e27fc6f06dbf0e8470a4fbe03,f0789be3c3846c1e4e7337b1316dca4e4ee40d29611bf0f113cc0fce893ce4b9,fa111a31b13cb849d2ccd4ef82c702e59a4beb83df48654f196d83af822d61af,bracol-365,treino,0,
bracol,366,data/raw/bracol/bracol_completo/coffee-datasets/leaf/images/366.jpg,1,phoma,3,0,0,1,0,1,2048,1024,9d22ba8142a4fb4218bf90ed6b226326887748275a0f86db2850c273a864b460,f40ff0f887d01f07c8794ee03ca5a3c362965ab83709bd7886714a97d923b54e,bf70780090af21ffd29047a4cb4ba3d28e2962afdd3c375ca8f4a38edc28572c,bracol-366,treino,0,
bracol,367,data/raw/bracol/bracol_completo/coffee-datasets/leaf/images/367.jpg,1,phoma,3,0,0,1,0,1,2048,1024,837196f1b99ab7b6bedacc0275d579555c1a01df1d80a81ece35812c790473a5,f12992e1c3d6691c4e0b84b130fc7a5373c2996d9b0f7894ccb0e5dabcc35a2d,ff5e9438b00e1ae8d0f78a489bd07d69c302e825cb0f7de6c32da8a49b347596,bracol-367,treino,0,
bracol,368,data/raw/bracol/bracol_completo/coffee-datasets/leaf/images/368.jpg,1,phoma,3,0,0,1,0,1,2048,1024,5cf52814a3fe2cc4abcddf1324a523c89cc64ee92b44573e3f064e284d494e16,bc079a06c3f46d3dcf4166923c3d334b3870d92470e3ccb2a5c9cf516364d637,bffd93f5b4228f6aca534c21d96bec17ccc58c9bc221421ad16fb55c812460fc,bracol-368,treino,0,
bracol,369,data/raw/bracol/bracol_completo/coffee-datasets/leaf/images/369.jpg,1,phoma,3,0,0,1,0,4,2048,1024,4d669d7e5ce68e4a08114011d779174ae6c330dfd2a02203da155d41108601b5,f463e1c7d24c1e1c49a1b1f034974f877258a4efcd251e18ccd6e3eb19891e36,a413e073b6c34ff6c21ebc42cb4b1f89c024e0dc97e00f4ff81c3d9c9de2e29c,bracol-369,treino,0,
bracol,370,data/raw/bracol/bracol_completo/coffee-datasets/leaf/images/370.jpg,1,phoma,3,0,0,1,0,1,2048,1024,97e5b6072950b3c850b952899cff04b03fe7bdabfb47b42b49aa3714eefe4e58,e58cd33b92932c043963e0f925851b13cedaf06c9d61679670b6364b87d8db71,ecc63013e58c03fac681f7878e97809ede1acfdc90598a0cdbf85c198989abf9,bracol-370,treino,0,
bracol,371,data/raw/bracol/bracol_completo/coffee-datasets/leaf/images/371.jpg,1,phoma,3,0,0,1,0,3,2048,1024,5bd2f827bf576e4f48698b1dbb2177bc7538eb960ee3c9461aea0875480831aa,e430cdecd3c632931d39637970d3cec4864e913ad83c3bc18d92643e6add9e62,ef074d4ff4730c65c2e1a0b4cf4056d2862ea34adf5c170f8a28b2dcdb7d5348,bracol-371,treino,0,
bracol,372,data/raw/bracol/bracol_completo/coffee-datasets/leaf/images/372.jpg,1,phoma,3,0,0,1,0,2,2048,1024,addf9afad246d76871ad498eb9858378002d2f8f3249f4e48d285fc336eba01d,f8466dc793b9969cce1ad27024666d2333a5649e31966f58c69b9cadce49a950,be776c7eb40884e0c0c996e3ccd3ca43c4da9f6fcbc88a85c3499d5be3a42a29,bracol-372,treino,0,
bracol,373,data/raw/bracol/bracol_completo/coffee-datasets/leaf/images/373.jpg,1,phoma,3,0,0,1,0,1,2048,1024,4368eec2529c61bd610821fec4cadb9ec44d842b13056f78cf7dba734e01a54b,b50dc9ecc2f2b6930d33c96830eb2ca567cc72de9c3a3361ccb1d916b1c38ce1,b9dbc8cff4c8256ac2e5bfa49b0400165b0ebafa9a3cd351d33c1be98130d167,bracol-373,treino,0,
bracol,374,data/raw/bracol/bracol_completo/coffee-datasets/leaf/images/374.jpg,1,phoma,3,0,0,1,0,1,2048,1024,ee81f928153293d55fdd19b039a3898c7184d1033c513c8adb01bd365f7c439b,a946d2e596b90f52da59782d892e33d074b1f20f21d207797689cc34a75e9ce6,ab65d226f42b03b392f95f089bc0a80e434a5dff8b0da8b0df2d54f2863caae3,bracol-374,treino,0,
bracol,375,data/raw/bracol/bracol_completo/coffee-datasets/leaf/images/375.jpg,1,phoma,3,0,0,1,0,1,2048,1024,1e37a05e847340b0c7104fe2cb5d2ac95b305ccced4577b00dd7cbbde566d03b,f40d69e7c2f0961b4f0b397834f4e58773c19e50990ef5294cb039f4acc3f50a,bdc06861f00fe5e043ff96979b60ef5b512702298b3eef74553412208eb2ee74,bracol-375,treino,0,
bracol,376,data/raw/bracol/bracol_completo/coffee-datasets/leaf/images/376.jpg,1,phoma,3,0,0,1,0,1,2048,1024,c513c6d2e42d14ec58eebd6e3224e796b4e854d634150eb881ddc75727ddf696,b03466d1c3c31b2fcc2d99b038f264cb33cf7a74e70cb3344e34c99b9c334cd1,bf77e481b02042d791db4b62c8899365c9a69b974d86bb8a89974c9a8fce591b,bracol-376,treino,0,
bracol,377,data/raw/bracol/bracol_completo/coffee-datasets/leaf/images/377.jpg,1,phoma,3,0,0,1,0,3,2048,1024,d50b10ca923667b5e0ca8fdff8753eb32a15257ad8999848b83ac4e1b897ee39,e52992e6c696494f0e2365b031ee729b43879e698d3cd8e678b09d873543d33c,ad4e3233f0adb852c2f143e9874cebc1de275d8745790c368e70543cd708de78,bracol-377,teste,0,
bracol,378,data/raw/bracol/bracol_completo/coffee-datasets/leaf/images/378.jpg,1,phoma,3,0,0,1,0,1,2048,1024,ba526aae7ea68b78481b7c8b86aa09e0087f2ef797eef8fa76ebcc906c401cca,f528d07583d54f02ce1ae1bd3de07282609f8f487380d83d8f38edd2d83b37ca,bf44b60fb02d02fcd3d48b4083c77d298301ecbddf0645b48b1745b0d13faf93,bracol-378,treino,0,
bracol,379,data/raw/bracol/bracol_completo/coffee-datasets/leaf/images/379.jpg,1,phoma,3,0,0,1,0,2,2048,1024,5edfd4b6e743f6a13e50191606840421fd07a06fc864be71cb40638d12e07d5d,f07ce79393c6493ecf399ce46cd092d364cf62c931ac272e3252cd3431235b9c,bffff100947070ae92b44af791ca0278d7a88fe163a111c7cf138ca34153b9be,bracol-379,treino,0,
bracol,380,data/raw/bracol/bracol_completo/coffee-datasets/leaf/images/380.jpg,1,phoma,3,0,0,1,0,1,2048,1024,680d01a74dd54f5a32aa96b045993e874b9b586bb4b58329f6fb0e4ed054f0ce,e50c60f493d01f4b5863c5bc35b4f2c3c69a2d699a6d1ab459a3c9ce279e7225,adc0f02fa08f52f4c6c02f4e92891f3dce5c29bdca6855e5cb61ab86cc7c5d84,bracol-380,val,0,
bracol,381,data/raw/bracol/bracol_completo/coffee-datasets/leaf/images/381.jpg,1,phoma,3,0,0,1,0,1,2048,1024,210958ef3efed73419d951c8a5bd56419386a1115675aec0e99fabc87fd415b0,f40d3e0ec3f4e1f94f0b8f062cbccc3f62c4acf0b34b32cf5a3c330cad324334,bfd49273f00a58d0d2ad280d83f65dedcb42a9adcb2155c08f37a296cd96d5c2,bracol-381,treino,0,
bracol,382,data/raw/bracol/bracol_completo/coffee-datasets/leaf/images/382.jpg,1,phoma,3,0,0,1,0,1,2048,1024,d066fe78843915d00a69708d22d3ce15ca4d15dd906f02fdc48789907d4dfcf9,e170c62c979f4a434e5eb1bb64e11e843397e2789b380d25c85b58b64cc7b35b,fa25a7c0b176466f93e8fad4d380035edacf5d22834cfa3bcd0e10346d8ad534,bracol-382,val,0,
bracol,383,data/raw/bracol/bracol_completo/coffee-datasets/leaf/images/383.jpg,1,phoma,3,0,0,1,0,2,2048,1024,921e3f066869f30365d57bf8f98d31b04a620c53ae0b0e34c20b506e78e5cbf9,f41ee1e093c04e1fc96b9c6c6cb5439235cacd8b625d34da27294a719c72b16f,a9fcfe01b57a4080d2ad86d5c3d617fa8b43d7808f0baa1bc125cc3e8ab7517c,bracol-383,treino,0,
bracol,384,data/raw/bracol/bracol_completo/coffee-datasets/leaf/images/384.jpg,1,phoma,3,0,0,1,0,1,2048,1024,a4850f7cf8fa03e2e72c380c670b1c211f57e577e824d4f83e33a4a9df51cf38,b1e3c70d943a3ef2689cf0e325fd8f1cd2224cf809c7308776bc2373ca509d27,b0e2e389b171079dd625f41cc275d2b89f6b3550cc079b7ae88059614dd7f925,bracol-384,treino,0,
bracol,385,data/raw/bracol/bracol_completo/coffee-datasets/leaf/images/385.jpg,1,phoma,3,0,0,1,0,1,2048,1024,db83eff92ae1c5a5517cd9f48ec8b56d2b39a11faedc2fb417be233c3cbfd717,e147ce1996a439e71a5261f32169c60464a58e7e32d2d9e9933b3b1ce33574ba,ea60ce1fe5470d4ac7aecc208e157cfdd45215d5d2f8608295ddf1de9208639e,bracol-385,treino,0,
bracol,386,data/raw/bracol/bracol_completo/coffee-datasets/leaf/images/386.jpg,1,phoma,3,0,0,1,0,1,2048,1024,6564c50f05e4c8618b29820198085264612031ea6315ea7400af6366fc69a293,f0493cbc87a6b3c14f12ce0f653dac7036d378a3624b334d89a466bcd89a8f72,ba598da4b062183f92f9d9d4cb4531cacd6ed5878b252186df1e5dde8814e88b,bracol-386,teste,0,
bracol,387,data/raw/bracol/bracol_completo/coffee-datasets/leaf/images/387.jpg,1,phoma,3,0,0,1,0,2,2048,1024,ba299c19628b80e78ed3a4baa94f8ef18783454449af63cdad163c7b35355c27,f4359929c3dae4964c2d664f30f2b83437cbd9c3db1cc58f8c2466784cd25273,af549a99f489bd6880d75025d3cec8ffaa4ba9f0c76e45e044642987aeb46783,bracol-387,teste,0,
bracol,388,data/raw/bracol/bracol_completo/coffee-datasets/leaf/images/388.jpg,1,phoma,3,0,0,1,0,3,2048,1024,9b497bdc8c9770da7f6bdcaea0522c87e7ec7b8c69d24f870ea476b3accf8251,e0ecd39196172c785969a4e7359fc35a3646192dce6134b6999dc8ca3336670d,eee1f00ca45511fff7e212a1d68d2757d28ecd4a2246cf2a93d9222cdf7a011d,bracol-388,treino,0,
bracol,389,data/raw/bracol/bracol_completo/coffee-datasets/leaf/images/389.jpg,1,phoma,3,0,0,1,0,1,2048,1024,03e39ed8f1b748a42813602e9641358a112cdc7d4b5123f1f8319939ed44a58d,e439e36cd2ca9c922d26d9e17190e60d9e493278cc66cda75bc69b9cb3193469,ed1bc2dea4ba87c896b13e0dca704c6dd9622ae4cfd714c696823ae4cf1d14e4,bracol-389,val,0,
bracol,390,data/raw/bracol/bracol_completo/coffee-datasets/leaf/images/390.jpg,1,phoma,3,0,0,1,0,1,2048,1024,54b73376c81b6cfe3a91375268cec110398354f97f3a75077e2024445fbcd47d,f1e19c0cc69663e36c393e1f3d8699e0f278c632630d2d8d1db033a0d9f2e276,fab91f8e95dcb85c9207b0239662f064d64974c6d47974b3cc29e892eab1e8b2,bracol-390,treino,0,
bracol,391,data/raw/bracol/bracol_completo/coffee-datasets/leaf/images/391.jpg,1,phoma,3,0,0,1,0,4,2048,1024,5925b30fed6e3047e6aa3a56ead8680344f0da36ef68dd74d0becbb1804322c5,e0e430e49b4ec31ec9b5ce70a498c8e34e599cb634ed49db736699ccb526631a,bf781f6792905f93db5ba8088b21509cd107a648689e54edc459b8cfc63dd07e,bracol-391,treino,0,
bracol,392,data/raw/bracol/bracol_completo/coffee-datasets/leaf/images/392.jpg,1,phoma,3,0,0,1,0,1,2048,1024,757d9b5a5e76948a7510e9ce5c288f3b3511ecf6b6b1a4d69315221f73562a19,ecdec24993a53c375b6371f660bdcf0b96861c7cc85b21c337a0458e66968e58,ecd4424ef4a2a76cc0f71624cec2ee9cce0b545a8f5fea799e297539913980c1,bracol-392,treino,0,
bracol,393,data/raw/bracol/bracol_completo/coffee-datasets/leaf/images/393.jpg,1,phoma,3,0,0,1,0,1,2048,1024,dd95eb4071839ccbe9e05b93b7157864bdbbe6ce0287aa682475f2b196ba5f52,a144cd9396b13a6c594be1c765a54f1936969c72db695bc599b5e51e58922631,a8e5c9b1a523071ec6b5be24ce54547ec24aeef096394443be35b6e7d471944a,bracol-393,treino,0,
bracol,394,data/raw/bracol/bracol_completo/coffee-datasets/leaf/images/394.jpg,1,phoma,3,0,0,1,0,1,2048,1024,48bf78ba569fe571e0b3aa22c214ffeb255632352b053f0724054dcf19302265,e509d9c696943e3979e6e78426393a1ee2508d297b87e196353866cbe255bc64,e35a7831a1ed07ca16a5e68f8b1e567cdb28ae0a995d7e618aa8807ddd5147e0,bracol-394,teste,0,
bracol,395,data/raw/bracol/bracol_completo/coffee-datasets/leaf/images/395.jpg,1,phoma,3,0,0,1,0,1,2048,1024,e9054cd0cd426c5ace8f5254a692421cc0078981216e947a75b66f7ad42a37cf,f196ce499b49383e4c3cf3c334d3cf1ce36c8cf099366acbcc98330c46d36338,bd57e4b7b4a005c2d0b7e7ed835a5600c3eaa64f8d01562fc5a9ab7ccc15532c,bracol-395,val,0,
bracol,396,data/raw/bracol/bracol_completo/coffee-datasets/leaf/images/396.jpg,1,phoma,3,0,0,1,0,1,2048,1024,fcac99749d9da89027fe08306b84066c4e36c15e1b7a3dfcebb51e14aac18469,e4ccc78992d538335b3331c0657cce1f3ec63339914ba017cf355cea2172a1dd,ec67c0eca467cf8016f6311db8523ab0d3e857b3c24dae139c08767a59dd22d5,bracol-396,val,0,
bracol,397,data/raw/bracol/bracol_completo/coffee-datasets/leaf/images/397.jpg,1,phoma,3,0,0,1,0,1,2048,1024,0132ef54244c82b081901967d2275f1b260190956f3adc21ee82403eb3a1044c,e079739c87e7c6299a1c9e663978d9086da73184661e669a36682659b86d766b,ef0c30e3f43901cec2bcbe00dbc4471b924bbe1cdb6f441c8a2c2bfddf6cc580,bracol-397,treino,0,
bracol,398,data/raw/bracol/bracol_completo/coffee-datasets/leaf/images/398.jpg,1,phoma,3,0,0,1,0,2,2048,1024,53aab56421b69585fa79e160a6cd660b87e9d7c6fe31ab61b5f2a5b2c8757dba,e545767197bb4bc21a16d9bd61e836814617665a96706d4972c799a4999c93b6,ea5ea711e01007abc7e13ea48e1772f79c5a30c0b86e88c3f672cd8fa769ca0d,bracol-398,treino,0,
bracol,399,data/raw/bracol/bracol_completo/coffee-datasets/leaf/images/399.jpg,1,phoma,3,0,0,1,0,1,2048,1024,4d0db4f2a7059f138e51b05e6c0ff3d2130c72ffda84bb2929aad60562124613,bd06e276d2d40f08cb1bbc3d6ce1d0c734cf474a339c273dd36258b4873330da,bbf4f420b46242f79bd70346d98a2b2bd2274dadaa37459cc23a2d95565a2c99,bracol-399,treino,0,
bracol,400,data/raw/bracol/bracol_completo/coffee-datasets/leaf/images/400.jpg,1,phoma,3,0,0,1,0,2,2048,1024,5acb1fa0e846759c8e23f19c932e490460b61747f06aa8c90909ea47e827827a,b1379993c2c8e4fc4d3fc30732529c36358d19d9693692c6d66764c9cda3c332,bb761b279409ed104b9258afc748b4dca44d6892da2c60eed27e95d7ecb5222d,bracol-400,treino,0,
bracol,401,data/raw/bracol/bracol_completo/coffee-datasets/leaf/images/401.jpg,1,phoma,3,0,0,1,0,1,2048,1024,056d7e001fcc0c11f22cb679c66a786d9d84470d0561dbafff6f09ea2f2bd9b1,e4643373d393ce4e1d2b8cb964f433c2378b60ec336c8701cca4d97ace930ce7,ae44b119f42f12fdc7d4da428399db4bf389856d9e8ee73c8806c32c9e3ec224,bracol-401,treino,0,
bracol,402,data/raw/bracol/bracol_completo/coffee-datasets/leaf/images/402.jpg,1,phoma,3,0,0,1,0,1,2048,1024,d9c989da0f00782ab90ec6dcad9c82c59468bcea1ff9ae7aaf1f5ad026ca1cdc,e8c5ccc097ba333a3a50c2e565ed8c4a969672b1d87a33462de58c7c6496cbb3,e86ccc4ce44c8fd587a9650ad785d1bdd29719909bdeb987d24234371073d5b2,bracol-402,treino,0,
bracol,403,data/raw/bracol/bracol_completo/coffee-datasets/leaf/images/403.jpg,1,phoma,3,0,0,1,0,2,2048,1024,9832feed73ff453506e9d17b0dbd27080e15357a74478fcdbaa00afd14e1bf07,b5239871d3dc678e4c6970f271b39f039b46c8bccc6d26ca8cd27067730f8722,bd331f18f1b3a1d882f3d1a1df43a3d5832d3e8e47a44415cc142bfc6cbae4a2,bracol-403,treino,0,
bracol,404,data/raw/bracol/bracol_completo/coffee-datasets/leaf/images/404.jpg,1,phoma,3,0,0,1,0,2,2048,1024,baa648c12987142226890c1a9062d161420aa45f8b56aad62093079766b0dbb3,b48ce78cc3d198734c23892531b6e496738b3658a47c726dd8e387262ddbd8b6,bdc3e1e3f08d469492deaf0aef48dc3c8369aa71d7251c788a14c261c5e79a71,bracol-404,treino,0,
bracol,405,data/raw/bracol/bracol_completo/coffee-datasets/leaf/images/405.jpg,1,phoma,3,0,0,1,0,3,2048,1024,550e4b46d000dd9f6a28bb13040da5779702b5514ff6a3ee7251eff4643d281d,f0349a32cfcb65c56c3c369e32e3cb703b0d8597ccb87a59d8c1b124b5665a92,bf7393e7f022eb40d84fa40be1f8469fc4c3aada89f85529cb86aa859c1e1c38,bracol-405,treino,0,
bracol,406,data/raw/bracol/bracol_completo/coffee-datasets/leaf/images/406.jpg,1,phoma,3,0,0,1,0,1,2048,1024,4ca5cd24fa29c6e04f279ff57bcbb62c8849e0de06c57adbcfab36fca8d88290,f5176066c3f29b814f0fcc7c34b03cd0e3cb334b3f255324b1328c32cbb978d3,bbf5f624b00042f7d3f30b50d3008f27c1055fb7a1cf5f16c18abe1bc595be08,bracol-406,val,0,
bracol,407,data/raw/bracol/bracol_completo/coffee-datasets/leaf/images/407.jpg,1,phoma,3,0,0,1,0,2,2048,1024,4aab112c3c05c66d0499231f688750d8d22f9dcd968e9d181c5b49ef4fcf99cd,e429492fc6c6b4f4983e4e1b71b0f16c67ce8fc64631da1e987ba45899c463e1,af5d4b50f038bd2bc6f080bdc72951f0cf7dafe58e10438214215586c677879f,bracol-407,treino,0,
bracol,408,data/raw/bracol/bracol_completo/coffee-datasets/leaf/images/408.jpg,1,phoma,3,0,0,1,0,2,2048,1024,91e31a2a291bd461aae299a6edc436ea011eee390486af2e54740af9e884f020,b41ce1b3cbc11e47cd3798fc3eda48d3306cb68133966b2e918b3332ca1b8d69,bde8f9389487403fda56a152d16bdbf989a42741dbb6aba18d934782caa32513,bracol-408,treino,0,
bracol,409,data/raw/bracol/bracol_completo/coffee-datasets/leaf/images/409.jpg,1,phoma,3,0,0,1,0,4,2048,1024,05bbdf92cc7e52e6470a7820277e278e2b49ca8d2537ae0355290a2730716a90,f0f1ec70c70fd38f4987318636384e30306384e9c9e7394e859e63b54e7abc63,a7ff20ff90f0c0c2cbdab74bcfc81b2d8e143d3ece389934cc7450f287a089c1,bracol-409,val,0,
bracol,410,data/raw/bracol/bracol_completo/coffee-datasets/leaf/images/410.jpg,1,phoma,3,0,0,1,0,1,2048,1024,7ed014229947f5b1a7259128076ad5bb7d5ddf01ca2f1776b81ec8cc95e44674,f0953078c348c7874c37cc7e24d21cd17a4d73cb8526333c6af2c932b72fccb1,bd6f9790f000435fd2f6e92181e05da58b01a9d6d783149bab8f5619538fae59,bracol-410,treino,0,
bracol,411,data/raw/bracol/bracol_completo/coffee-datasets/leaf/images/411.jpg,1,phoma,3,0,0,1,0,1,2048,1024,907f4257be48dedc60ed64f1f29bdc8c4b3b8cef3543ab1d081fdfb5ab7bb1c4,f5219b8ec2f664b90f4b66c038bcb32f6392dbd0c61bcd8bac6c4cbc18e43263,ab591ae5f528b95282b7d02ed3d2c1bf8a93e9904d5a45834f488b8b8b6dbe0b,bracol-411,teste,0,
bracol,412,data/raw/bracol/bracol_completo/coffee-datasets/leaf/images/412.jpg,1,phoma,3,0,0,1,0,2,2048,1024,7051fbbf97dec94c795d61ad097efd2edd8c3a7b34b992debf5037da374483f9,f429cd86c2d61b5b1d0e366d30fc4da666c39cdbad3e9299d8e06948398366a5,bf562d62f42a68b5c3f5e4bacf50a3d08503c7091ab70a9fd4d2d558cb4a1ab8,bracol-412,treino,0,
bracol,413,data/raw/bracol/bracol_completo/coffee-datasets/leaf/images/413.jpg,1,phoma,3,0,0,1,0,1,2048,1024,8c9a4640d06e849289e0aacfded57600046fef0dbc49f5b91937bde026bd986e,e24d4b598532b4a67cb54ad9e34c2b529e30b4ac68b54b5577cab02aba6c6795,fa6d4b49e142295a9742b50abf0e60bdcd3c3fd0eab4f109851231bdfe2b71a0,bracol-413,treino,0,
bracol,414,data/raw/bracol/bracol_completo/coffee-datasets/leaf/images/414.jpg,1,phoma,3,0,0,1,0,3,2048,1024,42ec5fc1d687135d9e0f413cf1dfa94a0a8012a2b6812c7551e4393d0aa26c57,f41f9e1fd3c0e1e049611e1337869c6966186b8e7265b4b19de7ca6bd99c4c84,a5f610f2b0c1fa50c39d716bd60ead85be1dfa87d3c05d1ccb61ada48fa45282,bracol-414,treino,0,
bracol,415,data/raw/bracol/bracol_completo/coffee-datasets/leaf/images/415.jpg,1,phoma,3,0,0,1,0,2,2048,1024,b0547a9ed82cb914b145cd7868533ad12293e79db12417f8d36cca24b1c4b07c,f12d9861c2d267b62c2b370b71c698f4d29ec78726692c1ad979b1f099a626c7,fad51a9df08af85097d5f07692162565247c24b54ce960f1caa9db82db68da63,bracol-415,treino,0,
bracol,416,data/raw/bracol/bracol_completo/coffee-datasets/leaf/images/416.jpg,1,phoma,3,0,0,1,0,1,2048,1024,17575251e13d991201ce076a7100de5ea9c69d31ab7a177458ee7db326340f70,f4349690c3d369698e2cb5a478f052da27c7972d623c5875b7290d84d8f7e45a,bf53b58bf0045a9482fea95bd3c07fad82050965d70eefa58b0e0504c93aeab7,bracol-416,treino,0,
bracol,417,data/raw/bracol/bracol_completo/coffee-datasets/leaf/images/417.jpg,1,phoma,3,0,0,1,0,1,2048,1024,04f1a9e28a7608662e191acedd36e8c278d3518b56f44ec1a0915892cf193502,e80dcb4c87e01f2eda17b8d1396a63c361a5273e6798ac34665298e28e6d99cf,fcc9ea66e4470562c3babf81c794dcafa63e1054862aaef05e5890e29e6b4a53,bracol-417,teste,0,
bracol,418,data/raw/bracol/bracol_completo/coffee-datasets/leaf/images/418.jpg,1,phoma,3,0,0,1,0,1,2048,1024,8a7a53258275cc9f00e00e629b1951751732125dae52ca3451e51bbee05ce4bf,fc0fd2d2c2f08f29cb5378f63d2d84c330f4d25d32639328c70771b4cc3e2cd2,afffb52eb5408280d42853d7c2bd1b62c0577b59c7781b28c3a03b2dcfa43715,bracol-418,treino,0,
bracol,419,data/raw/bracol/bracol_completo/coffee-datasets/leaf/images/419.jpg,1,phoma,3,0,0,1,0,2,2048,1024,e81da46647f3da93f68e6e2c82aa90bf788eec1861b461e14ff052d90415b8ab,e0c5d992961e3733793166cca1879d2d9e1bca7661693d890c86529dd27aa763,fc4e4c06d4ecbc2c884c80f1c53d55cbd6b0ab818a738297dea3f7bad7722318,bracol-419,treino,0,
bracol,420,data/raw/bracol/bracol_completo/coffee-datasets/leaf/images/420.jpg,1,phoma,3,0,0,1,0,1,2048,1024,d36330ce2faaa624e2a3396cbd2f78d66c4601c3fbb1b030788279b0a3625890,e139cd4997873ce65a5a337b65a94f2536868c6eda7a1ac18b21215b78b66724,ef104b99b13e6d6ad2be2ca5cbd014b5830320d2de2fd4d28e0622c3d7fe8747,bracol-420,teste,0,
bracol,421,data/raw/bracol/bracol_completo/coffee-datasets/leaf/images/421.jpg,1,phoma,3,0,0,1,0,2,2048,1024,b0eea8c26ee1a832c9cadbfaf1d140e5ec7ce0df715311ad823c5a5f1afa4333,e439c5e093c66e0ec96831956797b16b66cd4f079878cce419c3a49b71b51b69,efb1e802951e42bb9e8166d54270afc2da4b960be96d4f14e42a9b7dd6e48f20,bracol-421,treino,0,
bracol,422,data/raw/bracol/bracol_completo/coffee-datasets/leaf/images/422.jpg,1,phoma,3,0,0,1,0,1,2048,1024,13dd5dcf16b555ce255a4c25934990b8f4f3b846d11193403826baff221ec23f,e07c333887854e47195ac4e96c67b19e64943a43b718632c9b73e4bfcb659c52,eee0b181c44f13bbe1c44610b3c6d3468abbf34e1eabe96b538c236cdc4703ad,bracol-422,val,0,
bracol,423,data/raw/bracol/bracol_completo/coffee-datasets/leaf/images/423.jpg,1,phoma,3,0,0,1,0,1,2048,1024,d933f5f92ed70eb649feefa7aa0843cbb2177191625a73592eaf5ef493a18976,f4449ec7c3d461394f1b368931f0f24e624749258f2c9d90d8fc729b78e3374c,ec451ce7b44ef823d6e0537ace4383c38a488382dc6cd71edd35a31fe8266b38,bracol-423,treino,0,
bracol,424,data/raw/bracol/bracol_completo/coffee-datasets/leaf/images/424.jpg,1,phoma,3,0,0,1,0,2,2048,1024,a6ea7132ce0d082775d1594f209c56c750dff8e51b6a0514f76445d2412dd5c6,f0149a5bc3c665a44e1bb6c33078d92e6382ce99964d6c66cd7432639cf3b12f,bf4794b2f04a4b47c1ad4596a6d0edebcbc8448497c7a566cbcf66c691062627,bracol-424,treino,0,
bracol,425,data/raw/bracol/bracol_completo/coffee-datasets/leaf/images/425.jpg,1,phoma,3,0,0,1,0,1,2048,1024,b991043da8e98abfaa31a5ffc40b9063b8bb6acb5d61936ab4b353422ec31bd4,ed097037c6f40fc09a13c8ed3968b19147b43326e59baf3e369b64bc1e7224c3,efdcf538e40c02b7c4b10640bcd58e0234dbcc4bbabfe87817d378488283f9cf,bracol-425,treino,0,
bracol,426,data/raw/bracol/bracol_completo/coffee-datasets/leaf/images/426.jpg,1,phoma,3,0,0,1,0,1,2048,1024,7bc5e49a56c5765fdf64828e7c97cff5c48b46fab0ec1b3b64cf171a9e1eed8c,f19467328f0b9c1c6870c1e1358f663e5b589f19e42799e41b1be4ce39accb19,f9c6e02691fb27e0d287879fee5e1318e46b8a48c4f1562d8a6bac91c361dc1b,bracol-426,teste,0,
bracol,427,data/raw/bracol/bracol_completo/coffee-datasets/leaf/images/427.jpg,1,phoma,3,0,0,1,0,2,2048,1024,5c7529ece77ca89effbf7a0c1161abf4b0ad668cbbb50b65c09c0e884fdeca48,e4ccb3c9d31b4c063935b4f164c63b1fc399c4e41926c673c43338cd66dbc569,ecc6b889e40b10f7d0bd8e5010c2eb2a9ed35163bf338c65d2233f71c1575f2c,bracol-427,teste,0,
bracol,428,data/raw/bracol/bracol_completo/coffee-datasets/leaf/images/428.jpg,1,phoma,3,0,0,1,0,1,2048,1024,0a69d1c3189e5413bae07590f28b5c15989877a31c852ff0abaf24087cbdf017,b194e65ac64e193d2c31f0e67b9b270b91e4c9b48edb94e5683d334b33644b34,b907e46690ee0394a246db0e81bf884cdda098be4d84bcbac9d79cba89db5cb9,bracol-428,treino,0,
bracol,429,data/raw/bracol/bracol_completo/coffee-datasets/leaf/images/429.jpg,1,phoma,3,0,0,1,0,4,2048,1024,5014b9f76ed69707e5756feffedec54a19283e5a6e2586a5186c71b3b1f24380,fc6791e693e02f19db1fe4f92d39863364b199e2a647388ed26924c6a93cc618,af39de33f40010f3d0e72b52c2fd4de2c3002db1c3e15c819a6fbaddd340964f,bracol-429,treino,0,
bracol,430,data/raw/bracol/bracol_completo/coffee-datasets/leaf/images/430.jpg,1,phoma,3,0,0,1,0,1,2048,1024,eb6c9b98b11ba9ab46f91763bd16908df135dcf4244e61e3f0fa40a9b36ea586,b806c57991fa1e84cf113c7e4cf8b1e134c76312b36ec51f4b648cbc9d934e62,bfe16f48b00114e7d0bbb6f543d4b342c9e95b27ad8859b74306adb21a1fd092,bracol-430,treino,0,
bracol,431,data/raw/bracol/bracol_completo/coffee-datasets/leaf/images/431.jpg,1,phoma,3,0,0,1,0,1,2048,1024,e63b169a2a00d33cd587cdfe7e577cd428d3db7f5f3555a5404aab2c490824c3,b109c58cd3b71e51ce42b07f64ed63a43696cc9e1b709e5199c3db65c69c3126,bb9469cff14245dec3abbe84ca85160facb61a7dd490ba7484d1d4728fc206b5,bracol-431,treino,0,
bracol,432,data/raw/bracol/bracol_completo/coffee-datasets/leaf/images/432.jpg,1,phoma,3,0,0,1,0,2,2048,1024,9160c07bba935fb7f49fc4000d1205475174d680a241859bace1169b14996f86,f43f9e0787c161e8496c34973c31da5a3ac38d2d6787718633c8247bce71738c,afff83bf9401ca40d2d5e90ac9587c2178f83a96e786751ee3093a1957297570,bracol-432,treino,0,
bracol,433,data/raw/bracol/bracol_completo/coffee-datasets/leaf/images/433.jpg,1,phoma,3,0,0,1,0,1,2048,1024,c31ac3dc6e26f807afe61cfe60c28dd6c780a968f8be2b5b06eb610830775b12,e524db6fc6d63cb01a6964cea5a5278343929238bd4fce6146f4c9c7255b1c96,e9755b50e1a2bd2a939750b59f0ebfd28e1e5402d278ea5eaa7d3648564b060d,bracol-433,treino,0,
bracol,434,data/raw/bracol/bracol_completo/coffee-datasets/leaf/images/434.jpg,1,phoma,3,0,0,1,0,2,2048,1024,b762bad4c8284e4a372abd23419742adcb97d55fe922c4bab4ef4a6a5a211b86,e0c619cc9e19c79649e76e79669a39863669db98cb46c9f18d34262c2e9b5a52,bd5c1edf90e7bc629e00d0e0d638dd87da71aa97ab59635a516f650b213120b9,bracol-434,val,0,
bracol,435,data/raw/bracol/bracol_completo/coffee-datasets/leaf/images/435.jpg,1,phoma,3,0,0,1,0,1,2048,1024,ddf37a08c11f684fa21d892101441191317119cfa439f4374ccc294995003212,f061b0ce87844b415e1ec43d64eb32d27385716f99ac2f94d8d3cc7127699b63,fc08b4c4e05c1afec3e8f9508d0509abdcaf65928c567b9bdce8218dd8556753,bracol-435,val,0,
bracol,436,data/raw/bracol/bracol_completo/coffee-datasets/leaf/images/436.jpg,1,phoma,3,0,0,1,0,2,2048,1024,93b15b84cdaacc77bcb12b2fd86320e927e2ab95a7ab107440d629992f109bd7,a14f6c49863c96c61cb3593e31e225b3670e668d96f03652cc4963edcdc4bd1e,b0f74ec9b0c9849ecfefde699e140e54d85a68628de11b60510d2dafba0f3a31,bracol-436,treino,0,
bracol,437,data/raw/bracol/bracol_completo/coffee-datasets/leaf/images/437.jpg,1,phoma,3,0,0,1,0,1,2048,1024,a4b5bcc391e58c83da2edb562d9917802bd6a24accbed6ecfbe19719d26f4d53,f0118e6693b3f1f8ca44c785ecec983c34d443a1734a354b332556eecb368f6c,ff8a076bb1157c02d2b86057cbd5b2f8894ad640cda9cb678e95d327cc1ec126,bracol-437,treino,0,
bracol,438,data/raw/bracol/bracol_completo/coffee-datasets/leaf/images/438.jpg,1,phoma,3,0,0,1,0,1,2048,1024,7fcba17b81e3029544e587752cf3caf034d3460d853e97f4b95d0442a29b9be4,b40798c6c3f46f394e19f61f347c1b60f386ecb78d1a36c24c797339a7c03890,bde09ce6f0434875d3e7ed208b9344b35f12e051af2f367941353e50a3b0172f,bracol-438,treino,0,
bracol,439,data/raw/bracol/bracol_completo/coffee-datasets/leaf/images/439.jpg,1,cercosporiose,4,0,0,0,1,1,2048,1024,23930daa7a05b6a4da3bdd9d4b41b0eeb79d31ba8d10fff5c83ded88f09b6db1,a84a399e90a5c6614f12cfb6607b3d1a968532e1c9dec24ee941cd3c562f3db3,aa531987b44b3f8694e9d05ec2c56afec647d1c0cb4e2ae3896cd5c3cd4c6287,bracol-439,treino,0,
bracol,440,data/raw/bracol/bracol_completo/coffee-datasets/leaf/images/440.jpg,1,phoma,3,0,0,1,0,1,2048,1024,afc312d708c156de3737ae48bfcda7c4b036fc8ba745b0e36b01173f7dd28239,b0399c1f87c765e04a7a729f1ca99b0a9dc64e706699c9b1f33a9076325c48cf,bfd09ffd90ff8c0f82422235462b64c04d1dc551d31cb19d9b2cf2cee23672cc,bracol-440,teste,0,
bracol,441,data/raw/bracol/bracol_completo/coffee-datasets/leaf/images/441.jpg,1,phoma,3,0,0,1,0,1,2048,1024,b25d86fdf57195f14b10e613b85bddb94ab779bd8af1aae210a364077dbd6251,e81c97c897e34a351a1de56263e9968dc846fa5c8d296ce3f29d25b332cad30c,ffe6b4c6e03611ce84667ae08b440a67db4e4a0f814ace7799ce863495a55e9e,bracol-441,treino,0,
bracol,442,data/raw/bracol/bracol_completo/coffee-datasets/leaf/images/442.jpg,1,phoma,3,0,0,1,0,1,2048,1024,b8b954b33d935314425f598501159f75224babba5cb287a01da8dcfa60fe94c5,b43dc878c3c01e87cb0770788cb633c47edb326334e98f254a47cf16b1baccb8,affa4fd4f4812d01d000d6b5d27fae52c37f440bd16dbe4beb640469d024dc2d,bracol-442,treino,0,
bracol,443,data/raw/bracol/bracol_completo/coffee-datasets/leaf/images/443.jpg,1,phoma,3,0,0,1,0,2,2048,1024,8a1a19c6aecbca367d3adeb929d567560ff305c5417a9a7abe983b9336a57e54,f525c33ec3d03e014e0f70f834b0898f72d39f36990d65794c945cc5e7629d4e,bf77fbb0b40001f3d2ff57a189d07b838dcb750bc9cd2c8de92444ced134888c,bracol-443,treino,0,
bracol,444,data/raw/bracol/bracol_completo/coffee-datasets/leaf/images/444.jpg,1,phoma,3,0,0,1,0,1,2048,1024,544725a0b2dd0aae9e5775d935f589541d6c860660fe2853fef7f58cb0e2e322,e518c3c396bc3e2f4b4131f8652fc68936d48573d06b59879b2565bec0b73650,ef16e0fcb505c7c286bf34a9c2187cd59abe2ed6c1507442caa23e47c756164b,bracol-444,treino,0,
bracol,445,data/raw/bracol/bracol_completo/coffee-datasets/leaf/images/445.jpg,1,phoma,3,0,0,1,0,1,2048,1024,4f81ce51d838a1676fcdefb167dcd6a4986bdfc98fc7438d9509e3b126d1be9a,a9109ab3c6af654a8f546195183b369e98e0e658ad876759699e396d9cb8946d,ab8f1bb9f552bd5496d5c420d604b4e5860fa483e639e69fc2b9109bc3b9628d,bracol-445,treino,0,
bracol,446,data/raw/bracol/bracol_completo/coffee-datasets/leaf/images/446.jpg,1,saudavel,0,0,0,0,0,0,2048,1024,e91ea5e52e9f3e924fe80655ffc0e62f09fe58504beab4a8878af05d173aab8c,bd29eb0cd296b4b11d0eca5b70b42dad27c372d6da1c127999e0cd21b8c79996,afd4d3c5f43a294f82bcd7a8d7903007c353bafecb4b3828c2295f78dd311025,bracol-446,treino,0,
bracol,447,data/raw/bracol/bracol_completo/coffee-datasets/leaf/images/447.jpg,1,bicho_mineiro,1,1,0,0,0,1,2048,1024,f328e53ef2a33d69dc159d5f8852dedb78db0a3237cb4aa7b6045421e8e83c15,e14a4b1e96b5b5699e1ec696786e387a6781c7a5661e29968e70989a98af3253,ead54ba4f50a395e83fde16ad7c029a08207c585977c34978a2c8a9c9e7d359e,bracol-447,teste,0,
bracol,448,data/raw/bracol/bracol_completo/coffee-datasets/leaf/images/448.jpg,1,phoma,3,0,0,1,0,4,2048,1024,394445513557a74136f1a3e8b63d3dd88663422d4d3ed772e1459b18bbcdb7d0,b005f39cc3da4d216c3794f230ea6b4cd3e5b52ccd1adad134a9a50fd256663c,bf73f4e0928743c7854f2bedd4a43d56881e5e8a415dbb8148ba91c0a8d9dea3,bracol-448,teste,0,
bracol,449,data/raw/bracol/bracol_completo/coffee-datasets/leaf/images/449.jpg,1,phoma,3,0,0,1,0,1,2048,1024,1dbae07e01722502b2d446a273203150790666353d71c63a0b683a77ebe38ec6,a44f9ac786a4e968d97a0e1233a130e9651cc14f66c69fb49ced4d33d939a4d3,aefb16b3a44af850cee5e9e9d233e520947247150f530f358aa78e32b34acc72,bracol-449,treino,0,
bracol,450,data/raw/bracol/bracol_completo/coffee-datasets/leaf/images/450.jpg,1,phoma,3,0,0,1,0,1,2048,1024,d5cd41e322ebb1a5a9c733fe33aa7b8abf4dbce33a3d0bd46ff75a7c692c9045,b913b38fc1b36bf08f806d2a6c7e86bc32e0da52699331f5c1a77b821ed4304d,bb03b3d1f01112a9c1fe7b55c980240ec7853ed7868f3642c50f486fefb5c1e6,bracol-450,treino,0,
bracol,451,data/raw/bracol/bracol_completo/coffee-datasets/leaf/images/451.jpg,1,phoma,3,0,0,1,1,2,2048,1024,2af2e2ecc627e05029208355ab32c6c8e76c5f5826b2212e260de84394f18fe9,b122659ec6df1f604e48e0bb31a467ccd2db3b2ecd69c0f15c860dcb31db468c,b93fe4d2b12002e1d2938b67ca0ac527cd2dfab5c93c57528db0aa23cf986c37,bracol-451,val,0,
bracol,452,data/raw/bracol/bracol_completo/coffee-datasets/leaf/images/452.jpg,1,phoma,3,0,0,1,0,1,2048,1024,0c4894eb2b2e9a372285796150e0015feddc74ec2cc36996ae32fe9e764331c3,e91ccf2584e39cda1b1532c36c78615b27a2cf24f2579cf30b68d940d10767af,eb846b24f47aed04d1f186becbe4f6d18781060a9f974f539e1a264acc59dc50,bracol-452,treino,0,
bracol,453,data/raw/bracol/bracol_completo/coffee-datasets/leaf/images/453.jpg,1,phoma,3,0,0,1,0,1,2048,1024,f294cb20a67b3437d3b0c306528d93eb4ff3f9f3dcbaa5eaa24957e19d361160,b9386dd8c2df90274e438b42257c6c2df09336948fc813cacc3cc94de7636eb6,b90e489eb106fd8e91fc83a582d0d204dbcbe2d64dcbd34a8fcf0269654fb469,bracol-453,teste,0,
bracol,454,data/raw/bracol/bracol_completo/coffee-datasets/leaf/images/454.jpg,1,phoma,3,0,0,1,0,1,2048,1024,4c31e04283008110af3d7bd80dc2765c7e626ae223d5e706526260b530941141,ef024f038781b0f1d87fd2c770f4c978235a4cb8732d64f32d15276746ca56a6,abff43ff8118af0092f8943e9b489ab588879252ddc79b7888ce9968554ed90d,bracol-454,treino,0,
bracol,455,data/raw/bracol/bracol_completo/coffee-datasets/leaf/images/455.jpg,1,phoma,3,0,0,1,0,1,2048,1024,e71e211ed5b57020035b34266de99ba0920ac39d567cb141f459ad0f087503f0,f5216787c2d798700f089bc830fce58f72c366928f3b336bc8b4d3253dc20d9e,ab7fc1a3f428cff796b51e078a503c16d24a30fe0bf91840d501b04b6ba712ff,bracol-455,val,0,
bracol,456,data/raw/bracol/bracol_completo/coffee-datasets/leaf/images/456.jpg,1,phoma,3,0,0,1,0,2,2048,1024,6b5e6e8cc1ec6210becc5a539e33fb5467d3b7499932486f8c77ea6c2ea0da5c,b43d3438c3d0d3d04f0fcd2f3cb44c9632c334e963c73347b72ce1b46334cd1a,bfdbe5c6f40050a592afcbd5d37e8be8cb4007a1e92c07179da67a1298946c1b,bracol-456,treino,0,
bracol,457,data/raw/bracol/bracol_completo/coffee-datasets/leaf/images/457.jpg,1,phoma,3,0,0,1,0,1,2048,1024,1c6f913b8d1abeafc79f58bed0e7a2e32513490b958b1648a60c0f353fae731a,b50161a7c2fc1e109f4e98793ce7c9e560d20d86671d70da8d38636972f7370d,abddf172f50e00a1c28f2ff5d2cdbe06c24c743b8b68aa149f696072b825c16f,bracol-457,treino,0,
bracol,458,data/raw/bracol/bracol_completo/coffee-datasets/leaf/images/458.jpg,1,phoma,3,0,0,1,0,2,2048,1024,1ededddacb14fe8bf83bbc63805d9d70f8550e75d6b5c7fe89230120773b7ea3,b4033c26c2fcc3d94f488d8d34bd3e9cb3d270624b29b327c5c6cf0a6c96e4dc,be342763f53c5622d238ea17d35aa02bc3d9052de3f8f7f4c1d8ec306490f252,bracol-458,teste,0,
bracol,459,data/raw/bracol/bracol_completo/coffee-datasets/leaf/images/459.jpg,1,phoma,3,0,0,1,0,1,2048,1024,796bea5ac1bb382e433c3bbef2e03de5f662f2673d8ce0ab6f3b6d30ff0149bf,a16533b29b1bcd0d2cb4985864e932c73b2665b6c6da9b09349cce78cdb63cc3,bec5375891aaea259153c9fae5b6929029d1c3fbc94935a18391c5cf9a4f5189,bracol-459,teste,0,
bracol,460,data/raw/bracol/bracol_completo/coffee-datasets/leaf/images/460.jpg,1,phoma,3,0,0,1,0,1,2048,1024,225c545816ba18923cd6a2704fda5761a7dbc0f287ce7335a62c78a3f67ac436,b01c24c9c3c193346d37cd2e30f034d14bc9f3698dabcd96da76c4faa5283b65,bef72e98b6c2379dd003ba0cc843130cc5efea2dc0d575368edac214cd49e47a,bracol-460,treino,0,
bracol,461,data/raw/bracol/bracol_completo/coffee-datasets/leaf/images/461.jpg,1,phoma,3,0,0,1,0,3,2048,1024,ba03f6d389459eb99d4aab49e577e2cd686dedbe92494007384038f4ffbf111c,b9229b33c6d1e4cc4e4f738339a09d38251bcc71d24fd9868f4825dc0db77639,bb771b35813aa8028600e4a8d61af521d679f6c59a4da29eb2bbd49ad4f714d6,bracol-461,treino,0,
bracol,462,data/raw/bracol/bracol_completo/coffee-datasets/leaf/images/462.jpg,1,phoma,3,0,0,1,0,1,2048,1024,b692a1ef2acc4fad034ca8db1dee8ef24436934dfbc0a3fe6d2a587a0022c635,b19c7064c2878f9b4e63c81330b925e6d38cf21f0b6ecbf8dcb33c2581db70d2,b98c726db18c07ecd38cfe84ca5cc59f8f68889e5c2dc53eacb4dab04416b970,bracol-462,treino,0,
bracol,463,data/raw/bracol/bracol_completo/coffee-datasets/leaf/images/463.jpg,1,phoma,3,0,0,1,0,1,2048,1024,1027320d1a7be712fb670fea88309a186e07f24306e935e59ce12d3adb77bb63,e418ce739789b0de5a671b9325e0e07c669706239b58e85ed8a559a94796ab9c,ef836638a1d7e444d3ae25bb8a1ce6909e4a7e529c7f080b826099e9c765d9d5,bracol-463,teste,0,
bracol,464,data/raw/bracol/bracol_completo/coffee-datasets/leaf/images/464.jpg,1,phoma,3,0,0,1,0,1,2048,1024,58476fbaf0610f8c02eb52023ae417f0aac9cdca33dc17c2db5585c7ecc78e0e,f030e689c70f187ecc69b1a66c96e7cb3318467c69699636c98639629c9e699d,bff7e4ccb403408d92fd1376cac29371cd4813a98d45533f9a2c651c922ebf1c,bracol-464,val,0,
bracol,465,data/raw/bracol/bracol_completo/coffee-datasets/leaf/images/465.jpg,1,phoma,3,0,0,1,0,1,2048,1024,881769b68e1dbd8b6deb63228562b730ca98341c90bdaf3d4daa3993e0642861,f7009a83c0fc657e1e12678071e3968de79ec97a6e1c66e392e93736890749d8,a8cf903bf047ba7591eee9a0dbc449ead8c445a39c476487ccc1a417be4926fc,bracol-465,treino,0,
bracol,466,data/raw/bracol/bracol_completo/coffee-datasets/leaf/images/466.jpg,1,cercosporiose,4,0,0,0,1,1,2048,1024,b0e0e71ae85ebaf66832eb11c682bed3fc7a15755c09df50d04f506d8f82f95f,ad72e46992a71fa6ca5c391069e863a13c95e75b765ac6f0b34f1c4271ac98e4,aa74e419b56205e6d6831eafc21514fecb5abac0495a104ea9af7ac81dcd69ed,bracol-466,treino,0,
bracol,467,data/raw/bracol/bracol_completo/coffee-datasets/leaf/images/467.jpg,1,phoma,3,0,1,1,0,1,2048,1024,d789bf55c2ce28524b9214c1a51eca20f56e3a2c6cbf32d048564fcb595a3307,fd1f9e7cc1e069477e0db7911f489a5461e7646b9613638c592c1c83e4e4721b,af80870cc0535a40f031685c97be71ce1bd70def8e3b25a542703e96b36af13f,bracol-467,treino,0,
bracol,468,data/raw/bracol/bracol_completo/coffee-datasets/leaf/images/468.jpg,1,phoma,3,0,0,1,0,1,2048,1024,a5ee5fa79e90f5002d04aaf8877c12af96c8c0f538ae06b3de177fa4e2bb35f3,f560d04786f50f98481fe0f63de0d307729f3d70676a60bb8c25b557d88e42cc,fb4dfa79b02c01fbd3e02d828b577197cf2eafb88d25c188de360201dcf2130b,bracol-468,treino,0,
bracol,469,data/raw/bracol/bracol_completo/coffee-datasets/leaf/images/469.jpg,1,phoma,3,0,0,1,0,1,2048,1024,e24140ec2e76cf286fe480a808aec861dbc79310849c133db8a59ff1b78c9105,b42c88cfc2d669280deb36b7349cc34343da9c2d9f07599658f66389a583e66d,af5e1ce0e42c781ec2f5c09e9e40afc09c6b540b1c65aaffc8661c68dd66b86d,bracol-469,treino,0,
bracol,470,data/raw/bracol/bracol_completo/coffee-datasets/leaf/images/470.jpg,1,phoma,3,0,0,1,0,1,2048,1024,67a4a81125cd84ebe8ad243fd6f70145147f3ee9a77d51a2b154bd4b54c756e3,a055c35285e81cb59a47305ad96b63c76db0272d661bce7036c38cb3da4ed9b3,bf7f72b3e444ed54c1e7070a97d2f61fd608243d8e7d36b08e401850cc67927a,bracol-470,treino,0,
bracol,471,data/raw/bracol/bracol_completo/coffee-datasets/leaf/images/471.jpg,1,phoma,3,0,0,1,0,1,2048,1024,343f11370ff6e5c38d0ebcfd119444ec57edf554654ec9d1ebd4336c34358532,e461999c92d6692b190aa6f461f1de4ace38b93d76966393926ba61fd9a458e0,ef5e1988f42c781cc2f4c19c9f42e780d06fc7018b6dea7fdd241c68a9a4aa75,bracol-469,treino,0,
bracol,472,data/raw/bracol/bracol_completo/coffee-datasets/leaf/images/472.jpg,1,phoma,3,0,0,1,0,2,2048,1024,afb10ccdb244bae8061d811372a7f548f4b1667667bd32ce5a679d0f2d295c31,b04c9b19c78364f6487b1e4e35819870729eccb7e3698b4b9ee536b42c16786e,be441bcc91e6bd0fd7037ca0ef297bd3da7dd9cfcd76685ac4a290898501a005,bracol-472,teste,0,
bracol,473,data/raw/bracol/bracol_completo/coffee-datasets/leaf/images/473.jpg,1,phoma,3,0,0,1,0,2,2048,1024,a2a72760833b55312787dd16ee5a8df7a66c6bfb2821c458da91beeee08598c8,bc051e06d3d268f9cc3fe7a54cd0c7c2b5c942697306bd2333a65892b57b1c8d,bf5687ef902d5e9693d8cd1acf21acb8cf954c88ce96c4c9c70aa2c5c748d2c2,bracol-473,teste,0,
bracol,474,data/raw/bracol/bracol_completo/coffee-datasets/leaf/images/474.jpg,1,phoma,3,0,0,1,1,2,2048,1024,fccb440182aa861dc74c2c6e9c2bb6ced1d6558cd044a279193815b7d118a2a8,ed70e06694871f993858c2b3672e2d6e9854919536f9ce5ae70b2d6691e4d385,ea07c66481420e6799ea3806d1ee0f1fd38121bb9ebd2ee3901767fd9c80e5e9,bracol-474,teste,0,
bracol,475,data/raw/bracol/bracol_completo/coffee-datasets/leaf/images/475.jpg,1,phoma,3,0,0,1,0,1,2048,1024,f889a7d157700a862028971fdf6379302901ee8332bb432c28f033fdbafb4a42,bc0f3473c2f0cb88cb47cd2f0d9c32d2f97a1d8930d16d4b53c9e3652d0e53a8,afc0b438c09772ffcb4805e9e3654181af2c0f97c30c0eb7d41a2e2fd1368ef6,bracol-475,treino,0,
bracol,476,data/raw/bracol/bracol_completo/coffee-datasets/leaf/images/476.jpg,1,phoma,3,0,0,1,0,1,2048,1024,084b76129ab2fb1af75043231fd3d7a8c34114fe109a8c43a898233d9e91d1ec,e90e8f0884b0f0f7da5730631b6a270d2da5a75c61d1c8e9e69e8967663b1aa7,ebc181c3a541dd40d4aefc2fde9ddc3fc7c4a8b9c39255358e1f0ea5061301d5,bracol-476,treino,0,
bracol,477,data/raw/bracol/bracol_completo/coffee-datasets/leaf/images/477.jpg,1,phoma,3,0,0,1,0,1,2048,1024,8c843e1ca647a3a33a7cc700cf404b3975d4470ba40f0e5a0e2dc3f6283a3ef1,fdc0e31f92f70f80ca1f7cfc652cb163368413879a5ee712d9e14ca82c37e0c4,bc1773fcb40021f8d2bd95e3cbf88a83e337d843059ec929688e9d3dd441659c,bracol-477,treino,0,
bracol,478,data/raw/bracol/bracol_completo/coffee-datasets/leaf/images/478.jpg,1,phoma,3,0,0,1,0,2,2048,1024,0c56e92a63cef342bb850341d513c085d524471010663453bd53fe5142d02484,b41ecb83c3e034f8cd873a6c34dbb1a6336dcb9931b2858b1c995e4dccd83166,bfffc010b2a0f9b9db50d2ded929284a8980048d459f57ee8ec32bd686c957e8,bracol-478,teste,0,
bracol,479,data/raw/bracol/bracol_completo/coffee-datasets/leaf/images/479.jpg,1,phoma,3,0,0,1,0,1,2048,1024,43c636d81ceb7da931349be6ca38e3ceeff716d622bf3ee76a09f43405457e31,bc039c46d0fc61f8cf00e79134869a5b52cb196c9c3b5cb6cc79275ba3c4d23d,af599e67be99de66c0116d608f98e42fc79422d4f20b77c66b0d2282d12e5317,bracol-479,treino,0,
bracol,480,data/raw/bracol/bracol_completo/coffee-datasets/leaf/images/480.jpg,1,phoma,3,0,0,1,0,1,2048,1024,299429fca39d9f5c80538877501208ac20bd85c40074141ba9c24d4055fad00f,f11c677893c196934e6b396b34b6c7a413d9661b990c99694cb49986667267da,f987620fb19ce56ad39c77b19bc1921e9d499f58a81d9829cd6c996da8a0c9a1,bracol-480,teste,0,
bracol,481,data/raw/bracol/bracol_completo/coffee-datasets/leaf/images/481.jpg,1,phoma,3,0,0,1,0,2,2048,1024,3c40c2e1daf4f6da502fc96b65923c6d244d9fef441c5f6206ae6aac5107f9d3,e05833c897854e5e9938cdb13cf290930ccb30ec6b84766eb2766f9b72796b21,ee943005907b42e8d1544be6b725c193b7b1d9924ccedb5ac29bb72c88b996cd,bracol-481,treino,0,
bracol,482,data/raw/bracol/bracol_completo/coffee-datasets/leaf/images/482.jpg,1,phoma,3,0,0,1,0,2,2048,1024,efef02f8fac925d8055f67da42f16bee0fd73b6ec4d16bc1734e92fa55e6870c,e154b5ad96345852ecebe1873e96925873791da5c8966cfa9ec9d34f242c1390,f0aca1d79748178ed21c3a5c85787b698d0df2658db092966c7e8392fa4289bf,bracol-482,treino,0,
bracol,483,data/raw/bracol/bracol_completo/coffee-datasets/leaf/images/483.jpg,1,phoma,3,0,0,1,0,2,2048,1024,240f2df50bd5a138483497fc0171f946b7a26936d7c6ad323bed7b26128933c7,b04cce18c39739e36c3a978c26e0c83a9b071ca38db8b25ec6577b293f618db6,bc4dc7c6b0ccef16dbb01778091f1a318925f222ddb777738bd22368980b4c33,bracol-483,treino,0,
bracol,484,data/raw/bracol/bracol_completo/coffee-datasets/leaf/images/484.jpg,1,phoma,3,0,0,1,0,2,2048,1024,27ba62add1871091a6e1ffd9fd15e0387dc68ae31dfed0ed539a9cd3f0a74b49,e4b198dc9e4b6727197c34b265a1f3cb66749b2db4c31932585e66c6a189265b,a9cd1c69e5aefa86d6b0c142f617ab8982f3411fce52a3e48e8b06a8cfc17f14,bracol-484,val,0,
bracol,485,data/raw/bracol/bracol_completo/coffee-datasets/leaf/images/485.jpg,1,phoma,3,0,0,1,0,1,2048,1024,9a655490262f2e7389c82c89d6636085a7b561db97a3fd13e353f7dd3e872e68,bd0ecf21c2f0307e6e0f1bc034f0cd3fd94376506d8c3d69865ad395d271cc4a,bfc743f190e7250289c0963cc5a8917ac417d43dc60fd89bb227e4b9c63fc19d,bracol-485,val,0,
bracol,486,data/raw/bracol/bracol_completo/coffee-datasets/leaf/images/486.jpg,1,phoma,3,0,0,1,0,1,2048,1024,dbea6f85c26aa8e97a930d58fa8de770c269bf892ee2c1f8f04402811fd16110,b6109632c1fd69cf4fc2368c307b9a3ec3344de097dab4cf984d630c6f329278,bf9f9711f500fb12c3a7493bc191243196cbadf1f85b60715859a0b5a0bca3f2,bracol-486,teste,0,
bracol,487,data/raw/bracol/bracol_completo/coffee-datasets/leaf/images/487.jpg,1,phoma,3,0,0,1,0,3,2048,1024,8f50ef811ec5f9e81ab081f2b7a227f6eb2f25c87bfecf17820cf31c1c56dfb8,f417ccc6c3f863890c07b33264e06e93b34ecc6ccb3d8cd6a4f0732e63cf2531,bd8a2ebaf19564445092b22bcb4f507bee8f9b71925cd2a1b7680441db61ebc9,bracol-487,treino,0,
bracol,488,data/raw/bracol/bracol_completo/coffee-datasets/leaf/images/488.jpg,1,phoma,3,0,0,1,0,2,2048,1024,393681ee194d38017f47f5a50f6ce50ade69e32ba3acc8977bd265d6c377667b,f053cf16c7a4b8d81e5e72e560e923066781ce3d9a5e9c58996860e56d8f3786,beb34b32e173a91383ac452bd3c017bd8b8f9200df079e158317923ecabc937c,bracol-488,treino,0,
bracol,489,data/raw/bracol/bracol_completo/coffee-datasets/leaf/images/489.jpg,1,phoma,3,0,0,1,0,1,2048,1024,dd4c79c709c71309b53df97e564068422d71bfdbb37675c9e9cdd4e6772eee7c,bc01e0fed0fc4fc0cb409f07cd2d1a3746963d3832d364b0334da5da33a7c2cf,af7ffce7b5e26000d205a0c7ca57707fc56a92ffc8a5116ac4d09b65ce481564,bracol-489,treino,0,
bracol,490,data/raw/bracol/bracol_completo/coffee-datasets/leaf/images/490.jpg,1,phoma,3,0,0,1,0,1,2048,1024,5e2b3d87da98cbd5af09a482937ae79f680020a2aae7ef66d44d8d4fadcfaadc,b143c78192f41e3ecf0fb1e06cb961a732d0a71e734ac63999653971ccb619a6,ba07e009b51067f9d2eaa781c2f7d70389621b0bc528d30dc83d3b2dcf559f3c,bracol-490,treino,0,
bracol,491,data/raw/bracol/bracol_completo/coffee-datasets/leaf/images/491.jpg,1,phoma,3,0,0,1,0,1,2048,1024,19c88d1761171b84a3e1176b4d395d8cd3da1996282f65b92ef1c801307d16bf,b0589bc7c7b969381a57368939ecc25f87964e61671819afb24bd1c61e454f32,be951af185d8f843d2d1b5e69a7be0af9c6bc3e6c82d4126c9a50856cd152716,bracol-491,treino,0,
bracol,492,data/raw/bracol/bracol_completo/coffee-datasets/leaf/images/492.jpg,1,phoma,3,0,0,1,0,4,2048,1024,08d6cc3162dac0330c0d624cc144964e93aa5f3d458304d66d53cac1c7be051d,bc219c19c2f6e1e66d0f378735a199181a5e6ce56ce533c2c1f1d3786d0c4c8f,af1f87839426cec7c6ff6c1bf450b00d9202db80c3de654fe503e0e7cac39a43,bracol-492,treino,0,
bracol,493,data/raw/bracol/bracol_completo/coffee-datasets/leaf/images/493.jpg,1,phoma,3,0,0,1,0,1,2048,1024,7c71a17f9c441ae2c5d3504f02516acb09678b7c2f7981b3e333531346797d8e,f51d6d0bc6e1b4b49c1f9b4338f0c92d71cf65906714249f6c3a667a66c153a1,ebef4ab4e40ced5183fe052e87603eb5de293450903510f3cee68ee39d163447,bracol-493,treino,0,
bracol,494,data/raw/bracol/bracol_completo/coffee-datasets/leaf/images/494.jpg,1,cercosporiose,4,0,0,0,1,1,2048,1024,80ebefa56dbdad29e280cd2e684005fad2bb44bc6c2ee8e5f17ddc95817dbeca,b413c1b8c2f11f03cb6c784f3da487e03293db1f63788939d92570e1ccf66cc6,ad90f01db5b283bed290df83c25f0a1bdb6a151ac8293ab59a243070df7679f8,bracol-494,treino,0,
bracol,495,data/raw/bracol/bracol_completo/coffee-datasets/leaf/images/495.jpg,1,phoma,3,0,0,1,0,2,2048,1024,dfd24bc27a869fc38f771f3aff3207a16c9bc0f6beb0c0cfb16858e93bbc9f41,bc7dc23c93d06f03cb0334bc251e9ac2725b896118eccfb7e163675a58e5324d,afd0efe09c0a0437d607f7d8ca501ec0c96bba4dc93dd94c95949b2de29ed504,bracol-495,treino,0,
bracol,496,data/raw/bracol/bracol_completo/coffee-datasets/leaf/images/496.jpg,1,phoma,3,0,0,1,0,3,2048,1024,5616e49bfdf752578dad6efd3b0e306f9a37676d028fc53c0995c85f014a28e6,b06c9299c1b26d278ec936e56c1ed29633e08f8bf317ec3986c99f664c4c7027,be46949ef06c4b2491f821588ba4ef38cd9781790e9b77c9dd4fa6850b886d36,bracol-496,treino,0,
bracol,497,data/raw/bracol/bracol_completo/coffee-datasets/leaf/images/497.jpg,1,phoma,3,0,0,1,0,1,2048,1024,0c648370a1f7d6140a1d47d337acbf00dafb0f9fdedf1fceec8852b0a49f8003,ad406d32c0afb4adcbd492c09c2b9e4bd8f3cc3c39cb39f0618d91c76598398f,aaab4a2de556ab54c0c9b04a87fb94bac71396f086299ed0967d4a07965ce51f,bracol-497,teste,0,
bracol,498,data/raw/bracol/bracol_completo/coffee-datasets/leaf/images/498.jpg,1,phoma,3,0,0,1,0,2,2048,1024,f49fac4e2a72b670e31c0862ac97494a936ac29ad0741deb11f50c2f54c033d1,e46b9f9fd2b561b01b0e07c731e9f43a66b683f4c24b384b98ac25f421b6660b,ee579f84e421f81dc6a541e8c2967a919ed296d3b84a2c03196d4f7bb86fec01,bracol-498,val,0,
bracol,499,data/raw/bracol/bracol_completo/coffee-datasets/leaf/images/499.jpg,1,phoma,3,0,0,1,0,1,2048,1024,5edfff8b10bfdce596fe326f3833e12956533983c8339ce6627a15edc0f00551,e15a927195ad696a9e56649c71eb36e1a70fc456693c89c468e5b98b36823379,ead716b9f54ab05c873cc3e0cea43b0bc2ad6b0bce2f0b8a8c84f61694f60579,bracol-499,teste,0,
bracol,500,data/raw/bracol/bracol_completo/coffee-datasets/leaf/images/500.jpg,1,phoma,3,0,0,1,0,1,2048,1024,8cef412e023e768083cf0b9856739d729fbe330d5d1f8e29c653e4581455bb3b,e43dc91bc3c034e41d6f324b78f0c93ce79b8da3972eb0ce3a64625949b1e529,abf54bbff52aed4ac0d7c8058b42a8b48b2fa0f28f2e267ad33c1661572416a5,bracol-500,treino,0,
bracol,501,data/raw/bracol/bracol_completo/coffee-datasets/leaf/images/501.jpg,1,phoma,3,0,0,1,0,1,2048,1024,1b2004057188f8ea38b27ce615fa6e2d2085111a6aa6b54ab36364d5e65c4d5d,ec469fccc1b1623fdb1225a13dfc94977043da5ae1a1936c8f1627a71c9a2457,aec08cc6a47c5c87d4a1fa56de91f05bce8ff269d11df121c8e86139c1dd2239,bracol-501,treino,0,
bracol,502,data/raw/bracol/bracol_completo/coffee-datasets/leaf/images/502.jpg,1,phoma,3,0,0,1,0,4,2048,1024,a4335e03e4f8b605453c26095c13ee9077f95912df9e559f1b52be7346f80631,f0e3c71c9a5e1863cd3998c564d633cb930c6c67331e33384db398caa6cfc931,afc7f838977a7300d889da7d41d01d0f78784df58689f39c58d4c7cbe9881245,bracol-502,treino,0,
bracol,503,data/raw/bracol/bracol_completo/coffee-datasets/leaf/images/503.jpg,1,phoma,3,0,0,1,0,1,2048,1024,2e3ee00e3ba555459c0e55149f3d681c18632ad645d6ac74b1e5841ac7992691,e1d9486696bd97991866723965e30d678c1ee6d4dba15b1b336639642c85c6a6,ec9f6e35e4caa4728fc4f4a1c50ec7dbd1943a8982d6888d3b0a1bdad04b1cdb,bracol-503,teste,0,
bracol,504,data/raw/bracol/bracol_completo/coffee-datasets/leaf/images/504.jpg,1,cercosporiose,4,0,0,1,1,1,2048,1024,2bb0f8ee9befb8ce837689048df408cf5363bda905e1ea24d36d91f71a732206,a402b1c7c3dc0f081c29ccb521f633c3668f792d9f6c27b4d8b7cc1b85d299cd,adf5b070f0c012f5c3ce7b428201312bdf76e12d8a02a3bedc5b4304a8ff9f3e,bracol-504,teste,0,
bracol,505,data/raw/bracol/bracol_completo/coffee-datasets/leaf/images/505.jpg,1,phoma,3,0,0,1,0,3,2048,1024,a9fcdde0ad661c5dad5b0963c8451eed26fae922f7f74c2e23301ab080cc6fc0,f522c1e583951e1adf4b647a8c6d238474a2364f2797d32c71cb9932a32dc9b3,bd53f82ff0a482e4d0d9ff5283c8d1a3d94f0d9d83a5e1a88b073c1dd9be41a0,bracol-505,treino,0,
bracol,506,data/raw/bracol/bracol_completo/coffee-datasets/leaf/images/506.jpg,1,phoma,3,0,0,1,0,3,2048,1024,d85a431cd26d1a21ca054afd4c7dd8119285151f404413072d89b1d91807c16f,e43fcc9e9384b1f11a3a338f49e1a46e64d6c6504ed94db93149b1b29364cec7,afd747f1f428e706c2f4648fd3c24cde095a3ad8398b1eeadc01d42d849d8a1d,bracol-506,treino,0,
bracol,507,data/raw/bracol/bracol_completo/coffee-datasets/leaf/images/507.jpg,1,phoma,3,0,0,1,0,4,2048,1024,129ac03be4dcb16e7485b66a7e9f59cc66fe0954332dcd62515955fe8fe82710,b031e0e6c3c31f07cdacc9388e1e30f872612f0fb13632e67393e3363d8d1cb9,bfdb7f3f9080201fd94fc180c03f9ffc7490d889827f0cdc7764760c89b20f64,bracol-507,treino,0,
bracol,508,data/raw/bracol/bracol_completo/coffee-datasets/leaf/images/508.jpg,1,phoma,3,0,0,1,0,2,2048,1024,64edda59cde0f2ada5374e186d1712fe83e1fa0c82128d6e946e938f62586467,b437e6c8d3ca1c3fcc6c99b26c92c2c9359be68c724ca730e2643a63c5a7b1a5,ab1ef48c902142f792d90342d6c98b29de1e162dea761779d828abb4ed6d13b3,bracol-508,treino,0,
bracol,509,data/raw/bracol/bracol_completo/coffee-datasets/leaf/images/509.jpg,1,phoma,3,0,0,1,0,2,2048,1024,f46fd073b9d494145743808dc107ee12801eac8613045ff83fc8749e9c1893e9,a05cc97997a236861a17a35a61685e692787e9b76a5e9e928c69b25dd9373168,aac34b0ca1472d3884fbe1b1de81c5b48457c696cebece568405cacacfd7c9cc,bracol-509,val,0,
bracol,510,data/raw/bracol/bracol_completo/coffee-datasets/leaf/images/510.jpg,1,phoma,3,0,0,1,0,1,2048,1024,754dd3144b9472059476df17fbc3cc0a02f5eb6c6341d56bdb23fc7a666122b4,e47ae79996b51e321b0eb17461eb478fb610ac5aca6b99e189cc522e7496a750,af16e0c8f40a45d993ad3e90d75d1c1eca581d7cec688b0104e95b4fbde5930f,bracol-510,treino,0,
bracol,511,data/raw/bracol/bracol_completo/coffee-datasets/leaf/images/511.jpg,1,phoma,3,0,0,1,0,2,2048,1024,2a157c5cd8d978154e5fd1aef7eeca0fdbdbd0541b69cd8eaf22337ec12dcc19,f03cbc3e93c1c752cf4f59814e2cb58c26726c5a1a7370e39969b34671c4db25,bdff013d9ce8e3bcd805ddd8c85e9947e42dc02664264c46e05764e1e2ba66ba,bracol-511,teste,0,
bracol,512,data/raw/bracol/bracol_completo/coffee-datasets/leaf/images/512.jpg,1,phoma,3,0,0,1,0,1,2048,1024,a5017eb0df436344baee9152a399ce2e1531c5b0d6b581b5896fd74ef4d89d4a,bc61c9d9d2de1f07cf03307a6d3730e03e9231c6b449c39fc2608f1aee27da31,bedf4819f4082ddcd0fd15a883e5be95d9e0d45a818226ebc3f77773e3122220,bracol-512,treino,0,
bracol,513,data/raw/bracol/bracol_completo/coffee-datasets/leaf/images/513.jpg,1,phoma,3,0,0,1,0,2,2048,1024,06a8ff8306200517345830924f60817651bbbddec00d148c0efa8577394147bf,e94ee0f997a11e0fda5e91f02d6be14f37a466bde2122c10c6c9f0c38dc5914d,ef44e00ca5be07d0d2850e9ddad60e9cd65a0cba8a491cd9d169befb8ae5dc41,bracol-513,treino,0,
bracol,514,data/raw/bracol/bracol_completo/coffee-datasets/leaf/images/514.jpg,1,phoma,3,0,0,1,0,1,2048,1024,f6ffe40f4b24163d4ad735ea410d88054b8ee5a106eea0b94efd1f6bc81c6168,eb04b54d956a4e9a18d1e97367aa3d0f66f536f89d4ac667836d099074310b9a,eae6b04bc546178f9e28d63c9a55ce608342c8ebf67a09a47c63f1b44dc87d15,bracol-514,treino,0,
bracol,515,data/raw/bracol/bracol_completo/coffee-datasets/leaf/images/515.jpg,1,phoma,3,0,0,1,0,1,2048,1024,da6c6d79bfcde1c460d5ff9e95908fde5eec6e76d3b8b9403bdb75c92b90827a,ae54e03ed4e81bc1d917b82861fcc73a7cc4e2d6963b7848d90a93bd63c495a3,aeaee00685d442ea97217ceb86311cf6fb141c1d62da95526b88b157e3ca9b5b,bracol-515,treino,0,
bracol,516,data/raw/bracol/bracol_completo/coffee-datasets/leaf/images/516.jpg,1,phoma,3,0,0,1,0,1,2048,1024,0bf0a3a2a892d231ffeff31e2103243621131d069e72bf58ab3d350542dff29a,f0b4ede493cbb61acd3cdb698cb09d3460c34c92370f84cb733c624db3b13724,bd4bef64b6ac2032d21036dd897bb3d859fd536189b4a325d9a057378990a396,bracol-516,val,0,
bracol,517,data/raw/bracol/bracol_completo/coffee-datasets/leaf/images/517.jpg,1,cercosporiose,4,0,0,0,1,1,2048,1024,6af8aa9728571a07dac0cbe026cba57bb067b6a7a5abc0c741b4d94a75f5f5be,fdd26907902fb4f9ca7cd2d28d40cb4b7ca7cdac301eae9423ac54da73c83059,afd17b68b49a8808d20114bfca5796fbd16a5f58c32d2b28c1765d31c3b62f34,bracol-517,treino,0,
bracol,518,data/raw/bracol/bracol_completo/coffee-datasets/leaf/images/518.jpg,1,phoma,3,0,0,1,0,1,2048,1024,ba3a4258e3f36c9e8e1e985c43968496bd22413a8f0779d070316bd659182dd4,b4a1c139d05e1fc64bac786f25b1c5f19a0b529a996fa96c66b07c876619c8da,ad79611cf419a5b9c2311793d5919bd3e21698e2b2db98d25a791dcb990a3a59,bracol-518,val,0,
bracol,519,data/raw/bracol/bracol_completo/coffee-datasets/leaf/images/519.jpg,1,phoma,3,0,0,1,0,1,2048,1024,126904741711db41fd2018e23ddf238ac35084ce0a7554813e4ebab42d88b802,ee01947d817e5ac0d7a06c5d3f07256e923531e19a52e31bcb6bc70c8d6de61c,ebe88fccb9503c7c9511fc81908b68019295e8dfdbd6c05b9b1ae1ebdb1b80e1,bracol-519,treino,0,
bracol,520,data/raw/bracol/bracol_completo/coffee-datasets/leaf/images/520.jpg,1,phoma,3,0,0,1,0,1,2048,1024,5d9dc9cfa2b100909ee552891985b3f266dfeec782d57393ee327ca2aca58967,a4606ccec78593f11a1adb2e71e12db927966696ce7c266a8cc3996578fc5981,af56c4f8f42224d0c2b747f9c7d62e058b4a5e6f56433c45a8f938ee50e9d0c4,bracol-520,treino,0,
bracol,521,data/raw/bracol/bracol_completo/coffee-datasets/leaf/images/521.jpg,1,phoma,3,0,0,1,0,1,2048,1024,7ed1604662fec7e55db080b6d2349b720b704eca852cb86c8b593137de44b985,bc05c99981663f0bcae2307e6d1132e85599c5239b198a77386e7d6a79e5239d,be284999b034ad98c07e959dc530fbd8c3b092ab8792df55db970432831ece76,bracol-521,treino,0,
bracol,522,data/raw/bracol/bracol_completo/coffee-datasets/leaf/images/522.jpg,1,ferrugem,2,0,1,0,0,3,2048,1024,6b2ae65593ccdff0c157348678fc57d403d54f28ab2357a7a28c5ebcb040a10d,e056c1c793813e384e5eb1f365274f8e9294385cdb4b51b16cb5b90736d246ec,ed05c0e3b53a47c692b53e459bd0440e9b4aeebc9b4906349b6d7e7c994d2478,bracol-522,treino,0,
bracol,523,data/raw/bracol/bracol_completo/coffee-datasets/leaf/images/523.jpg,1,phoma,3,0,0,1,0,2,2048,1024,1cbbf6c072a31006f3efb9415384f6a0d879cedd3a97bb27c8d91237a48db93c,a50e9ac692d16928396b66b7618c9a5a8e33996d7473679623cc2e5bd924d2e5,ed4639e1e5a3f8c6c6b1c1ee9e568f159c4ac41e8849aaf9c7fcd152c600ab86,bracol-523,val,0,
bracol,524,data/raw/bracol/bracol_completo/coffee-datasets/leaf/images/524.jpg,1,phoma,3,0,0,1,0,2,2048,1024,9641b4aa1ee8370e693a6f0833adb4156c28d4ae9632079fea6968d18f9406f2,a12bd79496d5395b5a1664a5656887939aa1ce6e312eb36167974ca7e61a9998,af5c4dbcf50aed42c08d8029c6fc4db7c7d6b8c482c8c4bac718451e9fc1bdc5,bracol-524,treino,0,
bracol,525,data/raw/bracol/bracol_completo/coffee-datasets/leaf/images/525.jpg,1,cercosporiose,4,0,0,0,1,1,2048,1024,b7e28628e668c5b18f77788447af707a00573b5158ca04ddc43442ca2442f3c2,ad031e1d94bde1e49ac03787397e2c5f65a5d1e1c61289c49a7b70ae19672f70,abb90fdce558ef54c5a8e40ac69d60ad821ff5e5d55f64c59aac828f90870545,bracol-525,val,0,
bracol,526,data/raw/bracol/bracol_completo/coffee-datasets/leaf/images/526.jpg,1,phoma,3,0,0,1,1,2,2048,1024,1268ac53022e6f543932b7b0336bc7d48d7ccc4224d444490166fa537154c69a,f906992793f86dd1ce9164886c6e3364b0f1923a729369d3a3df9d85532cc8ca,bb799b3bb5199c1dd089e49848d46cdccb66e4fe0d604168cfb582e9a4b26d61,bracol-526,treino,0,
bracol,527,data/raw/bracol/bracol_completo/coffee-datasets/leaf/images/527.jpg,1,ferrugem,2,0,1,0,0,1,2048,1024,31c5d32deb4a7fe231ad1ed1e2780f4ad437b3a5ed606f5a2ead6153c5373345,fc53a6c9d0fd0b324b08b42f343d02f0d6c2ff0b8b5d21b47820ded22c776e4d,ee64f499a46642f9d4e0ff4182d76b0ad7d8201da2907f3e95130814ebbbf42e,bracol-527,treino,0,
bracol,528,data/raw/bracol/bracol_completo/coffee-datasets/leaf/images/528.jpg,1,phoma,3,0,0,1,0,1,2048,1024,49c312e129c56546fef51345c8a7206ccdad8fb09374922f8757ccdc571105a3,e40ee33087b11f0fda7de4f62de0c29376978b48e25b1c2d99e1a0d69d86478a,aff1f00ca59303dfd7980a40c25f1f4e920a3e2dc54d31348ae970f4df5de9a2,bracol-528,teste,0,
bracol,529,data/raw/bracol/bracol_completo/coffee-datasets/leaf/images/529.jpg,1,phoma,3,0,0,1,0,1,2048,1024,5def9c00eb093dc6d9919c7b14d728d421ecc94f0fae24298284b5307d2613db,bd43d07fd0bd8fe0cb526d0f8d6b349c4ca472d83c78334970e07327a3428d37,aff5fe10b500886cd2af73f8d2d5ba00937ad463cf61a2e38f21c0e3cd274f40,bracol-529,treino,0,
bracol,530,data/raw/bracol/bracol_completo/coffee-datasets/leaf/images/530.jpg,1,phoma,3,0,0,1,0,1,2048,1024,5824f816914e860fbb7e1f868b41b421fd69fce08dfa15fd72cc051b830ecc79,a12edad39695252d1a4b669670e5b46ba7969f735a58d86d74692584b3c6221b,a9415ab4f4a7fd0883d2a1b5823be3a0db3a7f92cb32120bcd03155bcd3fe159,bracol-530,treino,0,
bracol,531,data/raw/bracol/bracol_completo/coffee-datasets/leaf/images/531.jpg,1,phoma,3,0,0,1,0,1,2048,1024,0b7bd7fc2362b1ab11f36c5d57bc308c2ecb1a5e403f25f6d74cdb6b95b89110,b106cb89c0fd3c7e4e4913e631fec10f93c35eb84d2b2443e4b4f3a6324a1f5a,bbe5c1f8b123bd00d3f7149f4b430adc8db7e958cd1af52ccc1981a4863d1336,bracol-531,treino,0,
bracol,532,data/raw/bracol/bracol_completo/coffee-datasets/leaf/images/532.jpg,1,phoma,3,0,0,1,0,1,2048,1024,d49546959ff5a6f87d871aadcddee3839314c4e4610739973b7627a16235b008,a84a639e86b495e19b53ca7778398d6a67c33195661f76909a68366a19e7ca64,ab5379f1f522a942c2b73fab97e234059f452b5c9a6bca28986ec361d9648075,bracol-532,treino,0,
bracol,533,data/raw/bracol/bracol_completo/coffee-datasets/leaf/images/533.jpg,1,phoma,3,0,0,1,0,4,2048,1024,8ad323f2ec41b9a61515028418fc198882c8406bdb3260e02e7909b379e5fd05,e2439aac95812d541e3c66ab61e29a549f8dcc62e4b82da56a63f29cdb6f2798,fa995bbbf04bfa109aa1987bdb1d94f98d3da0c18d206ce68cf36425b4d0a654,bracol-533,val,0,
bracol,534,data/raw/bracol/bracol_completo/coffee-datasets/leaf/images/534.jpg,1,phoma,3,0,0,1,0,2,2048,1024,e404fdc6001ca115c9f5ea4aa85f1b4bcc2dbfe57a08a8636583ffa5495b1d18,b061c3278f8e3cbc693873c134e89f3ccb43cd92cd3c3c6912d333c6216bcd3a,bffddb43b6488101d2c47da6e920c897d905b55b809a80b9d493b495c8b5c9ff,bracol-534,treino,0,
bracol,535,data/raw/bracol/bracol_completo/coffee-datasets/leaf/images/535.jpg,1,cercosporiose,4,0,0,1,1,2,2048,1024,511532b034b193defbed7847036b997d29e6f39f2a6975c9560a84b2c3695c53,bc32968fc09569702fccb5a33017dac5c9f26d7ab68432b1784ec50f25b1cadc,bf1197e1bf315ae1d138694185390823c4b06df7a4d0d93bd8ed6b31b2ccb92a,bracol-535,val,0,
bracol,536,data/raw/bracol/bracol_completo/coffee-datasets/leaf/images/536.jpg,1,phoma,3,0,0,1,1,3,2048,1024,cdc869871a5e42a04defd9a3e90009cebd89d91aeef053ca7de7437c844fa2a5,e0f1654c970eb4afda7992b029c3db4f618e2d29663864b584636652c4f39b6b,fe88e239a031075ed5fb2780d3a8f407828166b7df1706369f1e7e50883e7678,bracol-536,val,0,
bracol,537,data/raw/bracol/bracol_completo/coffee-datasets/leaf/images/537.jpg,1,phoma,3,0,0,1,0,2,2048,1024,9876100dc7c2665b7321fbd6af434f3810bb6050d91b57f88a926a70a860820b,f0703299c78dc96f6c1e8494b2e1334bcf1fca346cf08c9a3347706d633c3727,be09a51ab01d52bac3f8fb01c3288b0fcfa51fb6c904bd368fbf5030da02b976,bracol-537,val,0,
bracol,538,data/raw/bracol/bracol_completo/coffee-datasets/leaf/images/538.jpg,1,phoma,3,0,0,1,0,1,2048,1024,7adc907b8cc725c5ab45df50a30ff3abf9c7a11f0db789ac6af65c7fba43f717,b070d38dcf0f2c326c7c93e133d1299ecd0f667134d89b273b636998c590367c,bbffbc88b56a5800d200694fe9d4a4bfc51a34fee2e12adec5c0156aeaa03b65,bracol-538,treino,0,
bracol,539,data/raw/bracol/bracol_completo/coffee-datasets/leaf/images/539.jpg,1,phoma,3,0,0,1,0,3,2048,1024,8c3360871a8af1eed13639d2bafc8ace1a9e800f38b04bff5138f51eb718736b,e53193cf9a4e6c3039e9c3c766961b4c9269e5b1198ec6ca65911b6c364ee5b1,eb98b425e15f11fe96a06b859647eb1e9e4f411ada0cafb9c10416b5e966d611,bracol-539,treino,0,
bracol,540,data/raw/bracol/bracol_completo/coffee-datasets/leaf/images/540.jpg,1,phoma,3,0,0,1,0,2,2048,1024,d70f5b797ddf9605a2575a790b2ed02fdd48ef16c626049855a5a715f50cd626,f07496cbcbcb69342c3cb2d273e39f2db3846c728c1938c34c61938c73c6cb78,bf7bb4acf4004297905a777b80ed6744d3ad2b50d3e02b03d5a4622bcfd4d30b,bracol-540,treino,0,
bracol,541,data/raw/bracol/bracol_completo/coffee-datasets/leaf/images/541.jpg,1,phoma,3,0,0,1,0,1,2048,1024,3d5117781ccc73ceec06fb595241061eec4bfff109719669b7c98563b1ccf2ea,e43bc3e097d43c0f984e65f835adc69766189b6b626119a4870ec5bc5a9966d9,abd7f432f58a021dd6bd1bd693145f6a983ae929117dd1618bb0c1859752a9a6,bracol-541,treino,0,
bracol,542,data/raw/bracol/bracol_completo/coffee-datasets/leaf/images/542.jpg,1,phoma,3,0,0,1,0,1,2048,1024,ad7e0f67ad301806e3c77f883e53698214ec89195761a43e0eef357934045940,e187661c9e78996369ad9c8cb19266183669b6336672326f9334cd96d9cc9933,bfdd7c60800a11ff72a097a4fb554656960a894fce5d933acb2ce2551769c938,bracol-542,treino,0,
bracol,543,data/raw/bracol/bracol_completo/coffee-datasets/leaf/images/543.jpg,1,phoma,3,0,0,1,0,2,2048,1024,df9c6d370fde45f6a35d6a9c48ecc1b330477e426278726e1ef4d4b6d84e8839,e525cd269e5a32d838f9634963878cb41c3c99c6e1da37199e2d6673c9e2994c,ead54a24c02a8b6f8bd59c0ddd4930da908f29c0feda65a7871a0316cf3cb73e,bracol-543,treino,0,
bracol,544,data/raw/bracol/bracol_completo/coffee-datasets/leaf/images/544.jpg,1,phoma,3,0,0,1,0,4,2048,1024,c504495a1a415245d63098f938166b2b4f94bc5d74ba86845b1ac180e02dc17c,e563b19d96944e723959e1e465a73e18965ec96999e92e066194f0f066732f0d,eb11b8cee52a01c987bcffc58685405e9657c7c89a56e62996720c1d9a68bef2,bracol-544,treino,0,
bracol,545,data/raw/bracol/bracol_completo/coffee-datasets/leaf/images/545.jpg,1,phoma,3,0,0,1,0,1,2048,1024,9be92b86e6539503b9549695a587f56c506b53e9668cb6c098fd302d00cd978e,a4c4633993d31e86ce2d68e924b03127b0cc979e9b970c782dcec4b166f33f36,acc673159022216e92fb9484d1a89f930ec59adbed90491e6d436dcfc89b6cee,bracol-545,treino,0,
bracol,546,data/raw/bracol/bracol_completo/coffee-datasets/leaf/images/546.jpg,1,phoma,3,0,0,1,0,1,2048,1024,021d34e3f1a12fdebedcc907e10cb467fc9a449a974e009575cdeff640bac6cb,a46232f7d3b54f4d0f09e4bc21f11b42d237692f9dcea690c8b95c4c3f38b161,ae37b023f0221a73c3b3f97884e1e139d4f745836ad0afe3854ad421de0fba25,bracol-546,treino,0,
bracol,547,data/raw/bracol/bracol_completo/coffee-datasets/leaf/images/547.jpg,1,phoma,3,0,0,1,0,4,2048,1024,05947f54adecc2b074cb67bbc45a42726d5543d8be7c508e5fe281ad02a42d1f,b0789e1cc387e1e14cb08e6634d93c1e7365c3b9b3b24b0c4e1b3ce78ce47a63,bfff00e6b000f9f3db5ffbc0a922500740b5ad2fe9d2459d04e306d20fc157c9,bracol-547,val,0,
bracol,548,data/raw/bracol/bracol_completo/coffee-datasets/leaf/images/548.jpg,1,phoma,3,0,0,1,0,2,2048,1024,0238c875f7aae91b52fb89c9ce1eac07a0bf2e47281b4b34337cfd0f5c60f4e7,b04fce27c3f0b2f86f1e798734e18c23c9f1d278338e2d21666098da9af6c86c,befd4ffc9c18a700c91cd609d4f2992fde4598979aa5b9c8d310514cd91a7b06,bracol-548,treino,0,
bracol,549,data/raw/bracol/bracol_completo/coffee-datasets/leaf/images/549.jpg,1,phoma,3,0,0,1,0,4,2048,1024,1cc643befc7c94f0ad9063a75dc0ab17b3426f6fd9fff3c2493a011cfb867961,b4f1ce33c30f31cc59b432636692e38c3269ce5339669db9c39862c66e5a346e,a7cf638ff080a438f87916dfc79c071800d22a48b8dbf719d4fd7438c9c32b71,bracol-549,treino,0,
bracol,550,data/raw/bracol/bracol_completo/coffee-datasets/leaf/images/550.jpg,1,phoma,3,0,0,1,0,3,2048,1024,97f927d133c225d6429eebff76223aee338527bf71eb3922c8993a84631fa3fd,e1e4de719e1e618639613698679ec26332789d24cf2549dad9d6361da6996361,aef781f8f448ff8992a8000cc2d5e8ffd3524f008b0b2630dd2df81fab2d3e78,bracol-550,treino,0,
bracol,551,data/raw/bracol/bracol_completo/coffee-datasets/leaf/images/551.jpg,1,phoma,3,0,0,1,0,3,2048,1024,bd6587e722e002f2e63eac3eadb753414a0883e4548f5d11c5005a02ce004971,e4c3ce1c997831c3679e966132cdc92430f3679ace6936619986333c4d399ce7,affff501a0895ebcc2f40e529e527c29c36baaf5c06955e3c3252a07d43e14c9,bracol-551,treino,0,
bracol,552,data/raw/bracol/bracol_completo/coffee-datasets/leaf/images/552.jpg,1,,5,0,0,1,1,1,2048,1024,1c0105076fc0655c492f88566a45435354b1d1fd506df28ad2f012d1af6a4494,f435f2eec3c04d092d0fb0f430f04b4fc32fa43c8d325ad278c9bf0f331cc2f4,bf85b478f403421cc2ff2f58c36ad509c3152f87d77a05978a386496853cbe9a,bracol-552,,1,predominant_stress_5
bracol,553,data/raw/bracol/bracol_completo/coffee-datasets/leaf/images/553.jpg,1,phoma,3,0,0,1,0,1,2048,1024,61e42a704c3ed0f6dd7b7469d5b6468098dc8f8c6b1378aed4dae4519e52ad28,b41ee72cc3c038d31c3fd99c31b4c70b43db367c9c6d19c348f4d99e358b8a18,abf6e2f3f402828bd4af2fd786b45e02db546e2bc878647dc9602eab8b412435,bracol-553,treino,0,
bracol,554,data/raw/bracol/bracol_completo/coffee-datasets/leaf/images/554.jpg,1,phoma,3,0,0,1,0,2,2048,1024,2059b19dedffaf85ab050c8e04e4dd90781280f76f73a566522552ff91a5f0b6,b4b6c669cb4b383e2d2db1c366d2ce0f9269fcf41986338bc49c62732661b1ac,af57e41ef42847d882bdae051e57340398ea325e58c8326acf45d34fc88abb6d,bracol-554,val,0,
bracol,555,data/raw/bracol/bracol_completo/coffee-datasets/leaf/images/555.jpg,1,cercosporiose,4,0,0,0,1,1,2048,1024,46583573c9b4bd1ea055f3e6da6846cc70dff29d533121ed7b35b37b444fa75b,ac27963781d86bcc9e9b695b2c1e17a860e2d25767438b7a963f9833c9b43194,ae399731e045c7efd0fafa2083d90b168741df3bcf03318c831dcf364b9c3138,bracol-555,treino,0,
bracol,556,data/raw/bracol/bracol_completo/coffee-datasets/leaf/images/556.jpg,1,phoma,3,0,0,1,0,2,2048,1024,99d183001839d6aa5ebae7f18e128e20e88f8a5585d7b6132209ce7c0a6e3f38,f99498cb85eb6e044e6de13e61d893b39183c84f476c25e8d839339709f2937a,f9a79c91b11518ba91f2fcf0daaa60e49a4567e74a5964c08d69decfc469984c,bracol-556,teste,0,
bracol,557,data/raw/bracol/bracol_completo/coffee-datasets/leaf/images/557.jpg,1,phoma,3,0,0,1,0,1,2048,1024,2d317a1c7e8c4049be3a8099974eb3e9040aff00efc25605af07725104efb260,f073cc739384338c4c1e736664f1cd8f874f94d831965b615b696466c5ec2798,be3d4f31f006a41789f7b26f85e2b56491c131a49def9e738c90b528998e1ad4,bracol-557,val,0,
bracol,558,data/raw/bracol/bracol_completo/coffee-datasets/leaf/images/558.jpg,1,ferrugem,2,0,1,0,0,1,2048,1024,8aafab4ac4ed8d138958d6d54831b78cf38e535cf996aa342ce112074fc918b1,bd99edbcc05670070f6983f074207c0d33de32fe9f0cf3416c608eb7e2e7e410,bbb6813ff1001f1090bf901dd3d36afc93c0d140fb4b6be9980dd1c1e16d69cd,bracol-558,treino,0,
bracol,559,data/raw/bracol/bracol_completo/coffee-datasets/leaf/images/559.jpg,1,phoma,3,0,0,1,0,2,2048,1024,ad046f92c562301af46a62b86bd02e6aa41634608cd14112407a71b5a47d774e,b427e1b8c3f29e074d1c79f6378065a19e67961ec8d01d2c998bd9d2363624db,ae7f6b81f418a59ac61f97efc5a006c0c295da25175b0d524b69f84b3ae69c29,bracol-559,teste,0,
bracol,560,data/raw/bracol/bracol_completo/coffee-datasets/leaf/images/560.jpg,1,ferrugem,2,0,1,0,0,1,2048,1024,a67d6411b07b69a70d672b21908720a37614e7d614a7ee0c587d1bc36b88b7fb,bc0c9a4c85e6e1a1de832793695b761b35a896f832d6d944f24a89e7076d6c93,beca9e46a047da4695ee806fd2b2f9e4d3568163834a69e3dfe2ede3482140a3,bracol-560,teste,0,
bracol,561,data/raw/bracol/bracol_completo/coffee-datasets/leaf/images/561.jpg,1,ferrugem,2,1,1,0,0,4,2048,1024,e4cc5166e2a4deb2d015e2f0d4c69292d9a2e5c2f6feb77693642c572d92199c,ab23c4e1c0f61a9ccfd8cb1e9d1d65e278a5ac8530c6665ae2c7d330871ef323,ab79e458b061150dd0f797af82b46381c376931e83c2731e4f829b2ebf1b613c,bracol-561,teste,0,
bracol,562,data/raw/bracol/bracol_completo/coffee-datasets/leaf/images/562.jpg,1,cercosporiose,4,0,1,0,1,1,2048,1024,6f3ae680b10d871e3a7a1e1fbb99d159e7e2ac4cc5f390663997e37814a908c0,bc1ce19c83e75ec3cb73c8773c2d25b8f0f42388c3da780f8f0d8a645c34e5b0,bfcdf18694ed30cfd07302dcda5025e882205fe5f8032de6de370c36b13ece82,bracol-562,treino,0,
bracol,563,data/raw/bracol/bracol_completo/coffee-datasets/leaf/images/563.jpg,1,phoma,3,0,0,1,0,1,2048,1024,38671371448a7d4e872cded0b5f525168200636e38d534ce39582001e5345e07,e15aec49908db7a71e70dab47863296b679474a5160ea6d288791b2b5de3d925,e8d6ee4bf1c224488287f4a99fd2ae959a0e16dadd7e6ec08a20822bdd61657d,bracol-563,treino,0,
bracol,564,data/raw/bracol/bracol_completo/coffee-datasets/leaf/images/564.jpg,1,phoma,3,0,0,1,0,1,2048,1024,6710fac34c2bcfc33e89ec63bf5f84f0e9316379f168ea9c7cdd68470d520475,ec1c471895e8b56b9a6318e5396e8f4e65a4e7ad64936e118e5b3cca9a21d8c5,efc1c38fa585a395c4bcf5109ebc4e2a8c902f159ed24d43cc52e8ea9c734c7c,bracol-564,treino,0,
bracol,565,data/raw/bracol/bracol_completo/coffee-datasets/leaf/images/565.jpg,1,saudavel,0,0,0,0,0,0,2048,1024,33240d056841841fe3ef42fd9bf66fb5d3b6b2a70c9c0c724a2a8c8e0dcb4829,f814e726c5f95e91ce43b05b993f13a135a0e34672c6c7bc2759ac11662958fa,bfade764f50445afc2feee85d3d0151283402ebec70b5c10ca2d301acf3534fa,bracol-565,treino,0,
bracol,566,data/raw/bracol/bracol_completo/coffee-datasets/leaf/images/566.jpg,1,cercosporiose,4,0,0,0,1,1,2048,1024,f2300a4c0c342da77e607140e70d1d2bb0018bfb75ee42d17864f6132ccf1852,f85d64e685a29f0b5e06f07c21e84fa6b287365fcfdad0688c690bb570a4ed06,fa82e86da17707e097832683c3bffe568a90365acb50842ade5b43e1841bdbe5,bracol-566,teste,0,
bracol,567,data/raw/bracol/bracol_completo/coffee-datasets/leaf/images/567.jpg,1,cercosporiose,4,0,0,0,1,1,2048,1024,432d145ae683acb009298a914cfb1bc8cdf4d771c2b379f5ee15e7e568a8547f,eca13e6f955ec1c45b88479b615f387c34a89463c2d15bac9b4ae510b92f2d9a,ee7c1e53a400ba23840da07fd6be546ed25cf2af8bd84bc4d848ef4e8965694c,bracol-567,teste,0,
bracol,568,data/raw/bracol/bracol_completo/coffee-datasets/leaf/images/568.jpg,1,saudavel,0,0,0,0,0,0,2048,1024,2fe357b548dbf161988c4148b09fbe8f73ae0d29d365547cecba4f181a4a7243,e0389736954338cd1a8f6559695487b767aad8763a9509c8d9c8658d1faf26b4,ea1ed736e116823687b29d769ea318a39a35f8779a5003c2c25bfb4f834b0b0d,bracol-568,teste,0,
bracol,569,data/raw/bracol/bracol_completo/coffee-datasets/leaf/images/569.jpg,1,cercosporiose,4,0,0,0,1,1,2048,1024,5637199ff4e0c0e9e8c3d4d8367a76c309c3502b678c33d51d86256cfb2c9ab6,e95169cd952e94324ed41bfe387be90363a024fc0b1fd252dc689b6b28d719b4,eab048c9b154ed49c7ae240f8b81f6bddf1df6d09238425a967c974b9e50560d,bracol-569,treino,0,
bracol,570,data/raw/bracol/bracol_completo/coffee-datasets/leaf/images/570.jpg,1,ferrugem,2,0,1,0,1,2,2048,1024,428844aa69c3f0d9864699c0ebaf62edc64041e9f5008ddc80c7e661fd5198a4,fc009293c0fd4d6dcb422c3e9c3f32d030b1eb4b63c3ce2db6879c34cb6ec8e1,bf5f929ab408484dd015696de87f45a4d7e8af94c3e0570a8b60ea0dc721f4be,bracol-570,val,0,
bracol,571,data/raw/bracol/bracol_completo/coffee-datasets/leaf/images/571.jpg,1,saudavel,0,0,0,0,0,0,2048,1024,24bad85c4c0f2a4843582d47e34c2c43f5f169b8edee3f2486da2a94c0f63e86,e952c6c395a91e9d9e847878297a23a565a1e61e26969e68f2438ce59b6c798e,fa27e4e1a155079687e8fc1a86a40cfed6556cf082d27cc39e5208c39e5af9c9,bracol-571,treino,0,
bracol,572,data/raw/bracol/bracol_completo/coffee-datasets/leaf/images/572.jpg,1,ferrugem,2,0,1,0,0,1,2048,1024,a053f418509f59965bbdbf93f07102a6c13251a5baf115144c41181fb85aab83,fd5ec4a4c3a15a5f1e4ab1a960edc7872782ce7eda1f1ce08961718764b6071a,feaae946e15545fb81ee4e88d7a12e0582a13c5fdab5643892142ef89f5a66b0,bracol-572,treino,0,
bracol,573,data/raw/bracol/bracol_completo/coffee-datasets/leaf/images/573.jpg,1,saudavel,0,0,0,0,0,0,2048,1024,cb373de6bca461a9a1bf0efc919c6c9f9902747a6bfd71cc0eb13fbe3b22a021,e072e93397859e0c495c71f935e3cf07d213b072c9294bc93c94b19c634acef3,fe23fa34b47187e0d7b0bf22c2954237835abef2cb0b90529b3db2e3990c50c3,bracol-573,treino,0,
bracol,574,data/raw/bracol/bracol_completo/coffee-datasets/leaf/images/574.jpg,1,phoma,3,0,0,1,0,1,2048,1024,3c7e22647c189a8cf7c24925350ed51168589c205c004363908b18d00a707541,e158c4b697a33a5b1a56e1e861e91f876687c87a925a9de1c86970361da7738c,faa0ed69a05d01f995fbfe8092a10017d6d5e73a831bb318d75a84f88a0efccc,bracol-574,treino,0,
bracol,575,data/raw/bracol/bracol_completo/coffee-datasets/leaf/images/575.jpg,1,bicho_mineiro,1,1,0,0,0,1,2048,1024,01962633b0f87d1bc1e41ebe15cf98cee8acde56c4f41c9bbb0a45ba29c537f8,e150dcf197a763cb185c6c2c61e1b2d207974b4bd878a5a51de17696609eb34b,fea28e09e037b4b885f352a4d782fad782174b52df9ee94a9218c90b973c5929,bracol-575,treino,0,
bracol,576,data/raw/bracol/bracol_completo/coffee-datasets/leaf/images/576.jpg,1,bicho_mineiro,1,1,0,0,0,1,2048,1024,a484b78d7f4fcd3a64b929a405e639aa6798c76d8c97f990516eef22252789e1,f072e2ed87811f46487ef1b925c4d2c7f21a2d68cb25d0b60df2c3c3708d1f69,fe8ce112a17d17e8d7a10a87c65dbf56822a6d5a8628d46fda792460de3582e9,bracol-576,treino,0,
bracol,577,data/raw/bracol/bracol_completo/coffee-datasets/leaf/images/577.jpg,1,cercosporiose,4,0,0,0,1,1,2048,1024,329b37f86d93749f757270a89ec5d50ce15aece7260dddddd830273a5979658b,ed48e8f4c6a59d899e5672343978836225a55c2766968cf8c67aec89986927dd,eeb9d82fe05589d585eb5d80c6a1888f8e95ddfd9e5489809ebe7d8e1852018d,bracol-577,val,0,
bracol,578,data/raw/bracol/bracol_completo/coffee-datasets/leaf/images/578.jpg,1,saudavel,0,0,0,0,0,0,2048,1024,f33ca96a2717bf1aaa09119306200c8004823d1ef2f35624d3c6828c57fe2e5e,f81f63f987e81e07ca453c7c3c6ec1e234b42707635bd83cc92938709cb4c787,bfb8f808b5d0c013d08a01ffca9bdff6cb5d1f80890aff0087ad2422db84e0ff,bracol-578,val,0,
bracol,579,data/raw/bracol/bracol_completo/coffee-datasets/leaf/images/579.jpg,1,cercosporiose,4,0,0,0,1,1,2048,1024,a7f1f5157baa666af3833d021bbbc06f54d0ae87676f21b787374f9df9019132,e856725d87a98f831e15d034617a0f722787f00db61c0ff49a69f03ad9a70fe1,faa276cee15580d387fafdc89683802e961dffe5961c8005d658edff8a48c904,bracol-579,treino,0,
bracol,580,data/raw/bracol/bracol_completo/coffee-datasets/leaf/images/580.jpg,1,bicho_mineiro,1,1,0,0,0,1,2048,1024,05ae7677dc58ec4a6b2a05b751f292ea4168962dc7564a222c79a69f48af1523,fd193966d2f4c5b9cf42c6c76c3d262832f09ab4334b99c2b32c138dcc34671e,ffb61a6cb510991590aad97bd2f7c8a8cbd0c955cf4969a04d89cd848d0db197,bracol-580,teste,0,
bracol,581,data/raw/bracol/bracol_completo/coffee-datasets/leaf/images/581.jpg,1,saudavel,0,0,0,0,0,0,2048,1024,f37957ce401a37621f92ab8b57a954839933f611edcaf3ddc89732d8f5847c5e,fc0df8c5d2f496964f03cb493c3d6d3532d034d2e30fc2cdcdbc8b2c8c5247b0,fed878d1b407296a90bfbda1c3d48485c3429edbcb4b10d3930dbecb9b2f00c9,bracol-581,treino,0,
bracol,582,data/raw/bracol/bracol_completo/coffee-datasets/leaf/images/582.jpg,1,saudavel,0,0,0,0,0,0,2048,1024,02810dc47f173cbc56c79b57e1d8c7f60e2ad8bc571d9a4f2a12d8ff73e79f73,f55ef019d2e50f86cf0af07e2cbc0f8132d3f03e334f1fc0c334e07b8db24e80,fa87f699a155015b97fa7d88928100a6d35ffe86834a01d6df68234a9a2ddf49,bracol-582,teste,0,
bracol,583,data/raw/bracol/bracol_completo/coffee-datasets/leaf/images/583.jpg,1,saudavel,0,0,0,0,0,0,2048,1024,d33cc6a9ec3bb04ec62dd64b801e13e2786f17d6c1cf909f1a52e109dad39c8f,e154f6cd97ab49221a54993461eba3d32785364dda7a65e08de19e26e887d1d2,fa28b493a15d64bb87e85e91d68a685e821d0ff8da7c6d0980688fed5f697405,bracol-583,val,0,
bracol,584,data/raw/bracol/bracol_completo/coffee-datasets/leaf/images/584.jpg,1,bicho_mineiro,1,1,0,0,0,1,2048,1024,e5a20eeda30589d1b14dcb32615f7009c753db21697a50c5a0e214f384adc71a,f44cce6cc3a1b1330e134edd6c3ee90b33c41ba4b24ff056cd380fe9ccb3e814,ff47ce4cf0493b5592fd102cd3d0faf583020052cf0f7ee3cb3e4401cd1c25eb,bracol-584,treino,0,
bracol,585,data/raw/bracol/bracol_completo/coffee-datasets/leaf/images/585.jpg,1,bicho_mineiro,1,1,0,0,0,1,2048,1024,703fec9cea6bb700e86a97baf1a6d7c27e8467545ec2acb0b38e24e2aa494a32,f835619385fa97b45e89d804287e6dc8f1a025af0e17b236dc3a8b5b5ae1cc2d,fbace8d1a13405fb95fe0f8292a6ff178295fd1eda10003edf5a1234830bd370,bracol-585,treino,0,
bracol,586,data/raw/bracol/bracol_completo/coffee-datasets/leaf/images/586.jpg,1,ferrugem,2,0,1,0,0,1,2048,1024,9ad582db53c47cc93a87a3439621616190b23ac4bb5fab27c05e99f6a8624872,ed499bd0d2b4e46d8f4203d4393dbd0b6582b0fc26d7c2e7c61acf0bd968483c,eab21fbae157fa10e5ea605f870545e887bca7e1c6bce5858600c5858651679f,bracol-586,treino,0,
bracol,587,data/raw/bracol/bracol_completo/coffee-datasets/leaf/images/587.jpg,1,saudavel,0,0,0,0,0,0,2048,1024,fb817db6d7526a465cad586a819dd82fd62d98512f49844bab1568d31c1aa724,f05cf34c87a12db34813e2f725e89b4d924770bccd3a27821ca1d86f335a37f0,fec8d2cca04d9bccd2fc7f84ca84090ecf4eedae8f2a20b4cc3dfcd21c3830c3,bracol-587,val,0,
bracol,588,data/raw/bracol/bracol_completo/coffee-datasets/leaf/images/588.jpg,1,bicho_mineiro,1,1,0,0,0,1,2048,1024,49f4a438d18fa0a55f3a83a413b2b5924e8a8eb0e8bd8bf0f864e1565f1eabde,e85b699bd1a9b5a01f468ed6707e782e274025e087b9769bd893cf189f588964,fab05a83e110ab5587fa817ad701f5a0c6b79bad8a3f0915cf01d91c9b6b0b3a,bracol-588,treino,0,
bracol,589,data/raw/bracol/bracol_completo/coffee-datasets/leaf/images/589.jpg,1,ferrugem,2,1,1,0,0,3,2048,1024,be5fd714a5b5ac3cf630a7e622a410adb5e3481666cbc34740844a581a2c809d,ad0ec39996f03c47ca5bc2fc2da1672370de16149349395b6b24c9c9dcb6c48f,abf7d180b0601fffd2979ca3834e3ad54beed8488d27a16f6c90c9bc9c9085c4,bracol-589,treino,0,
bracol,590,data/raw/bracol/bracol_completo/coffee-datasets/leaf/images/590.jpg,1,ferrugem,2,0,1,0,0,2,2048,1024,f7597db8a5bf08a4eeb128a78cd22a4ba421ca9d4d4d4b805c1cc097b4c26d91,fd417359c0bd94b4cbd242d62d0fcd4b30f474b533c333d2d30d53898d3e8b44,fef972d2b40bad5ad0bf25a9a2d0efb5d3c2011083cb9b9adfc7d51d0b01808a,bracol-590,val,0,
bracol,591,data/raw/bracol/bracol_completo/coffee-datasets/leaf/images/591.jpg,1,phoma,3,0,0,1,0,1,2048,1024,0ee491abae823bb66537b93583ab20152502eda80edb4baff899cf921d73c87a,e8c6339c95a8e9631a314e27616ab798a585f1c9da1c1c6e9b7ae42627a712f9,e8e09587a44392dd85ebda5a9e8d1b53db15bf638324a023d3fe616342142f75,bracol-591,val,0,
bracol,592,data/raw/bracol/bracol_completo/coffee-datasets/leaf/images/592.jpg,1,phoma,3,0,0,1,0,1,2048,1024,c6bc5fda6b55ad44862abf21327e3e753d9fec88fedb8a7317629130cf41d2d1,f9583ea4d6a4f1490f5b06e771b9bc32368441f1c24a3d0f9c29c67c49b62be3,eab90f49a159b83587a9c1f996953b819e52ad1f865b059e1e7ade9ace21c250,bracol-592,teste,0,
bracol,593,data/raw/bracol/bracol_completo/coffee-datasets/leaf/images/593.jpg,1,ferrugem,2,0,1,0,0,2,2048,1024,71a9313e8e08d283157cbc8c8f73b41626e582482ca221ca9d037ab05972f0d3,fc4061e9c2f59696cf92da4a3c0fcdad32f4749631c2264b639b722c870d8f3a,bf546052b40a25a3d0ad37b9cbd7c6d0d188b64aa396c60fd3da870fa3c9c70e,bracol-593,treino,0,
bracol,594,data/raw/bracol/bracol_completo/coffee-datasets/leaf/images/594.jpg,1,cercosporiose,4,0,1,0,1,1,2048,1024,f85bc49919b518633c8a47a612263f2ee3662a5a6e3a8e5b9f53407fc00f5c55,f4079b66c3f86dd8cf01e6b134369b49325ac93431a52dd2cb9672cf8c38336c,bffd926cb4205aeed0816d66c8572ca2c1ebf4b7cb853ed28dc054498f8928e9,bracol-594,treino,0,
bracol,595,data/raw/bracol/bracol_completo/coffee-datasets/leaf/images/595.jpg,1,phoma,3,0,0,1,0,1,2048,1024,99be04f75d4a4f83e62bb2dbe60578af09281ab70c4a07bf808af1081bda8dca,f4136598c3d09e531c47d96c31bc6794c792341b9c3bd2e1d8e09d0f33c6ccbc,efbfe109f50045a986b93f95d6115c128abf3c1bc3f0a8abc74134b7c3031c97,bracol-595,treino,0,
bracol,596,data/raw/bracol/bracol_completo/coffee-datasets/leaf/images/596.jpg,1,ferrugem,2,1,1,0,0,4,2048,1024,86790c672eab5c883d70b370c64fb5ece42b98cf299f9f4aecd1bb6027ea19d1,f857484c87e0b5b34e179a957168e94a338146a5db1fb252cc781b692cc7e5b5,fae04accb057ed5491fa052a9380eea9d30316958b1fbedacb0e06528b36ae7b,bracol-596,teste,0,
bracol,597,data/raw/bracol/bracol_completo/coffee-datasets/leaf/images/597.jpg,1,ferrugem,2,0,1,0,0,2,2048,1024,ebec5f5aae9d4c08e39a155b3ecfe97165fb6b624c823d0385a0bed510937b88,a860d866951f77894f8cc39f61e13d481ef234f59326ce436bafc12f85892d94,b8709c64b4701e6c96a7e028c35466f3c30e87d2e3ab638b5fa58517a1a76fa3,bracol-597,treino,0,
bracol,598,data/raw/bracol/bracol_completo/coffee-datasets/leaf/images/598.jpg,1,ferrugem,2,0,1,0,0,4,2048,1024,d2e487a345d3721c0bbf2b13a9d0fad7ed852dce8a8858b498a2d0dc6a6f5eeb,a96ccec9d4913536cf5ae2d2e824678935fbec0db2451ef417e6d8b1c809c171,ba4ccedbb56a3f4086919c0fd68810bd016fd9bcd9d7d850889788efc92ec94a,bracol-598,treino,0,
bracol,599,data/raw/bracol/bracol_completo/coffee-datasets/leaf/images/599.jpg,1,ferrugem,2,0,1,0,0,1,2048,1024,c5e0da63ec1e42288f3b60b0e68a0370df2b6ef62a863cc884ee9c8a6f61010b,f8551e2c87e8e1d3de174f832978b23c32a5dbc047d029a78d9be49cd82d46d8,bf649767b044fa05d3ba487ec39729e0c5daeda1d7985185820981c68b5ad3cf,bracol-599,treino,0,
bracol,600,data/raw/bracol/bracol_completo/coffee-datasets/leaf/images/600.jpg,1,saudavel,0,0,0,0,0,0,2048,1024,d742d0428309760273008be96f3c31361f381ed85afcf57a41772efe07a1bb4f,ed006b67d2b4b4b69b42c390382d696b61f45ca56703bc469e7cc2ff98603d39,ebbf42f5e5449a42c56a954ac7e99cea9601c4c59e1fc2e6963cc45c96781e2c,bracol-600,teste,0,
bracol,601,data/raw/bracol/bracol_completo/coffee-datasets/leaf/images/601.jpg,1,saudavel,0,0,0,0,0,0,2048,1024,f2a789666f0b25ab4f2d1a968edc3922fb49c3d65dc95fd30c576aab41c0e4ef,f44bcdc6c2f5b6290f026a7170bca5a336c2cf96cb4f9868cd3c2ce11c926717,fea24941f451a9eb807a25c5d3f9b4aec380b4b583171a55971f5e529f0e2e4a,bracol-601,val,0,
bracol,602,data/raw/bracol/bracol_completo/coffee-datasets/leaf/images/602.jpg,1,saudavel,0,0,0,0,0,0,2048,1024,6efbf12e081fbbd70f8baeb0e03e23985897ae2b7e2a10f7b61c0cfae9510135,f154c1e496a93e1fcf1260f2793a33c136c5c20ef24a9cf0cd29e8d319b633cb,faaad26ea4551bd085fabd4bd680942dc245debccf4e4814cd0ccbfe4f6c4940,bracol-602,treino,0,
bracol,603,data/raw/bracol/bracol_completo/coffee-datasets/leaf/images/603.jpg,1,saudavel,0,0,0,0,0,0,2048,1024,ef5b30f0285aaccf00150ecfb9c4913601367e89721e38dd1249868b67da142b,fd57f066d0e90f95ce16fc1b29fac3e036851b07c25edc288f2960f0cca407cb,fa82f849a05703ecd7e23e03c2afff5d8655702ecf5000f0ce4b19f4cc2bfd20,bracol-603,treino,0,
bracol,604,data/raw/bracol/bracol_completo/coffee-datasets/leaf/images/604.jpg,1,cercosporiose,4,0,1,0,1,1,2048,1024,5573f473334c1e41f5c085ef87d74c86baa9ea442d4cb7e4c64a55c863d8d74b,f1786b7dc291b4b48d4e4a5260b4ed2d37c312d2f21d7a0f8d208da1dcb76c17,fa80529ae11fa95786f815abd780daa5821b8a16df5f5976ca1909029e39adaf,bracol-604,treino,0,
bracol,605,data/raw/bracol/bracol_completo/coffee-datasets/leaf/images/605.jpg,1,ferrugem,2,0,1,0,1,3,2048,1024,ef75aad46104ce99013b192a3dabb7f9982d2819ca13319393edb68e61590854,f14d6993d2bcb4e40f034b5a70343c2d33e931f2d906eb474cf24f3c36619cb1,fedb5bb3b401bd5280f5b0abdbea58f2cb8058c2c92769d4c904a5c18c8ee4e7,bracol-605,treino,0,
bracol,606,data/raw/bracol/bracol_completo/coffee-datasets/leaf/images/606.jpg,1,ferrugem,2,1,1,0,0,1,2048,1024,8491aaaee064c321c27498e4455ed7a1b202dc9379904bcada355a82773761a3,b155be2387a6e1f01a598f0d6168387217a583e3da5aee1f0de994f86594b8c3,b8419e03e166787697a481fad2146bc0825a4147db6befaf8269c507df61efa4,bracol-606,treino,0,
bracol,607,data/raw/bracol/bracol_completo/coffee-datasets/leaf/images/607.jpg,1,bicho_mineiro,1,1,0,0,0,1,2048,1024,80d7c48a04e5bcf37fb446ac3a3aef8e812fce69a7fc4b8f11b28ebc8dae4f0e,fd4b654dd2a596b20fd2b872702b43e922f4640dce0a12fc8cbdf94371b0c5b5,ea51e35af468c5db96edef81d655040f9e523cdcc06298f0dee5184ac8e09a4f,bracol-607,treino,0,
bracol,608,data/raw/bracol/bracol_completo/coffee-datasets/leaf/images/608.jpg,1,,5,0,0,1,0,1,2048,1024,66344278e7f2c8595e4b5f5f4f96cc711a99de8dbf3ee367b1fffb69f10e2100,f413c9c6c2f0b4bd8f073a5838bee52d66d09786e62d9c5a986638f119a36587,afbf4861f500a977c20c152a837b8694c6e997829665960f9e20961f9e75f65d,bracol-608,,1,predominant_stress_5
bracol,609,data/raw/bracol/bracol_completo/coffee-datasets/leaf/images/609.jpg,1,ferrugem,2,0,1,0,0,1,2048,1024,ad7a5d29910fcd7417fc6f528858666df3d275b2ff7777d35b10d879520ff777,f0796659c7d791b64c2e1bc724f1e03a72874e818d38b16eccb71aa736c2a532,bfdc66ccf408efccd2fd448d8b40fac4cb49544e892d1a69adb4fc64dd901864,bracol-609,treino,0,
bracol,610,data/raw/bracol/bracol_completo/coffee-datasets/leaf/images/610.jpg,1,phoma,3,0,0,1,0,1,2048,1024,74757bfe3d3e514dcbe5922ba06e31e1e75da4107069df37759f988c91219e86,fa65d93187eaa58a4e17629b697a2b443381b42df31f8ad2cc74ec1b2ce203ad,fa685aa9f044a94783ecb5fadf4493b0802ad382deb62b1fc812cb1e4fd7710c,bracol-610,treino,0,
bracol,611,data/raw/bracol/bracol_completo/coffee-datasets/leaf/images/611.jpg,1,cercosporiose,4,0,0,0,1,1,2048,1024,c9a7c3d2660297514f428d045f7f00a09e0deb7027fbfedf88d10358172a35b3,e05cce9d9783b1239a1632d669e1e12a669a8dad96d8d8d6da25d9e321e2273c,e89c4f9ea5dce811878885b8875d1587de08d7929c7dd09f98210a5a8af1bbdb,bracol-611,treino,0,
bracol,612,data/raw/bracol/bracol_completo/coffee-datasets/leaf/images/612.jpg,1,saudavel,0,0,0,0,0,0,2048,1024,15ab2d05c04d37e003937ede772dc442ede16af94e9f63b9c743a27b7a5936d9,f053332687a1957a9e176ea569f89c5a278552ec721e1b069b782531ccb55eb1,febe5169b1109aa490ab5156d3f58b3b8b006d31df0f0d21cb0f2fb4cb3dc494,bracol-612,treino,0,
bracol,613,data/raw/bracol/bracol_completo/coffee-datasets/leaf/images/613.jpg,1,saudavel,0,0,0,0,0,0,2048,1024,27b3cfc0c98272768537ef888140a617f6a6abcc8d1c1880afe7ccf9378c7b14,f85a3c8487a4d07bca474fa12d2ab01f30b51ee033dab9c69f0fcd8fccb4461c,fe900debb54fbc04d0ab107ec2d5b8ee83d699d6cb0a1982cb2d81e7c925c1c7,bracol-613,treino,0,
bracol,614,data/raw/bracol/bracol_completo/coffee-datasets/leaf/images/614.jpg,1,saudavel,0,0,0,0,0,0,2048,1024,1f89f1aba724a7b32c63ee52750592a67142638e2d2dbfa3f5e399182ee38467,f81dc29c83e83563ce0749b5683e85d235e112e9f20f6b6c8f7825e2cc35f493,ffa9d18bb001a6f980ff1754d3b05a4ac284284bcf57ed6d8702042ccf2e7db5,bracol-614,treino,0,
bracol,615,data/raw/bracol/bracol_completo/coffee-datasets/leaf/images/615.jpg,1,ferrugem,2,0,1,0,1,1,2048,1024,b03885d995d49035a71e3d13431fa28385f3722fc23a8ff140e5e0de7b67058c,e916e73e85a91f809a17f07f3968478161a56e1e2792d838d64b99e1c86dd18f,fbace3c3e514016ac5bb3fb582909d05d757103ece4af8fc865b78f0ca6b0043,bracol-615,treino,0,
bracol,616,data/raw/bracol/bracol_completo/coffee-datasets/leaf/images/616.jpg,1,saudavel,0,0,0,0,0,0,2048,1024,bdf48660d101bf36cebc634c286955133323348c1d0ab989be104add1c6446fc,e14d783987a391c79a1e5e9769e98c7825854da1621e739e37433738da2d6235,fbea7f86e003b81697e9d079d684b3e882169b05df5a533e8b088b2acb3d2915,bracol-616,treino,0,
bracol,617,data/raw/bracol/bracol_completo/coffee-datasets/leaf/images/617.jpg,1,phoma,3,1,0,1,0,1,2048,1024,dd403c80603b9cba17cb41133cce2d629691a2beff7eedada2a89d5c93bf71fa,f931243387e293d81e4c998f61686c7c979176a3ce1b9b5e85ec982d38876ce4,fb1e6534f11cc62c91bc6ff593a0c2069395277ed212e6609b5b26059b5a4e67,bracol-617,teste,0,
bracol,618,data/raw/bracol/bracol_completo/coffee-datasets/leaf/images/618.jpg,1,saudavel,0,0,0,0,0,0,2048,1024,0e1c150a33529bed6753ec82f1eb74252c746af42e7fd8c9fd19c4075b7f9c7c,f15365edc7ad9a122c4ce16931b336c6cf07913a6c784fa531c3345e630e33e1,fa2e68d9b17405f993e3fe89c297a01dcfda5a50e00b137ace39ba00457d9529,bracol-618,treino,0,
bracol,619,data/raw/bracol/bracol_completo/coffee-datasets/leaf/images/619.jpg,1,ferrugem,2,0,1,0,0,1,2048,1024,923049aa1a2ce4d7a6cfbd4a232b27938e5689d8f9798b95191abd94c98ffb95,f815c3ce85fa1a09cba02c7b2d5774a834e8b3d13295db4e4bdecc35c8e30cf0,ffb97072b4419ae3d02b921cd2fd9f8993d00b81d3cac94f9341482fd32369b6,bracol-619,treino,0,
bracol,620,data/raw/bracol/bracol_completo/coffee-datasets/leaf/images/620.jpg,1,bicho_mineiro,1,1,0,0,0,1,2048,1024,c2795451f6c0f1eb10b1eb648887fcc96157df75f16d110cc8074f10905a9674,f8166f5985e894bede019a462c5e496b33e1259473077296873cb36acc71d92d,ffb66bd8b004c5dc907ea5a7dbec969183408a16d78e9a5ec20c9b2acf5e1a28,bracol-620,treino,0,
bracol,621,data/raw/bracol/bracol_completo/coffee-datasets/leaf/images/621.jpg,1,ferrugem,2,1,1,0,0,1,2048,1024,f4fb768edec6cb8e98dba5263ada2324474b1a6c807b9ee8d16f8fee71807696,ec524e7387a1b1bc9a0f33843978ea7a61a5c72927828ce6265e78d6dae01fc9,ef044e3de53fef10c7e2056e06d59ca1de827cb5941f081482dca8d0d7dcddc2,bracol-621,treino,0,
bracol,622,data/raw/bracol/bracol_completo/coffee-datasets/leaf/images/622.jpg,1,bicho_mineiro,1,1,0,0,0,1,2048,1024,89a92935630ca8365e40417ee6f3ea8811542533b9578c76d96ccf6e346c7f0d,fc46ce4dc3f13c340f017391742e874f93d0cca4cb0f3c528df833c976c3cf0c,bf4342d9f013ac4392ff842fd3c876f4c3c50054cb057e62cf0f4862cd0f366f,bracol-622,treino,0,
bracol,623,data/raw/bracol/bracol_completo/coffee-datasets/leaf/images/623.jpg,1,bicho_mineiro,1,1,1,0,0,1,2048,1024,5dc12a2922e77488cb06d88b9ac54b4efe1de9ee7172ffc83c3500e71adc7048,e15866cc96ad9d069e16ca79796b9d8367854ab8b61aa5428e78526dd9a79c4c,eba8e484f15487ecc5aa5f8497b5ca279684597e8fcf886aca5e1d60c87c1a64,bracol-623,teste,0,
bracol,624,data/raw/bracol/bracol_completo/coffee-datasets/leaf/images/624.jpg,1,saudavel,0,0,0,0,0,0,2048,1024,e20df4bd6e27faf2cc8b4826ea3757f67b4eb7c3d149919559fb0ccd9117ec95,e118c62f96b538521b4ee18d64310e16b4b3647e9bcf9da1c87c91172f236edc,eb8be7c7a55d0e7a95e2fc2794eb082edc81b3fc409f9490aed6d09b80529a90,bracol-624,treino,0,
bracol,625,data/raw/bracol/bracol_completo/coffee-datasets/leaf/images/625.jpg,1,saudavel,0,0,0,0,0,0,2048,1024,fa9954859c2bc9e2a10e74a3dbfda9bd5292b72d7fc3436bc2124802589c244e,e54e69ccd294b6b11d43cb5170bd6c2f679093c4da4d961b9c600b71e193f4a7,eba858d3e11539c385fc815f9688bd889e9d85899cdcdfbd90d0801cd8d0fef0,bracol-625,treino,0,
bracol,626,data/raw/bracol/bracol_completo/coffee-datasets/leaf/images/626.jpg,1,saudavel,0,0,0,0,0,0,2048,1024,711d82fcb2465f9823451a28923d4f0bd2bda8efc0459c0532412ca5b1481baa,e815617d85ea97809e859877785e1be821e96915e68725ba8e5ab617cc619a7a,faaae051a05505ff85faeea097a208179687ee7e96155c78de5e0c7892505e71,bracol-626,treino,0,
bracol,627,data/raw/bracol/bracol_completo/coffee-datasets/leaf/images/627.jpg,1,saudavel,0,0,0,0,0,0,2048,1024,a051b722537cbd53c437ca0e3a4b9f4addfaa36a60c37b8e74b6b83fdf2d1906,ed46e732d2b59c870e5b9adc702de74b47c426b5ce0ff8728c7099c1318cc30d,eacac62ce854cfe4854f2f44d7e24c7a9064387a95e47f499184b389138ef3d9,bracol-627,treino,0,
bracol,628,data/raw/bracol/bracol_completo/coffee-datasets/leaf/images/628.jpg,1,phoma,3,0,0,1,0,2,2048,1024,856c02ca8a911752e60c917585108e501db206c058cb26813e9f897aa0c739b4,e0536c6697ac85999e179e1d6978e36227a52d27321e64964738e6dacc779249,fa2b6b63a155e07785e80de2d681c4ae8217ccb78fde84d4c41e9cd08fbc90da,bracol-628,treino,0,
bracol,629,data/raw/bracol/bracol_completo/coffee-datasets/leaf/images/629.jpg,1,saudavel,0,0,0,0,0,0,2048,1024,68ce2299bc2124eb397252e8567f80fbbb26cb7020f0f700059a6c4994da5e1b,e014653985eb93ce9a948e4f697adc3927a161e17616768e9f6a0678c9a5dc61,faa7e719e15415bc87ea7aa3d6811151821f69cacf5a810dc258dfaccf799184,bracol-629,treino,0,
bracol,630,data/raw/bracol/bracol_completo/coffee-datasets/leaf/images/630.jpg,1,saudavel,0,0,0,0,0,0,2048,1024,bd696e2a5418931b920506aa5d27e59a5798443c2b1e85a7f3e8cc777f82b888,f947c2cd95a89d22ced7703f6c3a23c034e4c60fb2068cf09b3bd8a3cd353bc1,fae274d9a0548adf91fe6d40d7a0ac2a928575b5d3d724b0930a2696db5ea692,bracol-630,teste,0,
bracol,631,data/raw/bracol/bracol_completo/coffee-datasets/leaf/images/631.jpg,1,saudavel,0,0,0,0,0,0,2048,1024,a95732b148f95fe6b65d2962c086c1b774dc68057c89c8888a62baa719fff0a7,f46986849396397b0c6d64b460f4930f3783c939913c8da3cdb166cebccf334c,ee8561caf14e92bd82ec5b10d3c4ab4f930b51289b4faab59b2c5430db3cbab2,bracol-631,treino,0,
bracol,632,data/raw/bracol/bracol_completo/coffee-datasets/leaf/images/632.jpg,1,bicho_mineiro,1,1,1,0,0,1,2048,1024,ed394a503f0dbe0475356db7c5633ffba1a1002540e9c422daadf5c40a1b8bd1,e855989885ea9bc79e856329d85e25f329e06615618713dc479ed94ae21b99ed,faa83d8fa15738e485f871d2d78891c0829dc9c7de94c9868252c996deda4f9c,bracol-632,treino,0,
bracol,633,data/raw/bracol/bracol_completo/coffee-datasets/leaf/images/633.jpg,1,saudavel,0,0,0,0,0,0,2048,1024,fcf84da43b839ca8cd52488ce460962c77b9699859d50a0a19ca3faf96523d2e,e8597e4f97a1a1e89a16ce97796b387a27a541a1e61e66068e698678d86d5a29,ea829ee1e155b85f87eac1e2d6858ec38617dc4fde501e0c925aca3c9ef0c15c,bracol-633,val,0,
bracol,634,data/raw/bracol/bracol_completo/coffee-datasets/leaf/images/634.jpg,1,cercosporiose,4,0,0,0,1,1,2048,1024,1b4ce55ec4b54ce8aace42c01bcf7a6801777d140d29005aac2559c5c375293c,e150369197ad6b6a185a3db561e990da36164b4fc2786d3c9da3b692689e925b,fe8bb517a045f6aa87ee4075d3804bf0920d4942df0f4d6b9a2cad299a3c2d3d,bracol-634,teste,0,
bracol,635,data/raw/bracol/bracol_completo/coffee-datasets/leaf/images/635.jpg,1,saudavel,0,0,0,0,0,0,2048,1024,af53642be02a14c3c209b2abb9762ac1e9217c27187abe0c962eb29368c5e455,e1797ec99687c5a6487a1a1325a1e179769e5e878368e47adc355ea50d92e132,ff851e9bb449ee41d2f8007fc2c1aeb0d34b0451830bcaaacf2dcf4fcf2c440f,bracol-635,treino,0,
bracol,636,data/raw/bracol/bracol_completo/coffee-datasets/leaf/images/636.jpg,1,ferrugem,2,0,1,0,1,1,2048,1024,59ed863ee9f93b1b0894e8b1fbaaf364d38e6735e67a23b803f7591016294ed0,fc0a26a7d2f2ca5c0fc78d89783c6896b7d07762da17b32d0d6acab0b48564ca,ff42b5b3d207c2b3837a5f218b0c0957daad2d75d0d0200addd476eb898566a7,bracol-636,teste,0,
bracol,637,data/raw/bracol/bracol_completo/coffee-datasets/leaf/images/637.jpg,1,ferrugem,2,0,1,0,0,1,2048,1024,d52d5e6cbc8c3475d0bd25fad8864e9971efcb7fab493834c79240ee58d57265,e85ee59987a01ad69e173162796863a567874f1a361eccf99a6898c3d965330e,eebe69cbf1146559c02a26a8c3ff8594c3e0b6b3c7409616ce0b1e16ce1f987a,bracol-637,treino,0,
bracol,638,data/raw/bracol/bracol_completo/coffee-datasets/leaf/images/638.jpg,1,ferrugem,2,0,1,0,0,1,2048,1024,af22712ded543e63b37ec92e186c4c4f15cdee21fc65f1a83adfb1dbd1dcd016,e054658f87a39af81a1cb1c261ea6f2d9785b4d0d87a92eb2dc3690f761e64b8,fea36179e01547c181fe2eabd7a024078205b43fd71d96b88218f6f19f5e92d1,bracol-638,treino,0,
bracol,639,data/raw/bracol/bracol_completo/coffee-datasets/leaf/images/639.jpg,1,,5,0,0,0,0,0,2048,1024,5859c90a6e901bd1abf16407d2a0ab268be008093a34608130ed37af73eb88ad,e816e5d995e09e9f9e953872685ec36325e463177697c698227a70d0ce2999c9,faa3699ea075c58387fa2d89dea1943d82173439cf569af184201a50deb7d25b,bracol-639,,1,predominant_stress_5
bracol,640,data/raw/bracol/bracol_completo/coffee-datasets/leaf/images/640.jpg,1,phoma,3,0,0,1,0,1,2048,1024,0d0b0dde891d827832801e4944620920770f0ed42931abd16ffa94b707f2a5d6,f912690686e5b6298e13dad7793e6d6867c04cb5b61fa6d28f70326dd8236924,fbacc9e9f454af5784ba97b097d0b22d82091e77db0d2872832c5a72d9782863,bracol-640,treino,0,
bracol,641,data/raw/bracol/bracol_completo/coffee-datasets/leaf/images/641.jpg,1,ferrugem,2,0,1,0,0,1,2048,1024,c08cecd550acadde94b75e96088fcf5b8158b8ad13533f4b13796a60e29e87c3,ed11656e84e897b19a8492d8393ecb4a67e16525e61726b68e7cb25b98c48b6d,ebb8e247e411c37884bbbf2ac6a18c078615bcbf8e5a10f4de4ab8f6c2cbb0c2,bracol-641,val,0,
bracol,642,data/raw/bracol/bracol_completo/coffee-datasets/leaf/images/642.jpg,1,saudavel,0,0,0,0,0,0,2048,1024,d988c4ba48dde768a341d6986a21dbf4f42e879ef95d056f10d1661e0a3e9a2c,f056e5a993a11a568f47b96a7c3c9eb524f1e95a720f26ad837c7250cd241372,faade119a155d7ba87fa7a8197810d5fd20e7d78935e0029db483cf193683c21,bracol-642,teste,0,
bracol,643,data/raw/bracol/bracol_completo/coffee-datasets/leaf/images/643.jpg,1,saudavel,0,0,0,0,0,0,2048,1024,ae82e5780ee2ef72b03e59ca663db3297ffe364ed5e7dc0b063bb8d1d70df3fc,e152369d87a5cb529e1ecd2b796894b46785f2c3661e1b691679612d986727b0,faa235c3e155d0ab87eada95b7830a56961ffb5a9e38014a96587be99279010d,bracol-643,teste,0,
bracol,644,data/raw/bracol/bracol_completo/coffee-datasets/leaf/images/644.jpg,1,bicho_mineiro,1,1,1,0,0,1,2048,1024,4e1cbce97f356572fc51d83d0f1a1d1f540dc354440d192e4b632f3a0c8e7742,fc1a6172c3f596a70f479858703e4da523c53496c60f22f99c70d96978e38db4,bfd4e003f408c7fa82fd3f81d258860b9f5c7e3e8308d458df2d2078c344def8,bracol-644,teste,0,
bracol,645,data/raw/bracol/bracol_completo/coffee-datasets/leaf/images/645.jpg,1,phoma,3,0,0,1,0,1,2048,1024,6d14e8d327dc05b7ad030dd1e9be093bdaf227cd786357145ca36860e874f31a,fc0270e4d2f4c7c2cf41993b3c2fccb132f06cc3734b32ee8f2db3403cb4cc25,efe5f04bb005c2eb92ee6ac0d346844b9bef2cafc240acacca7a4c548d38ccf6,bracol-645,treino,0,
bracol,646,data/raw/bracol/bracol_completo/coffee-datasets/leaf/images/646.jpg,1,phoma,3,0,0,1,0,1,2048,1024,78733c29a76aa5b035fdf7f1d8c2e7d1ba61baa9ae2bab32ebe43fafd9374203,f8156a96c5aeb56b8f51d284582fda1b25f489f9658174a126ad639efa12261e,fba856adf045aa5080ae314ad7f455ec828272a19f83a3858617e5c6df5f52d6,bracol-646,treino,0,
bracol,647,data/raw/bracol/bracol_completo/coffee-datasets/leaf/images/647.jpg,1,phoma,3,0,0,1,0,1,2048,1024,ff778d931b7ec3ca35364acd4c1ec173255272795692230ae21915e1f799726d,fd10e999c0bf17a0ce40da763c6ecb6870b52d858b92309ecf2d2e7a2476c761,ebbef999b90081dbd5ab8fe9d2a49f05c2176e2cc6566675c63a0438d73808b8,bracol-647,treino,0,
bracol,648,data/raw/bracol/bracol_completo/coffee-datasets/leaf/images/648.jpg,1,cercosporiose,4,0,1,0,1,1,2048,1024,b0942592d01926e2991e00e19cc7f63d62df7f6514721d5c4ab5f682a893c869,e01c7b3297a385c81a575e8561e8697a8794a7a5da39de5e19c789e164c871a7,eb865b2ce156ab1585aed17ed78413a8828693819e5e3bd59e50d2149e7a3b5a,bracol-648,val,0,
bracol,649,data/raw/bracol/bracol_completo/coffee-datasets/leaf/images/649.jpg,1,saudavel,0,0,0,0,0,0,2048,1024,b6f9c3772f530bb07985181898c1a84298a15df68d70ee0c0310e40847e178f4,f8176c1d85f9b5e6de85d201687e895c35e1cca8728724d7a39e724a6d09236d,fec0658cb04384b692ff7fe293d00003db4b7e7d8b0f962ccd3d9620c90cb67c,bracol-649,teste,0,
bracol,650,data/raw/bracol/bracol_completo/coffee-datasets/leaf/images/650.jpg,1,ferrugem,2,0,1,0,0,1,2048,1024,523a8681977aa667d04cce08712f03643b6532e83b22ec48dac6f61e656864bd,fd5ac370c0b58c0f8f503c94d82f71eb19f427953582561a62dfc67c2648cfe2,ebd5623ff532ef5480bb05aa87d1feb5c602e4128e1b80f6c7796dc28a392c03,bracol-650,treino,0,
bracol,651,data/raw/bracol/bracol_completo/coffee-datasets/leaf/images/651.jpg,1,phoma,3,0,0,1,0,1,2048,1024,489f61ed3a03045a9972a2cfdb1c51b242983c1fa05dccbc29e7975e77bd5796,fc0d6e1bc3f191ec4f664b46302e343b87d992d0ccb1c90f6b460c36368f72e3,bfcf4f9eb58dad1bc08ed589d9dff21dc98883f8cd546170d56007e092b03424,bracol-651,treino,0,
bracol,652,data/raw/bracol/bracol_completo/coffee-datasets/leaf/images/652.jpg,1,cercosporiose,4,0,0,1,1,1,2048,1024,d145ac25b5e4b136353edf69a2c876468666ad50a357b65f88805e674666af47,ec5e6cce97a0b5b1d83fda1732853de82d4ae496c0b1d2199e870f7123583966,efac5eeca51fa805c7a0f56ad717f5f5c73ac7a6832003b68a31069e8a312394,bracol-652,treino,0,
bracol,653,data/raw/bracol/bracol_completo/coffee-datasets/leaf/images/653.jpg,1,cercosporiose,4,0,0,0,1,1,2048,1024,ec2b62013459697a71ec860acefd63ca4acccf0ddf5d846d06db184cedb8b8c7,f8556e1d87ebb5ea8d189b8778a5483c734e2df0213c70cbf492372d0ec3c232,feaa4b98f053ad0182f3a43fd151b4f587af06f8d3a0d6c997b606c9ca90c2c5,bracol-653,val,0,
bracol,654,data/raw/bracol/bracol_completo/coffee-datasets/leaf/images/654.jpg,1,phoma,3,0,0,1,0,1,2048,1024,88fdcfb4687a36239e4e5f4df3bbcc388b439716588e9c9452ad093130ce2590,f85c989c85e3e16b9a1736a538f8ec1e69c1c96227a697a7c61bb8149a5833da,fa8b1d8ce15de815cba2d87487670162c736eb62cfb8ffa9cd3ac1078626032c,bracol-654,treino,0,
bracol,655,data/raw/bracol/bracol_completo/coffee-datasets/leaf/images/655.jpg,1,phoma,3,0,0,1,0,1,2048,1024,348ead1249b6df03e7bec85b0134c4bc066c1a47967be39f5f1b0ea6884153bf,e918e6cc97a31ec30a473133706cc7892795de0edb1b9cf0996d790764c6e338,eb8f6f8ea1156cdc85b865e8d7a024ad82173cd59e7e68909c381c5e1c79cb1a,bracol-655,treino,0,
bracol,656,data/raw/bracol/bracol_completo/coffee-datasets/leaf/images/656.jpg,1,saudavel,0,0,0,0,0,0,2048,1024,8a6b2f80123a081d90b23a7891e89a3017c25e46e38658169a81e9f85ae617f3,fd106b96c0afa46a8fc096b5dc2fdb423874897d31e37da073816497231d26d3,ffbc4ba7f400ad5480ff052ad7d0f5b5c6818690860fe6d6cf1fc452c61c86ca,bracol-656,treino,0,
bracol,657,data/raw/bracol/bracol_completo/coffee-datasets/leaf/images/657.jpg,1,phoma,3,0,0,1,0,1,2048,1024,e65e30e5887e81dfb0cc0f6ac652e22ed070d3df7a377db79c2cd2116be85d6f,fc13c1b491e83e4b4a0470fd247acfe0b2919e3ecb583af83d2c718336948f97,feb3692db0138b7591fbb500cbf184af8b237e96cf3142548e35fffcca128000,bracol-657,teste,0,
bracol,658,data/raw/bracol/bracol_completo/coffee-datasets/leaf/images/658.jpg,1,phoma,3,0,0,1,0,1,2048,1024,543fd1a6836b4acf42b6b66bdfe28b7156d43fee26a5c55153669e2dd593b98d,e9139c3391baf14cce45c78d686e3c1c25b4c8f2b3137b438b79072ecca5f258,fba39c36b135383085aec07797a17be292158743db5277ef825a840c9a0b67cd,bracol-658,treino,0,
bracol,659,data/raw/bracol/bracol_completo/coffee-datasets/leaf/images/659.jpg,1,cercosporiose,4,0,0,0,1,1,2048,1024,47569ca927c838f40911449077dadaa03502f10d9c918d6aa73154c3bf2d9067,f13a6cc7c7a496b01e4bdb1870f96de903966086da3f931a8ce1da29708f64cb,fb2468f1f1662c4183ea756bd781bba5820391059f7f93a68c2292465d7593de,bracol-659,teste,0,
bracol,660,data/raw/bracol/bracol_completo/coffee-datasets/leaf/images/660.jpg,1,bicho_mineiro,1,1,0,1,0,1,2048,1024,5985db2e4e58df94153234276ad4d9f719d4e1eb6581be036c9ad485e90dcc0d,fd461a4cd2b4e5a18f4b1a966c3de90b31f205fc9387d682de1b43db0cd83d30,fac11e9af16fea5192f5206e93c2f5e89742f4e0920b40a193afbfef92b12085,bracol-660,teste,0,
bracol,661,data/raw/bracol/bracol_completo/coffee-datasets/leaf/images/661.jpg,1,phoma,3,0,0,1,0,1,2048,1024,88b31d361033ce1ba1ffde2ab30fd8d2119464be10b770117de510cb51a8d757,ea15733784ea1bf99b85c80e395e8cf864e0d81324d773dcf60a238f937c3614,fa82f525a05517bbc5e873858689f25fd7950a5a961f3b68863c39299e7c3061,bracol-661,val,0,
bracol,662,data/raw/bracol/bracol_completo/coffee-datasets/leaf/images/662.jpg,1,bicho_mineiro,1,1,0,0,0,1,2048,1024,16d4be87015bb7e1c41fbe9a7c1b68535965192f20cef89d22861831488f390f,fd42c0ddc2bd3f024a56306f25a9c395369fcd78d0742ca561e33296ce9cb178,baaff881b155419095fa0fbbd2808d87d2950f9fcb5e5f9ccb5a66148368ac18,bracol-662,teste,0,
bracol,663,data/raw/bracol/bracol_completo/coffee-datasets/leaf/images/663.jpg,1,bicho_mineiro,1,1,1,0,0,2,2048,1024,4501f33ce4948ef5be5925f64b396826707b3c14c18330455bc3636916ee7b56,ef00c38ed0bd1e40cbc2787b2d0ac3f064bc8f0632729c2f9363f8d4cd9f47ca,ebfce1cff50001c7d4283fe792b51e00925c3c1eda6a945bc36196facba3d250,bracol-663,treino,0,
bracol,664,data/raw/bracol/bracol_completo/coffee-datasets/leaf/images/664.jpg,1,ferrugem,2,0,1,0,0,4,2048,1024,790ace7e97c0116d75239efcd817ecd4a83186343ddb6a0e51ec9d4a58b95280,f827c3d985f21ea4ce8d3076685c87e035f1ca0752068d79cb6f78b0ccfc23c6,ffa2e0d9b031c0db90bb3f98d3f18411cb527d1fcf43980cc72b0d7c97295924,bracol-664,treino,0,
bracol,665,data/raw/bracol/bracol_completo/coffee-datasets/leaf/images/665.jpg,1,ferrugem,2,0,1,0,0,1,2048,1024,8be25001060acc59a3366c5965f420822c52e081d79b18ac5ae0eea0bed028a3,ed53cc1cc0a9a5e21f457685702a295b67f4cda1de0b1ad69978760b39a261f5,eea85f8ce455285485abe17ed7d025a8820ac785df3f40879e15e7ce9e170786,bracol-665,val,0,
bracol,666,data/raw/bracol/bracol_completo/coffee-datasets/leaf/images/666.jpg,1,phoma,3,0,0,1,0,1,2048,1024,45fc5fc990927189831e7eda344b2c69320d668878ac6bb2a55b055d7adae4f8,f8593b93c7b0a5691e464ec46c69786a3392a5b1930f731fd83cce7c2de02c61,fa9b19b3f111bb9481a9813a93d559abd282c8818a4e2bdf1e5feb8c4c6c670e,bracol-666,treino,0,
bracol,667,data/raw/bracol/bracol_completo/coffee-datasets/leaf/images/667.jpg,1,saudavel,0,0,0,0,0,0,2048,1024,c16de1926b9c541e0820d8e7426e8a0b8a46efd35d65ccef644d7786fb43f9fc,f8c53e4fc4eeb1f89eb4c7916932181635bb616ad68d72c5c0c496ce8e62dc18,fafb0ec0f043be4d84c3c47d96eb106896858ff5de9537000fcea5230f0827bd,bracol-667,treino,0,
bracol,668,data/raw/bracol/bracol_completo/coffee-datasets/leaf/images/668.jpg,1,,5,0,0,0,1,1,2048,1024,c757eefbcd112d4e5a58093c94b9330f10966c3499e9e9370791f1afb6f43545,e851679987acb47b9e939a676878c94e07a70dac321668b527e237c26c1d321f,fa8c61cbb14605c197aa3e0eda8ccc1e8256b3f8ffca9241c80b9bfc6ffd9200,bracol-668,,1,predominant_stress_5
bracol,669,data/raw/bracol/bracol_completo/coffee-datasets/leaf/images/669.jpg,1,phoma,3,0,1,1,0,2,2048,1024,13bc861b8eb49e930f18ec46d35a418887c8f4f6b6cdb8a38ba2401fd67e45f6,e943c31096fcbc194b407ae461bfc70a36d31a9dca6de8d8cd6426e734966636,eab85222b550a9f5802b15c293d51f8bdacb3897cb43581fcb4919da9f6abf08,bracol-669,treino,0,
bracol,670,data/raw/bracol/bracol_completo/coffee-datasets/leaf/images/670.jpg,1,phoma,3,0,0,1,0,2,2048,1024,a888b733a9726e2c291304e97df50836cd461938f66de02a6ad943cba778a249,fd01d078d0fe0f83cf40606e2c3f32a432f0cb5bf343cdad8d2f64d04cb4366b,aaff7f04bd401dff9020f499d2fe409c9356f01fd36278d8836190d8d92513f8,bracol-670,treino,0,
bracol,671,data/raw/bracol/bracol_completo/coffee-datasets/leaf/images/671.jpg,1,,5,0,0,0,0,0,2048,1024,e6fcae3942c4e3cef73fa270afb0f9bb77fa217f6c299c7bf2e7a1a308a804f2,ff1c18e0d0bb8507cfd067b07c2f965a34f439e57342c8e6c929258b8c35e61d,bfc7180fb504bc5592ae3028d3ded8e5db7828f49b79e9f29920c5aa99a34590,bracol-671,,1,predominant_stress_5
bracol,672,data/raw/bracol/bracol_completo/coffee-datasets/leaf/images/672.jpg,1,,5,1,1,0,0,2,2048,1024,f4cf4e158389de50e445c7777b4aa20bfc6a8c36499d051158e04a944981e3d0,ed569091942b0bfccbf46d032d0a64fe34bdb25073d0992b438fcdb5cf1cc492,ebdfbc30b540981f90af1bf8d2f499609340d1639b0ac9e39f09c1878b2fcd87,bracol-672,,1,predominant_stress_5
bracol,673,data/raw/bracol/bracol_completo/coffee-datasets/leaf/images/673.jpg,1,phoma,3,0,0,1,0,1,2048,1024,b1dd9d569d5c05ce27645c741b45326e03ae6d791d98ab110147fae5e2c1cfe9,ed1c7065c4a887b69a43d01f397a99e165850d2726d6639c5e3b37d2d921327b,eb8ef052e10d03fdc5a05f0096b7f31f1e34b1789e5411e8de5233e1826bdf05,bracol-673,treino,0,
bracol,674,data/raw/bracol/bracol_completo/coffee-datasets/leaf/images/674.jpg,1,saudavel,0,0,0,0,0,0,2048,1024,c2bba8fbed646686b726803d48ab6dbfb0d1c09969c0da3601e7c8d803c27871,f1547b6497a7a4afce1e8ed06cf8e92f32c537a5930e725ac83047290c93cd34,fa8bd24bb055ebf195fa852892a0fe2fc3170c358b4e6d34cb2e6c12cb2c44b3,bracol-674,val,0,
bracol,675,data/raw/bracol/bracol_completo/coffee-datasets/leaf/images/675.jpg,1,,5,0,1,0,1,1,2048,1024,5bfa3344b39afe2a626deb8e7e94f546f17fe27398e224dd2bca189dbfed01a0,fec16cc4d01eb43fcff4d2b8cc028b42947fcd2f7b602cb589a570c2ccb03387,fffa68c4b01105eb91bf6fb992ec8402d3d43e9f830e2492d30f36da130ee4d8,bracol-675,,1,predominant_stress_5
bracol,676,data/raw/bracol/bracol_completo/coffee-datasets/leaf/images/676.jpg,1,bicho_mineiro,1,1,1,0,0,2,2048,1024,9b8bd0dc4f99cfac45f2a0393b2c3dd4148c56d948315a3f245f5b932688ac62,f52934d192d6c368cf0b8f072cbccc7e72d31cc1336d31cfe136730c8d922738,fe5434b1b42afabcd2fd09528340ffa8d36b41b583052092cf2effda8734018f,bracol-676,treino,0,
bracol,677,data/raw/bracol/bracol_completo/coffee-datasets/leaf/images/677.jpg,1,phoma,3,0,0,1,0,1,2048,1024,7241859c06beb819cdfade6c64a4f31900a60a92e6b8b518764dc222f23e731b,e14e339386a1cd6c9a1a6cc761e1c7da260e3339663c4b71c9dbcd86998bcc9c,fafb31b4e450b3e185ea1b50db85db0bd986c03d1994c3fcbd98e5c29c1841cb,bracol-677,treino,0,
bracol,678,data/raw/bracol/bracol_completo/coffee-datasets/leaf/images/678.jpg,1,bicho_mineiro,1,1,0,0,0,1,2048,1024,8046b931f30f4b4ad78c4c5479fe10ef82e74d4b5a15b9d79f44120183ea6d28,be66c64ed0247b234b99d0b06d982fdb32cff64dcbe8236c6626d420af320f13,aecdc4cc944d6ecfd068cb788bf56c29d560af3d0e267612b53682fa4822754b,bracol-678,treino,0,
bracol,679,data/raw/bracol/bracol_completo/coffee-datasets/leaf/images/679.jpg,1,cercosporiose,4,0,0,0,1,1,2048,1024,5eecee12867b03f4d9b72e11038183ac94faa234cb212ac6a7b3b2d584669b5c,f0436a64c3e495bf0d0acf1170f0783cb96b33c296e4cb277a4fcc1ccd3425d9,feb2d26cb441afdc90ff844ad3705ea5db6002848b616cdecf65cd58cd2524e8,bracol-679,treino,0,
bracol,680,data/raw/bracol/bracol_completo/coffee-datasets/leaf/images/680.jpg,1,bicho_mineiro,1,1,0,0,0,1,2048,1024,9e704f5e4f69d7fa9ab388aeb8c991d1f3601ea8a66ce6848d6d55992451dbb3,e17b9b939684686c0e5a25e561a9e61a26971b78325ed9278b610dd6ccf7649a,eab10f3da1d6f91587ab057a1695fa81fe1e385f025a0078d278bbe6b6791405,bracol-680,treino,0,
bracol,681,data/raw/bracol/bracol_completo/coffee-datasets/leaf/images/681.jpg,1,ferrugem,2,0,1,0,0,1,2048,1024,f9883b5f7bdd68f3f3976a7d3f622ec3d74af34d1d58644f9e333f28eb569bbe,e51c6718c2c1bce71f4e33de70f4d90a278306b5e65fc84b9c6033e49987f11a,eb824399e1178a3d85fb6512d780deaa86170455965efceac65810e11679fee3,bracol-681,treino,0,
bracol,682,data/raw/bracol/bracol_completo/coffee-datasets/leaf/images/682.jpg,1,cercosporiose,4,0,1,0,1,4,2048,1024,34ab292717bf6a73ab28fc989b63fc239feb7358ffc57899a18c8a57bcc83e2a,ed00d363d0e78c5ccb5838983d2de1e962f4d787334b8e7a8b2dd839cdb421c2,efdf7371f422e568c2b117a5937a0e178b20de0adf2d841d8b25eef89b224070,bracol-682,treino,0,
bracol,683,data/raw/bracol/bracol_completo/coffee-datasets/leaf/images/683.jpg,1,phoma,3,0,0,1,0,1,2048,1024,16666b6a1f19f2646ccf0e1de4f87d6ceeafaefa82b4f2f1743592ce00e174ac,e8506db297adb2cc1e169b4a79e94b3337876cb6621cb6c10f60dace906d7328,fe8acb2da05d455185e98e0bd7a0941fca879cfcdad610e09256faf9371e30d0,bracol-683,treino,0,
bracol,684,data/raw/bracol/bracol_completo/coffee-datasets/leaf/images/684.jpg,1,saudavel,0,0,0,0,0,0,2048,1024,5d4426dd63b1d0e7e6196a9114c7a81224a60e73f73620115f505a75b36a16da,fc0bb694d2e06a569f0e4de138b5bc1b73d290e8634db305ec0c9b968cff403a,ee90a598e4b270af829542fc855a7382df49478f84cb420d99cf6fbccbce4255,bracol-684,treino,0,
bracol,685,data/raw/bracol/bracol_completo/coffee-datasets/leaf/images/685.jpg,1,saudavel,0,0,0,0,0,0,2048,1024,4f8eb0fc7ef3fbe8471ccf1088321597cde419f48d5eed825b6616e4d83efbb8,e85db58ac384ca708d0b2da530b5ec5e72c317e9235cd18fec2a9b148df8477a,fe883556e4acf0becad541fa815bc289dd40f7859fcb0715848a4214d94fce3e,bracol-685,treino,0,
bracol,686,data/raw/bracol/bracol_completo/coffee-datasets/leaf/images/686.jpg,1,bicho_mineiro,1,1,0,0,0,3,2048,1024,060986d420acc01206ea6436c0c36fa958a4781789ddbad16ed90e2b68ef545d,bcc99983c2bc66364fe232f8361b998738fe4cb66868a74985d352b8c70b3d4c,bedf99f39401cfe0d8456624694fa65380b9561bc5bc2b7dda3c212c4d4a54bc,bracol-686,treino,0,
bracol,687,data/raw/bracol/bracol_completo/coffee-datasets/leaf/images/687.jpg,1,saudavel,0,0,0,0,0,0,2048,1024,839a0d94376230d17108f463675bfe62a5b52132fe2e34405104b0a29003ac3b,bd099e11c2f4697a8f03878564f69a5e3243996043f84997dc0be61acfed266d,bebd97d8f4187a0c97bd085fc00b69789fbdc9accf94018488908982dddae39d,bracol-687,treino,0,
bracol,688,data/raw/bracol/bracol_completo/coffee-datasets/leaf/images/688.jpg,1,bicho_mineiro,1,1,0,0,0,2,2048,1024,a26c387ecd795bfad957d870bb99f84b34b316f38cfde1153d8192bfa28c24e7,fc1b9e2cc2f560d39f468783683e9c1e34f20af832db7185d34903becd3cb610,afb59748f4127cad92f940dcd7c0fbd892db0941c20937afdb5d6dac83099205,bracol-688,treino,0,
bracol,689,data/raw/bracol/bracol_completo/coffee-datasets/leaf/images/689.jpg,1,bicho_mineiro,1,1,0,0,0,1,2048,1024,383ee43eaf1fc5d1a86e9de9a2da1c50e0623a55511355e5c1bebef88a77ee5e,e954c5b097ab3e359e17b1f048781bc36dc9c43c652f6c9033b064b792367363,faacc11de24c07d18754fd0f9768043e9620fee8b2e760e192e5fcf1925702a7,bracol-689,treino,0,
bracol,690,data/raw/bracol/bracol_completo/coffee-datasets/leaf/images/690.jpg,1,bicho_mineiro,1,1,0,0,0,1,2048,1024,0c35e6ec684ef8792c523205483517fa041bd91903ce5a376fc9ddf5f505c8fc,faaab59c85557a239f8aca6378dca8d563e035cc870f722892fc933798d2d803,faaaa18fe01c27c5837d9780d72a300f92339a9edfb5385092327c5edb363cd0,bracol-690,treino,0,
bracol,691,data/raw/bracol/bracol_completo/coffee-datasets/leaf/images/691.jpg,1,ferrugem,2,0,1,0,0,1,2048,1024,a123bb3256459a241a601a66301278309ff700841c956db7010361ac9a7065c2,f934938e94aa68f19e878769687ad63535a133d26213718b936e8bbdd924ee10,faa691c6e01450a685ff1abdd7a07b5482025b4ad70f6b7b9e0d4b088c3d6d3d,bracol-691,treino,0,
bracol,692,data/raw/bracol/bracol_completo/coffee-datasets/leaf/images/692.jpg,1,cercosporiose,4,0,0,0,1,1,2048,1024,07bc84b1aece5b1db870ddd80c2336cd3c96002cbe9fd29e1674371dd1363686,e953366385a76037da1687f0897e8f1f75a1d838699421e521d2768f9e436e15,bbfd847ce42076a1c4f982578281067adf03df69cb0f0209d11fc22d8bbd577c,bracol-692,treino,0,
bracol,693,data/raw/bracol/bracol_completo/coffee-datasets/leaf/images/693.jpg,1,saudavel,0,0,0,0,0,0,2048,1024,4279b624fd36d34e632b9efb889d648f085bd00b2ff17b0b0aa11ed47bf9489f,f8163c8397a1e076da5f878e2de03e3c748fd873327a39e113e15984cd07641e,fba81ffca15d7822d7a0da71923f0151917cc96bcff869eb95f10d81ca806c82,bracol-693,teste,0,
bracol,694,data/raw/bracol/bracol_completo/coffee-datasets/leaf/images/694.jpg,1,saudavel,0,0,0,0,0,0,2048,1024,96b24354c9baf8a11a129ec7ab83a039a2eb78d839d85fa23846330f950dd980,bc0eb307c2f06d78cf03b4b52c3e1a5a32d0c16d334f2bb6db94a61acd1a1ae9,bfebb1f3b4015aa190bfeb5592f9494a93d0abaf9b8165059144e8a699a23596,bracol-694,val,0,
bracol,695,data/raw/bracol/bracol_completo/coffee-datasets/leaf/images/695.jpg,1,bicho_mineiro,1,1,0,0,0,2,2048,1024,e5dca5998d863d044d69903b67ea54155f86103a87bb091e8fa1171a55e4b17c,e95c6cdb97a3e48c9e1693266878687a33a34da1371ea49ec838d2c88cf99b65,fa8c48b8a1566d9995e805bb8781edb5d71fc5958b1c0aaacf1cd595cd180a9e,bracol-695,treino,0,
bracol,696,data/raw/bracol/bracol_completo/coffee-datasets/leaf/images/696.jpg,1,saudavel,0,0,0,0,0,0,2048,1024,4c100b4fddd5f05589e18fb9dd865fcdc33b80180de19cc72855ea68bd1f1935,fd173c8dd2f06256cb4a87a16cadde17648218f826f831e1f24373879b25871e,faf83dd4e459748a86ac00ff9754fbf0d6ea0bc28200d30b9b61eb2f9247c30d,bracol-696,treino,0,
bracol,697,data/raw/bracol/bracol_completo/coffee-datasets/leaf/images/697.jpg,1,bicho_mineiro,1,1,0,0,0,1,2048,1024,69f45ca77a1eaec1cb574e153b654a959d0d5602710d3ccee8cc5b01f8a71ab6,fd0b9e05c2e0687ace1625a13df0361e710fb96863b499a586d2cd1fce4b963c,ffa21fc7a1557022d780faf5d23f41538068c92ad1e5f13d98f64bb885d2a1b0,bracol-697,treino,0,
bracol,698,data/raw/bracol/bracol_completo/coffee-datasets/leaf/images/698.jpg,1,bicho_mineiro,1,1,0,0,0,2,2048,1024,1da3bdd4237a862049d2be055be1d4889739ad72bdec2db4c01306248cceed66,bffa3de9d005f005cbc283fa0d6fcf0167a02c378f1764f238fb335b34405a21,ab758478f50a7ee990951a41d3fe7c5f83f8e97dd3c828409b8145e0d985aaa5,bracol-698,treino,0,
bracol,699,data/raw/bracol/bracol_completo/coffee-datasets/leaf/images/699.jpg,1,bicho_mineiro,1,1,0,0,0,2,2048,1024,222d3cd318cb7439635f7dd732c890fdec3c4c5560d2ca5b8461580c3ffebaf1,f04a3d0fc7c562f09e1e8f0f69b1f0f430d71bc366c9332d9a7cc91ccda08670,bfd684f9f4037e0092fc484ec2e8337b93e749edc70023a4cb474da28f3751c6,bracol-699,treino,0,
bracol,700,data/raw/bracol/bracol_completo/coffee-datasets/leaf/images/700.jpg,1,bicho_mineiro,1,1,0,0,0,1,2048,1024,b7dda2f28b17956b57da8a4ef67176345ecfea1c0448823092abc5fab6407a13,ad193473c2f4e01cda438f822d6a387f349df072d25863899be98f5cc927c867,fa9a2c65e1197c02f5a8fabfc6bd43d486b903c24250a308d690fb0acedbf70d,bracol-700,val,0,
bracol,701,data/raw/bracol/bracol_completo/coffee-datasets/leaf/images/701.jpg,1,saudavel,0,0,0,0,0,0,2048,1024,397ed467ed0a4c45b66f369dff1a69e63b2378027645d425487d509e977ba36d,f82a3475c3d5c3cadb528f856d2f5c3e269619e072587187936123b0cba6e61b,bf403f2cf02b5a1682f7a97ed34af9e88b5c41a5c360b9b6cbf04192c701f992,bracol-701,treino,0,
bracol,702,data/raw/bracol/bracol_completo/coffee-datasets/leaf/images/702.jpg,1,ferrugem,2,0,1,0,0,2,2048,1024,5245f364806153ed4519547b84c16e48d33110f6fa7ea9f615f2248063f96fde,eb449333847e3f03dad0984f495b4cc82ca9ce8538dec3b1938a3b527a3d716b,ebebf11eb770119ad6a39bbfda81391e80532fbbed48ac1980a964fd451186c0,bracol-702,teste,0,
bracol,703,data/raw/bracol/bracol_completo/coffee-datasets/leaf/images/703.jpg,1,saudavel,0,0,0,0,0,0,2048,1024,df1fb0a516bfb439935125bf437031a5c0309c48b816329dfd6b33e62d17fcfb,e95a343686a5c348385a0e2567adb0f4f03cd31e8bc30f698dbcfcd77033934a,faaa3f43a3d5f01fb60fd38082fc02ba80c7cb30cf44ef70ff1e691f8d18042a,bracol-703,teste,0,
bracol,704,data/raw/bracol/bracol_completo/coffee-datasets/leaf/images/704.jpg,1,bicho_mineiro,1,1,0,0,0,1,2048,1024,5a22d56d58ed0740c11c61c901e7470834145f18df233d068a6f8e7c6cc38627,e9b29949968a6aca1a55256a61e8f0b5271f9bd39678d96cd8c76585239a26b6,e8bb1929a557f89997ab03d986bd23079292df1ede97bd9c9a5a0038095a9638,bracol-704,treino,0,
bracol,705,data/raw/bracol/bracol_completo/coffee-datasets/leaf/images/705.jpg,1,bicho_mineiro,1,1,0,0,0,1,2048,1024,08dcd97cdbb38033e952ef82e8cf3101a3fbdf2fb958977d53fc9ab398aa92af,e91a96cdc7b56b749e0e25b370ec72d1234d9b4a6e34dd2c8c1266f093cb3341,eb9314d8e11b720497a982d64a3d634a9fe86f6ccd81660d8486222ededef756,bracol-705,treino,0,
bracol,706,data/raw/bracol/bracol_completo/coffee-datasets/leaf/images/706.jpg,1,ferrugem,2,0,1,0,0,4,2048,1024,27c2bbacf8d4b7ae4a2ac8f47e408795432da6c2911c71edba93bb27933700eb,bfee90e0f0306437cbce9f19cd23630f86958734ccd864dafc8192ed327c3948,aeb991f1b051684fc4991723dafd72abd3439654931b626adb82a74d880f70ad,bracol-706,treino,0,
bracol,707,data/raw/bracol/bracol_completo/coffee-datasets/leaf/images/707.jpg,1,saudavel,0,0,0,0,0,0,2048,1024,1e035544511631fa218096a1f337761024f22ad231391fce72418fe0736d2da4,e969348cc694c362981b8f2f6f83b0f0647873cbf2c1270c9b8eccb4cd3a9cba,facdbdd9e44a748bcfd550ff805f22c09878f3cb99e05368c9e1c26d51c58224,bracol-707,treino,0,
bracol,708,data/raw/bracol/bracol_completo/coffee-datasets/leaf/images/708.jpg,1,saudavel,0,0,0,0,0,0,2048,1024,bbea917c52759027e2e7f07096978f499881bb2891fec55ad1f1cb523ef12389,e95a368c87b5c17ada1b0fa32de03eb4720fb84b277493ec01e0c99ccc8fec13,bf5515e9a16ffa05d700fbd4803f416a803dc985cdf4fbbaddf2c990a882c188,bracol-708,treino,0,
bracol,709,data/raw/bracol/bracol_completo/coffee-datasets/leaf/images/709.jpg,1,bicho_mineiro,1,1,0,0,0,2,2048,1024,22a8ef768e1c8781873b7f93cae0603b17440b079ebc34484bb396bc128e549c,ed529bc9d0bd6856cbc225a02c6fb69172a49a7ac373cde1cf216c848c5a265f,eaaa17b3a457fc8295ead03d82ab20f4c6777bd2caf86be2976041038321eba3,bracol-709,treino,0,
bracol,710,data/raw/bracol/bracol_completo/coffee-datasets/leaf/images/710.jpg,1,,5,0,1,0,1,1,2048,1024,b660c6cdc7baa2d5786a7be689a9aec804bbb7302d65273dfd19884e1a450219,aae78763c57a789c9e8885d2697c3627b123da34c29d2d5a985a7c856f20b3d4,aae18375e0777e00b560da3ec6af427590971e024e962f9297da59fa4e9ae701,bracol-710,,1,predominant_stress_5
bracol,711,data/raw/bracol/bracol_completo/coffee-datasets/leaf/images/711.jpg,1,ferrugem,2,1,1,0,0,1,2048,1024,c8d28d9764b51e4f4a097c5561716f3ab06bd000a0ff127aa9e4d88deee4bb9a,aa9183b3c56c7e4c9eefe04b6a174fa425ec941664817b389e1b9179ca586ce5,aabb81b3e51417ac85ecb016c6a07bba8711b058ca9b7b7b971a91198c1b7af9,bracol-711,val,0,
bracol,712,data/raw/bracol/bracol_completo/coffee-datasets/leaf/images/712.jpg,1,ferrugem,2,1,1,0,0,1,2048,1024,616bd0a23ce861c6c85e30ea6620f60915ba93b72304de9aa7fa1d8078a122dc,af32c593d0357a784bccd06d6d4c0fc636a5e48ec25262fb612b9721939d4b35,abb0c581b4320bb6d23be95b93f33909974198bd4b0935d0d93fcadb49783459,bracol-712,treino,0,
bracol,713,data/raw/bracol/bracol_completo/coffee-datasets/leaf/images/713.jpg,1,ferrugem,2,0,1,0,0,1,2048,1024,6ddb73f1f7a347e2500d2171d39947edcca15f50a8503d634d899c1e4999e7ff,add8c4cdd00f38380a6683376d207b2374bf84fe83d87ed85c69970ba864eb35,a998c5c3f5987edc909f80d49bd07c6c974a8448aaab6aedd17d8142aaa8657f,bracol-713,teste,0,
bracol,714,data/raw/bracol/bracol_completo/coffee-datasets/leaf/images/714.jpg,1,bicho_mineiro,1,1,0,0,0,1,2048,1024,5a6743a22ec8af693f48d80a4710ff32cd234ccd60af5729603e90a2b292efc9,e9139ae3979960569a4e25896964f0dc73879b4327589b27cc3fe836ccca36c1,eab29c76a112f62297b842f7829f03429f507b6bdba1f1659117402c82bba7bd,bracol-714,treino,0,
bracol,715,data/raw/bracol/bracol_completo/coffee-datasets/leaf/images/715.jpg,1,ferrugem,2,0,1,0,0,3,2048,1024,2bfd3bf5850ab77ff5795459217d9122173cd3f2c75158b422176aed79bea474,acdadb709493728f1b71c3c1682e2c3615f4e696da1303cb717df84df8840e74,ac77cd30b483173790ffef90cbd0401ad153f1f88ac921f1fd49b0e0882f4ccf,bracol-715,treino,0,
bracol,716,data/raw/bracol/bracol_completo/coffee-datasets/leaf/images/716.jpg,1,cercosporiose,4,0,0,0,1,1,2048,1024,e5ebc366bdf3df88075ccd76bdf49e010f3a308c28baf749318bffa470ddffb5,fc4c9b09c7a561b65e3b272d336192f4f18ec9cb0e5003a5d678703ee9478ce1,ff601f4cd067f800dea4f9face5729e9806b55a1c0d8aaf5bae8c5b271416311,bracol-716,treino,0,
bracol,717,data/raw/bracol/bracol_completo/coffee-datasets/leaf/images/717.jpg,1,bicho_mineiro,1,1,0,0,0,2,2048,1024,cf103d185e6d0155f4171ec403ca8ba606a3b8891cb7def5e6192c8ff7f12325,f1680c899397e3764c783f0235a1e0f9d3569f498d2d7236ecf0357233c34e91,fa810d9bb07efc08d0e800bd83d550f0db42fae85b4f9048890b92cd4d9f9fef,bracol-717,treino,0,
bracol,718,data/raw/bracol/bracol_completo/coffee-datasets/leaf/images/718.jpg,1,bicho_mineiro,1,1,0,0,0,1,2048,1024,24cd705cb915cc0d4b604563da7cc76bcf9fd2b3225626acd63003097777ed74,b4073ccbd2f2e17ccd2b87806cb49c1b761f7879376832e49b306307f1879331,afe18ce8f5007ea092ff405782e8b17ad36de9e9921560e09b1c6da59b3c4dc5,bracol-718,val,0,
bracol,719,data/raw/bracol/bracol_completo/coffee-datasets/leaf/images/719.jpg,1,bicho_mineiro,1,1,0,0,0,1,2048,1024,f4a2775256b20d79f1bbb0c5179f77ebbb716564e80a26585246bf7904e40888,eb1e9cfb91e062169e030f0e6cf9b03d63d21ed0372ecf4fd035cc2c8dd131e0,ebac8c16f14e742a93ee42f79344c2c09a02df46cbaad36fc7578b6d8403d345,bracol-719,treino,0,
bracol,720,data/raw/bracol/bracol_completo/coffee-datasets/leaf/images/720.jpg,1,ferrugem,2,0,1,0,1,1,2048,1024,ba4a7a607c65a0df912d39a0625377487fe08db804ba361d9e36c3772935a38f,fb554aa5c52be5189eb406be6856fe0375e801ff2285de00d75a0dff8a79c088,fae55ae0e141fb5195ef007e8280ffacd7d704d5021a02029f5affdf5e29424a,bracol-720,teste,0,
bracol,721,data/raw/bracol/bracol_completo/coffee-datasets/leaf/images/721.jpg,1,bicho_mineiro,1,1,0,0,0,2,2048,1024,48932b7649f46293062874aa178e2a20028b3d35d44bb05c4651ebd78a9e2b89,e953966c97a96b569e4e25a97864b69523c29a5a661d89658df07d2658c334d6,eaba9e5fa115546885ba42a8978063d5841b4343c71feb4b9311c34acbf9772f,bracol-721,treino,0,
bracol,722,data/raw/bracol/bracol_completo/coffee-datasets/leaf/images/722.jpg,1,ferrugem,2,0,1,0,0,1,2048,1024,4f471503947f7672c71db49d7ea2eb187a68a3ab2d152bed3b7d8a94551c0d60,a86c9c70871f701f1bc3c3816d6b3c3c26bc0e76d25ae3471b67d1e1e1a52c1d,ee07862ea7431f00d1aacae1d2ff63701a54f078d968603c496df45da9fc279a,bracol-722,treino,0,
bracol,723,data/raw/bracol/bracol_completo/coffee-datasets/leaf/images/723.jpg,1,ferrugem,2,1,1,0,0,3,2048,1024,54084a3717fdb07e6019e7eedc47fd5c11dea142b8817e0b0d82a82812fce59c,ee429d23d0ed625e8f514f887c3db607619a90f832ca5ba19e6561a796373c1a,eae79d7cf4467e2890e658159652537f9e6a696197692b6187213fa2c2701d26,bracol-723,teste,0,
bracol,724,data/raw/bracol/bracol_completo/coffee-datasets/leaf/images/724.jpg,1,bicho_mineiro,1,1,0,0,0,1,2048,1024,1330ba7d0f1556b7a4d02b517f93a9b7857b8b76dfaff6fd53ef313bdc01907c,e872163896e16a471b078dee603cd8b736c22b68932f652dd930ce960de99cdb,eaaf951ee41e56a283f402d1c742fb58d72f4349850d1368cea4fd0dc636ab2b,bracol-724,treino,0,
bracol,725,data/raw/bracol/bracol_completo/coffee-datasets/leaf/images/725.jpg,1,ferrugem,2,0,1,1,0,1,2048,1024,66ccc8a49ae14016f68d4b913afe3fd736c28261bde0accfc07c7fe6a9ab956b,b957e367d0a83b904f449c1a6c2e4be132f4e406f34b32788f3dfb40cc34c9ad,faa3c0c1a15547fa95aafe01d2b7045dca52de7acb52007ccb6bfe60cb292067,bracol-725,teste,0,
bracol,726,data/raw/bracol/bracol_completo/coffee-datasets/leaf/images/726.jpg,1,ferrugem,2,0,1,0,0,1,2048,1024,1c081cbff3e71f0002d7d137cd360122bbf7d2d6b8a1c890b84d80580ad038fb,a90ccddc96e37c635a71830d6d3e2dd863c494b7ba5e1a724d68c309c5913d9c,abc5c8cdb5602c3792ffdf219e030a35cb43d27a837a2208dd38d7dd853c3709,bracol-726,treino,0,
bracol,727,data/raw/bracol/bracol_completo/coffee-datasets/leaf/images/727.jpg,1,saudavel,0,0,0,0,0,0,2048,1024,6226fe9aa94464d4a12c5b945961eeb0ff0ab0b06e7c885d0893bc22b54c3350,f8142c6785e8e1595e179a9a607b695737a446e1da1e3a5f8d7893a874a1e915,faac0c29b045ec7991efc449d3e16ea983414454db57e6bac00a94189fbeb6dd,bracol-727,teste,0,
bracol,728,data/raw/bracol/bracol_completo/coffee-datasets/leaf/images/728.jpg,1,bicho_mineiro,1,1,0,0,0,1,2048,1024,ef5dc31c8e40cf79b1a5fdd33326c1ce5d119423f128f7bd72dacfc8cc789acd,f812356d91ed4a938f458d646c7ef4ad31f40ad2730b79298b7d05becc219e12,fe97b349f006569993fe4a55d3c0f94a8307052d9b1fadad9b1445049a3acab6,bracol-728,val,0,
bracol,729,data/raw/bracol/bracol_completo/coffee-datasets/leaf/images/729.jpg,1,bicho_mineiro,1,1,0,0,0,1,2048,1024,cbd6c9946b0382a8fbdba141136f83142c14fb69bf1704bd57afaa6630c6efe1,fa1c9eaec56ae851de812fca3857b41f712892f043bc8943cf11cd0b7cb230bd,faae1fe5a154b80d972ad07cd03f42488af4cbc8cff46b5cddd46da884a26528,bracol-729,treino,0,
bracol,730,data/raw/bracol/bracol_completo/coffee-datasets/leaf/images/730.jpg,1,bicho_mineiro,1,1,0,0,0,1,2048,1024,de863ce8b3420c93df2f352c80440b20b22960534f5b03fc6d657c1a9c24e3b4,ea576d2c95a996831e14907271c22fa3f327650c0fbcb275ec589f2292e7b943,eaa1e95da1d00f8ab60b0c9d9669ec988669d0f89f61145d8a75bccbc064baef,bracol-730,treino,0,
bracol,731,data/raw/bracol/bracol_completo/coffee-datasets/leaf/images/731.jpg,1,bicho_mineiro,1,1,0,0,0,1,2048,1024,91e5ceee3ea86a7d756aa0635ca2ab2443a6b324a46d097154d9087f13c75173,ea56d28e95aa3c511ad561ac695aa79227e1963f7627d9600bd299c7b81d7498,eaa552a7e554aed587aa840ad600df78d61f08718a786a61ca79d867967b1567,bracol-731,treino,0,
bracol,732,data/raw/bracol/bracol_completo/coffee-datasets/leaf/images/732.jpg,1,bicho_mineiro,1,1,0,0,0,1,2048,1024,88a5fabe660f3cce52dbbb446ce4b66a6ce40d75d10fa8019f68f889680120c2,bd739798c0b5684f8f4a25e47c0d329231fa8b5b73018d29871fecd4ccb034ee,bf7595baf0207a1092b5805edb437de99303ab01cb2b55adc315a805c73a757d,bracol-732,treino,0,
bracol,733,data/raw/bracol/bracol_completo/coffee-datasets/leaf/images/733.jpg,1,ferrugem,2,1,1,0,0,4,2048,1024,80c591852c66c0bd9a88a3dc08235106d57fab5c24b597f0358a2521ec0c287c,ae709134c3231fc1cbcae04f8d4d2fe07c6cbc1e26f43b7ad742d321a31d6b81,af059d87f3381f9fd090fa5083da4038d9dbe5fdc9896ae04d8de7409eac2e02,bracol-733,treino,0,
bracol,734,data/raw/bracol/bracol_completo/coffee-datasets/leaf/images/734.jpg,1,saudavel,0,0,0,0,0,0,2048,1024,f6365bfb57158cff5d93b72154bbfede84d66ad6e479626292d4bd358aa20856,fd60b198d2bd0e4b8f938c6c68b1a6c237663b9bd22cb33c1992dc317c91a5d2,fadfb19cf64a13a982cd5b91d25e0a1a8bb85f1ba9b88c3359b0afb55db0c010,bracol-734,val,0,
bracol,735,data/raw/bracol/bracol_completo/coffee-datasets/leaf/images/735.jpg,1,bicho_mineiro,1,1,0,0,1,2,2048,1024,1014be78cca8aa241fd3ca9cd0fe0b29360d0cdcd0add697ac483c992efdc756,bd400273d0ff2f82cf4098dd6c3f2dc830f0d307334b3732cb2dde39cd342dc8,aeeed63ebd446233902ad3f992f52360d2d69721d242eb238b6b0717c1496b2b,bracol-735,treino,0,
bracol,736,data/raw/bracol/bracol_completo/coffee-datasets/leaf/images/736.jpg,1,saudavel,0,0,0,0,0,0,2048,1024,3cec12b69f6ed497524707c38bd28d8218907e7979656613bb1c0905c13b11b7,bf043f11d02fb02dcbf1c2fe2c1bed0166d20cbf332d30507a5433e990fab30f,bffe1f31b4002951d02d940293fcfab7c3c890528bc169fa4daac9e1cd95bdc1,bracol-736,treino,0,
bracol,737,data/raw/bracol/bracol_completo/coffee-datasets/leaf/images/737.jpg,1,bicho_mineiro,1,1,0,0,0,1,2048,1024,9559815cda40bb72c16bddbe7678da0a5d53658e185995273ca2095151270a53,ed4c3839d6e743c61b13840b61bc797036c6b1334e69e6ce832cca6c1997bdb1,ea87be1fe446547a84fef280c684a1e7c6c6c7e18e525681c74b6a07c56b0b6e,bracol-737,treino,0,
bracol,738,data/raw/bracol/bracol_completo/coffee-datasets/leaf/images/738.jpg,1,ferrugem,2,0,1,0,1,2,2048,1024,1d247b1d87f73b854c17ee8f004999259812644bcf4d851bd32fc0ba2f4ba7d6,bc3bd073d3151f89cbe6e1cc7c022e66325b9c19f96913b893a5c190e71a0ccf,bc379066b5331f83d2bbcb51c3f81509c1c1e3bd4f857510c7976bba270d3510,bracol-738,teste,0,
bracol,739,data/raw/bracol/bracol_completo/coffee-datasets/leaf/images/739.jpg,1,ferrugem,2,1,1,0,0,1,2048,1024,38ced3eb77d05131300d117291df3802c6b7d6368fc607458aea64ccf4fd08b3,ed929009d0bd2f6cce4ee4336c6993b0f0849b0e179ecce8ce1124f75eaa738b,ebb0d950f13010cf91a7fac583861047d796b8e8c21eddf1935a2aa9dbc8d547,bracol-739,treino,0,
bracol,740,data/raw/bracol/bracol_completo/coffee-datasets/leaf/images/740.jpg,1,saudavel,0,0,0,0,0,0,2048,1024,5ae1ab75f67f3f91ee45da968b586be8591d69980c61577eeeb96f6b09abf153,f8528ae697a93c0d5a5c70f86d2b67036695cc3cb64a8ce0d92db1cf6d922794,fea04a25a0552b7785fa9d03978304ab860ffefcdf3e10d0ca3dfad89a563041,bracol-740,treino,0,
bracol,741,data/raw/bracol/bracol_completo/coffee-datasets/leaf/images/741.jpg,1,saudavel,0,0,0,0,0,0,2048,1024,b0fd268b314c490070dc0e8017e4d34797a02f69506536b2e0a1baef83d01d70,f5379aaac3d169281d0d349770f4934b2387cd3d661e8c928ce160cfdb65374c,fbf09758f040728980bb82ddd794714887032929cf1e6dadc33e28a4cb7c75f6,bracol-741,treino,0,
bracol,742,data/raw/bracol/bracol_completo/coffee-datasets/leaf/images/742.jpg,1,cercosporiose,4,0,0,0,1,1,2048,1024,ae620552e4ab7ec63b3c37518aa3e173ec505388874854deda769ee0a577b860,ae46940c85e67ad49ab361533c1b7da930fc221473ced3fad70743810ca31dbf,ea099c19a55c748895e880fdc2bcf3d4d6f4e3cac280034e97c7cfee4f8e6505,bracol-742,treino,0,
bracol,743,data/raw/bracol/bracol_completo/coffee-datasets/leaf/images/743.jpg,1,,5,1,1,0,0,1,2048,1024,ea66890259ae21a1af2b46a00ba469db0ff4c8213b4e63824fef69d37b4b1d34,a9588ce396a7783c2e5087806c2e7c8793958f70cb5a790f2dad83d470f67c2b,a947c478d5ab7eb190f58001c2107f571ffa82ddcb587b782f0c92c9c305e96b,bracol-743,,1,predominant_stress_5
bracol,744,data/raw/bracol/bracol_completo/coffee-datasets/leaf/images/744.jpg,1,bicho_mineiro,1,1,0,0,0,1,2048,1024,1b38ff0b65552ce0db9aa4e39c6564832d8ecfafb1a9324e2c64efb2d4ff1b4c,b4bd3999c3ca92c60d27ce6330f634b4364b73cac33ca52d9db2ca30d8d33067,bdd65b92f48ab1c3c29cd0a7cbc08b588b4bdd08dd2d1b8e8a258914dd7e55aa,bracol-744,treino,0,
bracol,745,data/raw/bracol/bracol_completo/coffee-datasets/leaf/images/745.jpg,1,saudavel,0,0,0,0,0,0,2048,1024,dadf6f2379ed85886c58fc4025423b85e32a5aeb52444e3af06697922f48f5f4,e94a1b46d6b5e0f99e5a0f902ce8382f61279864c394c3c29c5bee1bdc4f2c3d,faba16fbe251fac0e7d8b0558501e060942fc1ea953ee5af803cc7ae95b4652c,bracol-745,teste,0,
bracol,746,data/raw/bracol/bracol_completo/coffee-datasets/leaf/images/746.jpg,1,ferrugem,2,1,1,0,0,2,2048,1024,6a4e5a1f4e14470a04c81d54e83ff3e40bedbca51736b0c5d79bb0559e762706,abe2cac694373c38cbb8a3b98b08639168bd21ea34f03cc56e23927ee26fef10,aaf3c0e4b4203e44d427944e83f63feecfc2c7a4c203ea12c35fc217d31ba37a,bracol-746,treino,0,
bracol,747,data/raw/bracol/bracol_completo/coffee-datasets/leaf/images/747.jpg,1,saudavel,0,0,0,0,0,0,2048,1024,c22a0799c3c1286d6dedad7d8a5ffd2918f499b44b6f48c765c4801013ff469b,b9099333c2b4694c0f4b34cc7437d2d633e08b2bc20d6c318d7872defce3b94e,faa89764e155566c83fa8a35d7906b52828b457aad9f6dabc814682124fc71f5,bracol-747,treino,0,
bracol,748,data/raw/bracol/bracol_completo/coffee-datasets/leaf/images/748.jpg,1,bicho_mineiro,1,1,0,0,0,2,2048,1024,da6e1c9d8dce3ecfd85465fc9e53b3d13b55a7761246a92c565e06b0048d4b3e,e94a934392b56d3c8e1a64f0ecf830cf33c79b48333ec938e1338cb38ed16cc3,faae9571a055f78887f5120f97825a0ed20fcb7c8b7c09708720dd28d53e6bb4,bracol-748,treino,0,
bracol,749,data/raw/bracol/bracol_completo/coffee-datasets/leaf/images/749.jpg,1,ferrugem,2,0,1,0,0,1,2048,1024,ffc4ab49fa404a9e5d07be838b844bcfdad73e7d3e7bdc9998cc0b883aff5185,b938ce9ec3d679e10f41c73734bc325833c2c369c92f3c861f34d8f160cb270b,ba868786b546749ec0eec0dbd2e46ac893429442db4b6aef900f9d419a7f2a6f,bracol-749,treino,0,
bracol,750,data/raw/bracol/bracol_completo/coffee-datasets/leaf/images/750.jpg,1,saudavel,0,0,0,0,0,0,2048,1024,7ef60c735ddb465cfd4239457a6d3d9168383e3c9fcf18cd528426b29ae071bb,fc17194cc3f865fa4a41de932d3e097a72f470a4b34b33c6d93dc6098cb68d30,bfe992c9b4407a49d0afb54982fd10e9d3d0b0f58b4a78c08f0b29eecf0d2d8e,bracol-750,treino,0,
bracol,751,data/raw/bracol/bracol_completo/coffee-datasets/leaf/images/751.jpg,1,ferrugem,2,0,1,0,0,2,2048,1024,0e56fe12f2034223e292ff0d27a4ab5d6ede92d7860e6e9490ba945b17a8a3ea,a9e29659963d79c02f47c53e34e132d3915c6938cf8535b4e25ac8c32ce9337c,aa1587db950f12be99e04b4781ae3b80d9b525daf09273d988cb648dd6de390d,bracol-751,treino,0,
bracol,752,data/raw/bracol/bracol_completo/coffee-datasets/leaf/images/752.jpg,1,saudavel,0,0,0,0,0,0,2048,1024,79588c044418719ec6a47be5cd145fbecbca2969572eb36ed88e7dcb1d87c280,e8689798968569439f3a8c2770b2b2d427c31b49c62df19e99584fe0c2f3e46f,eaa1b599e05a708982d00bd5df4b79039b8f413f949cfbb4d1dc89269288db7c,bracol-752,treino,0,
bracol,753,data/raw/bracol/bracol_completo/coffee-datasets/leaf/images/753.jpg,1,cercosporiose,4,0,0,0,1,1,2048,1024,d9bbcb74ca575e682e1916ab18454ada87c68c835cfc305b2648135f14cc6c59,ea059d1b85ee6ad59a11256a797b34257183d2d027de934bde21993dc9761cb0,efe21f90e1477c8285eee0b7c68fe3d0d6fdb5dac2f0658a925180aa1a184cf1,bracol-753,treino,0,
bracol,754,data/raw/bracol/bracol_completo/coffee-datasets/leaf/images/754.jpg,1,bicho_mineiro,1,1,0,0,0,1,2048,1024,9d045130c32b2e8441a54da95533503720cb5419463453e589b3fa66afe2a9fd,fa46cbc895a83c3e8eb1f2236c5b63d225e8cc8cb3060cfc9b3ed243cda32363,faabc9d8e145299d81fcdd589fc82c2d920ed4ad9f7d80a1c82cd2f19d3d9241,bracol-754,treino,0,
bracol,755,data/raw/bracol/bracol_completo/coffee-datasets/leaf/images/755.jpg,1,bicho_mineiro,1,1,0,0,0,2,2048,1024,435c7feea13505ed63cf8b0ec17ca4a79db5f5b2015cfc8d797b2c184d1c8c41,fc64373cc4ea62c19b818de6693e7c0f34e13bd856e72163925ec62749288edc,be2db50cf4527a9a86ff121dc6e03950d6867978c35f21299344cd21f30ac7f5,bracol-755,treino,0,
bracol,756,data/raw/bracol/bracol_completo/coffee-datasets/leaf/images/756.jpg,1,ferrugem,2,1,1,0,0,3,2048,1024,b62dc457f921b30908bbd06e676c30f351960b1d4a6c2db333caf14d9bb36d0b,b33c970dc3d178b08ce365c6dc6c760117e2837e6137dda19f8ac1dd301d1e0e,b30d9799f3985e3881f0c89ef98a7de89f9f22891a1a1f47cd7e622670609174,bracol-756,val,0,
bracol,757,data/raw/bracol/bracol_completo/coffee-datasets/leaf/images/757.jpg,1,bicho_mineiro,1,1,0,0,0,1,2048,1024,e765abd8eab91a80119144475d77b65f64d378eecdccf251ac9db5d02c38d233,f831ce6685aa3f135a8df0b9617a4f4397a7cc2e9a5032f0494b790b64e447ec,feaae266a1354fe485a8ef029ba7042fdbf4bfb599073015dbae18fe90041950,bracol-757,val,0,
bracol,758,data/raw/bracol/bracol_completo/coffee-datasets/leaf/images/758.jpg,1,saudavel,0,0,0,0,0,0,2048,1024,413b1ddac217192e1a98f17aaa2c9e64a0260f0f818b168f48f785e6d2a06b19,fd1f0397d2b02761cf5098f43c2f894922f4c78cf24a647a9b2d3621d836a377,fba08127a15547e6c5fe9e04dea00a5696559e7ade4248639253bde9d2fb6c20,bracol-758,treino,0,
bracol,759,data/raw/bracol/bracol_completo/coffee-datasets/leaf/images/759.jpg,1,saudavel,0,0,0,0,0,0,2048,1024,a3644b27aef5f2f1a6e36cc093833552167cbb52a7fbb2d193cb4c29619831bd,f91f8396d2a02761cb5098fc3d2f03c966f4c68ff25a277a9b297021d9362363,fba0c1a7a15743f7c5fedf0496a00a069655ff7e9a52486ad273bdf992682020,bracol-758,treino,0,
bracol,760,data/raw/bracol/bracol_completo/coffee-datasets/leaf/images/760.jpg,1,ferrugem,2,0,1,0,0,1,2048,1024,686ec1d61ea8e1e2afda808dc93a05aee4ba209d676bf524199def0a3d7a3567,ba3297ccc61579630bc3e4b17c3d3b1b12ecc168e7062d9410bfdc5abc512379,ba7c878ef42c1bc083e6e95aefc029aec1079cb5afbe1c0a140abefd8abd5440,bracol-760,treino,0,
bracol,761,data/raw/bracol/bracol_completo/coffee-datasets/leaf/images/761.jpg,1,bicho_mineiro,1,1,0,0,0,1,2048,1024,a86cc66029cf3ba5f77bf0bf33e0887ffdfdc0bc0db9f0192b18359c52496268,e9398c7993c530c648461b0824f8ed39d39bde879b4e2d4eac74533d66833d93,eb9d4f1cb18bed0ad3d8d4bfd1f920d18891a2c19090544aec90ae5d8fba96cf,bracol-761,treino,0,
bracol,762,data/raw/bracol/bracol_completo/coffee-datasets/leaf/images/762.jpg,1,bicho_mineiro,1,1,0,0,0,1,2048,1024,2584f224043467e21ecc652e8d57d2bc7338cd3ffc444b1db81a15f710b562d7,ab5794eec5227a059ea1257b785f74a061e88a568797d86ade386de509792496,eaa68576e1467e8e85fe828787a05ad4d614fbc28e3e004b1614bd68da7a7c6d,bracol-762,treino,0,
bracol,763,data/raw/bracol/bracol_completo/coffee-datasets/leaf/images/763.jpg,1,saudavel,0,0,0,0,0,0,2048,1024,93286927c6d687e7a00f0a6c6c9601cf63fc426c69afcfbb5ded57e299696104,e84526cc95a81f1b5a17da33697a27e08585748d9e4e8fd26078da331fb131bd,fae8a44ba8dd07ead5c1968380bbf6bf85f4a215ff70621e8c0a7ffc48086388,bracol-763,treino,0,
bracol,764,data/raw/bracol/bracol_completo/coffee-datasets/leaf/images/764.jpg,1,ferrugem,2,0,1,0,0,1,2048,1024,47a1e39d6f64a2bb9bad3a3bd6cd8af663b41c47c46a8a684b600d20e58595e9,ba3e95c6c2436d210bc9e6d97c3e3b0d1376c93ee1c06ed1009f862bbf483b34,ba7c878cf40c1ac083e4e95aefc03daec107ac856ffe141a180baaf95ffe1550,bracol-760,treino,0,
bracol,765,data/raw/bracol/bracol_completo/coffee-datasets/leaf/images/765.jpg,1,bicho_mineiro,1,1,0,0,0,1,2048,1024,f7bd98de019c63244ef97af8976cafb84189093e5538fe9ebdacd2c14a5ebba1,b9667e668692e1a96c79971e3707f866585e68ed0de187915605c22e9b3e2c4c,be6b86f6917b7e03df806d5c8097648cd196ca1dcb0ed50b850d8ab146cee556,bracol-765,teste,0,
bracol,766,data/raw/bracol/bracol_completo/coffee-datasets/leaf/images/766.jpg,1,saudavel,0,0,0,0,0,0,2048,1024,073db12369581a85e56c2e2b50641f0dc6d7cde812290138fb11613eafe292fa,e953b3a4878d49533c7c8c1d60e3b2e44b1b2f07b89c4cbd16e189c9e639b237,fa2bb544c033508e83e72be4cd07242508beeefffcd8020018ebfdfffc640b06,bracol-766,treino,0,
bracol,767,data/raw/bracol/bracol_completo/coffee-datasets/leaf/images/767.jpg,1,bicho_mineiro,1,1,0,0,0,1,2048,1024,1c55f2352fff58c2d936ed84dd6c699b06aad4ce014c962b09d87f1cdeeaecbb,fd5b0e33d2a4f1cc2f0e1e0660f964339ed29f856b0e78ce65e90e309693c293,fba4866ce035e62c8574877795e261d0268a489bf0dff89162c34bb5c7e395a1,bracol-767,treino,0,
bracol,768,data/raw/bracol/bracol_completo/coffee-datasets/leaf/images/768.jpg,1,bicho_mineiro,1,1,0,0,0,1,2048,1024,9c7f35e48e3de79f22adaa75f48adee6a2d3b6345b5f22b50fedea1d15ce0138,bd089e64c095695e8f62a5997c273e9223d8986cd389cfa49c1ea59f4e263ad9,ab9d96e9f11b70cd83b9c25dd390c7d89ab9c3015511efad8b154d05851cae0f,bracol-768,treino,0,
bracol,769,data/raw/bracol/bracol_completo/coffee-datasets/leaf/images/769.jpg,1,ferrugem,2,0,1,0,0,2,2048,1024,8725ee5532377d566a8ec78117a64614273477d8fe4dfe12ab6bac0c6325a9b0,b876c1c796332f18ca5c90b82d8c2be332b6d627337a2e78cb25dc89dd8e30d2,bc33c070b4322f62d2b3d781d35b2657eb31e38bd329150de135eb1d8bb4122e,bracol-769,treino,0,
bracol,770,data/raw/bracol/bracol_completo/coffee-datasets/leaf/images/770.jpg,1,bicho_mineiro,1,1,0,0,0,1,2048,1024,fedd0e7e3cfbb67a332dbd3d3d7c33ab008aaa96fe5a5bba04ee7d6aeca74c7f,ae72c633d4a13fc04bcef01f3c2987f0a6f1ce07da4231bec90c989078bdc66b,ae30c433a51602ffd4aadfe192c56b4782ff394af35a096fda7c1d2df2000c34,bracol-770,treino,0,
bracol,771,data/raw/bracol/bracol_completo/coffee-datasets/leaf/images/771.jpg,1,bicho_mineiro,1,1,0,0,0,1,2048,1024,6bb0f73a66ea2b0d8ec525d289ab509efdcd3f93438dc277545bca8bb87f54b7,f918b626c7e5e8494e169dd961f9723ed385a7e08a5e581dec21ccd025d165a6,bfc597a2f02873a690fd837292c07762d344ab2b914f15298a0efd1d572aaa3d,bracol-771,treino,0,
bracol,772,data/raw/bracol/bracol_completo/coffee-datasets/leaf/images/772.jpg,1,ferrugem,2,0,1,0,1,1,2048,1024,c85370eccaeaee2c63b1bf7588cf7d5d9dac77c713837ed6b8989d64330adf37,bf08686dd01fb5a0cbf0d2d69d05894b3cbecda570e02cd223c760dbe70b33c9,aff7ca03f502e15fd0a7c5e8f2d72e84c3528712934b260bc3e98e1f8345155d,bracol-772,teste,0,
bracol,773,data/raw/bracol/bracol_completo/coffee-datasets/leaf/images/773.jpg,1,saudavel,0,0,0,0,0,0,2048,1024,1127a99eda09f8a1b66074cd5196d2ff2b8d6577de02ab9a72ee909b1f97547a,e9589fa385a97a4e9e976168787a658113e1979ffa0fc85a436c0ce16407fc43,faaa1d3ce155fa2081fa817d9582bfa0d7ab93a3911583859b9dc3a79b98c306,bracol-773,val,0,
bracol,774,data/raw/bracol/bracol_completo/coffee-datasets/leaf/images/774.jpg,1,bicho_mineiro,1,1,0,0,0,1,2048,1024,3819b8c4922d86a6dead9e1ce9be4ed133da6886247da55b830bc7310b237960,ea39919a95706b55cb85666a784e26f725f0f280f69901bfc319d900bb4704ff,fe3ab196a0513aaa87f8db70d781491b83cfcb709b4d030bb94dff2d196c10a1,bracol-774,treino,0,
bracol,775,data/raw/bracol/bracol_completo/coffee-datasets/leaf/images/775.jpg,1,saudavel,0,0,0,0,0,0,2048,1024,5b34a84beafc55f8865eb31a272a893c23efd21d26d92782d616d92940eeda86,e85e1e4c87e561e3da129f833979783867a515a1c65a62dfca6d06689ca5c837,bfc187cbe44b6acdc2ff807ec6d07c688702056ccf3b2ea4082d5504cf3d2aaf,bracol-775,treino,0,
bracol,776,data/raw/bracol/bracol_completo/coffee-datasets/leaf/images/776.jpg,1,saudavel,0,0,0,0,0,0,2048,1024,40d83e258f8dd69f87ceab700bdc9a930d7f2ecdb2330e207081dd70e7e566f0,e87c34e194a14a1e1b93cf2a683830bd26f43ec2d24be86515fecfa4ed14971b,be55b47bf42c12e182f65f42ee220005cdafafb445e0aa0edd75c68a825957cd,bracol-776,teste,0,
bracol,777,data/raw/bracol/bracol_completo/coffee-datasets/leaf/images/777.jpg,1,cercosporiose,4,0,0,0,1,1,2048,1024,573a7e8f25aa01cadf3d79258bfe5fa147d088c2887946e5983c7b40b724a3ad,ea5db51bc1e84aa59f964b4e783bb40563f090fac64df302da6c8d7c18a3e845,feaca550e00cb4aa82fc5015c7c077de8b4e03019e4e7b4f9d6f8b0d9c4d5b2d,bracol-777,treino,0,
bracol,778,data/raw/bracol/bracol_completo/coffee-datasets/leaf/images/778.jpg,1,saudavel,0,0,0,0,0,0,2048,1024,5f9ab891c15963fb00465772c15d3c743f5384955d3bec6b09b3b76a7daa16f7,ead58d3285ca70b59e1f12c47978b04c6343c76967afed3dc4bc69b20cc03d92,feaa8b15e05bed1585ea49ba85833da19c8f38b584dc34b4dad4f5c4e2bc0496,bracol-778,treino,0,
bracol,779,data/raw/bracol/bracol_completo/coffee-datasets/leaf/images/779.jpg,1,bicho_mineiro,1,1,0,0,0,1,2048,1024,df9ccbd5d9a5237325ad294586990873149aad1a81e3f2f92b05f829b0c1e30c,bc528666d0bd7b994be125992c07f68034fe8b6ec3c17d21db1b64972c7638c8,fea5844eb41e7ecc95fa004fc2902e68dbd0f749ca0b2061954b83e1ef69d7d1,bracol-779,treino,0,
bracol,780,data/raw/bracol/bracol_completo/coffee-datasets/leaf/images/780.jpg,1,saudavel,0,0,0,0,0,0,2048,1024,6ccd911964e135eb60c3437a01933ddfbf86a791b2394ed9905b567800cee669,e846c3cc96bd3e394b1af0f3658f87c094fcd83fcb5127524d2b54af24c48bc0,ee73c0e4b46207ee9607df00d2ff2ad5d2505fe29b4b2b478b1d5561d12823a5,bracol-780,treino,0,
bracol,781,data/raw/bracol/bracol_completo/coffee-datasets/leaf/images/781.jpg,1,saudavel,0,0,0,0,0,0,2048,1024,e82706ad9a2036e8fadffdb2221c0fe703dd0adddd2aa0388a0315954d4ad41e,f8738269850a3d966f9cd0a97872a74195e7562fc688e9dc6b5d14639c227275,fae2d07ab8662ff185675702d5d562bf80a9439097959f95a0bd6a16c110cf56,bracol-781,treino,0,
bracol,782,data/raw/bracol/bracol_completo/coffee-datasets/leaf/images/782.jpg,1,bicho_mineiro,1,1,0,0,0,1,2048,1024,403067a16eaa6447bfa61e82c3218360b91d704e5ba49b5d48a6622ccb79166e,bc6a9f72c6f5f01ddb0b838029f82e7f34b79c24d64ae910cb68818a45a5279f,ae550e7ca46e3c0cd680dd28d65ef2b5da7eb297d45d511e41682b9a8a6d01ba,bracol-782,teste,0,
bracol,783,data/raw/bracol/bracol_completo/coffee-datasets/leaf/images/783.jpg,1,bicho_mineiro,1,1,1,0,0,1,2048,1024,54752d072558dc80751ff025217a947524dbb864ce7764b56c165d621e83ceaa,ea45c6e6951a3f195bb1f0e36d46cfc4342fc60992f021f7d902350acdbd48f1,faeac066a4470fc7955eb70892bc202adaf137c5a0c530a7cdf6b6dd85022e3d,bracol-783,val,0,
bracol,784,data/raw/bracol/bracol_completo/coffee-datasets/leaf/images/784.jpg,1,bicho_mineiro,1,1,0,0,0,1,2048,1024,bfc62782bf51d7cd5d1dbfd73507926ffce06f20d93c55d04f7044328f745a94,a8dd9033c5a06bd40f36e54e707316f923c3db037d2d13778cf4e40ac6430cfd,ba8ab433f1d912ab83d9fbc5df0a0343882ff75787b4020ecc856f5eeeae4008,bracol-784,treino,0,
bracol,785,data/raw/bracol/bracol_completo/coffee-datasets/leaf/images/785.jpg,1,ferrugem,2,0,1,0,0,2,2048,1024,c5eb2d4ec2aa2d689b4edaf8502cf8006d5df4b97d78f0c860a42be25f47586c,bf4ac09990b53f60cad2340f2d6963f2e4a597013cdec965f1e899bf67056c90,afd7c093b5024b7ec2b59f2887d02e05ca7d5c36944068facaed58f29647a5c3,bracol-785,val,0,
bracol,786,data/raw/bracol/bracol_completo/coffee-datasets/leaf/images/786.jpg,1,bicho_mineiro,1,1,0,0,0,2,2048,1024,4682a8cfec43cacf7c081e212eb7dfe03619bd7e9a74294f98883e152749a252,fc4b82d891852f60ca76743f656232d0969ddb03385ecd3cb661e4b633991ed8,bfd9c89cb4c92c7e92ddd6add9f83cc049411e4bc9e1ba430d20512ecb379075,bracol-786,teste,0,
bracol,787,data/raw/bracol/bracol_completo/coffee-datasets/leaf/images/787.jpg,1,ferrugem,2,0,1,0,0,1,2048,1024,8042a9e72dc05de3176cd2cbe740fdd86d29ae116f5c2aca843f5a95a9ce843e,bfa08df0c0976a03cfcb347d2eb033d01f1e934bc0adcd97e4d24c1a366f1e60,bbed8106b0077fbfd0f59b02d25ad90b91e0c8bfc9a16d90f983ec92cd81e5c0,bracol-787,treino,0,
bracol,788,data/raw/bracol/bracol_completo/coffee-datasets/leaf/images/788.jpg,1,ferrugem,2,0,1,0,0,1,2048,1024,20c1331844ac56af12ff2bf9b11f689a92179efcb301f2e86ef02aecb420cfb1,bda8ce78d2173d86cbe1f0d37c3c23e864dec38533c18e7ac9279c311cb63488,ae97c61fb5030f42c2f1d5abd3f82494c261ca5a97431f5a0f798a299e299e2d,bracol-788,treino,0,
bracol,789,data/raw/bracol/bracol_completo/coffee-datasets/leaf/images/789.jpg,1,saudavel,0,0,0,0,0,0,2048,1024,2453665e1df63c4b020bec95e53c22f2fc6c1caeabd3b44546fac4a288f941a2,b84696e7c3ad6d580f1bf0bc70f1974203c6ca1fc40c65b08e50334f7aa7df2c,faad9443f05c2ae783ed50a2d7c07d578b4f08678e2c6da2ddbc48d78814ae92,bracol-789,treino,0,
bracol,790,data/raw/bracol/bracol_completo/coffee-datasets/leaf/images/790.jpg,1,bicho_mineiro,1,1,0,0,0,1,2048,1024,d6bdd5ac763784087ab6f4cb4284aa1211cb123eefb1651bd8a74ec3cebc663f,bf198f9cd0bb742dcbc492f02d2f6b03349cc5ad92d9a2dc8b5152cacc262967,af9b8394b5136fd2d48ba508d299a0af82d9d4d5d5f9aadec8b190dac171604d,bracol-790,treino,0,
bracol,791,data/raw/bracol/bracol_completo/coffee-datasets/leaf/images/791.jpg,1,bicho_mineiro,1,1,0,0,0,2,2048,1024,e491dfa1f93881e6773d09b6067c521bfff09865b881a482abe09f01f195d3fd,ed1b9794c2f4786e1e4e27e121bdd297e11398680ee519e4a44f6993f290a67a,eba18354e173f904d720fabdd63f557d841d0801155020e2a2da5fd1d9daeeea,bracol-791,treino,0,
bracol,792,data/raw/bracol/bracol_completo/coffee-datasets/leaf/images/792.jpg,1,saudavel,0,0,0,0,0,0,2048,1024,08b8579c81077297ebe09163f0fb9f7a08185c4fb181bffd17d2826f6961a8cc,e8589b6097a56d9f0f1364b86078b34e3781da25e21eade24fe876959c25335a,faaf924fb1553a4091ea117ed7c0eaa0c2874121cb564df7096aa9a2dd4bc5b7,bracol-792,treino,0,
bracol,793,data/raw/bracol/bracol_completo/coffee-datasets/leaf/images/793.jpg,1,saudavel,0,0,0,0,0,0,2048,1024,090bf49d58dec2e3ecd70f363ef566d36c39aedcd893939be1c124d6ac273865,ec4a1e8e86f5e068da421f8039ebb93e3497b8a1e6d863da466b664f9845fc24,efd097a4e40afe45c6adc0fec25708408e483de99e697daf54750815aa71a3bc,bracol-793,val,0,
bracol,794,data/raw/bracol/bracol_completo/coffee-datasets/leaf/images/794.jpg,1,bicho_mineiro,1,1,1,0,0,3,2048,1024,b24598512cdb2e2f3d06b300072308ea447e9746409389efa967e790746053d9,bb129743c0cd79368e40c7d8383f660f33f099f4f3cb79020c9d07dfc438e62c,bba386d9f1033b6280ff982bd3d27bfd0be10890cd013dda2d8f8880968df47d,bracol-794,val,0,
bracol,795,data/raw/bracol/bracol_completo/coffee-datasets/leaf/images/795.jpg,1,bicho_mineiro,1,1,0,0,0,1,2048,1024,e73085f2bed0d6693bca6a8c81af1d4629a2020e56d720e595f2b864a763489a,bd729ac6c2b5691b4b4b07b034bdb24ff2d019e4cf2f8d87dc22669810f4217b,fa3d96eca53cfa04d6b8187ec2550ac08a54ffc9d76b810d802582adc8fdc75e,bracol-795,treino,0,
bracol,796,data/raw/bracol/bracol_completo/coffee-datasets/leaf/images/796.jpg,1,ferrugem,2,1,1,0,0,3,2048,1024,4daa7c64c9c0931677da1f80241e28b26d27e12f772f2ab1051ee84cc938a99e,a698c66790693bf2c9c5d89d2df2c2d1761b072f337861249fa6187ae0530fd9,a79ce648b6110267d29b2b44105fff6d856c3c25eab90232dd4329f76a22de3b,bracol-796,treino,0,
bracol,797,data/raw/bracol/bracol_completo/coffee-datasets/leaf/images/797.jpg,1,bicho_mineiro,1,1,0,0,0,1,2048,1024,c3becea68aa86b880fef626840976a15b055559596f7d9f08f32f0884fc75a44,bc018cb4d2fe6b4bcbc1349dcc97315adc5cd3e53268332672e4c39331a36c1b,affd8a59b40a52aad0018d55c27f2aa2d978cd7da9a02f07d3a0aa929b9355db,bracol-797,teste,0,
bracol,798,data/raw/bracol/bracol_completo/coffee-datasets/leaf/images/798.jpg,1,ferrugem,2,0,1,0,0,1,2048,1024,ece21fa129a725fb1110f7658284258ee87f677b7d9d3c670e7ca669ac2c52bf,ee7b9b31948170c70b9e8ec07c60682d06f797e1c318703b39bd8decf8426ccd,eee69672a466730f87a3b3e1da1c30258bddbcee580068c5a8fbc0c244712ffa,bracol-798,val,0,
bracol,799,data/raw/bracol/bracol_completo/coffee-datasets/leaf/images/799.jpg,1,bicho_mineiro,1,1,1,0,0,3,2048,1024,f7f6a5eee887e4714b774b091c72fb524784d2e36c8bc5c6674365b9809e85fc,af1ee988d0a1b63c1ed7cbc1740a3d2b23fde1b4dc0693020adb9c7fdf0878c0,eaa8cbc4e15d391f81f8ed6a97a801aa8607efad9e3f4185e874cf9d9cf41010,bracol-799,val,0,
bracol,800,data/raw/bracol/bracol_completo/coffee-datasets/leaf/images/800.jpg,1,bicho_mineiro,1,1,0,0,0,2,2048,1024,edfeba250e92f35585adf394aef9a63548e07d0023b94b0ebeade5fefdafb048,af069fc092b1603dc85a62d43dad360b36c79e2fc342c9e4c939adca9cf036dc,eafb8063a0518af1d7afd846d284584bdb14f8af9b0e2d85dd0e7d81d8b06497,bracol-800,treino,0,
bracol,801,data/raw/bracol/bracol_completo/coffee-datasets/leaf/images/801.jpg,1,ferrugem,2,0,1,0,0,4,2048,1024,03579092c1094dc22d451d572c2beb1b8240af09477016f435683e1a3e80d6ac,ac0a98e4d3966f0f0f71f0d57c2c934802d6cc2fe7434db0167d708f7e18afc4,ee9898f9a1d87c1996b911ac9617fb85de7883c6854f6002ea603baec7e72507,bracol-801,val,0,
bracol,802,data/raw/bracol/bracol_completo/coffee-datasets/leaf/images/802.jpg,1,bicho_mineiro,1,1,0,0,0,1,2048,1024,951449e7dd9a3d55eadbd3fcc789e5fed9d233d789790bad5c4491a8946ba4c1,eb543d3e94aaf0891ad08ffa696b7c07f5a460fc005787da77c8de49830d4127,ebc5952ff40a5ea583fe82d5c7c276faa30b4041c71dabf99abc4540a028ee2d,bracol-802,teste,0,
bracol,803,data/raw/bracol/bracol_completo/coffee-datasets/leaf/images/803.jpg,1,saudavel,0,0,0,0,0,0,2048,1024,85fcfe1ca7698e40ebd79e55b1c0f1b71a8cb48bc863df22fa2735ace9d839d9,f91a3e4795bd60f8da56878049e09cbd25071a5376be316b32f133a5d9e065b0,bfd497e9f0287a01a3d4587ec10fc96899bdc9eedcb4eb82d9d0c18a88935519,bracol-803,teste,0,
bracol,804,data/raw/bracol/bracol_completo/coffee-datasets/leaf/images/804.jpg,1,ferrugem,2,0,1,0,0,1,2048,1024,6eeb09fb80a3bc256e7146692428af562857f6f720401ba08d02fffeb0c28ab7,bc0ecb33d1e1729ccfbac34d1c0f6d2270f184f733c27b08370e839dc13c7b81,ba88c366b061373fc07b9786df905f9e8706d01adb9e69f8810a50904bff2d59,bracol-804,treino,0,
bracol,805,data/raw/bracol/bracol_completo/coffee-datasets/leaf/images/805.jpg,1,ferrugem,2,1,1,0,0,4,2048,1024,f5f86ba0421ec34ef39ab1c96ba7b1888b732f19e1e6aca9b8e61973b595dd4d,ab1cdb26939770d84ec387457c3d6c3e23f4b590b30f738b18fc912ccc314cf0,ab8f8326b1075c8692ffb5f293c050999843e75b1c3f1a099d3daf7d4d395801,bracol-805,treino,0,
bracol,806,data/raw/bracol/bracol_completo/coffee-datasets/leaf/images/806.jpg,1,ferrugem,2,0,1,0,0,4,2048,1024,3c75f3342716ba12835f0eacc9a88846ad903ac4f538cd11ef4b8dc936ba28a7,b947998dd2bb607c4f40e6a3342f9a4b32d098f8cb0b3984cf3466cfce722663,faeb97f1a1051a9a91be981fda8519d88b44d188db4a61ad8a2de585d775618e,bracol-806,treino,0,
bracol,807,data/raw/bracol/bracol_completo/coffee-datasets/leaf/images/807.jpg,1,bicho_mineiro,1,1,0,0,0,3,2048,1024,388f4c98074dae52c903e85c9e4a6e68177a0a94582e7b969e54d211054f3d21,bc1e979bc3e16b548f0f25a5783cb25719e0cb6ce487cc3426da24f9326d3183,ff8a9fa5e017740895f20abfd281fb7493de8162c20069a0d71fe9afc7382585,bracol-807,treino,0,
bracol,808,data/raw/bracol/bracol_completo/coffee-datasets/leaf/images/808.jpg,1,bicho_mineiro,1,1,0,0,0,1,2048,1024,d8d83c1c2828c75514165590466135c9da5ea13cff1260ef887f1ddad35d3d56,b81eda3687e065e85a03b697697a7a7a26a49925731e47d28b6cdc0cdc212bf1,bba99624a14d485c97e8e370d68540a9925fdf959a5a662eda49bdde9a794828,bracol-808,val,0,
bracol,809,data/raw/bracol/bracol_completo/coffee-datasets/leaf/images/809.jpg,1,ferrugem,2,0,1,0,0,2,2048,1024,556e360bb438ed0e5b2e39e116f25530d1924a8f81ec84f8bcf9b3238611852e,ab1995ccd033787e0fc7e521604c93bf97e0d852632725e9d718720539cb876e,eab887c9e159780f97af9cfcde847a401856c77ff8e24a280d77876d8ca068a0,bracol-809,treino,0,
bracol,810,data/raw/bracol/bracol_completo/coffee-datasets/leaf/images/810.jpg,1,saudavel,0,0,0,0,0,0,2048,1024,0ef385d1619cdf4aba2de7e7432cbf5c0ab8563b0a4390e4aa68d5cd94f3541a,fd4b98ccc2f46d220f02b4b9743d92d832d0992de30f49b68f3cb6d39c30636d,ffaa9585e00150d7817f9acad7e05a51c280995a9f9f994a970699e99e1e9a8d,bracol-810,treino,0,
bracol,811,data/raw/bracol/bracol_completo/coffee-datasets/leaf/images/811.jpg,1,phoma,3,0,0,1,0,3,2048,1024,5342d98e0a71b80e7866892136a3dc668907c0a35c1a506440fe79ea02fe375c,ea71c39f858e3d601ed8d26f61c80f523635f43d92721bd0c987ea4b0dfc25a8,eb3cc1b0e17109959738fd43903518a9dafadac10003b7dfefd0000acdfef6ca,bracol-811,val,0,
bracol,812,data/raw/bracol/bracol_completo/coffee-datasets/leaf/images/812.jpg,1,ferrugem,2,1,1,0,0,2,2048,1024,189bb5d4d54f6ecf5f04d2d2bb00b228e37312ca7fc0fc3e8eb27d12b6fab1dc,bc27df98c212c867cbc933623c0c7d13327694ded129e760c79589a79c0e799a,becc3f33a459cd02d06c849bd326e6fd4133c2d48798d3f2c692c7c09392a7a7,bracol-812,val,0,
bracol,813,data/raw/bracol/bracol_completo/coffee-datasets/leaf/images/813.jpg,1,ferrugem,2,0,1,0,0,1,2048,1024,dcba436ab849a31c1a78480eae73cfb220ad1b63c21a7e3a265d658f7a4aab01,f176cb0ec2813cf10e58725b61e5072c3787dc3698780df3cda1f10f2c9e33b8,f8635bc1e177694787e295aa9e071ca5821fbcf6ce7840d2c165dfc38a2a460b,bracol-813,treino,0,
bracol,814,data/raw/bracol/bracol_completo/coffee-datasets/leaf/images/814.jpg,1,ferrugem,2,0,1,0,1,1,2048,1024,95e0e5ef1a6f839886e212f7695bf84f67aac4546d083ec9af8fe8fe7bf31cca,eb77c1c795323c3dd691f0509b5e23db7868a1c32de5663de422a47463367c20,eaa3c1e3a5351f01c53aff2f87a8062ad615b87d128678719f9c98e01d5271f6,bracol-814,treino,0,
bracol,815,data/raw/bracol/bracol_completo/coffee-datasets/leaf/images/815.jpg,1,saudavel,0,0,0,0,0,0,2048,1024,3dcada7e88e220c26d8490a659dba76773779b13896a4501165c377a9e1f2aa1,f52d39a5c2d6c34e1d6bce3860b518d3278231a7f27d231e9de0c679c8168ce3,eaa83a3fe15531f285caf283de8a035784bff71a9cf4a31e9480f7389ed60230,bracol-815,treino,0,
bracol,816,data/raw/bracol/bracol_completo/coffee-datasets/leaf/images/816.jpg,1,saudavel,0,0,0,0,0,0,2048,1024,5f8b96c5a0537b6674bb8c6f57559675cd75fc09388d3f132e51bfafc1920507,fd152ad3c0aae12a0f418ac43c0eec4b00f430b5ff4373d232bf930ff30acf7c,fa2a95a2e15d42b485fcff8297a2041796157ffe961f3800975a697b9258b360,bracol-816,treino,0,
bracol,817,data/raw/bracol/bracol_completo/coffee-datasets/leaf/images/817.jpg,1,bicho_mineiro,1,1,1,0,0,1,2048,1024,23b76b2b5dfcb4cc19b3fd8270726736f5eefbe4b88328c7e4f0885e62eab398,ea5d952385e85ab59f076f52b43e64af32d186d8534b9c0dcd2cd4a42cf432d2,faaab759a055f40b85f832bf801d72d19ed8dbd1dd58ab889128490d89a1dbbc,bracol-817,val,0,
bracol,818,data/raw/bracol/bracol_completo/coffee-datasets/leaf/images/818.jpg,1,ferrugem,2,0,1,0,0,1,2048,1024,d3c7d9db83a74d5be9763b21a5ce0ae4561532bf8e844b94462661b11299890a,b871d18d87226e3e9e1cf0e7685907e335a0da1e46f68d68dc4238e109fd7396,b8a990c8f1714b9e83b2ff0ed28702bfd357b7dc830a400adf3eb7dc90246e0c,bracol-818,treino,0,
bracol,819,data/raw/bracol/bracol_completo/coffee-datasets/leaf/images/819.jpg,1,bicho_mineiro,1,1,0,0,0,1,2048,1024,06ed91291f0cea16637080a43eb3ac4e3efcfeefda05e4e0fa8ab7bc6e264522,eb560b66c4aab5219fc592f9786bda0a61f00def678764a4ce16265698f09a39,faaec28fe1546bcc85fe0144d7a0fd6a8eaf046996353e6d9ebc5c6584300c65,bracol-819,treino,0,
bracol,820,data/raw/bracol/bracol_completo/coffee-datasets/leaf/images/820.jpg,1,ferrugem,2,0,1,0,0,1,2048,1024,4e183caef089c924e9a1a9472fb5f31947089f977aa2b2b7930aa2ba887703a9,faa5955cc15f5aab87f069553c0835a098fd4007dbc0ee29cb0f64353a1efed0,feaa9fdca1457c0095eed0af802f4bd4dcfd9bcac0e0414a8081c169d8fde763,bracol-820,treino,0,
bracol,821,data/raw/bracol/bracol_completo/coffee-datasets/leaf/images/821.jpg,1,bicho_mineiro,1,1,0,0,0,1,2048,1024,b3cbd3404148a5db7978e14e6ac42e637039da117dfb66f8e193a50c67c76d3d,bc211f23c2f2683fcb0d25c02d98364b34f19e277227d836c3f98ddac6ccd389,af770678b4205e71d6f7fe5ac2607d2cc201a834c60e7196aa1e71b2543fa1d7,bracol-821,treino,0,
bracol,822,data/raw/bracol/bracol_completo/coffee-datasets/leaf/images/822.jpg,1,bicho_mineiro,1,1,0,0,0,2,2048,1024,2650f50554fff4716bc86560611af9ae82fd372f2c4c151cdd3853d9187d271e,ed633a66d2b4e0ba8b4acfd16dbd9c09640b31fc12f872c7b843b74b01c68a35,eae116eca546ba0c84ee107f96e5fbe48ebf83c086525d47cfda2b0f82024d1e,bracol-822,val,0,
bracol,823,data/raw/bracol/bracol_completo/coffee-datasets/leaf/images/823.jpg,1,ferrugem,2,0,1,0,0,3,2048,1024,c8e6dc9e205c49b0ce92c67f7feffa0ad966c94a372ab898cad1bde8503b068b,ea2ac28c85622f559a0530b897cb72914e1d02fa6c30ef632dfeeb4435db957c,fa2b42eae5730f45cea1bc2e817afc348d6030d6fbc534ca912f79e8812e394a,bracol-823,treino,0,
bracol,824,data/raw/bracol/bracol_completo/coffee-datasets/leaf/images/824.jpg,1,saudavel,0,0,0,0,0,0,2048,1024,321f9fbd13e325686abcf69da46a94aab82491ae976a921a7426a4a6efad5367,bc283ccec0d6f2114bc987382d3d7a0372b23cfe89cb32c05c85d363a55e8bb7,bf5c90c7f4087cd5d0ff084ac2f87de9d3e1a849d12154f58b77c6aa55239250,bracol-824,val,0,
bracol,825,data/raw/bracol/bracol_completo/coffee-datasets/leaf/images/825.jpg,1,saudavel,0,0,0,0,0,0,2048,1024,d29b71f910ed70f0f09d43f84b84dda4f99e5e9ca78bfac7cc2ad2b3a320a9e9,fa9d956285525a278faa687cf80d636197f8270bda15ec9c08f26dc8ba43b48d,fa8a147ee05ff222a151827f854793e0d78ad3a2842f4107dc3ccba6dfbc6b06,bracol-825,treino,0,
bracol,826,data/raw/bracol/bracol_completo/coffee-datasets/leaf/images/826.jpg,1,saudavel,0,0,0,0,0,0,2048,1024,a0291103a51d7d2f6236a3dc088133a9e875123c4be5b86cdc8764994c3af5a0,bc2f162cc2d06ad28f03ada1783f929f31e81b68768761268f7e25b4d858b65b,be43974bf00d528581fc4b7ee7e06b648707492ab6971f708216ac28de1e5d6d,bracol-826,teste,0,
bracol,827,data/raw/bracol/bracol_completo/coffee-datasets/leaf/images/827.jpg,1,saudavel,0,0,0,0,0,0,2048,1024,f59af41fd5903bc0536685d4d444d5cd616e0abd0a3f7b83e1a62fbd60a07c25,bd2b3599d2f54aca0f4a9c677cacced233f26189d20137154b3cda33ac90cd62,fd11a5aaf4bb43b582d25b0a976b0b1fd621ed3cd6750138ca6055f48a6a5d15,bracol-827,treino,0,
bracol,828,data/raw/bracol/bracol_completo/coffee-datasets/leaf/images/828.jpg,1,bicho_mineiro,1,1,0,0,0,1,2048,1024,7891fe2dfbae20417ceaa4a084710d5a1445e5456ad93f629daea0dda378711e,bf583c73d0a9f0890af7c3d9ef02cf02c1ad6c3fcf14c49c4c368e98a4d89c6a,faaab055e15514eb91a31ee0c1c11a45c3ff5a43c14b2a6f97a34f659f23506e,bracol-828,treino,0,
bracol,829,data/raw/bracol/bracol_completo/coffee-datasets/leaf/images/829.jpg,1,cercosporiose,4,0,0,0,1,1,2048,1024,e4591ce03d6cb1c42b6c5d2e8564b3d068ce554a61360a97ddd7e9d3b61cf9fe,bf4f1fccd2a4f80bcb10c5e1213bc03f30f39f7876f071ec9d4c2982ca843687,fa8f07d9a59dde0bdf80da91c31ec2018e20c16c8d35a32f4c3742678ef67257,bracol-829,treino,0,
bracol,830,data/raw/bracol/bracol_completo/coffee-datasets/leaf/images/830.jpg,1,saudavel,0,0,0,0,0,0,2048,1024,af0bfa723c0be69f7392f357f8d33c5575f522d9cd381a13f8cd70837d2cfa3c,fc0fb2bbc2f44b720f03b4ad703e5ad833e0d92dd30705b2cd3862938cf18769,ffabb585f00352a280fffa54d7f08b4ad2815d7f82874928875f2b2c971a4934,bracol-830,treino,0,
bracol,831,data/raw/bracol/bracol_completo/coffee-datasets/leaf/images/831.jpg,1,saudavel,0,0,0,0,0,0,2048,1024,b8886bee21042feab67800d18ce90b4e48064be39ca419f4d089d48d8fb5f946,f52532f9c2d20f230d0df0be30fe0bc8f3413c0f8f3e60f0cc3297e930cbda0f,faaae81be04505fb85f77f8286837a179ebe40549e146bf28e186542ce7b2523,bracol-831,treino,0,
bracol,832,data/raw/bracol/bracol_completo/coffee-datasets/leaf/images/832.jpg,1,ferrugem,2,0,1,0,0,2,2048,1024,62a9dbc717d371a47817b8b4dad37e00f0199cc2a6f78e98d010b09f2eb5b39b,bb6696c9c1f068b68f983d6ce81f70c614e0b26272434f3b1f7889356c9cc5f8,bf6397c9f031781182b4913febd27bd00b0b112acb057f8dc10d848f8bb661df,bracol-832,treino,0,
bracol,833,data/raw/bracol/bracol_completo/coffee-datasets/leaf/images/833.jpg,1,saudavel,0,0,0,0,0,0,2048,1024,ed1911b2f8f3640815f8429672630d8684652f7a5407448c5f65ade3a3a8c34d,ea14c9b495a83d4b4e4772bd782e93d0a7f8d80fd28b6c70097e76c3bc20278e,faa8d12db11d2bbd81be8948d7d06d5d820750b2daba3ea2081a08979a7e76f7,bracol-833,treino,0,
bracol,834,data/raw/bracol/bracol_completo/coffee-datasets/leaf/images/834.jpg,1,bicho_mineiro,1,1,0,0,0,1,2048,1024,6d033bbbb84c32226ca52151c40753498d701e13f01fff472d8f1ad4f754c09a,ef469789c0aa6a768f712f6230313c1522de98fced6ed1818c35463e74b33e58,efc717c8e4ca78859686c2d7c80ff1cb99e08a6dd1a0c574bbf4c1329192ab71,bracol-834,teste,0,
bracol,835,data/raw/bracol/bracol_completo/coffee-datasets/leaf/images/835.jpg,1,bicho_mineiro,1,1,0,0,0,1,2048,1024,6628e870649acce98796e45da6a0567442f9590c3fa21896b2a937b91bf8ca84,e91a3fc390a5e0bcda668fc76760ce7a6489be218c1d21dbd2fab998f141416a,ebd19ff8f18afc06d1a18277c0557360dfee6b65054406228ee67f551f821c23,bracol-835,treino,0,
bracol,836,data/raw/bracol/bracol_completo/coffee-datasets/leaf/images/836.jpg,1,bicho_mineiro,1,1,0,0,0,1,2048,1024,6169b735367ba04f4296dd99e931567d3a96427f92b6e8f5cbc4dcf8da39456e,bb079739c0b26a178fd02dea7c0cf49730fe8a5a7321fb210737011bc438fe59,fa86b570e147562b83e70a75cf407b528c2f0035dc35bfb60eba0510ce027f7b,bracol-836,treino,0,
bracol,837,data/raw/bracol/bracol_completo/coffee-datasets/leaf/images/837.jpg,1,saudavel,0,0,0,0,0,0,2048,1024,8c87076aff7cf204a83102ed7438701b74c9fdec3ac8304ca9fc4a1829fb9f70,ea5434f885ab62179e878bf0787e983e61e11de0279d6097d21967189bc31e79,faaaac1fe01cbdf881fc0110c780f5bb878f40b187bf17919ebcdf1796341016,bracol-837,treino,0,
bracol,838,data/raw/bracol/bracol_completo/coffee-datasets/leaf/images/838.jpg,1,bicho_mineiro,1,1,0,0,0,1,2048,1024,4f562a3c3ff6a77f8a9f136b75ea434a00f589a9f80ddcf8e6570bb4be4d127a,ebdd2d01d408b0bf1af79bc078422d0f67ac643dcb5d26c15ce39a4e90d6593a,ea8acfffe5194c02855bc83a97ab25f09e9184e19af9b585981e9686d80c369f,bracol-838,treino,0,
bracol,839,data/raw/bracol/bracol_completo/coffee-datasets/leaf/images/839.jpg,1,bicho_mineiro,1,1,0,0,0,2,2048,1024,5ae0c3555f09ebe496c9769a4981f1400200e81cdfb0f5cdcc633ab2de600a2c,f8589e1987a5e1f0da1e27072d6226fc30b5d259f192db6187098da6663cecd6,fa9d1f9da57ef805d480d978d2ddd9bd925e9971835809e08b2889a0556965f4,bracol-839,treino,0,
bracol,840,data/raw/bracol/bracol_completo/coffee-datasets/leaf/images/840.jpg,1,bicho_mineiro,1,1,0,0,0,1,2048,1024,0167511e7b6aada8661d2c6c39022699bd1123711da75d8490e4e5a4d7d3d202,ea157a2d85eaa5529e55d28f687ad85a25e52de1b216648717a8771cc257927a,ffafd740b1552aa7902ad757d3fc554c82c0daae9bd224048b4a8d5cdb0e1c9c,bracol-840,teste,0,
bracol,841,data/raw/bracol/bracol_completo/coffee-datasets/leaf/images/841.jpg,1,saudavel,0,0,0,0,0,0,2048,1024,f497475d4c4540c2b2991a3c85d9d71c8ade4bf1f35385298e9436ef975b538b,e857ebc587a9b43e1a1713c161fac94f67852cb48e5af0d2d861134b19869d3d,faba485ee051efe085fe050586a2fcaec61524b5865996d4c7bdbed2ce059452,bracol-841,treino,0,
bracol,842,data/raw/bracol/bracol_completo/coffee-datasets/leaf/images/842.jpg,1,saudavel,0,0,0,0,0,0,2048,1024,d32fbad8adbf43b19c482249c05968264e9e929145c5906081332ae7351c5865,ea319c4385e260fcda1d6f0779c035a865ed1af5667cd272e033cf0d57232d0c,faaa9e71a153540b9602dab896b5e355d834eb6ad1f02f7fc3b2497983b021e0,bracol-842,treino,0,
bracol,843,data/raw/bracol/bracol_completo/coffee-datasets/leaf/images/843.jpg,1,bicho_mineiro,1,1,1,0,0,2,2048,1024,35f2b82ee25323a0817688f71bf8743b4dbf4fdcd669a15f17c0c1f961b6e5dc,fa150e3495e8e13acf8516a56c3f684e34f085e932c3de94e34f88529f2c1ceb,feaa07aeb045fa0490fe851e92e175bed2e0d2a893c590558387c2b2d3cf97d2,bracol-843,treino,0,
bracol,844,data/raw/bracol/bracol_completo/coffee-datasets/leaf/images/844.jpg,1,bicho_mineiro,1,1,0,0,0,1,2048,1024,dbacbc871458f97d1d3213afca9db815abdfcd3b5744649a476a4c1d3e8ba82d,af1a863cc0b5c8c29bc239fd190b7680853c677f64f666423cc29c6539df993c,af55070fe42aef30c6bd802fc2d068f4d6d33cf08e6a28c21c4514ce8e2eefd7,bracol-844,val,0,
bracol,845,data/raw/bracol/bracol_completo/coffee-datasets/leaf/images/845.jpg,1,saudavel,0,0,0,0,0,0,2048,1024,55a20cdcfd2462286343eea4805cf17e2696a70595cc8986647815ffc773b82b,fc3998dcc69061635b0e87b730ec325a36d599c9cf1ae98ed8b3067298476663,efd19c83a50b7a9dc7a988decb95f9e8c91e81058124ebadbff657069442aa04,bracol-845,val,0,
bracol,846,data/raw/bracol/bracol_completo/coffee-datasets/leaf/images/846.jpg,1,bicho_mineiro,1,1,0,0,1,1,2048,1024,f993b992f35953845de7a430b11195c6eb065459aec4a5edd7a3c9a2efc0ba5f,a8f191f197cc7a0ec74f656c7ea030b19817434b39e99e64c585e436b74614f3,e8309170b1f11fa2928f8a17d3cb397a9e6949e9ce1cb1e19c3e48858c74b59f,bracol-846,treino,0,
bracol,847,data/raw/bracol/bracol_completo/coffee-datasets/leaf/images/847.jpg,1,ferrugem,2,0,1,0,0,1,2048,1024,df4751172fc3eacfcd71111d66b2b198f65c20f2b558a5a53db124b9296ce536,f8143f3495eae0fbda178f872d621c7824af78a3f2d033969b421398132f894f,fbaa8747a117de02b5f6d2bf92a782d497c7cb609a8ad942d269e92bc0710925,bracol-847,treino,0,
bracol,848,data/raw/bracol/bracol_completo/coffee-datasets/leaf/images/848.jpg,1,saudavel,0,0,0,0,0,0,2048,1024,9d6d122dac9c45ec0bd46c1b2f59d44b3bbe18404418c355d795a93d1dcaaf49,e9196b91d2b8b42a0f079bc438e46d2e634a64f087bdb79bdc937a0d18538976,faba43baa517af1187b2853a87923530df821eb00aab30325d557cf7dbfd2042,bracol-848,treino,0,
bracol,849,data/raw/bracol/bracol_completo/coffee-datasets/leaf/images/849.jpg,1,bicho_mineiro,1,1,1,0,0,1,2048,1024,c517321933c098df00620d5ead41a2e9cf8aa07522af21439e60f0bffa018116,e84e8d3295a17a891f11b14a602ecf8497c4da3ada0b35f91b3870cf65a78f9e,aee7a996f46245a280ef5fb5d7f0210282805f1fcbba2515df123a3a4d1f961a,bracol-849,teste,0,
bracol,850,data/raw/bracol/bracol_completo/coffee-datasets/leaf/images/850.jpg,1,bicho_mineiro,1,1,0,0,0,1,2048,1024,15f4f3a0380767eafe133cf1eced31d3057353293ce090924498fa3933210ccc,b43e3a1cc3c061e3cf0fce0d24b0cc7e32c339e1336d7187dbb4139c8d9ace38,bff197e6f4015a37d0ff8950d3f0596bd14081b5cba1f1f2dd07e892410311d3,bracol-850,treino,0,
bracol,851,data/raw/bracol/bracol_completo/coffee-datasets/leaf/images/851.jpg,1,bicho_mineiro,1,1,0,0,0,1,2048,1024,e5694f4cfc503dbe41f5ead7d10cd30c59b600952b534240895391525b36203a,bd2f87add2d4485a8f4b3dadc83c70d22da023cb7297f60d33588e741c4dcc32,faa282d1e155751285fe02bed7a3ff509687042b86161fbcde5efeb0c6522015,bracol-851,treino,0,
bracol,852,data/raw/bracol/bracol_completo/coffee-datasets/leaf/images/852.jpg,1,saudavel,0,0,0,0,0,0,2048,1024,42aae1b83d882e0bd6ac05d64895319f34aebf3440e45b2f9c50ee005167fef0,fb199b9bc13d6825cee025fc2c57760034eb925f33d5db20c30a09bd8e3d7c84,bb899293b10d7c02d1ea803f82b57bf8cf544920cb0a69eddf1fa5a5869a7685,bracol-852,treino,0,
bracol,853,data/raw/bracol/bracol_completo/coffee-datasets/leaf/images/853.jpg,1,saudavel,0,0,0,0,0,0,2048,1024,0b0f794cbc41895e594a519f57d733c86d1f2620912bf696320611205babeda0,eb17586695e0e55a1e951e9961987976347521e697e6361ed81ec2d925f809e8,eba01864a157b865962ac16296f157a3de83fe8700df60f7df57f6d413ca0482,bracol-853,treino,0,
bracol,854,data/raw/bracol/bracol_completo/coffee-datasets/leaf/images/854.jpg,1,saudavel,0,0,0,0,0,0,2048,1024,fc098bbc18367091e84464470537a97595cd3c333a55c2294186a9079e48e8a0,ab134f70d0abf42f8bc413f47c4e7b422578c03f62b1e7b09312de97930f10ce,faa24e73e076ee018176805f9700effa97aa850093843129978fffaf961f700d,bracol-854,treino,0,
bracol,855,data/raw/bracol/bracol_completo/coffee-datasets/leaf/images/855.jpg,1,bicho_mineiro,1,1,0,0,0,1,2048,1024,3a66eedc78e027a41cfba3c984d046b054e7a20bfcf26834eb8047ea6886ac7a,e976e34995aa3e3c9a9590e63bcacb0f612c0f18672764358ef23686d84a9bc6,fa2ae2b1a3450713ed4d0c3a85787c03846bfcfb84e220dfffa7004edaa734e8,bracol-855,val,0,
bracol,856,data/raw/bracol/bracol_completo/coffee-datasets/leaf/images/856.jpg,1,bicho_mineiro,1,1,0,0,0,2,2048,1024,0c487619d2981a0152a11042f6fd36cd2627e07177cfacc1908ab588c48d0e35,ed4bb28ec2d42f291e1fccbc70f93783e3d2325e8f2c0f68d834cc9704d121e3,faa9b5c5e01d33eec5d836848289768edfdd105caa4e77d8814acd58f8ee0528,bracol-856,treino,0,
bracol,857,data/raw/bracol/bracol_completo/coffee-datasets/leaf/images/857.jpg,1,bicho_mineiro,1,1,0,0,0,2,2048,1024,2d0bb410c2cd8f6b8c5b99c3a4ceac2147cda17c6898255f835f24714bc48c4c,fa194ab1c1fbb52e8f0612cc74be63a122c1ca976215cd78cd328de49b2d30ef,beec489ef004a5da895f8fd0ddb29d0b8d121e379aa93e2a91203425d1f73367,bracol-857,val,0,
bracol,858,data/raw/bracol/bracol_completo/coffee-datasets/leaf/images/858.jpg,1,ferrugem,2,0,1,0,0,1,2048,1024,33149f5bf392641d2d13748c1c2004deb1adb204ab79c117efaa425c9f6053d8,e963c4b195897a72dadce10f0d4f47a424e5bc74f0d278683709b647db1d432a,ea38c51db5711e0fd0a6ba55d3d7074083caf2a9cb836075f907f2eac12f6341,bracol-858,treino,0,
bracol,859,data/raw/bracol/bracol_completo/coffee-datasets/leaf/images/859.jpg,1,ferrugem,2,0,1,0,0,1,2048,1024,4b638a9bb34083c83d8308b64bb94bdf453eb8bda986cd1b88264f24669f11ad,aa4fcb2494e07c92cb98f0cb3d0b63e4b0fde02673d00e1e9f0bec192d3561f9,eac3cb48b4423f2fc0ecb42fdb6570fc862dd2d09f0427c30a149e07cf2e6e17,bracol-859,treino,0,
bracol,860,data/raw/bracol/bracol_completo/coffee-datasets/leaf/images/860.jpg,1,bicho_mineiro,1,1,0,0,0,1,2048,1024,0e73c13117267de9694319817e464c283b5e8e71fc18c0e2ba8a68f0fa402afa,bbcec49995063f364eb3f0672dc1238692bcc8c86a5089f7652bd63212d16edd,bac3c0cdb1cd0bcbd7869d0f4adc1aae6950ff75817b2122f7a407af90249295,bracol-860,treino,0,
bracol,861,data/raw/bracol/bracol_completo/coffee-datasets/leaf/images/861.jpg,1,bicho_mineiro,1,1,0,0,0,1,2048,1024,4f56a265dc7055fc6b64c970fa5541a91b5741244b1dbf7544d6c1ded9db96f0,f850971995ad6ad40f1724626839999d33f0c39abe0e4e8fc7e62470d933987d,feba9332b81bd31585d9612d8fc85fe8848d4028c4aded9fc4c4489693978fd6,bracol-861,treino,0,
bracol,862,data/raw/bracol/bracol_completo/coffee-datasets/leaf/images/862.jpg,1,bicho_mineiro,1,1,0,0,1,1,2048,1024,0e544b6fe81b26b05a7dc0841fb61729e7e1f7d79ec2e05a81ff140f7c336174,be9074b6d07e317b4be4d2a1690bcb569a1d6d2cc72a94bd6e74ca5028594d78,afbef436b45302bfd0eacb558ac16b6395830527dae70a03db573d60802b67a4,bracol-862,teste,0,
bracol,863,data/raw/bracol/bracol_completo/coffee-datasets/leaf/images/863.jpg,1,cercosporiose,4,0,0,0,1,1,2048,1024,fa1adfcdfa1c527fd39df183aca7fd28c360cf64e610a773aed76e28bb526e3e,ea25649991ec37f0de83d22f08788bc0e5a3cdaf338768b5635e17c2e418b30f,abacf4c9b00402fdd3ec6f0092c5fd0f934a842cfb2a023cd715be742abeff20,bracol-863,treino,0,
bracol,864,data/raw/bracol/bracol_completo/coffee-datasets/leaf/images/864.jpg,1,bicho_mineiro,1,1,0,0,0,2,2048,1024,c0440181c4c8a3c4d34181e9c3f6959c1c624a931289afc6a7f83697f24f4e23,ee50b538d0ac6ad597c2cde3f5017f8524f6307e6e89b360393c1cad2830fcd8,faaab731c05d343b82b9c2fcdf11cfc09a7a0913a86addb99f6d893184084df4,bracol-864,teste,0,
bracol,865,data/raw/bracol/bracol_completo/coffee-datasets/leaf/images/865.jpg,1,ferrugem,2,0,1,0,0,1,2048,1024,b69c6b776abdeb33964e29ad0569708872413f5edbb8314657cc4ce3a5160947,ef0b91c7c17478349f434770707c760337d01bde632fb909d834c5ec84f2a64b,ef9291c6e00f3c8397e118ffc9477f489f67c96d8835a02418f40fe79db05642,bracol-865,teste,0,
bracol,866,data/raw/bracol/bracol_completo/coffee-datasets/leaf/images/866.jpg,1,saudavel,0,0,0,0,0,0,2048,1024,cdcb2ab7b94bc1c0b8256542b11de8b429ca6a3ff0f7184ff51922d8b33e1961,baa5cfa5815a0d1adea074b8685f30d5cd2833c287b5920fde12cf780dfb49a5,beac42acb044af5590fed50a93f4b0af93ea96f4d3c592508300da4bd326f3cb,bracol-866,treino,0,
bracol,867,data/raw/bracol/bracol_completo/coffee-datasets/leaf/images/867.jpg,1,bicho_mineiro,1,1,0,0,0,1,2048,1024,a66baa05afadfe3f0a2b52475f2efccc6fdadec6239323683edda30ee52f59a3,ea729a9595abe5681bcc1e8765f9787ac4369dc99358a69d580d7a2660d03972,ee2e1d8aa5657831d667c9f192efa52b8a608d2593d0b5c59795bd84950bb341,bracol-867,treino,0,
bracol,868,data/raw/bracol/bracol_completo/coffee-datasets/leaf/images/868.jpg,1,bicho_mineiro,1,1,0,0,0,1,2048,1024,9217a9e20b3b966dbcba20c5cc984427a82374af8127bc33873a6ea7f69319ee,ea3d9733856e78a39f816bd03c38672f92a1a66551d29ce00b985cad6d1dba85,eaae8719a144f02ad500d2f09e6771d39c702bd2c47a651e9fab0fba4f076d07,bracol-868,treino,0,
bracol,869,data/raw/bracol/bracol_completo/coffee-datasets/leaf/images/869.jpg,1,bicho_mineiro,1,1,1,0,0,2,2048,1024,ab3bf902936c7266f35f71fe44aca9162112833fc2c5c336768718be32f7279f,e95a926d85a96a169e346d3a687034ad778b92d4315cdaab4db00f68cc97b46d,fa519668f06892bc91fdd294bbc45bfa8d030916c9af3f23d189c855418bf1f2,bracol-869,teste,0,
bracol,870,data/raw/bracol/bracol_completo/coffee-datasets/leaf/images/870.jpg,1,bicho_mineiro,1,1,1,0,0,2,2048,1024,fe47845c5652856710c4291b208ae896d3cf3b7c0b141f455d8aed2648f01ac2,bb4d8fb6d1a8685b9ed087e96c68700734e783f2f3cac109bb198c7d483864ea,bb6185a6f1637a0693a2805e92d777e89bda8ac94b083609a92f3ebf4d3d641c,bracol-870,treino,0,
bracol,871,data/raw/bracol/bracol_completo/coffee-datasets/leaf/images/871.jpg,1,bicho_mineiro,1,1,0,0,0,2,2048,1024,ca08e5e574c4ef98f7dd76f980fc57bf4efb1a364f9df7a8e1823b81da3b0e19,ec5793e6c0b96a181f9f642f706697e04a7a991f6d9978ac82c72342da2ccc39,feebb1c5e447b6ef85fe120d8ab07e3cdd160f140b1a6a2ad518e335c98a4270,bracol-871,teste,0,
bracol,872,data/raw/bracol/bracol_completo/coffee-datasets/leaf/images/872.jpg,1,bicho_mineiro,1,1,0,0,0,2,2048,1024,43c07bfb21f4f8bb818a02918f8cbf188b51af93226ab02162a368ff4704adca,bc469db1c4f9604e6b1987ec25ee1a909e44f94b987907e4e790fe107c0f2f0b,bae59530c0675a339e486851847b61fff6b17dd02fd0426a8301baeff7821e45,bracol-872,treino,0,
bracol,873,data/raw/bracol/bracol_completo/coffee-datasets/leaf/images/873.jpg,1,bicho_mineiro,1,1,0,0,0,1,2048,1024,095541b6d9006a2cdc9c0ae2cc522a4b11b737fa70d7d176d1ca0e80cf903d84,f8e66a23c3e6373a8d07987c9eb1d9a1726b1d8e790c415d19c4a519ad5f2730,beaac0b0900725f3ef4586958ebfa60a85b6f609c8b2723ed87252f2dcc31367,bracol-873,val,0,
bracol,874,data/raw/bracol/bracol_completo/coffee-datasets/leaf/images/874.jpg,1,bicho_mineiro,1,1,0,0,0,1,2048,1024,56178d7dad059b1ca16d85cfb74b29349669deae841873bb11a42109c3edd085,ea47c9b295e83e8d1a91f2cd695b636025a9dc2f56a681f6c856d08916e92b5d,eae0c934e1572936876fbd00df26b0af8a22f0bf95750a859eb11fe79294f101,bracol-874,treino,0,
bracol,875,data/raw/bracol/bracol_completo/coffee-datasets/leaf/images/875.jpg,1,bicho_mineiro,1,1,0,0,0,3,2048,1024,d74582b729d40b846f678d12d0fc6d85e733cf549527815356c4ea48b792bab6,eb579bb395ac69c81ad12786694a927627a59b61f616791c097a658df0a73470,eaa39f21e147fa15876a817a9620f7289eb4020f9617ffb59fd628949a02d5b2,bracol-875,teste,0,
bracol,876,data/raw/bracol/bracol_completo/coffee-datasets/leaf/images/876.jpg,1,bicho_mineiro,1,1,0,0,0,2,2048,1024,1799b35db8e92a89defb2d57fd7e56fa574f9f008b303196652d10f8b77a4ff0,b85beb1cc3e8b5a34f06ca4734ff2d28d3c1f29d9f3c89426872cc2534e12656,bfb3d28fb01303ccd1fb95888a817aacdb5501549b6f692a9e2c1a7c1a6c6b2d,bracol-876,treino,0,
bracol,877,data/raw/bracol/bracol_completo/coffee-datasets/leaf/images/877.jpg,1,saudavel,0,0,0,0,0,0,2048,1024,9b6fce012cbd1c2bf3e41f0ceb18ecccd6430ac972bbff87a84cb6f1c7985df8,bc1bc979c3f03687cf077a5a3c36612931cbc7976385cc1b8f1a9868986172e5,aff74b9ff5d22d50f04014abf16b65dec0a52ea980e525b5c1f55590d3e52680,bracol-877,teste,0,
bracol,878,data/raw/bracol/bracol_completo/coffee-datasets/leaf/images/878.jpg,1,ferrugem,2,0,1,0,0,1,2048,1024,5e98cce1c4d110750053b2fc662e95257b77b7e73d149daa323eafce14b64625,ac6bcb6693f534b8ce12f81a687921e923c1d635f24e2f78ce30d0059db329d5,ae43c263b06b076b82f4df84cf040216d73ef57a83166861cfb35c6815336ef9,bracol-878,val,0,
bracol,879,data/raw/bracol/bracol_completo/coffee-datasets/leaf/images/879.jpg,1,saudavel,0,0,0,0,0,0,2048,1024,1ffd0bd6221f3c1a99148e2dae4a4d6fcb93292b67641a281693948f32da8ec7,b83f9a9c87e069f8de1725a3a97876b470a5b64223d6d32df3398934c7101d92,bffe97f0b4007e81d0bf8813c2d469ffd352e9a0cbaa6185992581928b36a7d2,bracol-879,teste,0,
bracol,880,data/raw/bracol/bracol_completo/coffee-datasets/leaf/images/880.jpg,1,ferrugem,2,0,1,0,0,1,2048,1024,f63bd5a091e4ca66006bd851a8c8d090e55465a114956563a422fc5c982515c7,af68c9e8d03f3e0fcbc3e3d63d20e12130b796b527d03f02c30dc26d9facb580,eef9c079a4193f11c52b178b87fd7a85c280d017871f3afe8b08d0989f4b35d8,bracol-880,treino,0,
bracol,881,data/raw/bracol/bracol_completo/coffee-datasets/leaf/images/881.jpg,1,ferrugem,2,0,1,0,0,2,2048,1024,6184cc89def084b2ded221f90a87abb741080efb3c1309519ef1cbaef34c2bcf,fa411fc085fae03fda1787802d701e3f74afb0f0a25461cbdb6aaf858d2546b8,aafd1377b4107e00d7a8f87fd2957978d35ee9eb8b7a41a5815181a58ba84194,bracol-881,treino,0,
bracol,882,data/raw/bracol/bracol_completo/coffee-datasets/leaf/images/882.jpg,1,ferrugem,2,0,1,0,0,1,2048,1024,d98916594f273d9464d2263e72ce0d4372c89894081e1a4c4922218901f9da58,b866fe6794e5f1bcda028399e9b9cd0f3f092cb110ec30fc38f472443a431b66,fa688e69b0433e6690ffc02fd2847fb4d3d643948302e7c2ff22e38ac43e851b,bracol-882,teste,0,
bracol,883,data/raw/bracol/bracol_completo/coffee-datasets/leaf/images/883.jpg,1,ferrugem,2,0,1,0,0,1,2048,1024,f75d995571ce410cf08fdb2305408adb6442bec7de64b0dcbe4c04e24e3eb9ee,b9cad262d4b53f1fcf3be1c96d00365930feb6241bc00956ca67c1b1c5ae0e1b,bad4d47eb46f1f0490a7fb6d8bf00b45ca60d1e2c54309a2eaa7c1b785e33d12,bracol-883,treino,0,
bracol,884,data/raw/bracol/bracol_completo/coffee-datasets/leaf/images/884.jpg,1,saudavel,0,0,0,0,0,0,2048,1024,938b546dbb1e7b67cab9b6dd5999027aa86ddeafaeb8ca823f3fab4b30157675,f81551c785e86f9bced324383c3b72f430f5e34373c29a2d271e9c14ce3c4cb0,ffea186bb04158f3d0ff28d1c2fc3dc2834428ab9f4275c5920b6086de6fe1c6,bracol-884,treino,0,
bracol,885,data/raw/bracol/bracol_completo/coffee-datasets/leaf/images/885.jpg,1,ferrugem,2,0,1,0,1,1,2048,1024,c3c9b89d6570e671fcb8bd2d7d3b601c0ee57ff6655c1b7cfd6af9166188b0cc,bf23d7f0d017780f8bf8a5f47c04625230fedf2973e119140333d0fbed182e48,afe68764f4475a0782ff8b52df4059298227f02def3d0af08538fc51efb01093,bracol-885,treino,0,
bracol,886,data/raw/bracol/bracol_completo/coffee-datasets/leaf/images/886.jpg,1,saudavel,0,0,0,0,0,0,2048,1024,01a9f51d7d310b68203d84ad00097d1e38961f186505d9632b6c1bc4c3bf58f8,b854689785a93f0ace1fd2fc36e06943715e65b465ade6bacc949b44985312ea,baaee88bb01c29d5dbc48582c54ee597c1aa9fabcca51f3dcd941a3dcab40aa0,bracol-886,val,0,
bracol,887,data/raw/bracol/bracol_completo/coffee-datasets/leaf/images/887.jpg,1,bicho_mineiro,1,1,0,0,0,1,2048,1024,4291aaddaa3175b8e125cb22906aab38c825df07e833d88c1fabec27da15f923,bd0cc20cd0e51fb1cf52f83f2d3f23c07295d70f3258ec38d9254cf3c986a1c3,abc9e3c4b00a23ffd2fdd78092542e15df68561e49286b7bc9a54530ddb46331,bracol-887,treino,0,
bracol,888,data/raw/bracol/bracol_completo/coffee-datasets/leaf/images/888.jpg,1,bicho_mineiro,1,1,0,0,0,1,2048,1024,b0e057ff1e3f4a58213c2e425faa77d4465386bf6c939e17c50b6b902a2156cf,bad1cf33854a357acf84f2ad383e6bc062c1cd2f276b8cb0c8b59ad191c2704f,fabb4ba2e0512917c3fbdd168741943fcd2a803a9daef83881b4d9ad998215b5,bracol-888,val,0,
bracol,889,data/raw/bracol/bracol_completo/coffee-datasets/leaf/images/889.jpg,1,cercosporiose,4,0,0,0,1,1,2048,1024,f2b116054568ebf899f120ba5cd5afbc8b05605394d10ff11e3aa3d625a19dbb,ea5d421995e81ff69e85e80e295e07ec75a89e132695523bc61a2bb1987d75a4,ea8af49aa01406b8d5fafe9086a15b13c7d58b1bc602697bcf9f29298a0f7939,bracol-889,treino,0,
bracol,890,data/raw/bracol/bracol_completo/coffee-datasets/leaf/images/890.jpg,1,ferrugem,2,1,1,0,0,2,2048,1024,fc56afa2d81da8dcb274bd3c4cea3dc02b48eab0471c7d0922b5d5957e0fd12d,b8d6d8f2c3ade58c4f0996d7ec3f696b24f08ca5334336d2233e1a4f9b30a10c,bcedd861a04c6bdc93fe954693c036ab420f9e15937f2ad24b0cca5a9b2ca1cb,bracol-890,treino,0,
bracol,891,data/raw/bracol/bracol_completo/coffee-datasets/leaf/images/891.jpg,1,saudavel,0,0,0,0,0,0,2048,1024,7918e733de043f496fc443ed4dcc8f4bc8701cec5ad842208b974d5f6e76a17d,e958c66694a51f997276f0d86789c666dc9d9bf09252b90353b8247e6d018cf5,eb9de26485ca07e8d626cd1b907daff09cf154039dfd2b8722a0b19f55d0119c,bracol-891,treino,0,
bracol,892,data/raw/bracol/bracol_completo/coffee-datasets/leaf/images/892.jpg,1,bicho_mineiro,1,1,0,0,0,1,2048,1024,4d2e6deef682cf96e8a4065bf87318c0a75429379e1ec60fa195a1947ab29de9,ac78681cc5cc97e31f87da87107a296ae94036b535adf388a2542ecddf4bd06a,ae3ce08ca57c2fc0d6a915cedad50a85df5a1546cb4b2aea8a69b54d0151fae9,bracol-892,treino,0,
bracol,893,data/raw/bracol/bracol_completo/coffee-datasets/leaf/images/893.jpg,1,bicho_mineiro,1,1,0,0,0,2,2048,1024,d61d9211ddfc86b50aa47a98f1073db91bb375d974941759e0ad5b909412a7ac,f8994cf6957a370f5aa612b925786974748b85a399b4e29d9b4c1b4272633939,be89cc16a55ced76d5b8857ac880f6a1c9a786d594770012da32e9c29772535f,bracol-893,treino,0,
bracol,894,data/raw/bracol/bracol_completo/coffee-datasets/leaf/images/894.jpg,1,bicho_mineiro,1,1,0,0,0,2,2048,1024,c394902a97f575c3a99418c13283b1308e60188a3b016c48b934b8f8b944e5bb,e851172b95ab4af41a6c4d4f3643b0bac3bb93f149c1d20f2c3e1ccc379678d1,fe30377481b1f03b9903c23a807ec2fbf358ce918301c59d374dff8bce8a2607,bracol-894,treino,0,
bracol,895,data/raw/bracol/bracol_completo/coffee-datasets/leaf/images/895.jpg,1,bicho_mineiro,1,1,0,0,0,2,2048,1024,048431ddc27be9cff41ca9fa3f1675e9d16d25b93188cd0730c7c12bb80527e9,be18609ec1f81fe0cb07da373d6169423670268dd3ac32dac98799781c7bdda4,afcafce1b40620ffd6ae95ead29408f8cb0e1ed4d9460d568d2e9c2a992d0f0d,bracol-895,treino,0,
bracol,896,data/raw/bracol/bracol_completo/coffee-datasets/leaf/images/896.jpg,1,bicho_mineiro,1,1,0,0,0,2,2048,1024,bf9d9c01a903d1da3691f564d3526b857f3676c490e2cdc5d07629892f3ac880,e855371885ea42e19e158d46796ab13865877385e69c665e9253cce1d96799a7,faeba1c7ec51b5c0806b52ab87ff3295c6807e14860e161adedeea7a940cd278,bracol-896,treino,0,
bracol,897,data/raw/bracol/bracol_completo/coffee-datasets/leaf/images/897.jpg,1,ferrugem,2,1,1,0,0,4,2048,1024,21e32013464788061690c821c37eb32c5041606110103e36a4bead882561193e,e1c38a6c969c3c93486363e635939f16d24cc8f99d633787c096327c3749cd66,f8197a66b0e0859cd2e3f6cc8f4322cfc92f75c88124788dcff42484dc067df6,bracol-897,teste,0,
bracol,898,data/raw/bracol/bracol_completo/coffee-datasets/leaf/images/898.jpg,1,bicho_mineiro,1,1,0,0,0,1,2048,1024,f992cead6e266b8ff197a6be2b1e988692b5639f5d6373f8f8abaa3fdf840fad,b905699d91ec37e04e90c2f62c5b5e4a30e82dbdb3967099d30a935a8c39de6e,abebc9c0b54101cdd0abe9d5d2f575c092d4c88fd3da9ddd92420d8a93421f9e,bracol-898,treino,0,
bracol,899,data/raw/bracol/bracol_completo/coffee-datasets/leaf/images/899.jpg,1,ferrugem,2,0,1,0,0,2,2048,1024,49ebe31d626edd2612d0e0ad40aa0dbefca2abd130f1c92d7696b5dd27a6b484,ba27cb64917835198fc146e96c1f2b5621f4912ef3825b958a1fe8dacd3875a8,bfa2ca26f006b91690fe952ad3d05ebd8201e294cf4f65da4f0c6488cf2e2eaf,bracol-899,treino,0,
bracol,900,data/raw/bracol/bracol_completo/coffee-datasets/leaf/images/900.jpg,1,bicho_mineiro,1,1,0,0,0,3,2048,1024,ed8a0a181894e1a9d01a5d836356618809d7dd6bcbb37d5dbe6edf020fbc1c10,bb4e4cc6c1b037794f43da31347d25e233c2968ecbbd5868ce4929b124f5c617,bae64ce6b00d25c6c3fc96e0c1825247dfd4087e8a1aba3a875b945a47d959f9,bracol-900,treino,0,
bracol,901,data/raw/bracol/bracol_completo/coffee-datasets/leaf/images/901.jpg,1,bicho_mineiro,1,1,0,0,1,2,2048,1024,2cf74bc2ec95319b45d73017fec0cc7a88ec4faeec62973f61001b2cfae749d3,bff7c199d4020f7fda773ea0694a309681bd138adf94da46687320e565ab9182,aab74a99f5c4a15dd08485a9914a07b697cfd796da85b68d8a0f9a0eca1ed25c,bracol-901,teste,0,
bracol,902,data/raw/bracol/bracol_completo/coffee-datasets/leaf/images/902.jpg,1,bicho_mineiro,1,1,0,0,1,1,2048,1024,5686a318c8ca5905bab6f2fd04b999fea14b624d827e4b1e3170a9716f933607,a993ce41913a3cbe4acc70b325fe6f41fc3294b791e098d4a64d1b6d477865a1,eab1c3f9b1330f5ddb3bbd229168b8b7bca11b82d0c7d535e0500a77cba2d208,bracol-902,treino,0,
bracol,903,data/raw/bracol/bracol_completo/coffee-datasets/leaf/images/903.jpg,1,bicho_mineiro,1,1,0,0,0,3,2048,1024,2add0922c28535adbd8850268ba54db6a06f7fe0373f46b8cb455db19d39d6bf,fa9134cf94cecb352f311732d113304f26cd43a85d4e8e458739b4b2b2f2cb4b,aaddb463d8662ae5c1884f738bfc3680b22ac91f6604731699bac5cc6ec9b317,bracol-903,treino,0,
bracol,904,data/raw/bracol/bracol_completo/coffee-datasets/leaf/images/904.jpg,1,saudavel,0,0,0,0,0,0,2048,1024,72635bcb6a4c5ce08e030501ed290322d8a0174517373b1079fa5c77c06b6144,bd4b92f7c0bc6f0a0fd635af7c0f72d011f8834b69859c3424da08fa7249b9e1,fa8195e3a151fe04d5fa80df82815bd0d755bb4a830a090f833c9b2fcf3cfb24,bracol-904,treino,0,
bracol,905,data/raw/bracol/bracol_completo/coffee-datasets/leaf/images/905.jpg,1,bicho_mineiro,1,1,0,0,0,1,2048,1024,c229154447039a5436a23b5663fecd26663b85d8852664175d64e913fc204488,f942cb5e96a53d21cf1a70d06db9274b24d6de34324dccf0cb69c84badb42585,baffdae0f450295582f4f5aa97c29487c305dededa4d8240830edf5a93565249,bracol-905,treino,0,
bracol,906,data/raw/bracol/bracol_completo/coffee-datasets/leaf/images/906.jpg,1,bicho_mineiro,1,1,0,0,0,1,2048,1024,766b8e9e926b45fd705b6aecaa2ac36ad05118778d04a90ec4b580df194b03e7,a918c33397be3c0e5a4370fc2569e70f2694de31935a7853996db48854bce69c,af87c11cb58607f8c2b71f08da523a1d8b6b1d1a99297501cbad82f799ad7543,bracol-906,treino,0,
bracol,907,data/raw/bracol/bracol_completo/coffee-datasets/leaf/images/907.jpg,1,bicho_mineiro,1,1,0,0,0,2,2048,1024,85ba18b4116db50e4ac8e16a066ad10cf31d33a32e178edfb282ae35dac79ab2,eb76930c842268711a9c0df7695bf20e67a193c88e363c5bd8da6ce7e98963b0,eae193cee175fa1c976a90fe86a41e109c150c03ca866cf39fd6e4fbc8c26c23,bracol-907,treino,0,
bracol,908,data/raw/bracol/bracol_completo/coffee-datasets/leaf/images/908.jpg,1,bicho_mineiro,1,1,0,0,0,2,2048,1024,5f7603b1d1e21fc61bce15b70d22f77d2c8a50e5b1ec3b274f2c37c98ec9a8c8,ed4e608687a13e00da56f0fd9968b343f9a51b8d31d2ec3426734db0662f6cc7,efe7e123a53107f5d6ad5f028215ee3f875a1472f6630cf28a03b4d2854f1cc2,bracol-908,teste,0,
bracol,909,data/raw/bracol/bracol_completo/coffee-datasets/leaf/images/909.jpg,1,saudavel,0,0,0,0,0,0,2048,1024,27ba23d3e279bfac3ead7ec10a6d53ebf7f703bb14f53307bf1548605a8eb520,ea15ce3885e23d519e8670af787c23d425e1c61ed68f9d681aded86520426dfa,beab4f82f4452b0580bfa50ed7d5e5fc85409584c5aab7c687acb48a8fa5929c,bracol-909,val,0,
bracol,910,data/raw/bracol/bracol_completo/coffee-datasets/leaf/images/910.jpg,1,bicho_mineiro,1,1,1,0,0,1,2048,1024,ff373215aad1478515a7482a0594ae6f7bcb4e02ef00d276d2cdf9eb0584940f,b9989f20979b780eca64a5e16c27ee0f36c08e78235f60fe732193878d94707e,bb9b833cb5925e0692be081dcb42797c9b7b83e44c2d71c09f149a87ca9e3d0b,bracol-910,val,0,
bracol,911,data/raw/bracol/bracol_completo/coffee-datasets/leaf/images/911.jpg,1,saudavel,0,0,0,0,0,0,2048,1024,6681bd537416cde76f612fb5d5f0b1f403e9c748f6f292521f9ca913240d70a3,bda09fe6c05f680b4f6136fd3c367b42f070c92d63c3ccb227093e433a343167,abff1ed3a1137e58d7eab83b9685f0c9d015d081881ac085c970c14fd87fe92b,bracol-911,treino,0,
bracol,912,data/raw/bracol/bracol_completo/coffee-datasets/leaf/images/912.jpg,1,ferrugem,2,1,1,0,0,2,2048,1024,8a5fb7cbb70756fe48ca61a474665e00154ab4ed86e7405b268386af7381ce65,bf309ff083fd605fd80f878725e0237a20b79871d238e488e949cfcc8de607b4,bf3c9f3e813e7811de00fca8d71ee5d7fa58fadb9a18e68e294961489941048c,bracol-912,treino,0,
bracol,913,data/raw/bracol/bracol_completo/coffee-datasets/leaf/images/913.jpg,1,saudavel,0,0,0,0,0,0,2048,1024,1ccd723a58af6b9be3877ad1368a288ea3090a415294c51b16b2a47788233c49,bc4bd1dcc2f46f22cf0364373c3e12d831d4c90d73a78db4865b74324e6d6361,bffc9cc6b40818cfd0fde96ecbd8592cc3e2a9b5d79111228b836b7341033323,bracol-913,val,0,
bracol,914,data/raw/bracol/bracol_completo/coffee-datasets/leaf/images/914.jpg,1,bicho_mineiro,1,1,0,0,0,3,2048,1024,3065b20055857ba1f0c2fa4af53d2c6ee4fbd85f173a2a020eb74d1b40e7574e,b87c699897a0f2674bdd8e626c6b6c0f36e431f0cb12f20b11b98bedb8d1cd01,be0f819eb536538092fceb91db40110b8849bba9cfc9349d8821deb94dde3cd9,bracol-914,treino,0,
bracol,915,data/raw/bracol/bracol_completo/coffee-datasets/leaf/images/915.jpg,1,saudavel,0,0,0,0,0,0,2048,1024,e973dda61baa224736ae82223116b8ae898cd508d31af8751254c6590c1560bb,ea66daa0950e615f1a9917a861d3e05526ae9f2a9674e81ddb4b1d8a3da8e476,ea319e37a172fa7297a2017a9617fb85da5e01df814824e83b69fc89b86d04f8,bracol-915,teste,0,
bracol,916,data/raw/bracol/bracol_completo/coffee-datasets/leaf/images/916.jpg,1,bicho_mineiro,1,1,0,0,0,1,2048,1024,7aaa8c974cf80ff527e8f7adbabeb1bb117f6a68a7cb3774a51690280fa73a9f,e8b3976c85547a891a8ee8796a71978385eb923dd89c6b7015e6652be231b694,ee39b16be819377985f391099582eabf92af03c590955ac5b69758df92d20870,bracol-916,treino,0,
bracol,917,data/raw/bracol/bracol_completo/coffee-datasets/leaf/images/917.jpg,1,cercosporiose,4,0,0,0,1,1,2048,1024,cf9a970404477909afc9ecda31e726b0d0610cbb2a678b7e31c6b427864ae35b,ea96dea995ee215b5e1956a661faa254a7859f29d2384897c86325d285a7372c,bab642aeb076b95493a684aa934215e4db6f5ec0ca2f6a0f8005095ccfd7d7dc,bracol-917,val,0,
bracol,918,data/raw/bracol/bracol_completo/coffee-datasets/leaf/images/918.jpg,1,cercosporiose,4,0,0,0,1,1,2048,1024,c5fb032ec5f0a3219dcdc249520cd89b7d04cf4ee23bb4542c9501d0f5654b5f,afffc0c1d5000fffd2b53e000b56702f6de823c46c85c6de3c5eda6032f89923,aaefe8a1e54701fec50a8ffa86ad4c0186951c1dd6fe4c7488d014f0f3c3acf3,bracol-918,teste,0,
bracol,919,data/raw/bracol/bracol_completo/coffee-datasets/leaf/images/919.jpg,1,saudavel,0,0,0,0,0,0,2048,1024,5e3f279282aea64497f4630651f5a024fdc2eab7900b775cf0b899059ce87346,f83578ad85e0a5521e0fd23a707a4a5123a125ebb51e75865dc9da1ccad49b79,bfbf5e24b5012c7490bff57ed3f45420cbe0daf58ba00250d75585498a4293eb,bracol-919,treino,0,
bracol,920,data/raw/bracol/bracol_completo/coffee-datasets/leaf/images/920.jpg,1,bicho_mineiro,1,1,0,0,0,2,2048,1024,2f7228b2772074226f97a8114340669835ce2fb4112da14e1e534f4c196cfd5a,bd0fc39cd0f43e3d4f42dc62343d01e732d0d313890b2f7ccc965c25367aa9e2,bf41d1c7b00f039ad2ffff8089482c8fcda5360c0c963e5f8cd21668d6fa2ae4,bracol-920,treino,0,
bracol,921,data/raw/bracol/bracol_completo/coffee-datasets/leaf/images/921.jpg,1,saudavel,0,0,0,0,0,0,2048,1024,8ae780913fbaa096ae49ad685db0d15f6943e90556c05ca18e58d5c157514cc8,bd4861dad09f37adcbc89a1ecf05196dcc3bc9340670d8b37633c6c330536743,affce0abb5502155d08dd5ea91de2690dbc90282d98d2f5b811e1f4bd99eb609,bracol-921,treino,0,
bracol,922,data/raw/bracol/bracol_completo/coffee-datasets/leaf/images/922.jpg,1,bicho_mineiro,1,1,0,0,0,1,2048,1024,f21fabf289a2a93858b099c7d8e2d9114512f04acb2544bc42a1203d0f419ead,e814c32b95f83e14da83f0fc294e0bc165adc70f3394a6319b12706b9eed6bc5,afade149b50503fbd5aedf819a968a1fdb56951090bafab892a00051df551b2b,bracol-922,val,0,
bracol,923,data/raw/bracol/bracol_completo/coffee-datasets/leaf/images/923.jpg,1,bicho_mineiro,1,1,0,0,0,2,2048,1024,34a0c4a9ccc65a0edf1414abdcc8381c031d7f4b18baa946ed87aa307ae98d98,b9cc9666d0cb6a530f392598643692c523f0894e7c816da799de66f27368b659,b8c8914ef0d15ee281f36a57df826d628a0b64a5d257a6fbd36a67d12365448a,bracol-923,treino,0,
bracol,924,data/raw/bracol/bracol_completo/coffee-datasets/leaf/images/924.jpg,1,saudavel,0,0,0,0,0,0,2048,1024,a5038db2b4991808120b8a1fd71b3c1495aed684c5d5b09d943e61cbc65e5eb0,b946c319c2a135b1ce53d8d63cbc0dcc61c2ce3d13ad72709a5633c3c9bb538e,bbedc309b128035dd2b89f29921bfe958bf15852d16265f38b2228b3dd2f4513,bracol-924,teste,0,
bracol,925,data/raw/bracol/bracol_completo/coffee-datasets/leaf/images/925.jpg,1,,5,1,1,0,0,1,2048,1024,6e55390f3f67dba370b557268b5b15372d54d055ac91b6651cd7d19d95f9f639,ac2fde6d86f071b0db92879069ee9c1f34875ce1267827f04279b20ed587a706,ae438e4be47b7e1997b8c0ff828d61c0d794b5c7e3c621e7134085858f416be6,bracol-925,,1,predominant_stress_5
bracol,926,data/raw/bracol/bracol_completo/coffee-datasets/leaf/images/926.jpg,1,bicho_mineiro,1,1,0,0,0,2,2048,1024,b283126ce57126f7f3aca4d4607e2ccf4caa1b542673205d5d2696f8d6abbb6e,bc1fc9d6d2e037a3cf437a16cc3c25e82cb2e28732d3129e734b9d4a132dd8a1,ba06d98eb15f2bf480e0d50297c110afd38b9ab492477254db5fda529a0eba7a,bracol-926,treino,0,
bracol,927,data/raw/bracol/bracol_completo/coffee-datasets/leaf/images/927.jpg,1,ferrugem,2,0,1,0,0,1,2048,1024,43da360185989d1c7d2d1b08f3212ca238751f38021bad6fe48eaa76e1c2a217,bb0d6938c1b097efce13dac63c6969686246273945ae3731dd9168b51a71d3c2,bbc5e99cb1ec2538d78015a9d92a3eb5c8b51a3898de5f50805eebe6db2a8223,bracol-927,treino,0,
bracol,928,data/raw/bracol/bracol_completo/coffee-datasets/leaf/images/928.jpg,1,ferrugem,2,0,1,0,0,2,2048,1024,1f892f85ff9082bd5ddb6478df19b3e7afb27aec31cd8f373b28a200bbf06992,bf419fa690af605fcbd4e1e92d183e8134b4da1e33d2a16eb263c3a5cb612456,aaf28564b55157e6d468fa0492f1a84ed250417ac27b6aebc57b4465cf3964ae,bracol-928,treino,0,
bracol,929,data/raw/bracol/bracol_completo/coffee-datasets/leaf/images/929.jpg,1,bicho_mineiro,1,1,0,0,0,1,2048,1024,a5946aa268436a0af77c572fe18b266ff99f9e5a1307217652b26054d4c428a7,bd599b99d0bd68264f4627f03c3ff21b70f0896921c6cda4c60fc496067833fa,afbb939bb0197800d2b9d87e8b5129e4df4bfde0cf282884021444d6cf5e6eea,bracol-929,treino,0,
bracol,930,data/raw/bracol/bracol_completo/coffee-datasets/leaf/images/930.jpg,1,cercosporiose,4,0,0,0,1,1,2048,1024,b321334b43546032f687a009ae435739598bb1256f92d5ff05ceeffd9c09490b,bf50d820c02907dfcbc47e012dbfe17c36d0d3a5334fab52e13c7c29d5b23074,bfbdd838b4100197d2ff17e0cb412b95c92f5d0ad0372ebd8abe1c18d55a0659,bracol-930,teste,0,
bracol,931,data/raw/bracol/bracol_completo/coffee-datasets/leaf/images/931.jpg,1,bicho_mineiro,1,1,0,0,0,2,2048,1024,52afd2feacb6f858e2d62f47a16ccb8901b4dc81083c442567bacce9a8dfe157,add2dea6c48b60589e5d46b9d84a9e1131e5d1fe678639446e1a3c2e466967f0,abb4d5e3e5103ad787be485ecf943efbce1b9561c278e0a19ef1d6149c014602,bracol-931,teste,0,
bracol,932,data/raw/bracol/bracol_completo/coffee-datasets/leaf/images/932.jpg,1,bicho_mineiro,1,1,0,0,0,1,2048,1024,e794d918c83a592ab147043676e78ab82687f94b0540bab6523c36668b033ec9,bd0e9f8681f8685eda4325a00d7336177087d25a23ce99ed63bcd9863c538c9e,afc497e2b106fa81d2e4d85fc255896ad10ec9a5defced869c5a1d961c510c96,bracol-932,treino,0,
bracol,933,data/raw/bracol/bracol_completo/coffee-datasets/leaf/images/933.jpg,1,saudavel,0,0,0,0,0,0,2048,1024,e19b0c4ff63f0a240c82aeb1dff35fc70a14ed1cfb8f0a2de8f55f06c17c623a,bc27cf32d3f0349dcd0f7ad064b46127a6628e1693454e89598e68e9a5d3b732,affcc33db400a560927586a5936a96d6d3e756c3d3c07ec5aad6acc7a80aa84a,bracol-933,treino,0,
bracol,934,data/raw/bracol/bracol_completo/coffee-datasets/leaf/images/934.jpg,1,saudavel,0,0,0,0,0,0,2048,1024,f9dd52f741edcf3cd98c5f552914969e28b8e0cb8cb88af2032279ee65167254,f81ecbf493e1352b4e13cad1347ca54a33c15aa5d30f615a8d3446a9ccf3e616,bfe0d223b043abf590ff5562d3d43aabcb420815cb436dbac92f8c9ac18d2c99,bracol-934,treino,0,
bracol,935,data/raw/bracol/bracol_completo/coffee-datasets/leaf/images/935.jpg,1,saudavel,0,0,0,0,0,0,2048,1024,e7348f5447a148c1937016a53d7e310561b6ad736ae7bff361845ce9e5fa8250,bd4def6cd2f0b3814f03cb1b34bd3cad33d032d2c90f13094cb4cd3ca4534cf2,bfc0cc4cb40030fed0bffef0d2d40402d342eeef8b4b5444d30faeeec30f7544,bracol-935,treino,0,
bracol,936,data/raw/bracol/bracol_completo/coffee-datasets/leaf/images/936.jpg,1,saudavel,0,0,0,0,0,0,2048,1024,3e5f470314d5cebea43843b99806bee4e0195d0f164a33564415526851257c1d,b014ce6f87eb3c984e0731766478cb4392c5cc1dc91e4cf025b93347e6d693bc,bbac6a61b017ac4d93fbb4eed3e992e481819040a697bbebc69a9805270f3bd2,bracol-936,treino,0,
bracol,937,data/raw/bracol/bracol_completo/coffee-datasets/leaf/images/937.jpg,1,saudavel,0,0,0,0,0,0,2048,1024,317854aa8e2d7c46d14cb852079268da4e8a8397a9655d1bac6454b5f5666672,b16c24e1c687cb5e1c3999e561f43693b78662d89e59936548789c3279a6c8db,bae7a514f40800afd2fd46d2925047d2834b7ec1827b4f41ff7b4e41e72b4e0d,bracol-937,treino,0,
bracol,938,data/raw/bracol/bracol_completo/coffee-datasets/leaf/images/938.jpg,1,saudavel,0,0,0,0,0,0,2048,1024,e1030e390d7e89be586bf5832ad5e71877ac6fda5f07d4fa2f8c1671011b4beb,b52d9a52c2d06d2d9e4b64b430b4274b23c2da7de61f99e00ef07996f863279a,abd516ace10ab85384af50dbd794e3e186160180de5a7b8f8a182b0fce7b5d5e,bracol-938,val,0,
bracol,939,data/raw/bracol/bracol_completo/coffee-datasets/leaf/images/939.jpg,1,saudavel,0,0,0,0,0,0,2048,1024,32c2f5e13edfd65676abc3152402b852b8b2475869dbd9ac4bec52a3932f9d79,b8073a16c5f8e5688f4496957c3f6c1a61d229f436ad7183d324a35e8bf6c638,ba801eaae157e85583ea917e97d0f5e0d28a92a592099387d77dd3d692299a8e,bracol-939,treino,0,
bracol,940,data/raw/bracol/bracol_completo/coffee-datasets/leaf/images/940.jpg,1,saudavel,0,0,0,0,0,0,2048,1024,e33dd7f48421373aa560a7a5fdd62b00bca62f3845c8d228a40af8590bfdca7e,ec53cc3986a929a39e46b30e793c32e467a1cc33365bc1b19e68939fd9a430ec,ebbacf98e5106f1cc43ac3be96abf190860591b3ce0731938b6f31c34b6c3893,bracol-940,treino,0,
bracol,941,data/raw/bracol/bracol_completo/coffee-datasets/leaf/images/941.jpg,1,saudavel,0,0,0,0,0,0,2048,1024,b901762b4a9c2bb218e40c9f2347cba1651ca3ce0db32286dc5084f23026cd16,e854a57287ab5aa59e15a15a69e837a12787d85e961c27c0da79d8af89e17e90,faa0a8b4e155555e85fade839781201fd687bd50921f3c52da1e485a8e187e7b,bracol-941,treino,0,
bracol,942,data/raw/bracol/bracol_completo/coffee-datasets/leaf/images/942.jpg,1,saudavel,0,0,0,0,0,0,2048,1024,54d8130edc54462a1f2fa3226534ca18585b31e0f141b05541537d896ba4ecc5,f05cc799c7a13c574c1e31e064b5d39733c2cd2cda3d8cb08db070cbd895336d,fec1c99bb05d47f995f9a2c1d2c09547834722aad34b7a54830d407adb2d6d78,bracol-942,treino,0,
bracol,943,data/raw/bracol/bracol_completo/coffee-datasets/leaf/images/943.jpg,1,saudavel,0,0,0,0,0,0,2048,1024,df1906a923e9570275f31a50395721e95e2d5cc733caaea8211e694e3fedb54b,ec5b932387a538189e1765e8796ae69667a59a5ae61e98698e7819a5d8456596,eeb793f1e055ba1185ea105bc7a173a886153314de1e672e9e5823059e78e73a,bracol-943,teste,0,
bracol,944,data/raw/bracol/bracol_completo/coffee-datasets/leaf/images/944.jpg,1,saudavel,0,0,0,0,0,0,2048,1024,ae49cfabce8eba49c3b51d77f9563c665f11f79fc0c50691cd8df3575744defc,f16dcad2c2d43d2d4d4b60f030b5934bd3d2c83dcd2d34f0d2d4724f1b618f2c,faacdc0aa057b2e185ebd055d7a012ea8287db55cbd7096acb12f92fcb1e4125,bracol-944,treino,0,
bracol,945,data/raw/bracol/bracol_completo/coffee-datasets/leaf/images/945.jpg,1,saudavel,0,0,0,0,0,0,2048,1024,4f993e6967f37698d96779ce261acdcacc6892ce5dbaed3a65dfc4a5afabd89c,f43964acc2c093d34f4fcc0d34b91df432d0708bcb0f33fdccb4cb0e8cd28cbc,fa12e15da17b17e8d7a9ca058285015ed74a8b2a825ffd65cf4a08258f29f5f4,bracol-945,teste,0,
bracol,946,data/raw/bracol/bracol_completo/coffee-datasets/leaf/images/946.jpg,1,saudavel,0,0,0,0,0,0,2048,1024,597b660f4bfff763a7ee40d650551674d77ddc3a2057693f37354951ecfacb0a,e11ec6f796a1394a4c4fe1a565b08e131687c868d9783785cda5725e66dec721,fbe6e71ab50406ac90be7ed5d3d02502934237efcb0f74048b2d2a7e8b2c7478,bracol-946,val,0,
bracol,947,data/raw/bracol/bracol_completo/coffee-datasets/leaf/images/947.jpg,1,saudavel,0,0,0,0,0,0,2048,1024,710b1103c68a5afe43666bfc09c9002d4871171df77d9de515b4c85bc4f83611,e552ce73d285b1a91e5a4ec461e1b46a37860f93da5c701b8de187e47897f807,eaa3cc69e155ba2587e80176d6857fa2829f02179e587f56de580002ca78febb,bracol-947,treino,0,
bracol,948,data/raw/bracol/bracol_completo/coffee-datasets/leaf/images/948.jpg,1,saudavel,0,0,0,0,0,0,2048,1024,8b5176af56f235b8c98a60d5b1b761160cceca3e8b65e217c53c282fa9f7a2d3,e14d9af2c6b1690b187a66bd61a59e5ac61ed96d9c792586c387725b190e8761,ead21c26e157f0e587aac1e49e851f86825fda1edf529a7e886ac200d9699675,bracol-948,val,0,
bracol,949,data/raw/bracol/bracol_completo/coffee-datasets/leaf/images/949.jpg,1,saudavel,0,0,0,0,0,0,2048,1024,a1065a3d744691073ee716d787cdd423ef323c928ebee187eb154030255d4598,f05ec7e193a13a1e4d1bb1e870b4c29737c2cc7cdb3d3ce0c96272d72c94a309,fffde011b40042af90b3afd5d3d82700cb48570f8b4d2e2cdf2d2e148b2c747e,bracol-949,treino,0,
bracol,950,data/raw/bracol/bracol_completo/coffee-datasets/leaf/images/950.jpg,1,saudavel,0,0,0,0,0,0,2048,1024,f7915e6521d180dba33f162d8946822ffac759ea2f42610d132a705da2424d3f,f5358682c3d29a6d2d0d91a230f0ce1f9b4bbc68cc3c78d626d2a789332dce3e,bfd5a969b402e58492bd269dd3d0d7d8db0aa61b830d565b8f3fbe6d58340060,bracol-950,treino,0,
bracol,951,data/raw/bracol/bracol_completo/coffee-datasets/leaf/images/951.jpg,1,saudavel,0,0,0,0,0,0,2048,1024,a112818770e786773f4c710e9aab2c6e1be51feb83bc696f2096ad66f1725ebe,f40c9e4bc3d0e1f44d0bcf0734b49c7c33c039e0f32f61878db0831eccdbcc79,ff8a957df0057e0090ff527dd3ea6b728350e960df86412b9a25e5a50d340717,bracol-951,val,0,
bracol,952,data/raw/bracol/bracol_completo/coffee-datasets/leaf/images/952.jpg,1,saudavel,0,0,0,0,0,0,2048,1024,501918f9e9de8624057b5fac583d77e60289bd52b2babbfca439f0e571cf48b3,f55ea4ecd2e59a524f4b992f30bc6f9433c2f40bcf2f93648cb4c92330c30db0,fea2e052a15747fa94eaee8196950c17d6d28d3a8253ec38cb690cb14b6b6ed1,bracol-952,treino,0,
bracol,953,data/raw/bracol/bracol_completo/coffee-datasets/leaf/images/953.jpg,1,saudavel,0,0,0,0,0,0,2048,1024,a91599466f6da853a6c756319a0b94347e0edbd6355a6a782581ed09970abe79,fc0fa5e6c2f4be83cf02907c2c3fc9b032d0e593734f72cd4326376ccc326036,bff2e041b44141fbd0aaaff1d2f71500c3408e0fcb4b1e17872d881ecf2dec7c,bracol-953,teste,0,
bracol,954,data/raw/bracol/bracol_completo/coffee-datasets/leaf/images/954.jpg,1,saudavel,0,0,0,0,0,0,2048,1024,4b77a01c5a6c08005a47405f326cc4f83b78218170852efb4697e54b796bbc44,f90e7b1692a5e1ed8f4a8f926cb5cc1b648f39e037f83386d245720f89260778,faa95feaa055ba05a5ea205f9587f1e8d6bdf3e0829000a5c6946fe5cbf52904,bracol-954,treino,0,
bracol,955,data/raw/bracol/bracol_completo/coffee-datasets/leaf/images/955.jpg,1,saudavel,0,0,0,0,0,0,2048,1024,ee9856ccfbdce0851e212f9fbfaddf3607fa67c6f5ff7f956e7653954da30330,e15b9d2586a52ad01b5ec43e60e96fe43793f057ca1a1f9889e1e155bc867ca2,fa919d49e51a18f987a1fa00da81159fc35a928bcb78555b8029abd9df3d5519,bracol-955,treino,0,
bracol,956,data/raw/bracol/bracol_completo/coffee-datasets/leaf/images/956.jpg,1,saudavel,0,0,0,0,0,0,2048,1024,0c2fbf0ef3d58d1172ccaba1e744d00d9380dab7b873221e2152199bbc363923,f50d9cf4c2da6d290f0330f734b6c35a63c09d25cf2d68f2ccf2368b70c3630e,ebff9f49e5006b9bc5aa801987bdf0f9c7909490ca8a0791ca5f9e919e1ae01b,bracol-956,teste,0,
bracol,957,data/raw/bracol/bracol_completo/coffee-datasets/leaf/images/957.jpg,1,saudavel,0,0,0,0,0,0,2048,1024,f63e14ebe6946e7361dc5b83b449540e21433371a33c57920a36105ba19caeb1,f42f9278c3f06d074f0ba4bc34bd12c233d0996fe30f4d90ce34a4db8cd3724d,bff49606b4000a76d2bfbb59cbf24929c360e9b58ba761b0c707c4928b1f6c93,bracol-957,treino,0,
bracol,958,data/raw/bracol/bracol_completo/coffee-datasets/leaf/images/958.jpg,1,saudavel,0,0,0,0,0,0,2048,1024,90732fe01081914b10de6097ae5f6914829d4589c8702acaab5257154b8a4e61,fc2b9c46c2f4e0f14b42d7803c2d2d3f72d058f0b34ba4438f3d5e8ddcb2a91c,bf7f8ffbb4003f00d297d405d35aaa7ec3695478d369a2f88b25c360d728c061,bracol-958,treino,0,
bracol,959,data/raw/bracol/bracol_completo/coffee-datasets/leaf/images/959.jpg,1,saudavel,0,0,0,0,0,0,2048,1024,effc8cdd6c6f46ee989f7105d9f670bf63cb24a42572a11a5cfec6dfdba58e92,f90e85b692f11fc04f03f07b3c3e47f032d0e50fd34b12eccd3d98424cb06d8f,fffdb500b40000abd0afabf4d2d457028bda9e03d348b6078b29973fcb2da23e,bracol-959,treino,0,
bracol,960,data/raw/bracol/bracol_completo/coffee-datasets/leaf/images/960.jpg,1,saudavel,0,0,0,0,0,0,2048,1024,92b3c945304be270adc334a4a191e5c455740a7083185552fcb94cb16b66f2bd,e55e98eb87a563d69e5b932f68794af03781b05b621e26859768e30ed8250f61,faaf9c97e14544a781eefae1d78001538207fbebd65e40439a4a5fd39e58a803,bracol-960,treino,0,
bracol,961,data/raw/bracol/bracol_completo/coffee-datasets/leaf/images/961.jpg,1,saudavel,0,0,0,0,0,0,2048,1024,b4505fbeacef4d65bfb781accf5e8b197a1266280657a70aa521eb000f0e91ed,f02e9b6283d024b54d1b5ac330b8b569b3439b94ca2d64ab8cf0b6d532d7da3e,bf779b53b420ad6b923f10a1d3fa79d7cb50e851cb2024abcfa326c1c61516c1,bracol-961,val,0,
bracol,962,data/raw/bracol/bracol_completo/coffee-datasets/leaf/images/962.jpg,1,saudavel,0,0,0,0,0,0,2048,1024,de7c40134fad91576bb2b9c66ec4f9ceb6efae7ce83c8fd95173af8efbfa550e,f42da7b2c3d23ec94d0f90fc34b44b8233c3a43fcd2d1af08cf0b10f70cb47b4,bfd1a124f40943fd92fdaf40d3d004038369bf5fd32d020a8b25df5ddb2eaa18,bracol-962,treino,0,
bracol,963,data/raw/bracol/bracol_completo/coffee-datasets/leaf/images/963.jpg,1,saudavel,0,0,0,0,0,0,2048,1024,987d8f4a61f25f1d03319faa72ce49d59fef8a8c7e1382d4ad2347beed45c130,e81cab9c85e8e06bda879fc3297a685e64a925a08794678dd84ad25a99e59be9,fbaf81a4e1077fe4c5ee880c82a07dfcd6d41ce8929618059e7ebe5c9c4017ce,bracol-963,treino,0,
bracol,964,data/raw/bracol/bracol_completo/coffee-datasets/leaf/images/964.jpg,1,saudavel,0,0,0,0,0,0,2048,1024,df875f1ceca1bceeb95fd8d122ced038074afbdcb04b2f6a53aab4c4237f25f7,f855e44a85eb1a954e17997a61786da1b7816497ce1eb6f84c60d82f31a70de4,feaae055e01545faa5ea5fa086956e0f96d56e1f92006d7eda580c40da692e79,bracol-964,teste,0,
bracol,965,data/raw/bracol/bracol_completo/coffee-datasets/leaf/images/965.jpg,1,saudavel,0,0,0,0,0,0,2048,1024,7f1b989a6974f24c3ea6c680b70874d17f5415ccfa484dbe5575f86b0d7d6cf0,fd69e503d2b572d00e4a9d2f60f558f427c2258bd21e37948d21da7948f68da5,aba5c1fdf51157a880afef95d7c0201a82837f3e825f2a2cdf5807748a29f7a0,bracol-965,treino,0,
bracol,966,data/raw/bracol/bracol_completo/coffee-datasets/leaf/images/966.jpg,1,saudavel,0,0,0,0,0,0,2048,1024,66de2f72d498418774017a1da0461902ecff20c71243c116c3eeedf55d5b5b30,bd6f9e12d2b4392dcf4ba5c46c3d321e32d08361730bd9359b348db0cc6274cb,eaa78727a1453e2495eac077d3817b509357814a9a0eff2b965c80259e287fbd,bracol-966,teste,0,
bracol,967,data/raw/bracol/bracol_completo/coffee-datasets/leaf/images/967.jpg,1,saudavel,0,0,0,0,0,0,2048,1024,0813251dce30e09c3d9f948ccd8563405f76ea11811c7eac0a54d95e7c610820,b55aed8cc2b43a524f4bb1ab64fc4b8733d2e64e5b0f86708d2c5973ccd28183,beace8dbb14445db91feae88d2f1a4059250760f975b221e95285a7ccbb9b268,bracol-967,treino,0,
bracol,968,data/raw/bracol/bracol_completo/coffee-datasets/leaf/images/968.jpg,1,saudavel,0,0,0,0,0,0,2048,1024,be9445db7b4ab8efff55334f47fdb9bb3f1fa7c5a7014f6fc59bf48ea88a4bfb,fc1ae0bdd2e46a408f42ec3b6c3d97f034d2ca0fb3c5217ccb0e34b48d72d2d2,bfb5f440f50a10afb0f55bf491424b40d3ef2b43932d5d0f8b263d24d316293e,bracol-968,treino,0,
bracol,969,data/raw/bracol/bracol_completo/coffee-datasets/leaf/images/969.jpg,1,saudavel,0,0,0,0,0,0,2048,1024,9949e642303e74a29e1c660f9b7b5cc8d424280cd8e2bcf694a413ce75f981f5,f942c41bd2b57b528e5ae1ad64f1978663cada1b9bb52d70c82f68870cd091ce,fab7e510f15207aa93e0fe959346221fdb604d5882297e78db752829d2246f75,bracol-969,teste,0,
bracol,970,data/raw/bracol/bracol_completo/coffee-datasets/leaf/images/970.jpg,1,saudavel,0,0,0,0,0,0,2048,1024,4aa807dba8f7c051d7cd040025ab4aa8baf9b64d13c72b2a1a6463ed977cb936,f07cc5e0d3966a124f0bb42970f44bd633c2b12dcb3d37d4ccb0c84b34d38de6,bec5e058b40c52ac92fffb54d3d2210ad343dd3f8b4774accb07689e45276a90,bracol-970,val,0,
bracol,971,data/raw/bracol/bracol_completo/coffee-datasets/leaf/images/971.jpg,1,saudavel,0,0,0,0,0,0,2048,1024,6fbd0fc5bb2e74017ee3eaeb71523e1caef90d1dbca7a4815a7b57a1a723136d,f14a4a5ec695b0a99e4b4f0679e1c8786586b5e1365a7296da79672c9d618fa0,faaa57e9e151ba0485ee205f978475ecd7a663a082924305d61773cfd61f230e,bracol-971,treino,0,
bracol,972,data/raw/bracol/bracol_completo/coffee-datasets/leaf/images/972.jpg,1,saudavel,0,0,0,0,0,0,2048,1024,ed46675a125d66b59a7299065230e5cb41850cbba2a7dda8cb004582c0fc9d83,f817d2e695ea615ace1547816d7ab41e30a59ae033f069e3c91fe48fcca1469c,ffa89766b055fa2291fe505fc2a26878dba7ed78c595652080908cabced162d5,bracol-972,val,0,
bracol,973,data/raw/bracol/bracol_completo/coffee-datasets/leaf/images/973.jpg,1,saudavel,0,0,0,0,0,0,2048,1024,1bf250e65a65542210ac46a1361474ef60745fabe0b946428c52c1c98b1d9d99,fd6ad24cd2b525a08f524e9778adac6b35c092c5720f730ec77a253c9c3166b1,faffd6c9f5403a5583a8d14ac7857b61ca07290ccf3e6d2c9c3280289e3aa7bc,bracol-973,val,0,
bracol,974,data/raw/bracol/bracol_completo/coffee-datasets/leaf/images/974.jpg,1,saudavel,0,0,0,0,0,0,2048,1024,6036dc51fa38ae1847b6ebe62e5490b14705d2b924150eb6acb4c0db9e9373c6,f50bc4e492b56e4f8f4a91b76c3d699232d0c69ff30f66494b349960cc935926,faa4c119b5544f8993eeae91dbc4641ac30bb418cb6f567885089a698ebd5f69,bracol-974,val,0,
bracol,975,data/raw/bracol/bracol_completo/coffee-datasets/leaf/images/975.jpg,1,saudavel,0,0,0,0,0,0,2048,1024,9f621e71d7f9da420d942a1c59a62570871e651e1b0709719bef8fbf98465f0d,e458f4fa92e54fc51e16996961f996953785605ace1e07e5c86099166da7999a,ea89b534e05c05ae97ea6e8187c14c5f9e0b4d7a960dec68de7d44619a64d4e3,bracol-975,val,0,
bracol,976,data/raw/bracol/bracol_completo/coffee-datasets/leaf/images/976.jpg,1,saudavel,0,0,0,0,0,0,2048,1024,2670c14dc8d71c8627680c65a79dcda07098e26542b16838dabbc726f1ff3460,f50bcd21c2f4b2768f4b37c23c3d483d23d2b5e0e30fd2179f3c8568d8b07885,fea04b34e157fc0285ea217bc681f5a1861782a5d61ef794861a8296d678f79e,bracol-976,teste,0,
bracol,977,data/raw/bracol/bracol_completo/coffee-datasets/leaf/images/977.jpg,1,saudavel,0,0,0,0,0,0,2048,1024,374be568624227fb799a63c17da0c0ce7029e87d8df31563147ba3026e4fc051,f1493906c2e4c4f10d1a2e4f60b1f83c33c61bc3da3ef81fccb126f03c93ee27,faba1bc9e051f80d87cb017c9685f3e0ca4531874a653f9ecf6e7b0e0868293e,bracol-977,treino,0,
bracol,978,data/raw/bracol/bracol_completo/coffee-datasets/leaf/images/978.jpg,1,saudavel,0,0,0,0,0,0,2048,1024,6d6d169ff5dbb53b6bdda5c65bc8c028367ae8c2493e4dfb2f25c86fe2cd80d2,f44dd6b0c3d06b4e0d0b64a570f493c233cbd83d8e140df0d87b72d78de8334e,fa84a556e05316aa83fdfa95d7c20a5b920f7d78820f0829df5d8da98228fd35,bracol-978,treino,0,
bracol,979,data/raw/bracol/bracol_completo/coffee-datasets/leaf/images/979.jpg,1,saudavel,0,0,0,0,0,0,2048,1024,b68f4144476da3717d8019418a2c170d2266f99eab0762a28f32be2755446ff5,e146c68d969539524d5be1a570b48f5a934e686d99a43782ec9b731f37c1cc61,facbe515a55507a986a97e159655287bde4a05698a0ff5e9cb540081dd2e1ed5,bracol-979,treino,0,
bracol,980,data/raw/bracol/bracol_completo/coffee-datasets/leaf/images/980.jpg,1,saudavel,0,0,0,0,0,0,2048,1024,9191d8f43d11974ec6d448a42e897c7cdc3e286418f8ec3c9b947ecaa7c2d9c6,f52fc301c2d0382e8f0b60f138b4e69b67d3ca4d730e992c9e6498c6ccf3659b,ebefc396f540bbe2c0aa5411d6ed3bcd86c11444d657be6e861a906c865e72c4,bracol-980,treino,0,
bracol,981,data/raw/bracol/bracol_completo/coffee-datasets/leaf/images/981.jpg,1,saudavel,0,0,0,0,0,0,2048,1024,112bf39d429e8d0d4b88857143447f4f4d30a6171dc47e77b58cb513de05061e,f04d44c593b05b32cf1fb5ec6c3d429336d0b17b724b5e25136d8d72d8344e85,fac26cdbb05f533395ecba49d280555c8257aa2adb4b45dd830b6e84db2d44c5,bracol-981,treino,0,
bracol,982,data/raw/bracol/bracol_completo/coffee-datasets/leaf/images/982.jpg,1,saudavel,0,0,0,0,0,0,2048,1024,5cd954ca0e94b1e17a86f32d840e55f039773eab2352e08aad40b91020aa0722,f911c6ecd3e61a07cf10b03a6cad13d134c6ca0f331b8d7ccb2b6cb48db131cb,ff9ae006b044157f90afeeecd3b42504db52752f8b0328acdf3b28748f2878f0,bracol-982,treino,0,
bracol,983,data/raw/bracol/bracol_completo/coffee-datasets/leaf/images/983.jpg,1,saudavel,0,0,0,0,0,0,2048,1024,bd7b5829c9f6810c193da85dd659903e4c3f37f38cc565dc3620e4f6449d12cd,bc0fc224c2f02949cf41b4b73c1f13da32f8c72df30306b6cdbbfc5b0c9411f1,ff80c592a05f56b281fece92d7c02f5782c26f0bcecd2c2bce4d7d6d0c4e4061,bracol-983,treino,0,
bracol,984,data/raw/bracol/bracol_completo/coffee-datasets/leaf/images/984.jpg,1,saudavel,0,0,0,0,0,0,2048,1024,43999ebe3c762ae478ef1888b7af29e926dec66343db3ba329fdd55dd565736f,f855c7acd7a16a548f16a5296c38929533c2cb4bf20f25348f784293cc13b7db,faaa8555f05356eb83e0ca81d7c1285f820f5d78ff3c2429c214eef1cf3e2491,bracol-984,val,0,
bracol,985,data/raw/bracol/bracol_completo/coffee-datasets/leaf/images/985.jpg,1,saudavel,0,0,0,0,0,0,2048,1024,2def9427bedca1b49c8aaca440eceae09676c42982aeb36d507b898cb2a8cbbf,fd0ec1e1c2b46a568f439528783dc8f435f06d4b728f26b9836e7216cc319b66,fae7e016f54544be80a84ff5d7f52e00d2c37f1692dd070eda580f28da58962c,bracol-985,treino,0,
bracol,986,data/raw/bracol/bracol_completo/coffee-datasets/leaf/images/986.jpg,1,saudavel,0,0,0,0,0,0,2048,1024,36c4d5da1019a452d4907a4df3839583842ff4a45eccef4d337a7bd41d5a8028,f078c38297852c1c9e16f0e169f827873687ca3eb35a0de1ce25d8978df237c8,fa8bc03ea0574be085faff80d681201fc357ff7ecb5a100ac71ebf7d8b2c1020,bracol-986,treino,0,
bracol,987,data/raw/bracol/bracol_completo/coffee-datasets/leaf/images/987.jpg,1,saudavel,0,0,0,0,0,0,2048,1024,ab164b9f204b18eb58dcc39f27652520bf6e0f94354c6f44bb40369ce4686d57,f837c54985ea7aaf9f05b854687e11a935e1ca15720b267a8b7cfc21cd2421e7,feaac15cb05745fa81faee80d3c02417c30bbe7ecb4d242ac92ddefd8b256060,bracol-987,treino,0,
bracol,988,data/raw/bracol/bracol_completo/coffee-datasets/leaf/images/988.jpg,1,saudavel,0,0,0,0,0,0,2048,1024,ae451fb400d3f43532c2411d38798304903acd279cfd3ee201cb728728595f95,fc56c4a1d2ec6b5e8f01982f6c3f97f030d26f0b13c4672ccf0e9af0cc3098c7,fea8e15ef00d45ee97fc4e8082d56e9796c8461e9ec8043c9ad9fe6810599a6d,bracol-988,treino,0,
bracol,989,data/raw/bracol/bracol_completo/coffee-datasets/leaf/images/989.jpg,1,saudavel,0,0,0,0,0,0,2048,1024,7d0fc4773bbe35c6d57aa9e2d2eac2b1ea2617ac4431983a551ca026b7dc94a1,f13a674b86a51cb41a5e917a69e94b853796243ee21a76d08e61b24bd8a7dba4,fa17e0d1e55f47e887a8ae05d695043e825abef0d65a08708a695df3db6d08c3,bracol-989,treino,0,
bracol,990,data/raw/bracol/bracol_completo/coffee-datasets/leaf/images/990.jpg,1,saudavel,0,0,0,0,0,0,2048,1024,f51425c0b27126d0ef158bb65fa289b9e15a6fb9f2923385abc13b360f79f8b7,bc5bd9bec7e132d94b062f433038602c32d397d2cf0ed80b9cf42df478d07683,be974b0da4f6750fc2e285bccbc5fb90d70201478a5efd6adf48908788295a47,bracol-990,treino,0,
bracol,991,data/raw/bracol/bracol_completo/coffee-datasets/leaf/images/991.jpg,1,saudavel,0,0,0,0,0,0,2048,1024,cde7883b76369a22c55ba4f518219af655f36834c0adb85e92f99428f895a32d,fc09ca42c2f4e0bd4d0b0f4232f0986df21fc9b3cf0867981ee4363d31b7f872,bfdd1ef9942ab840b680b979de1ef925da3ec9a6d838eba7c828819a8873841a,bracol-991,treino,0,
bracol,992,data/raw/bracol/bracol_completo/coffee-datasets/leaf/images/992.jpg,1,saudavel,0,0,0,0,0,0,2048,1024,1146a3cd1e4f2cbce559e957ff293e491d27b1d921385c524247b88e3421c071,b43de492c2d27b6c8f0985a57cbc7a5a33c28d29734f66d6873ce46ec83016b4,bfc1c53df50a56a080fdcb57d7d0450a8203debdd71f0438860fdef8d31d02c9,bracol-992,treino,0,
bracol,993,data/raw/bracol/bracol_completo/coffee-datasets/leaf/images/993.jpg,1,saudavel,0,0,0,0,0,0,2048,1024,1237289e0a6dd2dc82402539bd1633e632abc5009482b878c44376645b4a3ed7,b43eec04c3d1f1e0cb2f8f0f2cb4fc3c70da18f33349e58b632db21c8e324fa0,afef4fdaf500fe01d4ae103d8294e0fcdfda35d0874a60c0c3a931c3c71561cf,bracol-993,treino,0,
bracol,994,data/raw/bracol/bracol_completo/coffee-datasets/leaf/images/994.jpg,1,saudavel,0,0,0,0,0,0,2048,1024,0452af617e8cdfd42146042443c99a424cd4503d682a9aace7f158ff70d8198b,f87cf81385e0e0e84a978f056c7a587e37a535e1d25672878d688b48ccb5cc3d,bea89bf6b455540290ecaaffd2e0b95092d4d1abdb4249e0934bc9f5db0d29a2,bracol-994,treino,0,
bracol,995,data/raw/bracol/bracol_completo/coffee-datasets/leaf/images/995.jpg,1,saudavel,0,0,0,0,0,0,2048,1024,bce1bc930218fa8c2db19d9646eff9e4af612f1b0e8efa8636919d362f1ae528,b917ce80c3e9793e4e1727a02c78b21f72c5cb60334aada5d93de696ccd03748,bbe3c41cb011fea0d1fb405d82a02978db41ede0990ba4a589976697d99e7fd2,bracol-995,treino,0,
bracol,996,data/raw/bracol/bracol_completo/coffee-datasets/leaf/images/996.jpg,1,phoma,3,0,0,1,0,1,2048,1024,f54a1dee44b2804f7f4474086c53468a5a728645e9dbabcb1d74c94fd4bd67d0,d0d96ccc91c195f30f26533c7032297c31d174c19d0e97dfc2f4eb2c2f720774,fcd86e0cb0d92c7083ddf4f89f4890c3c22fde8b02fa4b43ff51c3734813e306,bracol-996,treino,0,
bracol,997,data/raw/bracol/bracol_completo/coffee-datasets/leaf/images/997.jpg,1,bicho_mineiro,1,1,0,0,0,1,2048,1024,7505986dc0cfa02c994bd67183d7e9b91710d21b92d8153b311a82be6fcadd89,b14adb05c6a5607a1a5e378761e9e05e76879be18f5acd1ecc65769031e1274a,ba841ff8e157f812d7a8b5fa969503a08a94f785d756f5878a1a0b8e8268751e,bracol-997,treino,0,
bracol,998,data/raw/bracol/bracol_completo/coffee-datasets/leaf/images/998.jpg,1,saudavel,0,0,0,0,0,0,2048,1024,9c1c5af5f8d24e97e0e08f82f04547bfc2de46cff0f96ae868a8f617e3e1f795,c05832e687271f191a1669ef61d896c537857a3ada7229e189e3568f788f8ed8,ec8c7066e14d878693e95f06d61d287e833c7d78df3809a18a372db7dc329582,bracol-998,treino,0,
bracol,999,data/raw/bracol/bracol_completo/coffee-datasets/leaf/images/999.jpg,1,saudavel,0,0,0,0,0,0,2048,1024,b832b72979644ce9ea27115547a07cb596ae5d327e4c1f2ac9562397c9ec6420,b10ca7b3c6f4cc5c4c1b33e024e4c19fb2560d7a991896f1ccf4614ebe631f8d,baeca13bb040cd9993af0e878b959713c9d6b23bc98a451dcda72b6c8d856568,bracol-999,val,0,
bracol,1000,data/raw/bracol/bracol_completo/coffee-datasets/leaf/images/1000.jpg,1,bicho_mineiro,1,1,0,0,0,1,2048,1024,511ad0427295258a798a087c60395b2cea08651b874893ba6833f90251ec2a11,b91124bcd0bf5bd38fcc2d6b6c2cd0b52872374091abca3f93846d38c68e2de5,bb3fa54ef13256a891b42fd491d8c902c289691f87c94b7ac78d6d4dc48f6c2c,bracol-1000,teste,0,
bracol,1001,data/raw/bracol/bracol_completo/coffee-datasets/leaf/images/1001.jpg,1,saudavel,0,0,0,0,0,0,2048,1024,7da7813b9cd20f161e5025bade9a2cc44a287292c4453d6df0372b84581322e1,a85793c685ea667c9e819c31785f43b97168b98667a514dee69ea86046da6768,aa2391e6e55466c687babe468e810458de5fea684ad267609e4b0f691c5bf70d,bracol-1001,teste,0,
bracol,1002,data/raw/bracol/bracol_completo/coffee-datasets/leaf/images/1002.jpg,1,bicho_mineiro,1,1,0,0,0,1,2048,1024,efe7f1eaaf2c80251def09be289f1260962fd3e3339d145987e680831a573451,b903947cc1e84be08ef4e9137c0e14bc21f59a40f38ac36f9e3ded229c5618bf,bb83b419e15314fa81bade80d7d5c241971aeb419f2b434f8b294f4ec6a54f0e,bracol-1002,treino,0,
bracol,1003,data/raw/bracol/bracol_completo/coffee-datasets/leaf/images/1003.jpg,1,bicho_mineiro,1,1,0,0,0,1,2048,1024,a65ea45208d08430386a4c673ca10fe4398addac07f313ea41da296ab149f914,a8429f9fd4be68701e152567795ad68ed1a08b5a2e077d29e670219593dad3ca,a8f01f85a546f81cd7abd1fec2971181d2d691d5cedabbe2de5a93818a48988a,bracol-1003,val,0,
bracol,1004,data/raw/bracol/bracol_completo/coffee-datasets/leaf/images/1004.jpg,1,bicho_mineiro,1,1,0,0,0,1,2048,1024,371d7b8a59f2201e99b6a8442dd3460e4d6867b5f8a8933f8d54115276b20b53,b501b1c4c2d6f21fcf688fe13c35cc2532faacfef34172c0033f330dbd181b34,b94491c8f0af4395c2f4af5ed3c21439930bba3c9b2d50329b3dabf1593cd183,bracol-1004,treino,0,
bracol,1005,data/raw/bracol/bracol_completo/coffee-datasets/leaf/images/1005.jpg,1,bicho_mineiro,1,1,0,0,0,1,2048,1024,8f2dbd578c921777c7c8b929e797d5d7123fc0e6ded12bf144d2188d8722e15d,e5432a4e94ec85e89e179e85787a985a27e161e1760f6787ad54867e46aada61,ea1030c9e17e8fd187aa5c03d6858aff861f5540d6708aeb86721f4dde72cd0e,bracol-1005,treino,0,
bracol,1006,data/raw/bracol/bracol_completo/coffee-datasets/leaf/images/1006.jpg,1,saudavel,0,0,0,0,0,0,2048,1024,776e7c2ac5d6ca48679814aee970ea02cf4bd925c11f733b0f2470747554cc34,a84094dbc5ef6a859f81897e381f75a430f896d766c1464bc62e89f98f347da0,aea6b4d0f44376bbc02f8299c2ef6e50c760e84ac3606d5fcf65edaace250505,bracol-1006,treino,0,
bracol,1007,data/raw/bracol/bracol_completo/coffee-datasets/leaf/images/1007.jpg,1,saudavel,0,0,0,0,0,0,2048,1024,9d50de1cb730dd0ae63c09fd3d2f0d896b70153120a9bb0c5bcde05c577b829f,f8171ab3816ae94c4fe067ac781e9e13b5b0317b93c74b21ca1c668c2df896da,fea716b3b017ba3381fa205381e04b7ad2e16b6bda6c4b258e6c65a59e4c25c5,bracol-1007,treino,0,
bracol,1008,data/raw/bracol/bracol_completo/coffee-datasets/leaf/images/1008.jpg,1,ferrugem,2,0,1,0,1,1,2048,1024,8af7e31f0fd348ee2fbd26bb9205fa6cdecce36a33d71693666431907a6ed7f7,bd02a199d0bf3e90cbd0987f8d0b5a667cbc896430d244af77cb2cdc63457598,af51f14eb400409fd0b7afdec3de7588c36a2a85cb29551f8b253a8dcf14515c,bracol-1008,treino,0,
bracol,1009,data/raw/bracol/bracol_completo/coffee-datasets/leaf/images/1009.jpg,1,ferrugem,2,0,1,0,0,1,2048,1024,2a06ab2f7d54aa9bf8f9327c0261e9a21c7bae6887eceb898636c79f630aebab,a91b9e1986e161e65e461fc725b9f818f297c7e08b6a6147f805be3065b803f9,ab138f98a5bbfc1ef681e5b892fe40dd8250ee80dfe8e7fac74b70c08045a2a1,bracol-1009,treino,0,
bracol,1010,data/raw/bracol/bracol_completo/coffee-datasets/leaf/images/1010.jpg,1,bicho_mineiro,1,1,0,0,0,1,2048,1024,0908c42bb4663d324c45a748063b83e14f96c59ff0dba4d49c186ad06570723b,f9152b9bc1fbb42c4e8612f4387fe95371e065a9038f9e94cc15da4a4cfa0365,ffcd4a9bf009ed41c3fc25ab83c084accf8bbed4c51510868c9e9acecf1e924c,bracol-1010,val,0,
bracol,1011,data/raw/bracol/bracol_completo/coffee-datasets/leaf/images/1011.jpg,1,,5,0,1,0,1,2,2048,1024,24cf1722740efa57dd0521b1332c8676e0e6550db7f19257da959a8227d24438,b863b471855162af96aecb83da158c6e69fa9c6465a13cd12695798a7658639e,ba2a941ce155742c85fadabc97ab6ad5d607c94a921f2b4a977c492d9620792d,bracol-1011,,1,predominant_stress_5
bracol,1012,data/raw/bracol/bracol_completo/coffee-datasets/leaf/images/1012.jpg,1,bicho_mineiro,1,1,0,0,0,1,2048,1024,01f72981a3b8d7cbe254a12edcfb9986fdb7910d4ef7e25fa730414991c04152,ba15b6cc85fa49324e819d33345f36cf13e86b44cb0785b38cdade1938714cdc,bea2b4cdb00550cfc17c6ae683a0095797a27bc6c29b79469e9d092ec69d9d2e,bracol-1012,val,0,
bracol,1013,data/raw/bracol/bracol_completo/coffee-datasets/leaf/images/1013.jpg,1,cercosporiose,4,1,0,0,1,1,2048,1024,5fee1313cb4074fdc4466725cf54fb8ff1c8670a0ae5938029212d33b77739e3,ec47189d857ae1429f8407a89ad7b2157918377a21f6286b643b5de166f18dad,effd0ea5f500ed50c2a7440bc23cecbdc729c4d5c23de0a48a3cc5d6d474c6c6,bracol-1013,treino,0,
bracol,1014,data/raw/bracol/bracol_completo/coffee-datasets/leaf/images/1014.jpg,1,bicho_mineiro,1,1,0,0,0,1,2048,1024,0e75a5881300e6b131251f5f41d9b2bd0d21a26017fc91f22c97df797d20c431,a047a16987e836969e15d85e797a19e965a16915269727bade58b6471b694666,fa82e159e15707e987eafe019687025dde8e92728656f7f0ce5c80614e4a9765,bracol-1014,treino,0,
bracol,1015,data/raw/bracol/bracol_completo/coffee-datasets/leaf/images/1015.jpg,1,bicho_mineiro,1,1,0,0,0,1,2048,1024,8063656e6002993071227793eb49bb088cee9861e16ccd9f6fab891109d7ff80,a94092d9c4ad3e569e926923785b47a463e99e166705d87acc3e29e19d3067af,ab5594dae148368f85ef9692878522dbd604f0da8e3e6049dc5c3beb8a786d49,bracol-1015,val,0,
bracol,1016,data/raw/bracol/bracol_completo/coffee-datasets/leaf/images/1016.jpg,1,cercosporiose,4,0,0,0,1,1,2048,1024,bcaeefd27761a9ee6c9e552b83eedd4ec31c5ae58fda0e1c0030321a3d30c390,bc43858fc2bc3b508f406c2f393f93b064f0ce4ac6c699ad9e6f39b059a16693,aeb989d2f5011182c42b6ef7c6fd61c4c6d43e8ec6523c4686423e1fde4b3c3c,bracol-1016,treino,0,
bracol,1017,data/raw/bracol/bracol_completo/coffee-datasets/leaf/images/1017.jpg,1,bicho_mineiro,1,1,0,0,0,1,2048,1024,e9ada90297790fd5e88af673316fff4e88e5f2414704f654c6bcbff37476e5be,a146e51993ef1e43ce50b86f6d3841e036b5ef1f32521678c9639a614dad59a6,af75e58cb42347bd92f3afc0ca56360aca5abe3f4c6892708ce9da6244c18967,bracol-1017,treino,0,
bracol,1018,data/raw/bracol/bracol_completo/coffee-datasets/leaf/images/1018.jpg,1,ferrugem,2,0,1,0,0,1,2048,1024,f40577b6543ee3c2ebeca5caf872d4403a95d9ea761e8047548940cd902df8a9,bf18ced8d0373c82cb72e2d67c27352130f8c2b6d3493e688d2e8d4dc83276e6,abbbc6b9b4113d50d2bd542bd3d836f58b0d0ad0cb0cd54b1d3f414dca2cc2ad,bracol-1018,treino,0,
bracol,1019,data/raw/bracol/bracol_completo/coffee-datasets/leaf/images/1019.jpg,1,bicho_mineiro,1,1,0,0,0,1,2048,1024,c835866280be48ca42b60793c972c5b0937485c977e0af68941e21cd40ff65cc,e15421a497a05e981e5ff87361ea07a5a795781c9e3a8371d8419eab29e7dc56,e9c43164e17f07ae93a57e048316ea1ed7da286c97194bfc9e093d64923de960,bracol-1019,treino,0,
bracol,1020,data/raw/bracol/bracol_completo/coffee-datasets/leaf/images/1020.jpg,1,bicho_mineiro,1,1,0,0,0,1,2048,1024,3d02ff50ad8f50f7ab0dcd6efd70c00ef128db1d63e96c8ca7dff37909770cc5,f1d96189951c9e364e23e870317f67cbd688b81d49fdc160bf260f07d4f0b470,f8cdfccc94e840ee9fa36a07df010b7e593a6179c280bfe90297958dca06dd88,bracol-1020,treino,0,
bracol,1021,data/raw/bracol/bracol_completo/coffee-datasets/leaf/images/1021.jpg,1,bicho_mineiro,1,1,0,0,0,1,2048,1024,1f157fef79c99ae4a98fedebcf68ce049cc8ac14935c0a16400675e7b7f955f4,d44938e3c0f74b9c4f90a418361d1ae6d16169661ce7d6912d1a0f4f76ad7b36,bf51b472d0015877c97b4d66d4b9ee9684d86d0b9a914d4c9e942b8fdb4011ed,bracol-1021,treino,0,
bracol,1022,data/raw/bracol/bracol_completo/coffee-datasets/leaf/images/1022.jpg,1,ferrugem,2,0,1,0,0,1,2048,1024,dcba436ab849a31c1a78480eae73cfb220ad1b63c21a7e3a265d658f7a4aab01,f176cb0ec2813cf10e58725b61e5072c3787dc3698780df3cda1f10f2c9e33b8,f8635bc1e177694787e295aa9e071ca5821fbcf6ce7840d2c165dfc38a2a460b,bracol-813,treino,0,
bracol,1023,data/raw/bracol/bracol_completo/coffee-datasets/leaf/images/1023.jpg,1,bicho_mineiro,1,1,0,0,0,1,2048,1024,77832bec3845876e2c29a4321a4c351f5ab488108ab411fb61591c9c9060e3d2,a85134ed95e84a52cb973d2e3c1ef5b535f012d660c3de4b178f0c6d8a1ce4a6,eeba2d5ebc54d4bac01f16acd6ff9a9487f01e5297c08e5ac681485bc285c87a,bracol-1023,treino,0,
bracol,1024,data/raw/bracol/bracol_completo/coffee-datasets/leaf/images/1024.jpg,1,bicho_mineiro,1,1,0,0,0,2,2048,1024,f006c5f602a33a9165129310165f38d76ac012d369eba24aba6c66f0a2a99360,a8158ce987ea2e079a9531fa685a678325a9961f66958e7896da9845597bd1e6,bbf89812e0416a6f817f9b58d7aa6d489681b5a9478564ad9b87b2a593176655,bracol-1024,val,0,
bracol,1025,data/raw/bracol/bracol_completo/coffee-datasets/leaf/images/1025.jpg,1,bicho_mineiro,1,1,0,0,0,1,2048,1024,e5eaef77461d290ec589a75cc4d3e18ef61e61f57099d150a70d75dc3e77b86b,b811a9d6946ae6edde848bd8491e5b0b2db8893c709174b232d364d7734b3e4b,bbbe99b6b4116d75941a880ed2ba64ff82f1d4f0c35022d0cb4ad6d34b6bb0d2,bracol-1025,treino,0,
bracol,1026,data/raw/bracol/bracol_completo/coffee-datasets/leaf/images/1026.jpg,1,bicho_mineiro,1,1,0,0,0,1,2048,1024,bebdbc465d11cb47a7ffc7c801cec11f862fffc72fb631645caaf24aa3cfb04c,a1549b4f86ece0b15a17278021e9187e9697d9e1c25a6b960d6d273b3cb7b8c5,aa281ec7a55d38539600b568d65ef4abd8eaf4979ce5e795d8c5c0879ac0e4b0,bracol-1026,treino,0,
bracol,1027,data/raw/bracol/bracol_completo/coffee-datasets/leaf/images/1027.jpg,1,ferrugem,2,0,1,0,1,1,2048,1024,a5c5ce9c07a63bc77d3deb63f84c2280fb6d88c850324b9935487cd7bbe26cf1,a832ddb996ee62c71a4dad6e61e934b5279283d2c43ed92d99e50ce0711eb486,af9b9d8be40b7a9d86d341dad65a73c99271410d5641bf3c9bef4c348004b63c,bracol-1027,treino,0,
bracol,1028,data/raw/bracol/bracol_completo/coffee-datasets/leaf/images/1028.jpg,1,bicho_mineiro,1,1,0,0,0,2,2048,1024,07c319461225b1ca2b04c16c1693cb56f9d6d1c6f09755e074b2feb51bd18977,f42838f8c3d7c7414f0bc51f24f41cf072c2706bb32d0395cf34e31a8dd35af1,afc73f03b40a5207d0bfeb5f83f6c128c340e9b5c305d5b08b27a090d7b6d5d2,bracol-1028,val,0,
bracol,1029,data/raw/bracol/bracol_completo/coffee-datasets/leaf/images/1029.jpg,1,bicho_mineiro,1,1,0,0,0,1,2048,1024,fa4b37ccd7e952dd73a69bc808addf70dfe29c548aa7a899b7290014b8f9d041,a81493b9d4e62f540b957ca6790b86d425f5d30fd6460b398b6ef4b0dda90cc6,afafb192a445b39a845d53d7d6ee5390c2e0a313cac5710bdf44a12b8b4a33ad,bracol-1029,teste,0,
bracol,1030,data/raw/bracol/bracol_completo/coffee-datasets/leaf/images/1030.jpg,1,bicho_mineiro,1,1,0,0,0,1,2048,1024,b3a331148e53f7b24e61157e893f837b5cdcd72bedc2836968f9921be32e7897,b5004f5bd0fdb424cfd053f43c0f790b30f484bd13e3c6d0db03ca438d3e31af,bff54b93b400af55f02fb500d05b140592f9a69f92fc369f9274d65893643658,bracol-1030,treino,0,
bracol,1031,data/raw/bracol/bracol_completo/coffee-datasets/leaf/images/1031.jpg,1,bicho_mineiro,1,1,1,0,0,1,2048,1024,807f2021c1f7527dff7409bbc1129a22837b5579abb4386e13d073372c5057dc,f4032c9cd2fec6f14f0939073c2c0bb472f06c0b330b86f9db2d7e4f8cf099a4,efba29c7b574c509d022648b92bee41dd3f504bc9340c6be93427e909b4fe61a,bracol-1031,treino,0,
bracol,1032,data/raw/bracol/bracol_completo/coffee-datasets/leaf/images/1032.jpg,1,bicho_mineiro,1,1,0,0,0,1,2048,1024,c9e7313a12b5c3bfbdc16e72380d33cf619af78a6505a69b1f301d36089b2e93,d103489ac0bc376d6e78720731c38ddad38636250e7d73756cf1298b91dbde84,b9fd6a91f07c8891d09005fbd1d085fd91e0a6b28fb1961397a3f4078d37b227,bracol-1032,treino,0,
bracol,1033,data/raw/bracol/bracol_completo/coffee-datasets/leaf/images/1033.jpg,1,bicho_mineiro,1,1,0,0,1,1,2048,1024,6885916da81d2bd4acf1406eca2f1ec6b7f9ffa08dd074b15537f757109053a0,fd0036c1d0bde00fcbf040fc8d0b8f800cbd1dbb3cd6b81763c311ff636b3bc0,abf8341cb558d2fbf408fedcd0abc244c295da42c3d7034b83dacf0bd7c00f0d,bracol-1033,val,0,
bracol,1034,data/raw/bracol/bracol_completo/coffee-datasets/leaf/images/1034.jpg,1,ferrugem,2,1,1,0,0,2,2048,1024,5888c0d9d2dcd0cf07699737f1fc1afa6ccbd458d2effb51ee7c8095ec9166c0,ba32de3380ed39cc0fcc62ec783a774221f0873de307fc888f6e08de3c70f485,bf93c613f0203d1283fd80bd8320f3f8dfabc1c3830913c3df95df85cb05190f,bracol-1034,treino,0,
bracol,1035,data/raw/bracol/bracol_completo/coffee-datasets/leaf/images/1035.jpg,1,bicho_mineiro,1,1,0,0,0,1,2048,1024,0df0bb393d8447489e63958196bcc047a15e4eaabf605a09da06d7a43fcd11ed,8231e972c16e969f3ec5d8c47059687acf60972536a74be6b15874da4ac98f19,ab9deb37f514412297e910f1988174b5ca8b36d5429abe594a923c4bdcf70a4b,bracol-1035,treino,0,
bracol,1036,data/raw/bracol/bracol_completo/coffee-datasets/leaf/images/1036.jpg,1,ferrugem,2,0,1,0,0,1,2048,1024,67d7aea32fe67baf1a56f2a7a2e9cd6a185c55422ae3d78dd36b55e69ea3db0f,a86ad4b684a57b198fd3e16c7c38078432b5f07a73431be1c3af8c576c30769c,ba8f9567b1471fb293e1f813dac539fa8166a1a0cb2c71879d258986ce267d06,bracol-1036,treino,0,
bracol,1037,data/raw/bracol/bracol_completo/coffee-datasets/leaf/images/1037.jpg,1,saudavel,0,0,0,0,0,0,2048,1024,31c1b89d29584908237021a12483de415b33932bb463f9a9313ad2d0c3444abc,f0d039d9978f5a364e76a76264e15e9313941cdae22eb3852f625b1ec0972c71,fc542ccc90eb5cc8c3f1a943cf03f3a7053553c2feb0ef0f8252048e9b41fe96,bracol-1037,treino,0,
bracol,1038,data/raw/bracol/bracol_completo/coffee-datasets/leaf/images/1038.jpg,1,bicho_mineiro,1,1,0,0,0,1,2048,1024,d8a9a51aab370cc5aa216c5d3f0442b48d1b2266dc78ed89535e8d8b62893a5c,b01de337c5f896e84e97d85c344c65e27128b62596b45838ce4399da69c74f4e,bbfc6932b140a113d9ae93eb8d8353a59781b784d205d25e84bfda8cd71b9684,bracol-1038,treino,0,
bracol,1039,data/raw/bracol/bracol_completo/coffee-datasets/leaf/images/1039.jpg,1,,5,1,1,0,0,1,2048,1024,5d4f5e741b9f3c97cab55b759fe72517a03ff71958aac0c6b0076cdbcd3089a4,a5199639c2b463461f428da96c2d9e9633e4936be31363a5dc39249eace1ded8,ab999719f54c36a090ab9a55c3f5d17ad3c069ea8b2b9961c5356ba39934c907,bracol-1039,,1,predominant_stress_5
bracol,1040,data/raw/bracol/bracol_completo/coffee-datasets/leaf/images/1040.jpg,1,bicho_mineiro,1,1,0,0,0,1,2048,1024,3d044d73335c9db04b88116fe311094ec5bac7e0f4f328a50b40de6281e4f8d3,e0064ae395702d5c5f89712b785ca3f125e2d443d685cebd8b5e39d03d2173cb,ffa252f8b4118a50903ff558d2ff54a9d2d096b582d0ced4d3f917508350cf5a,bracol-1040,treino,0,
bracol,1041,data/raw/bracol/bracol_completo/coffee-datasets/leaf/images/1041.jpg,1,bicho_mineiro,1,1,0,0,1,1,2048,1024,4e5f0dc920321ea123df364e7035187ccd82633c0bf553d57f4ed00b9f0d9e89,f8156e3c817ea5519f8791a3780bda1729fc095a7702e588e73e27a786613276,ff8e5786f1048287807ec7d4c7fed40295a0a43a9ea0d6b896351e309e35de3d,bracol-1041,treino,0,
bracol,1042,data/raw/bracol/bracol_completo/coffee-datasets/leaf/images/1042.jpg,1,bicho_mineiro,1,1,0,0,0,1,2048,1024,b5c3503c61e0ee1224ecc45c416dd2e303161219fbe72dee0ed5bdc497fdbf84,a952a58c94ad7af89ed7b953684a07a761adeb54279644ae921a3f419879d0ab,eaaba1e8e85545408156feab85eaef8587a00a05f5a50f1f94a57e1e86b5bc1e,bracol-1042,val,0,
bracol,1043,data/raw/bracol/bracol_completo/coffee-datasets/leaf/images/1043.jpg,1,bicho_mineiro,1,1,0,0,0,1,2048,1024,989457ea3254dace0cb2e5f6c0c1d3dbfdd2d1098af6c7beae2fa7dc3982ceb9,fc191ad9817df945cfa247e64a07ee07357e167e36e19ac872911965093bc9a0,fffd16c9b400bec9901f1844c2bc587fcbd4697ccb90c934cd069924c99a9dbc,bracol-1043,treino,0,
bracol,1044,data/raw/bracol/bracol_completo/coffee-datasets/leaf/images/1044.jpg,1,bicho_mineiro,1,1,0,0,0,1,2048,1024,504d46a1af2547632a38368ec0607a03780dae83bbacad930e213007919069f8,b04da464c3d24bd04d399d1930d34ef9d3c5b546cd3e5ab694d0b919634f46e5,bef7add2b41a548bd00aaa95427f755a8b684afb5520a7dd91a055c8ea96b609,bracol-1044,teste,0,
bracol,1045,data/raw/bracol/bracol_completo/coffee-datasets/leaf/images/1045.jpg,1,cercosporiose,4,0,0,0,1,1,2048,1024,d76d4ab1511cb9394310c2df135ad5d767e92ec1fda7003dcae3c87da42ea645,ff5d2316d000c52cc3ff12a1cfe0fe51cda134280cd738f51c5a15427e6ceb8f,febe6308b414eb1d942e875cc2bfc7aac3d0ce85c340c515c36b8d2e9361cd69,bracol-1045,treino,0,
bracol,1046,data/raw/bracol/bracol_completo/coffee-datasets/leaf/images/1046.jpg,1,,5,1,1,0,0,3,2048,1024,f9cf9530a99b8c877342abfc59e5a0424e5780feccf490785edbef8a75f02544,bf0c3634d077d863cbf06cb08d03b69e363f73683358a13571a35c9a39948cd9,bfe32784b4009b7ad00d590dc97fac84cdb95cda8d9488ddc8da7c485dc992ec,bracol-1046,,1,predominant_stress_5
bracol,1047,data/raw/bracol/bracol_completo/coffee-datasets/leaf/images/1047.jpg,1,saudavel,0,0,0,0,0,0,2048,1024,6f8d0de96aab971dddb2beed037a57f6fbdd0cf5d39028828ff5dc36bbf55848,b10e4bcec6f5b4310f5a72d63c2db94830f2c6bfd3038e108d1e746b4cb833e5,ba005b88e45caa5582e4257a97d4b5e0d7ea76a296099483822d26d7977df797,bracol-1047,teste,0,
bracol,1048,data/raw/bracol/bracol_completo/coffee-datasets/leaf/images/1048.jpg,1,saudavel,0,0,0,0,0,0,2048,1024,0ebe7cc193cb36b19ae888c04f8488bb62fba432392add8a39c3cea21cd37cff,b4063a48d3f81da7cf4362176c3f877832f0f40573cb09fa990d7d81ccbc42b6,afef72c6b55c9047d00c597fd29ccbef885e09f4c97a4da0d0a82da0c8b5cc91,bracol-1048,treino,0,
bracol,1049,data/raw/bracol/bracol_completo/coffee-datasets/leaf/images/1049.jpg,1,saudavel,0,0,0,0,0,0,2048,1024,e34eda076e404e2bedcfc684171e20578132880d884f2fe68cced4a5b9c93b18,e44526ef91fd0f731b12383f693f83c464a1ce0fc2d50c78990a71b121b5b3d7,eef96669f449e211d42907dfd2ff6e8a8ed60e048f4a348ec94ad09e592470dc,bracol-1049,treino,0,
bracol,1050,data/raw/bracol/bracol_completo/coffee-datasets/leaf/images/1050.jpg,1,bicho_mineiro,1,1,0,0,0,1,2048,1024,0cd64fe1c2bf4a361f14230447044867d317ebfe5cb940cd12de189e9ab2ada3,d4146319d0ab9de64ff158ee740ee71892fc97a3d9e35846ed9509e8264e6489,bf47638cb543a1dc900995bcd8787fb0c8bd9a308c941b334d9edf23c98b8d83,bracol-1050,teste,0,
bracol,1051,data/raw/bracol/bracol_completo/coffee-datasets/leaf/images/1051.jpg,1,bicho_mineiro,1,1,0,0,0,2,2048,1024,805b7efae02bde3d916a26c1392fa438573f0581f85217087e2174e2c5e4b95d,b95ee9c6d021b42fcbc7d2b47c068958285cecbd71a924f6639532479792932e,baae48feb41c2d5180b8e50bd15024efcb2a76ea83ad34c1cfa53ae9cb8536c5,bracol-1051,treino,0,
bracol,1052,data/raw/bracol/bracol_completo/coffee-datasets/leaf/images/1052.jpg,1,ferrugem,2,0,1,0,0,1,2048,1024,eefd3835f12cf453e431f4a550b5bd3f2a773d6ac58467d72600a513bfa5a657,be43d987d0fd4a78cfc06d010c1f24b7f8f8f6c231c3ea4dd727852c651ec910,ae729fc3b02b387fd2f5f1f8875229c4cb0adf62842d2907cb2c80a785267f16,bracol-1052,val,0,
bracol,1053,data/raw/bracol/bracol_completo/coffee-datasets/leaf/images/1053.jpg,1,bicho_mineiro,1,1,0,0,0,2,2048,1024,20f935a15d8f7c173f30a71f9d85a910c6aadd135798c5e2d99980e389268393,b171c5919681797ecb6ead044d2632c634d1f05b72796f29b3219930cf96e31e,b870c5b9b5b8521fd219cb5bc35b6fa893298f35c384f1068387d83fc186a39a,bracol-1053,treino,0,
bracol,1054,data/raw/bracol/bracol_completo/coffee-datasets/leaf/images/1054.jpg,1,saudavel,0,0,0,0,0,0,2048,1024,f8c8d4bfb843030324cf7f99ae6a4f478bf4a29ae7a1d1150d4fd5599ba74c55,95059063c1fc3fb69a93e51d397bd2fc34a59b4362d6dc2f8f4809b45829e192,afc194f1e00d1076d5aeafe2c29555038ed4c28fde4ac7679e49676e1e7d8024,bracol-1054,treino,0,
bracol,1055,data/raw/bracol/bracol_completo/coffee-datasets/leaf/images/1055.jpg,1,bicho_mineiro,1,1,0,0,0,1,2048,1024,c471aaedc70e6a29fca0cf06650b1ddc48ffe8322c6087c592a3e56d721c7f5c,b808c1d385541fa29ea9b815495721fc2d43d78525bfc65f76b08e5b9658dca3,bf86da09ad566953b506097fd4ae2978d6ae55a8ea0574a9835f94b5417ea490,bracol-1055,treino,0,
bracol,1056,data/raw/bracol/bracol_completo/coffee-datasets/leaf/images/1056.jpg,1,bicho_mineiro,1,1,0,0,0,1,2048,1024,8fd532ac535542b4224c522e80e12e801472c91d41df5e4d131ec1bcc20f8ff1,a442ac1fd28df1e00f9b9a1730306d1862ef64b58da437c6ce9eda2f3b59ad30,a8649f07f058695fc5ebe17ab7e465a8d24035b592eb65a78f413095864f4792,bracol-1056,val,0,
bracol,1057,data/raw/bracol/bracol_completo/coffee-datasets/leaf/images/1057.jpg,1,bicho_mineiro,1,1,0,0,0,1,2048,1024,1470f567859cbb11f1c93c20d8adfab046194792a6ab2e0cabcd6c2c520bf6e0,bd62c8d9d0052f5dcbfa34922d0930561abdd3e0c4dacf43aa994c3f7529ac5c,bb759a99b5402d5bd004940b907ab415c2e9b2bf92fdb4d4d055dafa92a0f2f8,bracol-1057,treino,0,
bracol,1058,data/raw/bracol/bracol_completo/coffee-datasets/leaf/images/1058.jpg,1,bicho_mineiro,1,1,0,0,0,1,2048,1024,2342e52fd1068139686235ef0dff0c11efab51322f9b1133621e435ab4d96cff,ac44b511d0af13fe9b91cc42297b50ed64e52390e686759a8b5bc27fd9388e65,ae63ef7cf4413128c46b29bec5ef69d582e07d8282956d82969265c7b31a04f7,bracol-1058,val,0,
bracol,1059,data/raw/bracol/bracol_completo/coffee-datasets/leaf/images/1059.jpg,1,bicho_mineiro,1,1,0,0,0,2,2048,1024,155fbbdb9ebf57e045376de07a25d43c82f5a679d3db7c40e85ee7a9f7c550af,a55cad63c463e09c9ab78bd868521c0b25886877f6b567a28e76969d7b2a9a58,ab8c8e7be5557572814e5e22c4b9823596a863f7968cc3d69ec463869a46f1a6,bracol-1059,treino,0,
bracol,1060,data/raw/bracol/bracol_completo/coffee-datasets/leaf/images/1060.jpg,1,ferrugem,2,0,1,0,0,1,2048,1024,26fe0739c9dddaea7f77559cc97f61e1d6dcce7a46c2ed3cac5280cdaf3fafca,b0098593c3f43f6e4f02986c343f47e272d0e41f834b12f8dc3db9452df24fa6,bebfc929bd556929f400297cd0aa6dfad2fd8da092f535a082c0b78543d19497,bracol-1060,teste,0,
bracol,1061,data/raw/bracol/bracol_completo/coffee-datasets/leaf/images/1061.jpg,1,bicho_mineiro,1,1,1,0,0,2,2048,1024,2c525d1fcc70d8e9e599b55bda703db8327260c2734c7b91f7e64f2c61b25664,85439639d2b471a61b5960ce652dde3a42f69b319f4a6968d93d24c661d1ded2,a8f89e9be1446a15856cb17285e760badfa487f184a507a196b5ae9587f1ce07,bracol-1061,teste,0,
bracol,1062,data/raw/bracol/bracol_completo/coffee-datasets/leaf/images/1062.jpg,1,bicho_mineiro,1,1,0,0,0,1,2048,1024,503c579d9fe1e75b1488a1dac6bedff486e27fee41c2dbfcbd485c416bab62a0,b5069489d2fde07d4b16c7e22d2a9c1776b510f8325a31c1db69478e89b78e1e,aaeb95f1b4157ed8944ffa02c2aa7857d2d76978d36da968824161a19740bba5,bracol-1062,treino,0,
bracol,1063,data/raw/bracol/bracol_completo/coffee-datasets/leaf/images/1063.jpg,1,bicho_mineiro,1,1,0,0,0,1,2048,1024,a1646db0c680ae4ba6c78e9010dda2713ecbd25776037e0395525ba38e92bb46,a01188f28548a5cd1ea7d2be79762b5067e07dab361f249589b9d61ad9e22a7b,ba8ada37a156287b81fbed709fc165e8c94b85af992ba784c9e98486998164e3,bracol-1063,teste,0,
bracol,1064,data/raw/bracol/bracol_completo/coffee-datasets/leaf/images/1064.jpg,1,bicho_mineiro,1,1,0,0,0,3,2048,1024,03cc6dd34043a43b11dcabce0bce1048fc6ed0b48492c11efa31c70eb04f5241,891cc14696f134392bc7ca9efd19ad628a7436957683c15a0992ed659e2d36bb,eb01c28c9915cad598a97e48965564439e572dea96326da2935e6983f6d82dbb,bracol-1064,treino,0,
bracol,1065,data/raw/bracol/bracol_completo/coffee-datasets/leaf/images/1065.jpg,1,cercosporiose,4,0,0,0,1,1,2048,1024,8eaef44bc221002efd1d8d1081914016edfafa1a32fa01ba19b98f04e6310685,b0399c3cc3d2e0ca4f0f8f872cb4783632d385e8234f7287db24a17eccba52b5,b8519f7ae1e870a4978583d6d2077d0b9b4e882d434c19f49b6df996d52491b6,bracol-1065,val,0,
bracol,1066,data/raw/bracol/bracol_completo/coffee-datasets/leaf/images/1066.jpg,1,saudavel,0,0,0,0,0,0,2048,1024,351f9d995b0f6926b632db66bb0d11a9f073e630229e2d51530aadf201f92d7a,9544a438c0bd92c72e5b6d4b312766b9c3f493464e1ac9ef99672c7069f2b323,bff8e819b550403bb5ea6dbb9361a5b953c1adb5d2012695c969d695a06d521a,bracol-1066,treino,0,
bracol,1067,data/raw/bracol/bracol_completo/coffee-datasets/leaf/images/1067.jpg,1,cercosporiose,4,0,1,0,1,1,2048,1024,9b709bc03a873cd926a43b7b7a375f4161c27f6e7ff049ddcc7a8449f79eb19f,b5408179d2b5b407cbda4fc62d219d283cbfc8bc30d235d273cb7a89a30d255f,aafad83fa870bab3a151a810f56e214ed0aeb56a94bf612a96bbe5a9168161ad,bracol-1067,teste,0,
bracol,1068,data/raw/bracol/bracol_completo/coffee-datasets/leaf/images/1068.jpg,1,bicho_mineiro,1,1,0,0,0,2,2048,1024,c684a39ffa152a72116d40d4b58ebfeef874f662715eeb9f271913beb100d1a1,a927e99c856e27d99e98f625185f827779eadb2221a52c8f6786259e761a60d0,fb60d92ee04100b7c57f3fd085aa6d8287a92d0f968579bf961769bc961461e4,bracol-1068,teste,0,
bracol,1069,data/raw/bracol/bracol_completo/coffee-datasets/leaf/images/1069.jpg,1,saudavel,0,0,0,0,0,0,2048,1024,fdb70fa7a837f707f383d577c5ed39369d8812432466a606de5449c92f591584,b536e18dc6f0b6b04ac9d8733d2c49e972b66487275262dec6a9ba6128dcca71,ba0ad394a05d6bd48548ed0c86a9450a8eb4bfaac47237ddccb8bc986d7134bf,bracol-1069,teste,0,
bracol,1070,data/raw/bracol/bracol_completo/coffee-datasets/leaf/images/1070.jpg,1,bicho_mineiro,1,1,0,0,0,1,2048,1024,b79291dcd28684ed554066879598f3a151b78e204614d26d4b3bf55f887a5a8a,a14f912786a862fe9e168dc9793b5cbd25a1e9507697632b8e58f354c86194f8,baf89b3be0547f4b8546e820d5aa617d84adf1fc4fc520b0c9c4b7b14bd83681,bracol-1070,treino,0,
bracol,1071,data/raw/bracol/bracol_completo/coffee-datasets/leaf/images/1071.jpg,1,saudavel,0,0,0,0,0,0,2048,1024,cfadea15b3c82321b9dbf9d742587f5678df3f9f775363c65207cb9d6ce11f32,a50ee063c2f19f9c7e71985f25ae67e19394361e4a7b985c9d6349a1a91c25b2,ab8de073a14745fa978e2620d687aebdde96968ce872d6dea062dac285269a92,bracol-1071,val,0,
bracol,1072,data/raw/bracol/bracol_completo/coffee-datasets/leaf/images/1072.jpg,1,bicho_mineiro,1,1,0,0,0,1,2048,1024,16c3c8db122f69e15ff8be22b59de5873899b38553e2bc9a4e1c65c20978039a,b50bac1cc0f492ea4f38d9473c0d4dbc70f4b49025c263eb0699af44cb2ddcbf,bff5eb0eb4406506d0abb5bfcaf5769085f6e2d08f96e1408a82b3abc1426297,bracol-1072,treino,0,
bracol,1073,data/raw/bracol/bracol_completo/coffee-datasets/leaf/images/1073.jpg,1,bicho_mineiro,1,1,0,0,0,1,2048,1024,39928722e7af8c90136cf80f10d70fa044332cb3f9118910763c9fa6c8bf1169,c10f29cc97d0b6336e994ab26177e9cc9f821663247dea13cdf04dcc134f1a27,fd4148c7d171e9c783fb056313e2f728b74bb21d248d9c5b8d8d94c86c8a64d3,bracol-1073,treino,0,
bracol,1074,data/raw/bracol/bracol_completo/coffee-datasets/leaf/images/1074.jpg,1,bicho_mineiro,1,1,0,0,0,1,2048,1024,7a7091e123a22587fb04b486e17fe84f0ad5149ee3a3f4a4ea3e5b184655c7e5,e01832cf87418d749e2c54aa79748a9525c3f11a761f37e996f87215f9674770,feeb3267b5418276902013fcd2afcfe0c2956900e1d74d0fc1da2dabc29acf85,bracol-1074,val,0,
bracol,1075,data/raw/bracol/bracol_completo/coffee-datasets/leaf/images/1075.jpg,1,bicho_mineiro,1,1,0,0,0,2,2048,1024,cd875e9c1827f1b594f4bbbf98017f83d2ea71b1c089c59b1dd0104416f9320a,d1132ecfc2e1b1346ccc4bdb33bfa4cfcb119a701cac4b0b21ccb4d6d3315e68,b5d140f9f109a5f0c35f9e27cb191f16439d0b05cd10c301e920f788fd3ad7bb,bracol-1075,treino,0,
bracol,1076,data/raw/bracol/bracol_completo/coffee-datasets/leaf/images/1076.jpg,1,saudavel,0,0,0,0,0,0,2048,1024,e9a466c9f6c707f89d852c3d62ecf80cc0dd464f4c9243238c059f7d779ecdc4,f51d6b21d2b995ba0f67dac078b64d6e675836148305c3f95a7259111c7a3936,efcf529ab5808259c099b57dd0dd1e35d8bb1a25cbe92f6689812982e1da65c6,bracol-1076,treino,0,
bracol,1077,data/raw/bracol/bracol_completo/coffee-datasets/leaf/images/1077.jpg,1,bicho_mineiro,1,1,0,0,0,3,2048,1024,21342d08cea1ba96eddad94a75348d1362a21f2276645c5dc2deae88e342c96f,bd4e9c18d0a503e70fd2f9042d0b30fe70b48f108352d38bde2ba9dd6cbd56e8,baaf9f3ce8052809e1578e7d857e7f5485fa8f4af5e040689620415b3439e96b,bracol-1077,treino,0,
bracol,1078,data/raw/bracol/bracol_completo/coffee-datasets/leaf/images/1078.jpg,1,bicho_mineiro,1,1,0,0,0,1,2048,1024,ae12b12afc92dfba206f9f634cd5b28bf93dcc75a6f3ae35ea5e72b529948455,a015b986c0ab67794bc49e212d3e5dff34b0a89653d373c2ab2b265d5db4c238,ae2b91e6a4114081d4ff7aefc6b8ab54c6d0554ac6029eabc35b7e1d834a9e3c,bracol-1078,treino,0,
bracol,1079,data/raw/bracol/bracol_completo/coffee-datasets/leaf/images/1079.jpg,1,ferrugem,2,0,1,0,0,1,2048,1024,bf9f9324cfe7577000a28523d32086d471eb3b39bb332eef882e7cc316deedfb,a005c17b87e83e025a17307e2d60c3c174af8f1bb2d4dc21d96b31f5eb8573ce,bae8eb1da0440017d5f527ffd6a8252ac285afafd21d6615c27e2694c57ce690,bracol-1079,teste,0,
bracol,1080,data/raw/bracol/bracol_completo/coffee-datasets/leaf/images/1080.jpg,1,ferrugem,2,0,1,0,0,1,2048,1024,80d4ea945e8fa1bae18dd3a3034ea4e1d7955a86be7f3c8a7871381c58845597,bf22ce06c0fe91f99f4cd2916c090d7a30dee13026e417f7c4979e438b1b8a7c,bfa0ee04e066897e90cef5a297c641a7de05939782b7b692cce691529e54f270,bracol-1080,teste,0,
bracol,1081,data/raw/bracol/bracol_completo/coffee-datasets/leaf/images/1081.jpg,1,saudavel,0,0,0,0,0,0,2048,1024,a30764939ac6fc5c8d93d97a053a5eb05c3b37f27c1501cc2682d1fb9e4b68d3,b500c44cc2d63ff34f49b83b243c63dc32d28f08936bce3edd8499722cde32d3,ba2e4f83f1556c57d02ea55f83ba742ac5f2b42dcf82b6e5c58116f0810d3ab2,bracol-1081,treino,0,
bracol,1082,data/raw/bracol/bracol_completo/coffee-datasets/leaf/images/1082.jpg,1,bicho_mineiro,1,1,0,0,0,1,2048,1024,a5fbd79d46844e6de89662bc0aa8f5b04aaed8347f73c89103a0172e97036882,c1456fb692bc94692e734b8671cce4338f1e12d17c73690f23c725b41d9cd643,f87c69b7f0c4ad1289e6948c8d8216fedc97cea4da968c9403500cd6c753df5a,bracol-1082,treino,0,
bracol,1083,data/raw/bracol/bracol_completo/coffee-datasets/leaf/images/1083.jpg,1,cercosporiose,4,0,0,0,1,1,2048,1024,228c8d0742bfb159380c0ee81a9144b3df1e47c96a4a8a93a81150c8f16bf369,e0542e9e87a0c5e39e1f9a07687a987a15a1c9e173976d87179a279e6a197658,fa012584e056d5b895fb7e9097e0821792907f5ec29f8a1a975d6f7886a88779,bracol-1083,treino,0,
bracol,1084,data/raw/bracol/bracol_completo/coffee-datasets/leaf/images/1084.jpg,1,saudavel,0,0,0,0,0,0,2048,1024,5d32f750921e306965c05e95688dc55b79a0ad2e1ceefe912036c264ef108ea0,ff773a78d0008403cefd4faf6ec08244340dbc6e32fe7824dbf029f36d017383,beee327df0478020d1065975d1af4fe0c3f56900c3f16d13d7d22c1b9283e4bb,bracol-1084,treino,0,
bracol,1085,data/raw/bracol/bracol_completo/coffee-datasets/leaf/images/1085.jpg,1,ferrugem,2,0,1,0,0,3,2048,1024,7f1ae2533cf1c823ecbd7c976cd31f87abeaed99fc35d7ad0265ad70d42d3da5,bd26d4c6d2e33b09cd19e5f86fb01e1230da6e2c93e521f64822dbc3cdb98c0d,ab0c84cdb5ce1e84b0d64b5b97ca6961dfc5c9ee9c067726187f0d269c48ba16,bracol-1085,val,0,
bracol,1086,data/raw/bracol/bracol_completo/coffee-datasets/leaf/images/1086.jpg,1,bicho_mineiro,1,1,0,0,0,1,2048,1024,677d96c64414b61c8a21741300dd5cdf5663caaf1e9278e2883f56f8f6edd9fb,b11d806681e097a04ec792dd2c7f6d4233e824a7cb15f254cd2a9b4b2cf5edad,bf88ee76b1056937d00fb52bc3be76a8c1d492b5c1a6b3d6cba493ca8306c191,bracol-1086,val,0,
bracol,1087,data/raw/bracol/bracol_completo/coffee-datasets/leaf/images/1087.jpg,1,,5,1,1,0,0,1,2048,1024,b40997f438066d210095e299a5b72ba51d8068d3c06189647d85b051c882230a,b44dc333c2f51ece0b02b8cd613d43f176d4e703964b463cd961b9c04db658db,baa9e27ee9146270855543f885fee7c887aac301e625c589c62787adc6b5a5a5,bracol-1087,,1,predominant_stress_5
bracol,1088,data/raw/bracol/bracol_completo/coffee-datasets/leaf/images/1088.jpg,1,bicho_mineiro,1,1,0,0,0,1,2048,1024,5c383f84c07b7e2d8ab108f5d1f0e7f057655be3139a6a0ea6879ff35d1f6182,f54218ccd28ce1234f5267f02d3dbe0f30d018fc53cbc9c3cf25269f4c3e7658,ee5c14c6b5049ec4d0af5002d0f5cb7fc1f87969d1e0c92980a12921fb95dffd,bracol-1088,treino,0,
bracol,1089,data/raw/bracol/bracol_completo/coffee-datasets/leaf/images/1089.jpg,1,saudavel,0,0,0,0,0,0,2048,1024,62e67f5c5c16668b0a649e1cc9ed8f1b9ab666e3d0b679d62a88f1c939f4a5a6,f02632b885d18d4f9f8b452a786dcafd65e23c42368791efa6ba73045b49033e,feb236c8f4108a7f905c097dd0ead968cbe178204bc1c9b5cbc61df4dd4295b2,bracol-1089,treino,0,
bracol,1090,data/raw/bracol/bracol_completo/coffee-datasets/leaf/images/1090.jpg,1,cercosporiose,4,0,0,0,1,1,2048,1024,f467607769a43853ab9daf1c7f359005d25e5395ebe298633bc1b0a724602336,b5194f8bc2f3b4740dec3b6670064785c33994fb9d333b40cc0e6b6663ec66b0,ab9343b3f52aed52c214bc11993a9c939f389edb91b492c3c0b6f0c0f0ba12ef,bracol-1090,treino,0,
bracol,1091,data/raw/bracol/bracol_completo/coffee-datasets/leaf/images/1091.jpg,1,cercosporiose,4,0,0,0,1,1,2048,1024,307bf8dd09d837c96bee13d935c5ef604f72373d2d4d84971503d230fb2dd42d,fc589c6bc39533d60f0a333c64f5cc3993ca9ed3f91c782e04b006e4ec4bf40b,fe540e5bf028ec38c35c86f084bdfac3ffd2d34500cb208fabc9ebddd9cd1000,bracol-1091,treino,0,
bracol,1092,data/raw/bracol/bracol_completo/coffee-datasets/leaf/images/1092.jpg,1,bicho_mineiro,1,1,0,0,0,1,2048,1024,032ed0962be1a9a5e81cbbe0b1652b0ac05263e4fb743ec4cfcb070b77d63168,d1063cdcd2a8c1260f534f236c793c3327a431f9da9ee386c9498d3e65a75e61,bd4634c3f40692c380ee58d1d3f6e85b8bc04969cb0f59e9df2e3da54b163415,bracol-1092,treino,0,
bracol,1093,data/raw/bracol/bracol_completo/coffee-datasets/leaf/images/1093.jpg,1,saudavel,0,0,0,0,0,0,2048,1024,b644f1a1bb6c23e68b4209904374091efc3c4c4c840efd7bf314d9a937730b60,d11b289e91a895f80f65c3616c216f1f33f33cf89d0bb2848bbcc34fcfc24f20,fe924ec2b5928dc390a38c0fcbf3f0aecb40d0f4c32f7a61c37d6061c2147b67,bracol-1093,val,0,
bracol,1094,data/raw/bracol/bracol_completo/coffee-datasets/leaf/images/1094.jpg,1,ferrugem,2,0,1,0,0,1,2048,1024,1dad51cda8684c770fba93e323f4d82c5a0391d647660496071bd7b99b737470,af5cc918c42c8fffdae39a879843205e693863a825ad67056788568eb2ceb4f6,abbcea94e50c815ec5aed7ea86e0a480defc94979c84b4f688b658f69e569450,bracol-1094,treino,0,
bracol,1095,data/raw/bracol/bracol_completo/coffee-datasets/leaf/images/1095.jpg,1,ferrugem,2,1,1,0,0,1,2048,1024,274d96b09c3481e07e9c1932fe9ea8627bfcf5adf78b4619f8edbdad578ecf9f,a805b1239570c0fc9eab8fd168159d8f25ea387db6a577e0927482373b43df12,baeab33cb8049504901fd6aa817fdaadd7f4d215c3b05ad683824a52c7ab6b5a,bracol-1095,teste,0,
bracol,1096,data/raw/bracol/bracol_completo/coffee-datasets/leaf/images/1096.jpg,1,bicho_mineiro,1,1,0,0,0,1,2048,1024,2d741575469bdb9547434c8a82294eb7d70f16b392d3d1e1345d8911866303b2,e5422f33c2b5b08ddb8213cc39dd0d5b768164b1e634e3d68ff6130e19c37874,af54431ef508cf3ed0b7c520c2f580b591f210f29be3b8f29f63f5305f03ca18,bracol-1096,treino,0,
bracol,1097,data/raw/bracol/bracol_completo/coffee-datasets/leaf/images/1097.jpg,1,bicho_mineiro,1,1,0,0,0,1,2048,1024,56f238545e09c7bc82a00d56daa21128c6e9f3cb29dd7391b208a719958a0103,f0056bedc3f99e124f06587e743c85e0b3c1361fcb0b1a7acc36a9a134e84fa6,bd757f24b56cb80492ad506ed257c07dbadae912f95a44c8d0bb04a606ed8db4,bracol-1097,treino,0,
bracol,1098,data/raw/bracol/bracol_completo/coffee-datasets/leaf/images/1098.jpg,1,bicho_mineiro,1,1,0,0,0,1,2048,1024,b1d8b5371e06450749a64f213e8e7ebd3700dcafd4c7a98d028a93a450f6fff4,e0660ae697a7a5011b1912bf60f968422fe78de5963e701fdb98e3d039c92c6b,efae573eef0eebbcc50aaf508105a540c7078d72f5673d73d563dd6091221820,bracol-1098,treino,0,
bracol,1099,data/raw/bracol/bracol_completo/coffee-datasets/leaf/images/1099.jpg,1,bicho_mineiro,1,1,1,0,0,1,2048,1024,701bf74247bfbbb23aa54e7d0c15ebad05d019a92802bb8265f91b693629313b,d412389ac2f19f654f4e4a0f343f259c92f23299cb01cb69859fcda7722a669e,bfdd7ed3b7a9a843d2c14009da49c8059949b587f121c087da05badfe952475b,bracol-1099,treino,0,
bracol,1100,data/raw/bracol/bracol_completo/coffee-datasets/leaf/images/1100.jpg,1,bicho_mineiro,1,1,1,0,0,1,2048,1024,922ebde365c617f12acac6a77e32cbdc205edc968d9d0ef1d2ce574db7fe56cf,e05d4acd95813d331f3670a46cb8cbc046dddc0fb3421df03327f083ccbc07ef,ef774a33d426c540c21687fd916ebfc4997c3b003974bb47a8119a07acd19367,bracol-1100,treino,0,
bracol,1101,data/raw/bracol/bracol_completo/coffee-datasets/leaf/images/1101.jpg,1,cercosporiose,4,0,0,0,1,1,2048,1024,12e418b35dcaf4aa9215b2e7ec46759ab531676c34e088bd0b3656f8e58b4547,fd11c069c0fd1b92cfc66c0e3903a6f536f9ca40e3508d2fcf0f59b428e6a2d3,bfdd666df40898b9c23d5358c3ddab108340c78b4f6163158d25e3b3cc2761d3,bracol-1101,treino,0,
bracol,1102,data/raw/bracol/bracol_completo/coffee-datasets/leaf/images/1102.jpg,1,bicho_mineiro,1,1,0,0,0,2,2048,1024,8bcc4f1017cbb8fada16e6230d67a96d68e4491721792b8c85d61aa8c28f61d6,bf63399d90b552600bdcea663d01659bb2f798d5c952d2628d8d657534dc2694,bef22986b4742996946095d6d02a95bad27792a5c3f692d586865a5197c7fc52,bracol-1102,treino,0,
bracol,1103,data/raw/bracol/bracol_completo/coffee-datasets/leaf/images/1103.jpg,1,ferrugem,2,0,1,0,0,1,2048,1024,0a03f9874b3088603ddce288239f1620c3457079733c6d0ecdf6d171b8c0b0e8,bbc011c690af5ea84bd4b81b6d2b73b934a5c7c232dede0f9b485cbccd2131d0,aaba307eab520054a55145ffb54a06aab58a86b5948316d59687d6d5969fb7d2,bracol-1103,treino,0,
bracol,1104,data/raw/bracol/bracol_completo/coffee-datasets/leaf/images/1104.jpg,1,bicho_mineiro,1,1,1,0,0,1,2048,1024,0707887b3882d9446b6dbb7eedbf08994a9f1cc6711df881ec4ba589e297e768,d47026f292859b0d6f5e70f87078e6c397c01b7ec94fb91035b406eb72d3e446,fd17741bb42ee6f890bf04f8d2d4ee119a52075b404a6421c769bf75ca6d023d,bracol-1104,treino,0,
bracol,1105,data/raw/bracol/bracol_completo/coffee-datasets/leaf/images/1105.jpg,1,saudavel,0,0,0,0,0,0,2048,1024,5438c7e20c0c9fc79a50bf3545591c2f0f616356d791b88fc0f5858a5ac9d0db,a9519e1985ea60e69a842bcd395a762d65a986f46697dbc2de5a994d1879712c,eabb9f9ae3117f288551e805c56b6175c42bc1fac4bf63a386b5c713c6854701,bracol-1105,treino,0,
bracol,1106,data/raw/bracol/bracol_completo/coffee-datasets/leaf/images/1106.jpg,1,bicho_mineiro,1,1,0,0,0,1,2048,1024,f6f6a0c6cbb6441030bf9f59f36c9248ac199ce1e48f92849350376ef78da7b3,f01133cdc1eead324fc45ef33c0fea45b2f131aecb027890cc0f0c7b34f8c761,bfce126eb5d5c84ed4000977d88049ebc8d32dfdc8d2c5f495d937f08179c2e0,bracol-1106,treino,0,
bracol,1107,data/raw/bracol/bracol_completo/coffee-datasets/leaf/images/1107.jpg,1,bicho_mineiro,1,1,0,0,0,1,2048,1024,43c945b72bb9729f0a6203e3b525cf322402f48f26ac595a106cd68717fa1208,d0331bf3c7c1a41f0e1c07e070e8785393b39ded9e58668c48ac437e73c73b23,ffbf4b80f5057ff5d080cd22d2173405004a6c17c179c8179bed3e9bb0b494bb,bracol-1107,treino,0,
bracol,1108,data/raw/bracol/bracol_completo/coffee-datasets/leaf/images/1108.jpg,1,bicho_mineiro,1,1,0,0,0,1,2048,1024,0eb4f32d29e10d51ed44ae61701625794caeb023c39f2c3d5ba23abcb603f384,b446e11cc2ed9ee34b11987e312a6ba1b0c7279ec3daf25605399a69ba458d3d,bee4fb98be656019845521ddd44e6bf4d06a6570c0ca05baf3df85a8dbd88524,bracol-1108,teste,0,
bracol,1109,data/raw/bracol/bracol_completo/coffee-datasets/leaf/images/1109.jpg,1,bicho_mineiro,1,1,0,0,0,2,2048,1024,9f0373a961ee52b0384e2f02cb8d191c3311da48c422372dfcc2a638aeef1de8,b742e531c03736ef9bc092463c5b49e9708ded1167b464b82c33b2d65c7a7362,bba5cb3ce6016b1cc151c9b5c35a2d12cb7ab5c2cf68245a1c203adbbd277879,bracol-1109,teste,0,
bracol,1110,data/raw/bracol/bracol_completo/coffee-datasets/leaf/images/1110.jpg,1,saudavel,0,0,0,0,0,0,2048,1024,7b274b79ca7ebf030f7d9820c3d3eacee63499e15ab71b66048bd89a00f40971,b540a543d2bdd2f40f439d297c356d1632f874d1cf4232e9cc3fcb0cb4a0ccb6,aea5a975f5444daab4054cb1b02f7db492bf2d94d2bea494d24a24b7d24a34b6,bracol-1110,treino,0,
bracol,1111,data/raw/bracol/bracol_completo/coffee-datasets/leaf/images/1111.jpg,1,ferrugem,2,0,1,0,1,1,2048,1024,f647e6195d92f61400cdf8b25283e786c31f4a99c5e3bb8fd0195519c615781e,f13862ccc2c5e5834f4333ba34bef20b33d00ee4c32fec5accb01f913cd3713a,bb0d7ec1f10fecd993fd00cbd3d0fa85c35b95dec5f901c08fa1c1a04c314b54,bracol-1111,treino,0,
bracol,1112,data/raw/bracol/bracol_completo/coffee-datasets/leaf/images/1112.jpg,1,ferrugem,2,0,1,0,0,1,2048,1024,76a8936d84899567ee8d358bde0a854b5140c03b3f6b67a1cb4f47e61b7d25a0,a986c19e86953f476a7bc3633d25603cd0963d90e95a78c70fa0d663b2176e78,e9a4c19c95ae5c9cd0a62f5efa460d6ed6632f21407f5f6082730a93447e9f43,bracol-1112,teste,0,
bracol,1113,data/raw/bracol/bracol_completo/coffee-datasets/leaf/images/1113.jpg,1,bicho_mineiro,1,1,0,0,0,1,2048,1024,f451ea1a04b23298e93dd257dc5e708c4bc4c8b5c5ae0396876e836ad3a0ba4b,a854b10785cae0789ea78f896956d83f65aa31e26695738792da879cfb69ca18,affb8a1debc07fbea5563f10f5733b0094aaad48b4a421289425f1a996b571a1,bracol-1113,teste,0,
bracol,1114,data/raw/bracol/bracol_completo/coffee-datasets/leaf/images/1114.jpg,1,bicho_mineiro,1,1,0,0,0,1,2048,1024,ba2456576454ebec25585cbf5c1eb00b1aecae757743e9f06e01300485ae2565,f5034b7bd09134048b747ad47c04316a34ffc737f3d1ca938b273c68cd3630ec,afd15259f580a959f091e7a8d01ad0a0d25bc2f5c27febd5837bc358c3784d28,bracol-1114,treino,0,
bracol,1115,data/raw/bracol/bracol_completo/coffee-datasets/leaf/images/1115.jpg,1,saudavel,0,0,0,0,0,0,2048,1024,02ad3c2ff67fe2fa9756dccc06f2a8c4e03761bce296ba30c5b3c11d99b7ad72,b54aa073c2f587c50f42da0a7c2fad6920f464b4738372da8d5f934dceb0d92c,aaaedffbbf556a80e504ab54e0067d57c03fdb0a90fe200ae4b6490bd4b02d4f,bracol-1115,teste,0,
bracol,1116,data/raw/bracol/bracol_completo/coffee-datasets/leaf/images/1116.jpg,1,saudavel,0,0,0,0,0,0,2048,1024,beb2c9445090a8f4a1d378596b4e2aa8165a1f4f5ba1c2533dcc10a7786a6343,ed13349e91aac179ce850f60287edc1765a924fe339771c1d61a638f89793a38,eebb3479bdf5d418f00050aa8091c2ffdad51bda9bd00bca11491fc89d099fe9,bracol-1116,treino,0,
bracol,1117,data/raw/bracol/bracol_completo/coffee-datasets/leaf/images/1117.jpg,1,bicho_mineiro,1,1,0,0,0,1,2048,1024,93cf83bc6da1ae822278a3ee416689a21ad7ecd7a1722228eddeef6d67b96ded,a115824685aa05ad9a45b8d4686e49fb25b1af07739766bc9f593250de6ca9eb,aff8d2b2a9016a15b005ab57d07fed7aa8fc956ac0d0216ac5faabe1c9e86342,bracol-1117,treino,0,
bracol,1118,data/raw/bracol/bracol_completo/coffee-datasets/leaf/images/1118.jpg,1,saudavel,0,0,0,0,0,0,2048,1024,e90ce16f84629728dd87692d48b9af8b2e7ecb044e1fdaf28efee19dd8394dfe,b543c11ec2b51ea14f1af85b35a943e432d3a61ecb6ed2788d249963469fc996,baa4da89b0246a99d0742bf5d2f665d1ca5425a1d15767b199ea6117a7e1ea16,bracol-1118,teste,0,
bracol,1119,data/raw/bracol/bracol_completo/coffee-datasets/leaf/images/1119.jpg,1,bicho_mineiro,1,1,0,0,0,1,2048,1024,58fad11d5eb1279a8fb8d165960faa25f62ef0c0a592bfaa1299785be332c15b,b5798f1fd0116842cb7725fb0d8532d0349e7b23307c893749e5cd92b782cec9,abfa0b23a1307f589575ad4ad7a0f56bb680d428ef43aea5f50a9fa568a92510,bracol-1119,treino,0,
bracol,1120,data/raw/bracol/bracol_completo/coffee-datasets/leaf/images/1120.jpg,1,bicho_mineiro,1,1,0,0,0,2,2048,1024,0adb7ff5c2b96cbe661218768f8ff509fdc14837ecfae80eb2d0bf597ff00ba8,a8559a2795eae1d01e97c68f687aca5427659162b6ae31a79bd3239e498b664a,ba2b937dba0193e8b155ba00a1579205955a1517b52a92be95aa7db285bbf6b4,bracol-1120,treino,0,
bracol,1121,data/raw/bracol/bracol_completo/coffee-datasets/leaf/images/1121.jpg,1,bicho_mineiro,1,1,0,0,0,1,2048,1024,a611a6c3e64da1fe1093a7089d04a642d65ebf4697b9f40588bdd94370f90cf6,a015a59d95e01ec35a8fb87e694c87e074a76a1506da657adb4130e5492f9fd6,affbf94fad016005b51141efd5b96be496a1ebc4c291e5468293418acad7a1ae,bracol-1121,treino,0,
bracol,1122,data/raw/bracol/bracol_completo/coffee-datasets/leaf/images/1122.jpg,1,ferrugem,2,0,1,0,0,1,2048,1024,794e9fe6610432a01070b5c2df695ea327e19bf2adb395f81b36841368c77d4e,b58ec0f093864b3fc9789f034cb19cf2ee10c839171b6ce9d32da74761ec3346,a984f4fcb7c7420db2df57c2884037e9d84b93206cbf17e40dac1f061cbe291f,bracol-1122,val,0,
bracol,1123,data/raw/bracol/bracol_completo/coffee-datasets/leaf/images/1123.jpg,1,bicho_mineiro,1,1,0,0,0,1,2048,1024,6cf73faabacda606e4d50bd2dc720bb9150a04a9e1167b98fe0ef2e2b710cf39,f0563a7d86e185821b175e8e793e395826c535a1d60b62178b798e7afd22dca1,bfbf17efb515bbe5f402bd45d0817e02d2ddfa01c25e1807c3481057c348b27a,bracol-1123,treino,0,
bracol,1124,data/raw/bracol/bracol_completo/coffee-datasets/leaf/images/1124.jpg,1,saudavel,0,0,0,0,0,0,2048,1024,ae3362cb8610351439bc087919a925b1de0955265fdef27de4a23b1594bff34e,b40b8c8dc2d4f0594f089fe2343f6d0732d216f8a34fb149cfa45baf8cdaad12,beeb8af6ad616ffef555ad00d4ba3500d2a8ecafb04068add0c16c15d2a5681e,bracol-1124,treino,0,
bracol,1125,data/raw/bracol/bracol_completo/coffee-datasets/leaf/images/1125.jpg,1,ferrugem,2,1,1,0,0,4,2048,1024,53da88a279d8c5b2b74c7b6ef5e6dcdefac229458eebfe032a02568cea7475e1,a4439119d2f4e3c21b38cc3e64e73bd816d3f383c94d8f76d9b4cc293c5291c5,ac3f9bd0e431700ac590f80bc2eb9879cad721791bdad2e99dcae3859da913c1,bracol-1125,treino,0,
bracol,1126,data/raw/bracol/bracol_completo/coffee-datasets/leaf/images/1126.jpg,1,bicho_mineiro,1,1,0,0,0,1,2048,1024,672e7b2109107106a823d2bad3daf2be3be272d1a297a028f36f89d7812aaa37,a855e63c85eaa3e19ea198c368579ad629eacd0e718565bd97966601c65c3277,baaac3ecbab36ae6b5116ac491116f44913b6d4491bf6c46df35244e9b21255b,bracol-1126,treino,0,
bracol,1127,data/raw/bracol/bracol_completo/coffee-datasets/leaf/images/1127.jpg,1,saudavel,0,0,0,0,0,0,2048,1024,766a1bd629669f9e32317dc2120ec9003220d77de66d173a95f17a73a65e0a97,940ca11bc2d292e40f83cb4b386e3cbf2df032f86693c705b348cf3f4cb59ba5,beb8db22b41c6b65841ea57585faf522d7d0a4a24b88f6b78b95d294c51542d6,bracol-1127,teste,0,
bracol,1128,data/raw/bracol/bracol_completo/coffee-datasets/leaf/images/1128.jpg,1,bicho_mineiro,1,1,1,0,0,1,2048,1024,fdddf16b592d0ace81be660cdf63b397a9b9ee21464aea794a983fa7060e15eb,b509ac77c2d4d2e84f4b8b5c342d7c2f32d624f0894bd34bcca5891d9e6e4cb8,afef8f60b0446c64952ba400d2a934bfcbd5b6fdd9d632d089ba9242d5d0c36a,bracol-1128,treino,0,
bracol,1129,data/raw/bracol/bracol_completo/coffee-datasets/leaf/images/1129.jpg,1,bicho_mineiro,1,1,0,0,0,1,2048,1024,d2855eeda02417ac8b3eb7c8a7d527eb39b7ecf069b34bdf3d9e2b5383c4d94c,b505b4d9d0b06a52cfd2a92f2c0bd7a434fca8d233c0766983472a25df3ad7a6,ab82ad25b8167d7d851f5c2291fe28bd94fc7cf596b428d492a060d2979562da,bracol-1129,treino,0,
bracol,1130,data/raw/bracol/bracol_completo/coffee-datasets/leaf/images/1130.jpg,1,bicho_mineiro,1,1,0,0,0,1,2048,1024,9756d5548088aea3c18bee1f109d67ddc36cc780b96cf7cd61e378e25f39b78e,bd568d43d005b4bdcbfbd2da0d01ab687c4fdda5307c24d273c254e9239b2345,babfd787ac106aa6f000aa0580bb6d5684f5e97e9754697e9452096cb25a6dea,bracol-1130,treino,0,
bracol,1131,data/raw/bracol/bracol_completo/coffee-datasets/leaf/images/1131.jpg,1,bicho_mineiro,1,1,0,0,0,1,2048,1024,b9c4d2c3c66c5945e3ceeae2fb6b4616266aebf8e0b2628eff90b267bb088611,b504ad83c2fef2bccfc18b683c2f4d2532fc34f225e232c96687b30c9369cb86,bfc7c9b1f5026d70d0afa4b1c2dd7695c3c8b29341c0b3da83c5524bd6c2a34b,bracol-1131,treino,0,
bracol,1132,data/raw/bracol/bracol_completo/coffee-datasets/leaf/images/1132.jpg,1,bicho_mineiro,1,1,0,0,0,1,2048,1024,d457d74b7413157c78aa28e3976dcef9dfa0dc8126cd974d99efd178b2f0443c,f11b3993c2f4a47c0f664e4070b399bb93d833d44f0d6ecd4cb2c420b0f38f73,b9dfd899f5908bfc90a443e842c64761ef532d01e803de97169f169681eebf40,bracol-1132,val,0,
bracol,1133,data/raw/bracol/bracol_completo/coffee-datasets/leaf/images/1133.jpg,1,bicho_mineiro,1,1,0,0,0,1,2048,1024,8b44f619ecd95047f5e4f024e267b43862d9a0f0dd618e6294359b0a22a8ab78,f4062b9fc2f885390f515ad47c2c6d4f23f464a5d7033392883d9b6b7ce0cd25,affb747cfd74e033f5440071b42a81fc94af3feeb0a597c0968503c0b29787c0,bracol-1133,treino,0,
bracol,1134,data/raw/bracol/bracol_completo/coffee-datasets/leaf/images/1134.jpg,1,saudavel,0,0,0,0,0,0,2048,1024,5148e6b2ea8dd30a8cac6434e88e6028a7b59899a2801d79e61160002f65d69f,c11029bb87a395e01a9c5e0e61dc397827a36583c63fa6949be2d26af98f1b6d,fff76acdf500adc3d0026400c2ff84afd3f4e4d7c342e0d093ca80d89bcf48f8,bracol-1134,treino,0,
bracol,1135,data/raw/bracol/bracol_completo/coffee-datasets/leaf/images/1135.jpg,1,bicho_mineiro,1,1,0,0,0,3,2048,1024,210f3f6a00ab0db5bff6bbd1b3fa2c0175ba4b09466d1b1e3342cf4376c4aadc,c5453bcb969ac1b478783e132785b1e9d25a681ecc250f393586b1f5625978cf,f8f605b4a055fca0f5e2de97d7a21e108be30afe83d70853c143cc52e783fc22,bracol-1135,treino,0,
bracol,1136,data/raw/bracol/bracol_completo/coffee-datasets/leaf/images/1136.jpg,1,bicho_mineiro,1,1,0,0,0,1,2048,1024,7d655d37521159cfeef8b99d6f64dff6a1c609b97562d1bd2e3f95e028c21be7,b11eb163c3f587954f43ce5a2c7d2d6d33d030a7d30f33520b3dd30d64128d5c,b9049879b12e037993b6ff01c3d6001bd34a6f9b8b896493dd0f659f8c8d659a,bracol-1136,treino,0,
bracol,1137,data/raw/bracol/bracol_completo/coffee-datasets/leaf/images/1137.jpg,1,bicho_mineiro,1,1,0,0,0,1,2048,1024,86ecc7824ddd599ece3c51e26a38cd62bd224eb6d81fac78da14c82496a405b2,e899199d85d1e9729e2637221b74961d7899f850719959cb27db098f6c2fcc34,e8cd0ccda45ce813c6aa25fa877301a38362e787dd61c79dcf27a71987270639,bracol-1137,treino,0,
bracol,1138,data/raw/bracol/bracol_completo/coffee-datasets/leaf/images/1138.jpg,1,bicho_mineiro,1,1,0,0,0,1,2048,1024,fe83aa68ef3b9ea8517936584e13632b17f0eda5f3ee08bc21585febfa7eb87f,b140a4d3c4bfb72ccfd09a753c0f490a30ec6dad238376d6469f335a865c613b,ba5dec92b50065ded0bfa789c3f49605cb129e1fcf03565a82398a7a5e594c68,bracol-1138,teste,0,
bracol,1139,data/raw/bracol/bracol_completo/coffee-datasets/leaf/images/1139.jpg,1,bicho_mineiro,1,1,0,0,0,1,2048,1024,9d06d55f703004c4b3402bd0bcb26024541e5d11f5486db9e9a3ac0b66df04d1,b500a41fc0f591e00f4acb173c270d3b72f07494a34b73dadf2d9b0d8c76cd3c,ad50e407f02809ffd2bdffc083d45087974ab8ce8b0d747e832d9ac8d37c7648,bracol-1139,treino,0,
bracol,1140,data/raw/bracol/bracol_completo/coffee-datasets/leaf/images/1140.jpg,1,ferrugem,2,0,1,0,0,2,2048,1024,d2300df2be26836a1872574f12f292c81821e98e8831ef0c3f4a91302dac8536,bc1ece76c2f1708f0b4e91f934364c2533d086f6c30f7249de0493ed18f6c936,af0dc67fe43b4fc882fba007d3d07ef5974b1052da0b3cea9f7f1048c92828c8,bracol-1140,treino,0,
bracol,1141,data/raw/bracol/bracol_completo/coffee-datasets/leaf/images/1141.jpg,1,bicho_mineiro,1,1,0,0,0,1,2048,1024,0682edce8fa5a14f5b2413c2d64177662282c675ef84ce9337a397074a36d9c1,e05f0ccc87a02e4b9a177134797aa7d225a5de0b66cf8c6c8e78fca5d9213196,ff514cc7f42b864a82fd5eacd3c0cc548b03ececcf2f44e08d343cc5dd3c10ca,bracol-1141,treino,0,
bracol,1142,data/raw/bracol/bracol_completo/coffee-datasets/leaf/images/1142.jpg,1,bicho_mineiro,1,1,0,0,0,2,2048,1024,503d9ca69da2ee0f7b9063adcd4f094c938a3a5e0e351c35f5a3c0375882634e,c50c6fb981f194675e931bc4217c651fd6a136a10f5412de9cbac94e73c16db1,ef45618cb12def08d6b83ebc0ad5141d8942b2ddc9e1b1d89dec93e80e1f3187,bracol-1142,treino,0,
bracol,1143,data/raw/bracol/bracol_completo/coffee-datasets/leaf/images/1143.jpg,1,bicho_mineiro,1,1,0,0,1,2,2048,1024,a45da12efc6ac60ef8ef6dce9a8054bfd2c3c3e822d9708497f219b2e92f3996,ed103b6fd0afc53a8fc4d0a4980a8e5329fc5c0b70c0a9f426df75b4760e369b,afdf3365f40ac70ac03dd5a7c3fc80b583c055d8c3418ad8cb2d1859d33f7c19,bracol-1143,treino,0,
bracol,1144,data/raw/bracol/bracol_completo/coffee-datasets/leaf/images/1144.jpg,1,bicho_mineiro,1,1,0,0,0,1,2048,1024,876c5765677578dde3b12e4c22c9760589dd87a3bac9399d342299803ba328fb,b50939c9d08594bdcbfece323c202d61261f3c85d3e930dad9c6e32c2dae4ba6,bfd8b8c9b48091e9c29f59e5c35ea954cb6f0dae49263f0783342e069ee2368a,bracol-1144,treino,0,
bracol,1145,data/raw/bracol/bracol_completo/coffee-datasets/leaf/images/1145.jpg,1,bicho_mineiro,1,1,0,0,0,1,2048,1024,1de377b3b00c7c3fa7df529762d4971ee5d02cee74844b7f15329258adc70971,a53aa1ce93918e111acecc3b696ca3c167b170cea25b26309b69cf33e9e4c9c7,ac17b0c6e53b33e497b938048a913e3e975a0f2cba41ee2c91eb4b35b3c9cb21,bracol-1145,treino,0,
bracol,1146,data/raw/bracol/bracol_completo/coffee-datasets/leaf/images/1146.jpg,1,bicho_mineiro,1,1,0,0,0,2,2048,1024,4f9a92620bfa347d5fb269c721d966c6a66cad562ba4c518b76c626ddd604929,b40cb1e3d2d4969c0f63c84e341d31e1d2d85296cf05af5c4cb7c6a536d9b953,ad4cf063b48ca3e1c2dcd6a5cb482a17c34d172ecf6dab3cc924d43c87e4ea1c,bracol-1146,treino,0,
bracol,1147,data/raw/bracol/bracol_completo/coffee-datasets/leaf/images/1147.jpg,1,bicho_mineiro,1,1,0,0,0,3,2048,1024,9af74a799c1227bbd0cc67baa763d52083b151b3f5be40535620a52c236d63ed,94329e31c3e161ce7c4d978635b2da79da3265c80dcc16967283dc69b33691f5,bd369639a1327a19d224e9598b7da1a9840e23944bd0bd8e6dc36f861f93cfc2,bracol-1147,treino,0,
bracol,1148,data/raw/bracol/bracol_completo/coffee-datasets/leaf/images/1148.jpg,1,phoma,3,0,0,1,0,2,2048,1024,7a899ff3c8739ada78bd1f7453da4c1e9172e69da8744d533b0a7cb3ae2b8054,a446e8dc87e01607d81c92f139514b4a67af3d8d277c6696dca4865bf8965b69,af60e847a1726dc2d6a3bcafc21f54b49c3e86d05ca4c65a9ef686494df28a0d,bracol-1148,treino,0,
bracol,1149,data/raw/bracol/bracol_completo/coffee-datasets/leaf/images/1149.jpg,1,phoma,3,0,0,1,0,1,2048,1024,f7ed96abec364fedd5a9aeba55a2a6f2d3dc3aa849427ef7f6c74d55bebfbf45,a156e77495a9242b9e9592d5d85a9acb29e3994e61874dac279e6434761866f3,ea86c338e157476587aaae0cd689647e963ffcf896d12071929376e31a9b20c3,bracol-1149,treino,0,
bracol,1150,data/raw/bracol/bracol_completo/coffee-datasets/leaf/images/1150.jpg,1,ferrugem,2,0,1,0,0,2,2048,1024,7f7375dd1191572edda3e41346479982336d92e4f35ef204f5641720b627b200,af0cce3390fb39d80f52a4cd6d3b13e421b1ce0b334206beda6d9dc08b6469cf,eb9bce61a113123d95ecef249ea0252ade17bcfd9e5e7190c248bad2824b724a,bracol-1150,treino,0,
bracol,1151,data/raw/bracol/bracol_completo/coffee-datasets/leaf/images/1151.jpg,1,saudavel,0,0,0,0,0,0,2048,1024,5bbd765d266c1ff1d9e5bbd0a973757aabc3cb97f0744e6648f68cb6ca92c64b,a06a819c86c13e23db0c987339bc67877693e31ca65b1bd84e6d98f3b9464da6,af11f9c6b41b21cec2fdb780cb40121fc34b9e1aab6d4e39156ccf79baa441b0,bracol-1151,treino,0,
bracol,1152,data/raw/bracol/bracol_completo/coffee-datasets/leaf/images/1152.jpg,1,saudavel,0,0,0,0,0,0,2048,1024,6519e4dc4a8c3dcea2669969ae1f2afda7ed98a0b21b1cf8838f8b101b3a3b29,b07ee1c197811e276b1bfc3835e1638196166b4ecbb99c2569b340ba36c7634b,ba0de19e954c43e0968e62d5d69ebbc2c21e974acb1c9c48693d9e6dd9488ce5,bracol-1152,treino,0,
bracol,1153,data/raw/bracol/bracol_completo/coffee-datasets/leaf/images/1153.jpg,1,bicho_mineiro,1,1,0,0,0,1,2048,1024,f6edf1399869aa4de94c489ca99fe91bde9df8eee4cca29674c3a694a700691c,f19933cf9788c1784e760f902d63f476b48f73e39b58391d1d2e9198e4a4c861,f8c913f0b0ccfa01d1c9093fcb872d329dce64a0988af495907fc2da4b2f2fcb,bracol-1153,treino,0,
bracol,1154,data/raw/bracol/bracol_completo/coffee-datasets/leaf/images/1154.jpg,1,,5,1,0,0,1,1,2048,1024,04775352cf6a8aad4a2652ed083862960382024da2bc23b9970742036779c8e3,f00432b9c1f88f424f51d897343f07e8b2c43307cb4f73bccc919ccb34facc4b,bf44f106b04583ffd2ee6bc0c288cd238ddf2431cd901eb58c9a3e5acd899e59,bracol-1154,,1,predominant_stress_5
bracol,1155,data/raw/bracol/bracol_completo/coffee-datasets/leaf/images/1155.jpg,1,bicho_mineiro,1,1,0,0,0,1,2048,1024,f33a7e565207100c46f10f05b733c1ad970d6539a2fa78f53057ae149056886a,fb63b62ec0b4e1b54e9c1f9770e8d20bb32387708f377c17cc0951ca14cc9715,fb7097d4f02ae70a83b5833d8ba36fa0dfb36c1a40137052dd73bdf199712081,bracol-1155,treino,0,
bracol,1156,data/raw/bracol/bracol_completo/coffee-datasets/leaf/images/1156.jpg,1,saudavel,0,0,0,0,0,0,2048,1024,69fc91c0fb8bfcb7271b39401e1431f3d64f9676311f7387f248b71dff9e38c0,d00122e985d01f1e5e9ff078617187e3978f7e1cdad481e8d96bb98721adc61c,fc08e0e8a15d87e395c25e0782afca5cdef0085a86439f6a9ce748698ef7dc61,bracol-1156,treino,0,
bracol,1157,data/raw/bracol/bracol_completo/coffee-datasets/leaf/images/1157.jpg,1,bicho_mineiro,1,1,0,0,0,2,2048,1024,d2ff4602aad3179225bbc2f3e37084e07474bbdf50088dbd4def755c10059565,f51e4936c0e1b4c90fc352dc741f6922a35887b7cfa556c8dcd3e04c3a4b0faa,bf074913f007ed3383fe81b1c1a817bbc5acd409dfb4b4bd86d460f5847c2670,bracol-1157,val,0,
bracol,1158,data/raw/bracol/bracol_completo/coffee-datasets/leaf/images/1158.jpg,1,cercosporiose,4,1,0,0,1,1,2048,1024,f265785f0898eeea9d7832b1766b0e9542d52042901dd6822800fd337e7195cc,e5736f8cd0a4903d0fde13c37c19ed4b23f164acde021f148c5e924353a863fb,ef716fccf028ed0e81e3452edfe38ba48e079b844d671066e825baf298397470,bracol-1158,treino,0,
bracol,1159,data/raw/bracol/bracol_completo/coffee-datasets/leaf/images/1159.jpg,1,cercosporiose,4,0,1,0,1,1,2048,1024,2c442f2dd372a78e39b29aff2b4f9143c86b998cce20e9a5c6b859c1c4b2ef5f,b44ae31cd2f51ee34b0adc6f34bf63b87242a71fc1287a218d949c76788b8b91,ac56e31cb42b43bcdac0ab02db5b5f2a882d7c7759b4be23d9d440a38fa28317,bracol-1159,treino,0,
bracol,1160,data/raw/bracol/bracol_completo/coffee-datasets/leaf/images/1160.jpg,1,bicho_mineiro,1,1,0,0,0,1,2048,1024,0838de664550a14160bf01cf0a7a79ae2ffaf308201a4c154e7f1bd0a7c44216,f5643c87c2dec3684d991e0570ad3cfa9356d3c4c8a1c72e9d9ccc70721b349b,bd661da0f066e81682e7d0fadb46a1c18a2fd2e54da017cf8d140fc54e976c9e,bracol-1160,treino,0,
bracol,1161,data/raw/bracol/bracol_completo/coffee-datasets/leaf/images/1161.jpg,1,bicho_mineiro,1,1,0,0,0,1,2048,1024,9f466ee47e97e725d8c470d1ac2f7beb368e09fe2c11a58c6eac88fa73bd9cc1,f11ce4dbc6c59b045c5bc87831a46687e79e333e4e5b964999644ee5d1943926,bb05e492b14f07fbd3844615869e1a5dc41a2a6fc5d8fa49c2f8f66c82f0fc4c,bracol-1161,treino,0,
bracol,1162,data/raw/bracol/bracol_completo/coffee-datasets/leaf/images/1162.jpg,1,bicho_mineiro,1,1,0,0,0,3,2048,1024,cdb40d85877b3f986f44246e16e62218a99df0b41b051389be2865ac88aa9df5,959496a3c341695c2ef696a1f08bc95f8bf465b43c239adbe1ed68618f122794,bd4595c5f1559a87c0fa585f81ef917dc14a4af6daa504208d2e3c5266947e37,bracol-1162,treino,0,
bracol,1163,data/raw/bracol/bracol_completo/coffee-datasets/leaf/images/1163.jpg,1,bicho_mineiro,1,1,0,0,0,1,2048,1024,e6b765c34beace5a1707f30984be48e2e86c788e0ae66deb09c40d58df0fb182,a5f19d8dd0a370f98bdf8152df081e27ac3d463664f4e17066d303a1604b3d9f,a9e19d89e14171db83abe1b1df95b9909a16158b9a5abd9f9e28709c924d81f2,bracol-1163,val,0,
bracol,1164,data/raw/bracol/bracol_completo/coffee-datasets/leaf/images/1164.jpg,1,saudavel,0,0,0,0,0,0,2048,1024,adf9329c0a232d13da840a0020b30e7a0f7a2b7733b32d96683c9cfcb674c8ef,a51c9c66d2d1c3980d4bb50d60a45c769778cfecd80db1972dd77ab8b430af44,af052e64f52c7c24821cc25ede7ea7e9c260d409abc1d2fb856dabc15ca1a1f6,bracol-1164,treino,0,
bracol,1165,data/raw/bracol/bracol_completo/coffee-datasets/leaf/images/1165.jpg,1,bicho_mineiro,1,1,0,0,0,2,2048,1024,7de25978319184352a3c2e4cf4a7b71e6bcfb62f6fad3c69c1dc3c09be0624d9,f4166969c3e594969f0772586cbe216125c9661776848cf8935a98435bb15bef,bd856a5ef04ca5b1837e5690d7a0240b8307b2fd97bf5244d616ffe4921ab286,bracol-1165,treino,0,
bracol,1166,data/raw/bracol/bracol_completo/coffee-datasets/leaf/images/1166.jpg,1,bicho_mineiro,1,1,0,0,0,2,2048,1024,1b92deb7b6c7cbf250c34dd46c542d7fd6347ec0032657f381f0da66d4e6ab83,b135a4d8d2f4b3a5cf4b9372ec2dce0d2cf48cd872c26cc1334fb16e730c7304,bb04ec97b12c45fe92ecaa43d3d0550b8302936c5f0f936c8b0d572c4d3fab36,bracol-1166,treino,0,
bracol,1167,data/raw/bracol/bracol_completo/coffee-datasets/leaf/images/1167.jpg,1,bicho_mineiro,1,1,0,0,1,1,2048,1024,8942bd259ebce6b32757fb217fcd434a539773ea0e73beebc731f820b52aea2f,f01c51e7c5a22f5b4ff5703c302a83e2998f6d07cd7c3efd3621b02961ab49c2,b81f50e6900c83c29bd57d07c95e6dd7ced4368dc40c166d9e6e7b48c6366836,bracol-1167,treino,0,
bracol,1168,data/raw/bracol/bracol_completo/coffee-datasets/leaf/images/1168.jpg,1,ferrugem,2,0,1,0,0,1,2048,1024,b2aa072195b7a8d60be90cc5f522a25602c09f227613770c07f248fedb9bfece,944294c5c3f56b7a0f4ba521703f12de23d0d94bcf0f25b58d7c661a70e1b369,bc509dc3f02a528782fdfa56d7c0116a9b077961830f39a5d35e39078b2ed936,bracol-1168,treino,0,
bracol,1169,data/raw/bracol/bracol_completo/coffee-datasets/leaf/images/1169.jpg,1,saudavel,0,0,0,0,0,0,2048,1024,8fefaf8bbc5ea3fce364935bb1df344c908ca40bb65521807bf8d95d2a892244,b5043fb9d06ff002cbf802ff2d19df4034bc24af32567390f363334ac9859b65,bda10bf9b445fb10d4ed6103d2e4f3bfc3523395c14a335a9ba9930b4b851b0d,bracol-1169,treino,0,
bracol,1170,data/raw/bracol/bracol_completo/coffee-datasets/leaf/images/1170.jpg,1,bicho_mineiro,1,1,0,0,0,1,2048,1024,e02b255eb9cecf3051f93758bc8b8ac35e15e0c0917be53b76d83ffb436ef5c0,e07130f197818e0f4a5cd97c39e077a7d09735d2475ae62b2e6d8f49d8a4392c,ec11b0b885f0c6819a1f4358fe2b0b5ddd24234fdcf43b4a80f47f4388fa7d61,bracol-1170,val,0,
bracol,1171,data/raw/bracol/bracol_completo/coffee-datasets/leaf/images/1171.jpg,1,bicho_mineiro,1,1,0,0,0,1,2048,1024,4b97b9c2ac53e9e2179c4a62e10d21ed195df19eb04fe725c723a2465507fc9f,b54cf079c0f597ec4f13d8062d3e4dfb70c43495834b72ce76318f4d237c4c30,be4df212b04903f3d6ec2f11c2c5772b8b4a6a2d4f6a2a0ccd2d577ccc2c86f8,bracol-1171,treino,0,
bracol,1172,data/raw/bracol/bracol_completo/coffee-datasets/leaf/images/1172.jpg,1,bicho_mineiro,1,1,0,0,0,1,2048,1024,430f49e4afc066a4d5a31342e452645e51cad8aef026f1247da6f204d29fac0b,b15ea1b187e5170f4e16d87c2d794da3728538df83da7228ec2d8b7413f0cca2,b911f0bcb5da47f0d6852a17c35e7f0a824c1d3de76c8e35cb2436308b24fe32,bracol-1172,val,0,
bracol,1173,data/raw/bracol/bracol_completo/coffee-datasets/leaf/images/1173.jpg,1,bicho_mineiro,1,1,0,0,0,2,2048,1024,66b8e2fd8d08a5bdcec5b45e3453f5543ef19d4c83ad71bcbe3e6989ab33f20f,b521a127c2f513b8cfca9e493c2d4eec30f0ad82734372db872fb348d83a433d,bf54e161f02a41f7d2b5af82d3d0140f8b4a9a3f5309b8bacb3d5170c32cab39,bracol-1173,val,0,
bracol,1174,data/raw/bracol/bracol_completo/coffee-datasets/leaf/images/1174.jpg,1,ferrugem,2,0,1,0,0,1,2048,1024,18ee7e3da518f936f56a34ab98779a7049b6ac3561e8cb53cf241e01924997e3,b949dcb2c0a9cceecbd69b89cc0b6e0d24bda0fc70c276c023cf803fd32cef30,ba91f769e152eccc87ea816cd6857f81861780179e5a6ffa965880109e786b7a,bracol-1174,treino,0,
bracol,1175,data/raw/bracol/bracol_completo/coffee-datasets/leaf/images/1175.jpg,1,cercosporiose,4,0,0,0,1,1,2048,1024,9894f76e1dd0c37a24f4faaa552f522fec88b8d6ea8029a30dddaf10a4c79cad,a014c92995ec26d6cf819c1bc85f83ed9ca0d98725b78d94678e1cbe635eee50,e880c958a54f46aa87faff21c280241fde5fb4728258f2f29c5910f3be69c3e3,bracol-1175,treino,0,
bracol,1176,data/raw/bracol/bracol_completo/coffee-datasets/leaf/images/1176.jpg,1,bicho_mineiro,1,1,0,0,0,2,2048,1024,26d9af28bf7c17586563105a3fae9c49e39a2ee649115b80fd6e687baa55bc66,9105b18cd1b8de3c2e73e563f4a733959bda9a386c09e180c6fc2e563d639a23,bbc9b1d5d58e1a9cce146f68c1af660db67616006952962b69378daf7e9081c3,bracol-1176,treino,0,
bracol,1177,data/raw/bracol/bracol_completo/coffee-datasets/leaf/images/1177.jpg,1,bicho_mineiro,1,1,0,0,0,1,2048,1024,c512b42fcd5c32ae079423c4aa60babe86e0cfd71d6c638ba3bc77091c8ac99b,a819e26785dc0fc0d6a6981f0e75d8c8794b43e6398d6d8b239c3cbd679036f2,bb98e260a0df47ff95822f21962e9e9dd2249c10c2749e50d3f0964bcb4b966f,bracol-1177,val,0,
bracol,1178,data/raw/bracol/bracol_completo/coffee-datasets/leaf/images/1178.jpg,1,bicho_mineiro,1,1,0,0,1,1,2048,1024,ca80f8f79d82c470715d3cfeca7f5cd132cf4888a55dec78cd1f4606a8c0b13e,8453d9dfd004963003ac5acc2e132d57c8cfd63b97b023cde257dc9065eb2d5b,ae13d8c1bc130973c053953a316fa6b2d3ad9543b7b5e38d924ad2dd1e8dc03c,bracol-1178,teste,0,
bracol,1179,data/raw/bracol/bracol_completo/coffee-datasets/leaf/images/1179.jpg,1,phoma,3,0,0,1,0,1,2048,1024,6056089ad398ff86b8f3b1c6950ba89f8c75a8a5be391d5928e5f8c2c2e91f11,f53338b9d295c1561a4a0ecc65ac382b243381f5daf1cf099d0fa46e6d1c7a57,e9743d73e56af831942381ead0f7d73094e481718e96de21d692062f9c5bee41,bracol-1179,treino,0,
bracol,1180,data/raw/bracol/bracol_completo/coffee-datasets/leaf/images/1180.jpg,1,saudavel,0,0,0,0,0,0,2048,1024,43c8b38c5d8c39280fca92e506043883da07b3ea85522fb582490e96b733a2b4,b509c943c2d4b5b48f4bda5b7c3da1f931facd8652c626578f00b968983b52a9,ad54cac7f02d216e81fcdda5d7c82427cbecae16824414f6df2e1c7a8a0cae74,bracol-1180,treino,0,
bracol,1181,data/raw/bracol/bracol_completo/coffee-datasets/leaf/images/1181.jpg,1,saudavel,0,0,0,0,0,0,2048,1024,91ab5f82bb9cbfe7227357367132989f46f21090c877f25334dbf8079f7f8007,b513848fc3f4f3704e4e8f3734bc249912f2b4cccf0bdb264cb49c3b38c266d8,bf10adc1b13a349f92b5b4dccbd052ecc14b9340efa9d309c5018b3d8f2f473c,bracol-1181,teste,0,
bracol,1182,data/raw/bracol/bracol_completo/coffee-datasets/leaf/images/1182.jpg,1,bicho_mineiro,1,1,0,0,0,1,2048,1024,c434e65b9c181888b55af8f04a80292ee019afdc2e6a2320d3340278e07e38dc,9c52a0e1c0fdd7972b82035cbc1e7ca0c2f99ed7bf0363085a2eb1b725d45ec8,bc54e0f89c2a45f994bfbbb156d1992282539277633b9a50d33933498f259729,bracol-1182,val,0,
bracol,1183,data/raw/bracol/bracol_completo/coffee-datasets/leaf/images/1183.jpg,1,saudavel,0,0,0,0,0,0,2048,1024,c09a6742892b2f92c5f0614f39ab7ff2843340e0c18064d40f5bc4b97a6659c0,fd6eba8ed2e4c1f00b5a8d3135395abe27d221c8d24e768599648d7a6ca3d8a1,efc5b5c2f06bd28582ed8a56d7c0994a8207186ddf5e386d8e045d65ce7ea8a4,bracol-1183,treino,0,
bracol,1184,data/raw/bracol/bracol_completo/coffee-datasets/leaf/images/1184.jpg,1,saudavel,0,0,0,0,0,0,2048,1024,ba3c152698c5da45c813f1d93799cd06d753f35cc9b76f5a5c8a3df6d32a733e,9415a433c3c2930c0f2fcc7834f065a743c3325bb53edb6d1af08d36cc8b7ad3,b851c162b1fb43e49681bf07d2df062e8bd8562d514baa24db6954348b6d6fb4,bracol-1184,treino,0,
bracol,1185,data/raw/bracol/bracol_completo/coffee-datasets/leaf/images/1185.jpg,1,phoma,3,0,0,1,0,1,2048,1024,f44a1778c1c438f78e742081a5fac3be7c6e07b6bb9d51fd934bdd641f39c3c9,c1512ae696a3b5290f5e5a9170a9c86a87d337e49e3df21b48e80bf925c7bc07,f8195ae4f179ec4483f1046e9703f5e0d70b5427c23f62fdcb7a6ac3cb006643,bracol-1185,teste,0,
bracol,1186,data/raw/bracol/bracol_completo/coffee-datasets/leaf/images/1186.jpg,1,,5,1,1,0,0,2,2048,1024,5ddba8712c7eb97b2918e9568c21803799f4dc734ce55385ee296db6b9028306,b90d9e62c1fc3375cbd1d3986c0bcd5e2cf49c2964c098e593cbf062330d6367,bb05dc45a10d32ea93bbb755d38060268b166fbe4b0a65269d3d6db61c3cc6b8,bracol-1186,,1,predominant_stress_5
bracol,1187,data/raw/bracol/bracol_completo/coffee-datasets/leaf/images/1187.jpg,1,saudavel,0,0,0,0,0,0,2048,1024,cd1a0f08d3ad79c20c75c9cdea3e78d655549873aeed905bef13793f716b2942,90267b33c0f1259f0f996ad0702e932b96f22597cf0f62dc7abc992132f28597,bf675a3bf427937390f7ada28af22083cae26a87c26966c9c56d21c9db60a185,bracol-1187,teste,0,
bracol,1188,data/raw/bracol/bracol_completo/coffee-datasets/leaf/images/1188.jpg,1,bicho_mineiro,1,1,1,0,0,1,2048,1024,b8ea0dc80d08db08be8b5310fa5789d4dc141d7b38cd1c7e7e939016d04678fc,f05163c394a89f2d4f36c87061634bd236b8340dc3dd12fccd2edd022a7ccdb7,f8d860f8b44903c3968f3f81c29dc5eddbd42a85c90a5d5fc96c3ac28fa4b487,bracol-1188,treino,0,
bracol,1189,data/raw/bracol/bracol_completo/coffee-datasets/leaf/images/1189.jpg,1,bicho_mineiro,1,1,0,0,0,1,2048,1024,4940551a9927398a139b474d0426c79b67df9f7d94dc97db79d821c211b37caa,f5062b6fc2f18da18f527ad2382d250821f456ad638bea52867f9cefdc60e914,bd053a43f0aba56bc2d6d0b5d742ead2860f84425e3c7fa78e3c8c078c385d3e,bracol-1189,treino,0,
bracol,1190,data/raw/bracol/bracol_completo/coffee-datasets/leaf/images/1190.jpg,1,bicho_mineiro,1,1,0,0,0,1,2048,1024,317dd5cc8619911344ef9553f23365fd1f9912e9d7b8c0954c3422d4fa3bd27f,f5422926d2b586c84f42da7b3c2ded6132f674967342325a8d3f532ddcb08d34,bdc47123b02ac5f4d2f55f84dbd28e07d3085e1e9b6d8a1c8b245d48d327e8d9,bracol-1190,treino,0,
bracol,1191,data/raw/bracol/bracol_completo/coffee-datasets/leaf/images/1191.jpg,1,ferrugem,2,1,1,0,0,2,2048,1024,00cfdb468a304ab7a14a438546beacf69650172a05f36ff43fdcedd597bbd539,e5561ad8d0a1e129cbd203f50d6bbf027ce1dc3f32d625d1a7d2618fd319218d,e9551e9db52aed52d0a440ab82872bf9cbde5dc0db1829cb8a090c0f9f1d3d9d,bracol-1191,val,0,
bracol,1192,data/raw/bracol/bracol_completo/coffee-datasets/leaf/images/1192.jpg,1,bicho_mineiro,1,1,0,0,0,1,2048,1024,72bb9c744846e2c741839dcc7538f22b4fcad19e958918d3540a45b49c15052f,a0518e7695892dc74e1671bb687a331136e5972f725ec9448b788ce349b176d3,a810de36b058a84693a994ead781f6e5cb8f96c7c14d465edb4ee24a9f0e614d,bracol-1192,teste,0,
bracol,1193,data/raw/bracol/bracol_completo/coffee-datasets/leaf/images/1193.jpg,1,saudavel,0,0,0,0,0,0,2048,1024,a18f1dab37b771e089e6686f22644c865f55646b7d796c1900833481e572559b,b5503ef0d0bfc80bcb4a43ce3d0d9f8072d6783e305ab171cf25c3a18f322f4e,af7c163fb426df1cd2b57a009a5ec939c36ac13d0b2d09bcc73483f08b2c3bb0,bracol-1193,treino,0,
bracol,1194,data/raw/bracol/bracol_completo/coffee-datasets/leaf/images/1194.jpg,1,saudavel,0,0,0,0,0,0,2048,1024,11d97e9e46d8d1704bad3f22e5888eb42150b6028f5a6a7f26fd01d5d66991b7,c45327b697a49e591a5df16961e90f854687643a9e5a83e1d9e9d80f33842df8,ec106134e17487a0d7a47e1682becc7ad7c0086b9287fde9924f38619beeb8e5,bracol-1194,treino,0,
bracol,1195,data/raw/bracol/bracol_completo/coffee-datasets/leaf/images/1195.jpg,1,phoma,3,0,0,1,0,2,2048,1024,5ea105d8bf724b0fa4a7b63339c940fdb2f325549c34498dff8c43bb79ffd29f,850d9e4dd2d131b81f4f67b360fc9c58878298e5f93b6d261ee06392244f9f49,ad578e7cf40a7c4884b5846dd2d2eaf58adac042d648afc38a59d743c7c90f0f,bracol-1195,treino,0,
bracol,1196,data/raw/bracol/bracol_completo/coffee-datasets/leaf/images/1196.jpg,1,saudavel,0,0,0,0,0,0,2048,1024,4c3de10f2936e7fc3b111f14affa6d7d1327dad86b7483984925d70d8bd7ac53,bd1bb43dc2f4c2c24f468d6c6d2f5c1fb1d02c725e0830c1236ddbcc75a32f46,bdd0b40bf09852fd807e6f6ad5e86a41c7e46d668b84c522cf8414b7cb468eb3,bracol-1196,treino,0,
bracol,1197,data/raw/bracol/bracol_completo/coffee-datasets/leaf/images/1197.jpg,1,bicho_mineiro,1,1,0,0,0,1,2048,1024,e34abe5e8a9d7468da54ada7f8bec8aeb098de616859c8aac36bde99993ceb45,b527e1dc96d49f23485e9c7939e16085b61727e2629eb6318168da789825cdee,bb51e08e913f66e486911856d79a8a5cd69e9a68e344d679cb4091fdcb699654,bracol-1197,val,0,
bracol,1198,data/raw/bracol/bracol_completo/coffee-datasets/leaf/images/1198.jpg,1,saudavel,0,0,0,0,0,0,2048,1024,4ab3bdd2e3cc936dbdfdbc15dbfb151e7d8bc88d4de12b2c62bc8b03998a0dc6,bd509e42d0bdf0bfcbd683d96d02cf0934bd8c3e32d074e0134b3343e925f30d,be988f64b01b742690bb2076d3d1717a83522a60cb0b3747c92da627cb3dd737,bracol-1198,treino,0,
bracol,1199,data/raw/bracol/bracol_completo/coffee-datasets/leaf/images/1199.jpg,1,bicho_mineiro,1,1,0,0,0,2,2048,1024,d4ba754ccfa4a3f9cdd2be987c35938dab6ee3539a6c6cf0b1a859b6057c9e38,b558b26bd2a5a5f40f57ce9474a9196bb3d8b0918b07471ed838cd2825d3b8e5,af54da43f12a897b82d4bba18b0242a7db2f4712c965ef1b8d7ce43b9eb00691,bracol-1199,treino,0,
bracol,1200,data/raw/bracol/bracol_completo/coffee-datasets/leaf/images/1200.jpg,1,cercosporiose,4,0,0,0,1,1,2048,1024,b328812370d703281df2cc45d34a49343755f355368e7e45256616e4fd854e2a,a522c4d4d0073b5b4bd8bd253d09c2be6636cfc8876b7c859945391e79a8c3b9,af75e4afb7204097c2b6aade82525dea82c03cc5d7573c0a9a6f384d514eb86c,bracol-1200,treino,0,
bracol,1201,data/raw/bracol/bracol_completo/coffee-datasets/leaf/images/1201.jpg,1,saudavel,0,0,0,0,0,0,2048,1024,75d00e3cb7daffcb07cb0008fcc6c2eb88ee58f68b257a971ea6dae2bc1f8493,a955c06797ac278c9ed6d918396b03f865a5ec07a79726f6de4af25008659b89,fa00d267a15d27e685aaee0286a1047f9e956cec9616c4709e5a26f8d25bd7d9,bracol-1201,val,0,
bracol,1202,data/raw/bracol/bracol_completo/coffee-datasets/leaf/images/1202.jpg,1,cercosporiose,4,0,0,0,1,1,2048,1024,56dc542bc73a33a919bce6f3273baa3d1ea9f7488cc373f58331040abf388779,b465815ec6d15ea11b568d5b742c5aaca6d13346de0be67189345c9b71b0adce,b849a30ee47857e886f13b45d6d2aa6f860b71688f7e5635d8083e31c9eda271,bracol-1202,treino,0,
bracol,1203,data/raw/bracol/bracol_completo/coffee-datasets/leaf/images/1203.jpg,1,bicho_mineiro,1,1,0,0,0,1,2048,1024,157271b6c9df6b36d86f29bddd04ccf0f7f8916bb55250749a310f2d3a9b7382,b957e339d08c26e6cf679a073e13d9da44b899e069c5659743a4669eb3126658,b981e232f198277fc3ce37228f83c615963792dc2e3092f84e5698c32eebda43,bracol-1203,val,0,
bracol,1204,data/raw/bracol/bracol_completo/coffee-datasets/leaf/images/1204.jpg,1,bicho_mineiro,1,1,0,0,0,1,2048,1024,3e953ac56a7f39c7a81036ae5202f2f4aa64308f96ec51bfbbbdb58f6ef79f3a,e835ebd187e0a56e1e9f9ab0783c695a63c125abc50fe6066eb48ef890d2d852,f801c2bfa1752fc285e8ad0ef6842cae867c3cb5de784cf48a51b4f0de52c0d3,bracol-1204,treino,0,
bracol,1205,data/raw/bracol/bracol_completo/coffee-datasets/leaf/images/1205.jpg,1,cercosporiose,4,0,0,0,1,1,2048,1024,c183dc1dd1c1ac9f2c09952ac47ec84e9c5103509549be9423300d9509f0dcdc,ae1fb26685ee8fb95be4cc13291331fed49a7240a2c5869d5b628dc60d397872,ae81b066a51b106fd5eb7a6482a74f74d3e72b0872628d1ada762db24c369ea6,bracol-1205,treino,0,
bracol,1206,data/raw/bracol/bracol_completo/coffee-datasets/leaf/images/1206.jpg,1,ferrugem,2,0,1,0,1,1,2048,1024,656c8c818897aa90e72b7fb3cef637f816abaac537ae42259c0b01731be0140a,be619b92c47e7938cbc0a5ac5d1b6e8634bc127e30d27261e32b8725cf25e896,beea97a1a4457a12d6edb03fc2546be8d35b81c0836863afff2d87078135470c,bracol-1206,treino,0,
bracol,1207,data/raw/bracol/bracol_completo/coffee-datasets/leaf/images/1207.jpg,1,bicho_mineiro,1,1,0,0,0,2,2048,1024,6bf5afd2e685dcf59d2b170cc6b846913fa3b260d3c442963bed8f90e862e5d2,9501e50cc0759ef15bcac84b310f67bc4cb19e03a4dec8dfdb8893782d3f6b21,af51e1ce842805afdc39bef5ac0559e7d0ceadc05b1e1e80b99ad142509cadbd,bracol-1207,treino,0,
bracol,1208,data/raw/bracol/bracol_completo/coffee-datasets/leaf/images/1208.jpg,1,bicho_mineiro,1,1,0,0,0,1,2048,1024,8ec0de9e327178b21af6eb3edbb1dda124e6e6f0a3f44da0a0574ceec03811e1,a54cb093d2e1cbcc1e339d2164ac32f387c6614aba5b1ebc4da49872cd9647eb,e986b533e1ce16b383cc7a13150a3a5fdf294158b13dcbc81135c58fbfa8185d,bracol-1208,teste,0,
bracol,1209,data/raw/bracol/bracol_completo/coffee-datasets/leaf/images/1209.jpg,1,ferrugem,2,1,1,0,0,1,2048,1024,b3029f080c33af5355a2f954f940247bffa9744b1d1ffa693c8bc04aa3cfa657,e4132998d6c897630b175a65706e2d3e07f076916f1ee25b8df98d2d78c1d894,e8076138a5d68b3586b37d94ce8188b28a5739f1dc6a98e399adf1e3d5848b47,bracol-1209,treino,0,
bracol,1210,data/raw/bracol/bracol_completo/coffee-datasets/leaf/images/1210.jpg,1,bicho_mineiro,1,1,0,0,0,3,2048,1024,2b81c1a081523ec96db7ed91e3c65d3af607ed744a681e7f8a354eeef19b1e15,b5692e69d09da5b78f725b926d86614f307fb83432e84e3a4b09ec418d1d646d,af590e5bf00ba46982199eb7d3ff4697cb80ecf889a42e4acd8a4469d9077649,bracol-1210,val,0,
bracol,1211,data/raw/bracol/bracol_completo/coffee-datasets/leaf/images/1211.jpg,1,bicho_mineiro,1,1,0,0,0,1,2048,1024,128b42181854160e5ea61cbc685835dfc4ed443acf30838e29acbea36f8cc905,c14e38ce96a1c3d95b52ce33693b397227b571a1f24e23c6996c9e6859a58875,ed4134e6b42b90e7c2e55be2dad688679e4bddee1e6f28848c6d1d86c8646886,bracol-1211,teste,0,
bracol,1212,data/raw/bracol/bracol_completo/coffee-datasets/leaf/images/1212.jpg,1,bicho_mineiro,1,1,0,0,0,1,2048,1024,353633565028fda39fcf3183de15905f90ac290f83c81dde47da90cdb18b4bb6,e55162f1d6aa3d2e9e5158b47829cbc225f6ac0f668a66b8c6f936509951236f,ed5140f8f50b8f5886973f09d69a443dc2d83ef49a912e02d85b59ff594961e1,bracol-1212,val,0,
bracol,1213,data/raw/bracol/bracol_completo/coffee-datasets/leaf/images/1213.jpg,1,bicho_mineiro,1,1,0,0,0,1,2048,1024,c51881a44e9db55eae9df75be510e990d4460954ad14408d6d1630848649b32f,d04873b397b19e0c687e48f12dc7650e923a1684e31e1b791cc9ccad3ef326d6,fc44713e97cad387921d69eecb148ccddd0830f9edac84d1fd9440caef9a8049,bracol-1213,val,0,
bracol,1214,data/raw/bracol/bracol_completo/coffee-datasets/leaf/images/1214.jpg,1,cercosporiose,4,1,0,0,1,1,2048,1024,a0e395cc571de6eda6bf48cb96bac2ea980fb5fb22d87860d7c4b4c22cd8fbc2,9d0e91d0c0016c2f6ff9970634055399d82e61eccfdd96e667030b533876fda9,bf46b1f995067880d09fe844e999d4eee59902d666eccf4a826447a9d7668395,bracol-1214,treino,0,
bracol,1215,data/raw/bracol/bracol_completo/coffee-datasets/leaf/images/1215.jpg,1,cercosporiose,4,0,0,0,1,1,2048,1024,cd396090b69424412e802f6a95414000de0eb1c08363f128b75c32d4371313c4,9c40b048c0addbb74ff3cd03360d22dc98de58e86d709d3312b76652bc4ff2ac,bcd0a8d8940840fd88747b72cf7015224eb6b717c6e1085fc66948dde77b8cbd,bracol-1215,val,0,
bracol,1216,data/raw/bracol/bracol_completo/coffee-datasets/leaf/images/1216.jpg,1,bicho_mineiro,1,1,0,0,0,1,2048,1024,79ab87a3bf64b4fc438b5ef2f7f57bc8bb345c632882eb6d6a986947a1c66f80,c170813296873ecf1b7e916861a14f85a6deb03aca699fe199a5d80f739625f8,ea03e31be556456887a2bf85c695203e8e53f6f0ce5ab290dc7916f38c617643,bracol-1216,teste,0,
bracol,1217,data/raw/bracol/bracol_completo/coffee-datasets/leaf/images/1217.jpg,1,bicho_mineiro,1,1,0,0,0,1,2048,1024,69f46416da06e12e49abb67924609151863584a8430c4531021bc02f84335a9d,e51aa4cb97a10e1a9ac7f92e296895e161ac2ad627b2660aba532375dc6b79a3,ef16b4fbe18e06fcd3a02e53873a7f4b9a394349dc7128698b115c718683b325,bracol-1217,treino,0,
bracol,1218,data/raw/bracol/bracol_completo/coffee-datasets/leaf/images/1218.jpg,1,saudavel,0,0,0,0,0,0,2048,1024,f0b016a3cf6abedfe1c2dff3395b5dfe45f222f3132849d8cd212eff281dde30,c14c62cd87499d2c1e30d2b399c62bd6e613192e3928e6b161bd6f74c4d4b8fd,e9cde4d38d4c7638946c2ef0c6839ed490c31af2c4c39bce920e1bd8d4cf9b98,bracol-1218,treino,0,
bracol,1219,data/raw/bracol/bracol_completo/coffee-datasets/leaf/images/1219.jpg,1,bicho_mineiro,1,1,0,0,0,1,2048,1024,574566bcff5d3c547a62b683202a8c579add58065c22e6d3663caadfe1ed887d,b106a4cbd2f0933c0c4bcb13712c2cf913d2f384cd0b8b7b1cf4dcb1e3ca2dce,ea89e9a0a05d2c8f97e8f78cc6a1129f9e75b65c4a7a9658da7a8668c24b5e21,bracol-1219,treino,0,
bracol,1220,data/raw/bracol/bracol_completo/coffee-datasets/leaf/images/1220.jpg,1,cercosporiose,4,0,0,0,1,1,2048,1024,3988cdd349deefcdff4737e85e4b7e4d8077907b80a2cd681739137201707c20,81339d9c92b442671ccab66361ed39929716c9495a7a9e6c6de1709616be2d9b,e371399eb136619d97b68781fb9396168f5bfaf6d618014b9ac4de291c4002d9,bracol-1220,treino,0,
bracol,1221,data/raw/bracol/bracol_completo/coffee-datasets/leaf/images/1221.jpg,1,cercosporiose,4,0,0,0,1,1,2048,1024,e3e2eee4ed60b7c83c37caf37b725a13bb2e656b2cad5b8968d60ef1c68bfe28,943384c7c394933c2ccea753702b6ca7839199de7c0adb8791e465796792be15,b511ecf2e1396429c3b890d74fd1db829e4910d71c33ecf990f29239ed41df12,bracol-1221,treino,0,
bracol,1222,data/raw/bracol/bracol_completo/coffee-datasets/leaf/images/1222.jpg,1,bicho_mineiro,1,1,0,0,0,1,2048,1024,2aac4527e967a908c0ac0b4413e68c986e5eaf70e482d477bf037912821dd292,b50fa073c3d09fcc4d23d80f34b427f0d2caf6078d2d3b3cdcb2cdb0214be4c3,bd41e430b08f03fed2d5af408b4b762ddd2d3a14a934167ed5303b79c8b4d721,bracol-1222,treino,0,
bracol,1223,data/raw/bracol/bracol_completo/coffee-datasets/leaf/images/1223.jpg,1,bicho_mineiro,1,1,1,0,0,2,2048,1024,d2827341cf9469569543968f630bd1aba895a53600b6a53fc0ea46039dd9c518,b50cacf3c2f1338c8b42c6072d2f0bfc74b4ec0323da709ff729a3c9183c732d,ad14dc32e43311bcd6bdfbc082d1750adf5b20af1f09f3d58a2923025d7d870b,bracol-1223,treino,0,
bracol,1224,data/raw/bracol/bracol_completo/coffee-datasets/leaf/images/1224.jpg,1,bicho_mineiro,1,1,0,0,0,1,2048,1024,2e720e1d63acab049088e0dbad57f3394db8cdb494c9ba7cc5990d06defd73a7,81158e1495e2b1ec3a9f5a9b6161ec709e4697ad589b781b6bd58d60972e7487,eb15ce10e569ec7487e585ea974675859f62b2e798a7b08e993430dcdc309694,bracol-1224,teste,0,
bracol,1225,data/raw/bracol/bracol_completo/coffee-datasets/leaf/images/1225.jpg,1,bicho_mineiro,1,1,1,0,0,1,2048,1024,8abdf1f0df5d4b619fc1927f4ed4027f7ce34accd2b995ca9985e3f42830b3be,f015638787a39c381e1758f1687cebc73785153e521e7af08970a1c34da7cc2f,fc0470e1b05f87c693f91f02db015a3f8b0a2974c92dfd708d251cb849b77ed1,bracol-1225,treino,0,
bracol,1226,data/raw/bracol/bracol_completo/coffee-datasets/leaf/images/1226.jpg,1,saudavel,0,0,0,0,0,0,2048,1024,1e80abff7336b60c09a64f2b9760e802404c00b2f0302f792380c1d03274b791,f5090be9c2fc3c364f0630cc307fc30f92d80e38cd0f70c7cca473ed365a9f1c,ff5843d8f009cf1093df071f8b803e94c90a747ac9a738799c9636619ed636e1,bracol-1226,treino,0,
bracol,1227,data/raw/bracol/bracol_completo/coffee-datasets/leaf/images/1227.jpg,1,bicho_mineiro,1,1,0,0,0,1,2048,1024,0fd7c10427e0d6863dd0b362bbacb0f31cf9e8d761061b8b3edda56e29797690,c055369d97aac9434a958f66617bb03c36a533d19b5c4d2fc90bc4b42db51ed2,fa01358ba051789f95ff52bf8282cbd0db7ce94381acc92bd1a4c9b1b3d4cb12,bracol-1227,treino,0,
bracol,1228,data/raw/bracol/bracol_completo/coffee-datasets/leaf/images/1228.jpg,1,saudavel,0,0,0,0,0,0,2048,1024,bbd97aaffbc677165dcd5b303e727ed58af702b6a7e9a6421140382e28674075,91c3e71392f41a784f32b9c7349d66b2dac0b6594f23d9e4b0d43d964b883659,a9c1e32390ca063fdaf4be184f72d078a6238b65566d8d269bed522689e423fe,bracol-1228,treino,0,
bracol,1229,data/raw/bracol/bracol_completo/coffee-datasets/leaf/images/1229.jpg,1,saudavel,0,0,0,0,0,0,2048,1024,6c06e2ee850f3e60f2954350ff615ae3ce411f2b778a41ad06e0d083c90c67a6,f0391a33c787a50e4f4e7b8470f09c7993131f81cb2d684eecc6b70836c39eb3,bf1d5e9bb41caf1383bc00bfc34858f0dbc97b62c905296189b2a165dda0f6e4,bracol-1229,treino,0,
bracol,1230,data/raw/bracol/bracol_completo/coffee-datasets/leaf/images/1230.jpg,1,saudavel,0,0,0,0,0,0,2048,1024,45eb6d66da723c1a3a610289e2ae3e63c79ecc3688e4fe9fad56d250caa77716,f40e27d3c3f49c6c4f433bbc343fcd8333d266be530f24688c7412e548b3c90e,fd5160b0f002cfd3c2fd1f03db48ae1f824e543cd76de6748f2416604f267e61,bracol-1230,treino,0,
bracol,1231,data/raw/bracol/bracol_completo/coffee-datasets/leaf/images/1231.jpg,1,ferrugem,2,0,1,0,0,1,2048,1024,cfc22e3c4238d37f115b2b1491f14cf2375a02e10b1d0511442e070a981f44e8,baecc063f5470fdf96aa9f00ca15301d6d7a91fc25a163837495d55720de2ea2,baead063e54562e795ab0fe692a164a2d2d7b4159a5e26b4db4a14d69342a6da,bracol-1231,treino,0,
bracol,1232,data/raw/bracol/bracol_completo/coffee-datasets/leaf/images/1232.jpg,1,ferrugem,2,0,1,0,0,1,2048,1024,3f03de2e6095aaeda57cc2ae34e6f683e100e94388620849095741ffdf10fcc5,bf2bec39d2f417f10f48da4e788f0ded2168ec10c33532bd16927322086b9a7b,af17ca09b1232578c265dea0d36b1497d355185592d43afa9a8abcaadc5ad356,bracol-1232,treino,0,
bracol,1233,data/raw/bracol/bracol_completo/coffee-datasets/leaf/images/1233.jpg,1,ferrugem,2,0,1,0,0,1,2048,1024,05cd11d767a6234d79f1f037e003a1483a1643f4cc910e225e634bbe7fa80b97,bff8e348d005343fcbdfda525f808d2b38068c84f9f47cfc62f12048a74bb345,aff9c693b5512817d0abc5fad6f524838281ae979742441ac71f8a3b9b2ae278,bracol-1233,val,0,
bracol,1234,data/raw/bracol/bracol_completo/coffee-datasets/leaf/images/1234.jpg,1,ferrugem,2,0,1,0,0,1,2048,1024,32bbcec66ed5b4fa37c15b4e1c20f5a486496fb20d7341cf875f86e9afef8d63,af53df9780adf0084b5046f13dbf250b3485d88cc66a49fc8b3fb4453c85768b,beb11fa6a4433900f6a0fcaed6d270f5c25fd0558a5faa7ba36e836a9168d041,bracol-1234,val,0,
bracol,1235,data/raw/bracol/bracol_completo/coffee-datasets/leaf/images/1235.jpg,1,ferrugem,2,0,1,0,0,1,2048,1024,85e422a705dda2f1037e4a0268e5032ef2826c2f184c18ff6fc6d111f5621788,bc46cb64c2b13588cb0bdadf3cbd2d6920d296b5720df25a07689f68d83578a5,beedda6eb4142b54d2abd5ea93d17e8582409216df4f145ac101db6f8b2f2868,bracol-1235,val,0,
bracol,1236,data/raw/bracol/bracol_completo/coffee-datasets/leaf/images/1236.jpg,1,ferrugem,2,1,1,0,0,3,2048,1024,46e2d361fef14f9b6a807e170dea9e321a6c3aa576afae74b03cfa72d4fc250e,a858634d85e51c661e1698b16877494335e26d2fe61d36f48e78dac2cc67896f,be45e3cbb06e07d197ecff0b9684041fd25cfebc8a480412df4966f38a686c52,bracol-1236,val,0,
bracol,1237,data/raw/bracol/bracol_completo/coffee-datasets/leaf/images/1237.jpg,1,ferrugem,2,1,1,0,0,3,2048,1024,dacdf4955c309f7ac805e4932a6fd03fae9cbf2589dfb9bc00c23a39cd88239d,fe0eab4cd0e45c228eb58f717d1ad8ab21f92fd5f78172408a5e227fcd209e20,ff9fa3cbb05555c184ea8e8dd7c0ca54820fcb7ade4e8d688a08ed24ce7c84a5,bracol-1237,treino,0,
bracol,1238,data/raw/bracol/bracol_completo/coffee-datasets/leaf/images/1238.jpg,1,ferrugem,2,0,1,0,0,1,2048,1024,6d389c3800657121f1268426c67d20cfdaedce395361f5ca6ee8aaedbf08f0f6,a857e23497ea278bca17d01c6d78295a2785d427b25e2670cf38da0b99b439b7,bea2d80fa0572afb95e2f54196a224aac696d6dd96166690ce5ec4d08a782efa,bracol-1238,treino,0,
bracol,1239,data/raw/bracol/bracol_completo/coffee-datasets/leaf/images/1239.jpg,1,ferrugem,2,0,1,0,0,2,2048,1024,a892e5404ce9c097384f3e0c8f54ec363d309121cdb854eb3644496324ee9738,b906ca07c1fb2dc1cf40d2b92c2f235e30f4d7a7334a61f69b2d9c49cdb60c19,bfe3d3e0f1112871d0abd57b83d57aa0934a9052c3233ecbcba70e03c1176d1f,bracol-1239,treino,0,
bracol,1240,data/raw/bracol/bracol_completo/coffee-datasets/leaf/images/1240.jpg,1,ferrugem,2,0,1,0,0,1,2048,1024,0d33accf9a7319a0b4960c84e46e14eeb686b40d5af75f7684b078157315a44c,b8588467c7af6b9a1f169719616a56b52787cd42d21c7c4d892193b179b6b133,beaf8770e0564da185eaca95d7c14e5682cf5c0e824eae7fdf49483c080d95f8,bracol-1240,treino,0,
bracol,1241,data/raw/bracol/bracol_completo/coffee-datasets/leaf/images/1241.jpg,1,ferrugem,2,0,1,0,0,1,2048,1024,5a229523fd4fa39f3650faa92833125249b05bf0a58a3b2609c22d4a55b5a9d3,bc0cc3f893e88d03cb533a15e92f316a278071b5768b379e2768d95ada2d4ea1,afeff004b54d8a5c80be57eaf6d422a9a280fbcd93d36540d3499aceb62b050d,bracol-1241,teste,0,
bracol,1242,data/raw/bracol/bracol_completo/coffee-datasets/leaf/images/1242.jpg,1,bicho_mineiro,1,1,1,0,0,1,2048,1024,cc4882ffacf7fa7b06e868798ee64ded57e04db655bffdb65235d7562959e6d5,bb05e1b997a83e73ccd79be7a9c0a98e5a2d4590b1332bd56493507a97c8a033,bbf4f0cf91ae67dfd78c265eb9580264552b1364e6fd0a2075e81700aa7d2a38,bracol-1242,teste,0,
bracol,1243,data/raw/bracol/bracol_completo/coffee-datasets/leaf/images/1243.jpg,1,ferrugem,2,1,1,0,0,3,2048,1024,70c5a7d64e6e3d4f2bff0773c85f0eede76f4ad0a790b72a899bc4369855aa79,bd287213c29785ec0f42ca4234bc353ce3d872909f83c96f297ace94dcad34fa,bf5dd610b40b03ffd2f097a1c3502a35cbe99102dfa52a358b85df26c59e6b10,bracol-1243,teste,0,
bracol,1244,data/raw/bracol/bracol_completo/coffee-datasets/leaf/images/1244.jpg,1,bicho_mineiro,1,1,0,0,1,2,2048,1024,02a6f56d0f6f4267ad724c3dc845cd35e9a59d38fa983ca84adc8b012833c497,bfd2c84dd0af25fccb58b2078c392b7b6cb4d3a932c6e65023460e59d3ad1c2c,bbebdedbb541281fd0e3b5ff92d62ea0c3c10fd595130d40c80bcde88c1f9045,bracol-1244,treino,0,
bracol,1245,data/raw/bracol/bracol_completo/coffee-datasets/leaf/images/1245.jpg,1,ferrugem,2,0,1,0,0,1,2048,1024,e456c9191c02c74db3f857fbde7593f8b8024d366db0b81ffee8184f505e3661,af828f8ed03f786f8e792161ed033f2316b7c91f784be5b819eccadc60843620,ebe48f94b104f88792bee0fdca5e70d8857b1a4fc6807d61974792264e2263c7,bracol-1245,treino,0,
bracol,1246,data/raw/bracol/bracol_completo/coffee-datasets/leaf/images/1246.jpg,1,cercosporiose,4,0,1,0,1,1,2048,1024,a2fdd78c68f7fb2e268ffe6485d04e27e9fd9b0d88b41d0ed905bb80d0a57fa0,bf82c83cc1ad37c34a7252877c2bf94a27d487bdd8875e12197e0c53ae65e980,bfd1d80ce549295480bd816ad78077bdd795100593ddb6bdf9cf1a0ad80a5696,bracol-1246,treino,0,
bracol,1247,data/raw/bracol/bracol_completo/coffee-datasets/leaf/images/1247.jpg,1,bicho_mineiro,1,1,1,0,0,1,2048,1024,1cb994b4ff1599ecd44f2ef7c176183a8453f39b378ba81130c9a16d5536737d,bf5ae319d03c3de44bd2d8663c0f6dd832dcc789cb6033470d335826fe908cd2,be17c319b40a43f9d2ed5f00fa672823596ebfb688263215ddf6575ac8826a41,bracol-1247,treino,0,
bracol,1248,data/raw/bracol/bracol_completo/coffee-datasets/leaf/images/1248.jpg,1,ferrugem,2,1,1,0,0,4,2048,1024,a5a55f43a2039e68f529b12f41a171b1e49d0861cc587c78565ef1a3be2081a3,bc73be36c27571e34b6087d92d9d7c06369034fc806f23437924d720b7738c36,bc76866ef0275e6483fb485fc3027f20971f0836c41e6c56df3eaadb44193443,bracol-1248,treino,0,
bracol,1249,data/raw/bracol/bracol_completo/coffee-datasets/leaf/images/1249.jpg,1,cercosporiose,4,0,0,0,1,1,2048,1024,44d1ed0e58558b67387a0f412da982397d7f57157a4e47934693719bc1293167,b857989dc4ea27d38f85d827990e877629fcdf0035a023fd669762c0c64b362b,ba26951ae05723b285e2ff8187a360bfc687daf486572e52c69e1e1ad6da241c,bracol-1249,treino,0,
bracol,1250,data/raw/bracol/bracol_completo/coffee-datasets/leaf/images/1250.jpg,1,,5,1,1,0,0,2,2048,1024,1fde927e2491e4c0a102ef8ac065b0bd6378255c8d06561ae0a73d9f660b2430,bd00c87fd0bd34a4cb689a42cc161b3d4c9b99313d69b99271b4669573b27e4d,aaafda20b554285580aee5fbd6d675e9d34204a192ada6b0e7ade492cb04d4d7,bracol-1250,,1,predominant_stress_5
bracol,1251,data/raw/bracol/bracol_completo/coffee-datasets/leaf/images/1251.jpg,1,cercosporiose,4,0,0,0,1,1,2048,1024,399844acc23a8b62bf3ed92a1c22048c3c553dc979024f3c75ff205749834a70,bf06c299d0be27b0cbd1d8073d2129ee60b6c485326b27db225cfa399dae1369,bfedd080b50721ffd293d7a892592291ce8cde1a954c34596fa98a3988f59479,bracol-1251,treino,0,
bracol,1252,data/raw/bracol/bracol_completo/coffee-datasets/leaf/images/1252.jpg,1,cercosporiose,4,0,1,0,1,1,2048,1024,9cfd9bafc8763c0fff033e593651f0c48e5aef2a89f95c89a6b86d0fafe033bc,b9071991c0fa609e4bd187e43d3ccd0f64943cbc926a31d27857734b19bb9b2e,bfe9983cf4017ab4d0bf8113d2f17bb8d35309118b427b1bdf6bb1098825619d,bracol-1252,treino,0,
bracol,1253,data/raw/bracol/bracol_completo/coffee-datasets/leaf/images/1253.jpg,1,ferrugem,2,0,1,0,0,1,2048,1024,54343eefef9ba7b84e6325d4ff591f314855c9df0836a90dacee477d02afd258,b906c333c0fc3ee8cf41b05c2d2b69ce36b1cd877256467a1d2c924999d669e5,bbf5c9b0b40061b3d2af87b8db7436158502be5b8a2d524ace76a279d2da6235,bracol-1253,treino,0,
bracol,1254,data/raw/bracol/bracol_completo/coffee-datasets/leaf/images/1254.jpg,1,ferrugem,2,0,1,0,1,2,2048,1024,0fa0677c83a9858698f5ef41c7f09dc6e840a3f9814e60cda008069916efa812,bd489e67d2b5613c4b528799643c6c0f36d292f4c34b3742c925da9d8cb68dd8,aaad95e3a4447a4194ebd07f82853bfcd3d2974882432a2ffb4b974d830f6b24,bracol-1254,treino,0,
bracol,1255,data/raw/bracol/bracol_completo/coffee-datasets/leaf/images/1255.jpg,1,ferrugem,2,1,1,0,0,1,2048,1024,94a3d831aa2afc978939f3dfdf521621e9db23a4666b2ca8e29b735077bdfc2e,b9aec1c9d2157e3a0feab1ee7c059ec112facd0bcb013c3484bf32526ed0b3a1,ab4fc1d3b40a7ea092f5c015d3c07ffa93428009ca2b7f7f9f7d9a680920374d,bracol-1255,treino,0,
bracol,1256,data/raw/bracol/bracol_completo/coffee-datasets/leaf/images/1256.jpg,1,cercosporiose,4,0,0,0,1,1,2048,1024,ab0c0031862202e0136e5c189cd032737931859c97f61fe0519ae9ccd0f9c753,bdb9dc13c05627eccb6efa412c0405bd30dede1233f1006dc96bc1c4ce8666df,bb719b25f4222c7f90f7d6add37220509b53b3fa932250e9dd43a0812a856dab,bracol-1256,treino,0,
bracol,1257,data/raw/bracol/bracol_completo/coffee-datasets/leaf/images/1257.jpg,1,,5,1,1,0,0,1,2048,1024,0a98d1aad482028a3e8b355adebde5cc57fa0f12fc95b1014f1fd54044557b69,bbffd1b1d000251bcadd5e8c4fea2e4eec05926df23370f23353a93139813589,bbf7d1e0b5422373d0a141ab03d76b958bdaad0a1548751ddccdb295b0ec415e,bracol-1257,,1,predominant_stress_5
bracol,1258,data/raw/bracol/bracol_completo/coffee-datasets/leaf/images/1258.jpg,1,ferrugem,2,0,1,0,0,2,2048,1024,3dc0148816826fbf0579f382f44361f1e0f5c9d0f07d8de99300451768cd8a11,be48c133d02536c1cbb61e4e30b76d2c61eb16bfd685f7088c5b48fed8298dc1,afdfc810b44a21ffc2dd96a0d7a9afd38c055209d65fa73ace784a18dc41155a,bracol-1258,val,0,
bracol,1259,data/raw/bracol/bracol_completo/coffee-datasets/leaf/images/1259.jpg,1,ferrugem,2,0,1,0,0,1,2048,1024,f9e0012ed6d8c4b9be72663b8aa4daf866954fae7af6ebeab90b7f21bc5a05d6,bd00cbf4d0bf2c07cbd092fead0f79406cbc91ad30d26f9572cbc61a93252e54,bffbc009b4006ffdd0af858092f42685c3fad6d7d341268acb20d75f91072a6b,bracol-1259,treino,0,
bracol,1260,data/raw/bracol/bracol_completo/coffee-datasets/leaf/images/1260.jpg,1,,5,1,1,0,0,1,2048,1024,74ff131aa31fe0b70de76eba0ca0885b1000bd1dfc0798fbaabdf15366ddf1f9,bffae43cd00503ffcb6a9fc08d25d80f5cb789bc394064d232a7a241395e632d,af75f81cb428407dd6b587e0e2506782925baa91d27f475a9269aec9526c6759,bracol-1260,,1,predominant_stress_5
bracol,1261,data/raw/bracol/bracol_completo/coffee-datasets/leaf/images/1261.jpg,1,ferrugem,2,0,1,0,0,1,2048,1024,548aaa002e83aa3bb202807a63b58e1c9ec2f1b49bfe70bb465faa21b0ae3047,bfd5cf5cd02a34aa8bf538116d0231fb24bf67817650869f1361ce58f9268c69,ffab4a9af0012f1d8077a5348ff6e4b2850316f1cdafe6408c9cb6234c9e4675,bracol-1261,treino,0,
bracol,1262,data/raw/bracol/bracol_completo/coffee-datasets/leaf/images/1262.jpg,1,ferrugem,2,0,1,0,0,4,2048,1024,f172ac3d04fdc2a9d9b7251bfb988cd3f0414f8043a65498b84ada304d483816,bd0ac842d0b525f5cf42fa022c3721793472df9473cf4c43890dfe59cdbc24ad,bb55da94b42b097ed2d495a0d3c326058347fed79b4a244adb291e5b8b2536a9,bracol-1262,treino,0,
bracol,1263,data/raw/bracol/bracol_completo/coffee-datasets/leaf/images/1263.jpg,1,ferrugem,2,0,1,0,0,2,2048,1024,a6a5149ced720210ce4f8ce7ab8cddd9572f127502c3691b27e183e2eb135224,bd22e736d03727bbcbc9da408d872def7c1a48d0321db5c93368c343d2a52725,be48c24ab447027fd6b7d7a08295ae85c6cad4079d5e6e2ecaa80c54dd7d6c2c,bracol-1263,teste,0,
bracol,1264,data/raw/bracol/bracol_completo/coffee-datasets/leaf/images/1264.jpg,1,ferrugem,2,0,1,0,0,2,2048,1024,2180a9dd35a750aabdef5b99b20cd461b08d68801ab3c3d03ef4f093aba55343,bd1cce63c0ac357c8fd3d28d7c23290b34f070b553c876e2fb05274f0936d62c,bbaed6a0f40c2b76c2bed56ec3d43a25cb4b02468149f75edd69820c8828f4fe,bracol-1264,treino,0,
bracol,1265,data/raw/bracol/bracol_completo/coffee-datasets/leaf/images/1265.jpg,1,ferrugem,2,0,1,0,0,4,2048,1024,3d5f3b923c83fccaaa378e5c4919f052faee96c0a1494bb5ec422706269eabe1,bb45d372c0f42da7cfd8b64c3c3f81f832f0f48033c72f366928522986bcb172,bec1d2b6f0494b66c2fd7f20c3c42a27eb5e161e842cb2064dbc56caaf1463e6,bracol-1265,teste,0,
bracol,1266,data/raw/bracol/bracol_completo/coffee-datasets/leaf/images/1266.jpg,1,ferrugem,2,0,1,0,1,2,2048,1024,e2a5adb60886df0cfe641e0958563e1785dd9045a0c951af27353fcc32c2308d,bc5c9837c4e167c01bd3942d313a9a7003b4498fe44be7b48f7d7a1b61291fe8,be1c982fe57c6bf496a849d8fc80e5e986ffa0a158c25740d95529a727aa36a2,bracol-1266,treino,0,
bracol,1267,data/raw/bracol/bracol_completo/coffee-datasets/leaf/images/1267.jpg,1,ferrugem,2,0,1,0,0,1,2048,1024,5dd5f4a681ddff3180dc7d99e7dfdcccf1968dd547a07640007958747b8cb222,bf129666c0b9685f8fc5a5c87c0ed69530ec985a67405b698733c3676d336686,bead966de017502285fe5af4c7a05a5586034b4b4f3be5cb9a3440865834bff6,bracol-1267,teste,0,
bracol,1268,data/raw/bracol/bracol_completo/coffee-datasets/leaf/images/1268.jpg,1,ferrugem,2,1,1,0,0,2,2048,1024,524bc75c4eca07b54d7525caeda14f504321d9ceffcb9164e2c1d8d479d38b8b,b94bda96d0a52d684f5262153c2d93cb30f4cb1173834c3ecf39b64cb42733e3,ba93d2a3b1532ad590abc16ad3f25920c3104b1deb962d178bc2fe8a97af348b,bracol-1268,val,0,
bracol,1269,data/raw/bracol/bracol_completo/coffee-datasets/leaf/images/1269.jpg,1,ferrugem,2,0,1,0,0,1,2048,1024,b50fe5568150f5e4a61729a7042b2bb0a1b33815934bfe2760ae0f39474eb8a3,bd0bb8f3d0b54f640f42e70c3c2f06d872f49851674343a79b35e526c45e46f8,baa4b436e14e42f0c3ea9a50c340534b9f6feb0b02a595efbe8042c5175ffe4a,bracol-1269,treino,0,
bracol,1270,data/raw/bracol/bracol_completo/coffee-datasets/leaf/images/1270.jpg,1,ferrugem,2,0,1,0,0,1,2048,1024,e798c903082b2b79a91defe77392c0691557f045df445af54eea8fbfd050487d,bd329cccc2f4605aca0ac781cd890e1624df907b64fdf063f3203be43be435ee,ba3c95dee078708dd6a8f8d4d76a2bca8bfd09cf8105a800d104e992babfc5f2,bracol-1270,treino,0,
bracol,1271,data/raw/bracol/bracol_completo/coffee-datasets/leaf/images/1271.jpg,1,ferrugem,2,0,1,0,0,1,2048,1024,ddf1f347113ffe39b4e29b52ba537d36d9b419bf3f0843a143bf379be6b4564d,bd728789d0226b1e8be1b52ecd093ab4649eb86a73d878fdb30198c07327b5a3,be2f91d6f40d4aa2906cea9792f4655a9bc083abd202ad458baf5b05c967a36e,bracol-1271,treino,0,
bracol,1272,data/raw/bracol/bracol_completo/coffee-datasets/leaf/images/1272.jpg,1,ferrugem,2,0,1,0,0,1,2048,1024,138e470ba7f17e0c8d78d0353ee473ff175600fd62f3c79a5571ead74354adbe,bc1c9f87c0e9687ccfd225396c03769130fec35a33c0c9a4d22f8d96cd5c1c7a,bf0797e0f44b7a83d0fec94793f069efd340c9a18b250907d722bb97cf841482,bracol-1272,treino,0,
bracol,1273,data/raw/bracol/bracol_completo/coffee-datasets/leaf/images/1273.jpg,1,ferrugem,2,1,1,0,0,3,2048,1024,2028f1b35a273d8c3f5cd5b6807342dfa63685e71f25287d96a79edc600bd8d9,bd4bd264c0bd2fc38ff0dc8b3c2b09fa34b5de00b1d2266f538bf6408d3c00f5,bed1d25ef10102bec1abffd482950602d3d7af4f888a760dd95fa2a98818657d,bracol-1273,treino,0,
bracol,1274,data/raw/bracol/bracol_completo/coffee-datasets/leaf/images/1274.jpg,1,ferrugem,2,0,1,0,0,1,2048,1024,65122c6cb092fe30a4ebde78fb461fe5f635608f19941322f8eac323d6086c6a,bf53e199c0a93ed24fd490663c0a69e432f5879bcb437618cd29896c4cd47da6,bfd5e1cbf40b41f992bd8790c3d076928b4a821f49397f5bbeb548094010af3d,bracol-1274,treino,0,
bracol,1275,data/raw/bracol/bracol_completo/coffee-datasets/leaf/images/1275.jpg,1,ferrugem,2,0,1,0,0,1,2048,1024,97898302da7f8e6e3f1fa378075566a691262f815c63abb12681531d4148f624,ea1d7b97857f85589e815cadd85e625419e8674b75a5262d639736146618ca5a,ee8b7ba2a441a95485fb1558d7d0f5aa8202c2959e1f4396861597969e7e879e,bracol-1275,treino,0,
bracol,1276,data/raw/bracol/bracol_completo/coffee-datasets/leaf/images/1276.jpg,1,ferrugem,2,1,1,0,0,4,2048,1024,e64d020636b3c10a722eb04c8ea5bf07bbc5fdde3c61d811309b2045a5305e3c,bc99c1fb91ce36a5c826184ea4fa39ad66097c9e27b4e669c81b0e7499e5d123,bfb0c837b1992574cf53f6a0892b267fdeb506299852be7794a0002bdad21397,bracol-1276,val,0,
bracol,1277,data/raw/bracol/bracol_completo/coffee-datasets/leaf/images/1277.jpg,1,ferrugem,2,0,1,0,1,4,2048,1024,de11a9d388525753718ecda1be5fafe532a65f97395431734c8015377bbf0f96,bd03c471d2bd2fc9cb4ab40f4d2d62f8f4fcb30126c11337b66b93204b370ccd,bbe7ca78a504427891a6bfc192f71407d242aeb7d34e5e44a37f484a53606d67,bracol-1277,val,0,
bracol,1278,data/raw/bracol/bracol_completo/coffee-datasets/leaf/images/1278.jpg,1,ferrugem,2,0,1,0,0,1,2048,1024,cafcafacbcd242711e9a9d5f7d9aa8665a0434d90ea0ca574a80943db935038f,bf5c9e38c03d60074bd0c3e625af3c093294dab1da78e55a097702e5e583ff46,bfdd9c3df40b7e18d2bdde39c35a295502288522cf6461e5aa6478a6f7426454,bracol-1278,treino,0,
bracol,1279,data/raw/bracol/bracol_completo/coffee-datasets/leaf/images/1279.jpg,1,ferrugem,2,0,1,0,0,1,2048,1024,c4748c4acc325aa40b1cd015e2d9b8e86b9e6d840b33a921bec2d631360befa5,bf18e91bc0ff37a3cfc1da041c26897e28d3cda172e9259727946619ce923278,bf9fc89ab40321fad2f8d5a8920a2685c2afd6929614b25bcffc92488a12f67d,bracol-1279,teste,0,
bracol,1280,data/raw/bracol/bracol_completo/coffee-datasets/leaf/images/1280.jpg,1,ferrugem,2,0,1,0,0,1,2048,1024,c2519895b632e67f112dc2f2ffbbb70d4b8123acf78443cfaa13602fc3cc133a,bf7be9add00486d1cbfe1a02ad81696d301e50b4337cafda2100ca2ddb9bad56,abd6e97bb400a1fad2fd95a093feae968100575ad3a6aa1bca16d529c15eb304,bracol-1280,treino,0,
bracol,1281,data/raw/bracol/bracol_completo/coffee-datasets/leaf/images/1281.jpg,1,ferrugem,2,0,1,0,0,1,2048,1024,81dea2fddb2623cdc2c4d486f3e672d4f66d1199789b652bc4d6a28fc5f88143,b9a9922ec2d52d600f2ef09b347413c972c3d92db71b8cf4c89934cb2d6a63d5,bd5e97c2f4b90a6692f8fd6f8b402925db8b95a6cb1528168b8ad2aacd1e2155,bracol-1281,treino,0,
bracol,1282,data/raw/bracol/bracol_completo/coffee-datasets/leaf/images/1282.jpg,1,ferrugem,2,1,1,0,0,2,2048,1024,972637a921fe098cbde873893feda8e170467b2edd6828e73dcce21f227f53f0,bd6cc0c6d0b52fd6cbc874212d2722f87296db81b34a8d3fdabcdc90057922d3,be49d246b42e23fed2f47784d3d0a207c24b77ac9b09224dcb2dfb4c173d320c,bracol-1282,treino,0,
bracol,1283,data/raw/bracol/bracol_completo/coffee-datasets/leaf/images/1283.jpg,1,ferrugem,2,0,1,0,0,2,2048,1024,a1f41efccb12df988f18bca5dad6c6c486500f51eb4cf7bd2393764ade65f095,bd62c98dd0953ebacbe96659cd01342d049eb0623b68dbe7b1c9858e7982ec9c,bf74d9c1f489196e92ff82a5db525f02c181891b4fa56dbe8d8195944a9e2cb8,bracol-1283,treino,0,
bracol,1284,data/raw/bracol/bracol_completo/coffee-datasets/leaf/images/1284.jpg,1,ferrugem,2,0,1,0,0,2,2048,1024,0d89fdf914f2899a6b3159ae5a10a6747617de6472c464e6b2bdf2b56f63d80a,ff12f06693bb0fe14a59361f2ce8f19014863334df425939c96da6c330fc3663,bbb37e66b102a063d1bf97a3892483f61b40d90ac3dac90d957ad01cabbda6a9,bracol-1284,treino,0,
bracol,1285,data/raw/bracol/bracol_completo/coffee-datasets/leaf/images/1285.jpg,1,ferrugem,2,0,1,0,0,1,2048,1024,890f16d0cf2a6d85d47be8e9c6c8db98279f1ee511adb9f661cfb6091303cf3f,b918dcf8823979079fc6e5c9786e3e1624f096f8f707e941837989afdc217c00,bd1e961ef4197a1383f081fcd3417b40c35d81a387ac7de49b158017823c7fbe,bracol-1285,teste,0,
bracol,1286,data/raw/bracol/bracol_completo/coffee-datasets/leaf/images/1286.jpg,1,ferrugem,2,1,1,0,0,1,2048,1024,afa7945a9c0cd85d69c395647d0f2449bfb7008cc40b4b4f9ff3ed0a4af5f843,ba87d126c57a0ef8de80b85f297c35e871a08a972693cf5a92ddc82cd948a5f1,bfebb9f1e0114027f5fb4aa386b02f5596925f469287250ed6d70a2eea42156c,bracol-1286,treino,0,
bracol,1287,data/raw/bracol/bracol_completo/coffee-datasets/leaf/images/1287.jpg,1,ferrugem,2,0,1,0,0,1,2048,1024,8e68fa777fee01563b13b21b0816edf23a0295f7acda3a7e36582cc94c3baf0d,adc6c98fd0b872388b5d96706d284e6374b7cd2523d221967ca9bb9a995c007f,aba6c983e17643bb95ae9b389ab435119e54b2bf825a37d4fedae2904249205d,bracol-1287,treino,0,
bracol,1288,data/raw/bracol/bracol_completo/coffee-datasets/leaf/images/1288.jpg,1,ferrugem,2,1,1,0,0,3,2048,1024,ba7004e897835977aa48173b0f61ef3d8790f8dbe9699ea4e78c5e8189f0b872,bffecb40d00524bd4bfd7a523d002569305fcf9493f84e1ac9803c69ad1f32e5,afff4bfcf4052d48a042fc8492e83603d3ed541fd154a25de2d5e2d9c3aaa168,bracol-1288,treino,0,
bracol,1289,data/raw/bracol/bracol_completo/coffee-datasets/leaf/images/1289.jpg,1,ferrugem,2,0,1,0,0,1,2048,1024,ef1871ff4352a6e722e601f904884c6a3a60fc26eb3eaadab3109e0f1cb85d19,bd0a601cc2fd17d34f03d82f3cbd0df432c27693c38f334d2718db34123d8db2,bffdf00cb42a03fdd691cb0082462f3fd32a053dab3d42b8d574bf10aa346b32,bracol-1289,val,0,
bracol,1290,data/raw/bracol/bracol_completo/coffee-datasets/leaf/images/1290.jpg,1,ferrugem,2,0,1,0,0,1,2048,1024,3e3de3e60bb1ed0fa41a6e98cd888d3c09161602eaaa751305f305dfab60085c,ab13cdf2907e701f9ee5a3c0d81856092dfe8c3c64857c0237dea3e7f20970cb,abd08d7af0075e0182e3aad7d7d075c0920ec0e9db0e70498b3d9fcfdb0c3e0d,bracol-1290,treino,0,
bracol,1291,data/raw/bracol/bracol_completo/coffee-datasets/leaf/images/1291.jpg,1,ferrugem,2,1,1,0,0,3,2048,1024,37bb2268361800adbef1e007db547494f7d6e3b13df1ded324689b4d099ce0c5,bc7eca4fd0b035a10f47da5674076d29b5f886d78b45f203ce9349ee257a3c00,be04ca1ff4342d5b82fc84a192c8b6a0d3eb06bfd31176d59091e751dbd1835b,bracol-1291,treino,0,
bracol,1292,data/raw/bracol/bracol_completo/coffee-datasets/leaf/images/1292.jpg,1,ferrugem,2,0,1,0,0,2,2048,1024,9f19577976e46fa9a1eb679ec44fd22f030326ad76c4f950c82ff6f2a9b188cd,be81d0f9c57b2f07daa595a639566a5465aad7eaa6953c81da1a05bfd8606a04,affbd01be1504adbd58985d986a93ff8d7910c01fedc68adc0067f25ca5e28a0,bracol-1292,treino,0,
bracol,1293,data/raw/bracol/bracol_completo/coffee-datasets/leaf/images/1293.jpg,1,ferrugem,2,0,1,0,1,2,2048,1024,a7c3e309cf29d163c845f535ea868c42f8ef485e8dc27bc118b497a3752fa69d,bc3999e6c291604dcbc087992c2e681232f899f1b37b38cbca83ce0e85de4ffc,bf13996df4027ae092ff907282f03cd6d562bc82a96344a14563af57ebe34f01,bracol-1293,val,0,
bracol,1294,data/raw/bracol/bracol_completo/coffee-datasets/leaf/images/1294.jpg,1,ferrugem,2,0,1,0,0,2,2048,1024,1eca5f73b00ebec9e2d04b3fa9f0671e4eb8fb0f1075c4936bae60c703783523,bd06e10fd0fe37f0cf49da6b2c9d0d7120d8cc86526733ceb7673304529413b6,bfe7d320b00603efd2d7d7e2935a2911db2a558f05656d97cabc259255386891,bracol-1294,treino,0,
bracol,1295,data/raw/bracol/bracol_completo/coffee-datasets/leaf/images/1295.jpg,1,ferrugem,2,0,1,0,0,1,2048,1024,15875ad8912b90e9eae92e452ba91ec0f1dfb8cb8d8d0434a1dabd19ef9e103e,bd4f6423d2b51ad24f4ad12d34f44fd0b08b265f838cb228cc3d9bb0b4f0cc9f,bbe5ec52b12706ab93d54e0283dbfe1ed30ab43ddba0943cdb1112388d1fda60,bracol-1295,treino,0,
bracol,1296,data/raw/bracol/bracol_completo/coffee-datasets/leaf/images/1296.jpg,1,ferrugem,2,0,1,0,0,1,2048,1024,09df5352b74f0d75d4fe2af3117961db1bf3b9c72f111b60467cb06faed26a6f,b8462469c2b59bd20f0bd92d7cfd0cf0b1c2644f270f33c26c38db3797f0cc38,bee5e552f0ee03abd3d54f02834bde3f9328ac3ddb28803cdb50d0380b35d368,bracol-1295,treino,0,
bracol,1297,data/raw/bracol/bracol_completo/coffee-datasets/leaf/images/1297.jpg,1,ferrugem,2,0,1,0,0,4,2048,1024,1c2ac4519beb453c06bcc4b20a3fddb953e91374b441d1e9b45197807eeaf932,bc259c78c1fe62a31a1395ce692b5e1f24b50d705ad2618f9b499ad4c9adc86b,bffe9c0fe0045ebd90ad885cd6f4f1409293d141de52abaf915349a0ee6911b6,bracol-1297,treino,0,
bracol,1298,data/raw/bracol/bracol_completo/coffee-datasets/leaf/images/1298.jpg,1,ferrugem,2,0,1,0,0,1,2048,1024,50cff2fe2e049b34059ecaedfbbfb6cbecbccbb0616c78c02a047725f5a38524,aa5cb22c85e8655a9e97d697787a895061e0d92b278727d4865f76cade40265d,fa8e914be05403ff85e2fe0386ab48be8615bef5de3a0840d67aff710a50486b,bracol-1298,treino,0,
bracol,1299,data/raw/bracol/bracol_completo/coffee-datasets/leaf/images/1299.jpg,1,ferrugem,2,0,1,0,1,1,2048,1024,cd09d60b444babc915a77019b70f813fd6f4c898d72be7142f82ae7fb08b8ddc,b81f96ccc5e068419fc707e7385fd91765a092f823966c03760a67cd8f7d6684,be919786e45ede9ac7ec005ecb816f50d74ba0498a2d74e99f3da0c4da286c55,bracol-1299,val,0,
bracol,1300,data/raw/bracol/bracol_completo/coffee-datasets/leaf/images/1300.jpg,1,ferrugem,2,0,1,0,1,2,2048,1024,dc3d9c4ae86097854634e394838337fe7590f92858915dc86f3168fe8b1e50d1,bce39366c0bf6e1e8f903db9711770e0734c8743bd2c6236ccd6ad4159a390a9,be709034f66242f782438b71cd2e7625ac554afe057a26109a8d775ad4efa276,bracol-1300,treino,0,
bracol,1301,data/raw/bracol/bracol_completo/coffee-datasets/leaf/images/1301.jpg,1,bicho_mineiro,1,1,1,0,0,1,2048,1024,bd5ec64212436173c0a3f0b0cf13c4877b05d8ad2f03d34490e8c7aa7a87826f,bd4f1d3bd0a4e0760b7287ce6d237c06368f21f83a5ce7034729127d8d37cd24,ba869d19e5427ea987fe4a7de6816750921b8b434e68c76bab5dcea1cd410435,bracol-1301,treino,0,
bracol,1302,data/raw/bracol/bracol_completo/coffee-datasets/leaf/images/1302.jpg,1,ferrugem,2,0,1,0,0,1,2048,1024,211e1ff563ced64760411cf6c8f0d995e8060358a692331d757fb8488644a048,e83432c985e2c3589e854f2fd85cec3c9de90cf26185f493678633ca265bb94d,eaa734f8a155b09585e812f4d6a2db4886170b4b8e1afb6b963f010dd620ffad,bracol-1302,treino,0,
bracol,1303,data/raw/bracol/bracol_completo/coffee-datasets/leaf/images/1303.jpg,1,ferrugem,2,0,1,0,0,2,2048,1024,a0c77909641a657bf062f8e341c47fbdd864a1d6685f0392a924a4f4a039b06a,fe152566916ad2a5cbd48f584d0b39892c3d709532daa34673c1c66e9b668e75,bfa82a64b5517560d02ae6a8d0f5a657dafcd6538344929a8f60ca59d6639b69,bracol-1303,treino,0,
bracol,1304,data/raw/bracol/bracol_completo/coffee-datasets/leaf/images/1304.jpg,1,ferrugem,2,1,1,0,0,2,2048,1024,afcfeb175584f48db17afa53871052c840e92dbf5bb4f823c227b14d633c01bb,ba03f96bc467c8c69f8097a4dc1d9a1529ec196870c3798167416bd762afb6aa,bff9f529e401c85982bbc438d7d0a7b58302c280972fb7df8b14ca0bda1a974e,bracol-1304,treino,0,
bracol,1305,data/raw/bracol/bracol_completo/coffee-datasets/leaf/images/1305.jpg,1,bicho_mineiro,1,1,0,0,0,1,2048,1024,09e94c1150d202079424d36d41d75850794a981904d9c198f28615bf7490dae1,bf02943fc0fd6f404f82d0873d2f16f812f0ed0fcb4767e0ccad90143dd250eb,bfd5d403b40b021fd2bfebc28255416ad76a8bfdc20545f497af0890c3f045fa,bracol-1305,teste,0,
bracol,1306,data/raw/bracol/bracol_completo/coffee-datasets/leaf/images/1306.jpg,1,ferrugem,2,0,1,0,0,2,2048,1024,aec7604dc773a8f0bc69c939d9ac67e738a5d5093de7cf397be806a8f3370cae,bd0c9ef3c2f4602f4b6387843533f84af29689f98768e536f80506cb3dba3849,bf8d9ff4a59e7814d6881c2a82dd2b7fda58c32a9878414c117db2fffa842260,bracol-1306,treino,0,
bracol,1307,data/raw/bracol/bracol_completo/coffee-datasets/leaf/images/1307.jpg,1,ferrugem,2,0,1,0,0,1,2048,1024,092d00b35c59f84253b14480c1325ea6e54ce70aad02339a8223d3f370f62a48,b9109f43c5ba686c8bc3ad6bd80b76953cfcc0da76843b29a35e9b256722b270,bbaf9731e007562c81eeca36d7e01f5382235d6ae7373c2b9f204c3f2c3215d0,bracol-1307,val,0,
bracol,1308,data/raw/bracol/bracol_completo/coffee-datasets/leaf/images/1308.jpg,1,ferrugem,2,0,1,0,0,4,2048,1024,fbd068f43feaf4c11899aa036f04183198f5759f383f2392230691d0fb85705a,bc0bcd93d1fc36614f43d06c642d0dd032d0db0f8f1a2569ce2ddab529f22d5a,affec9b4b502213190aed1fdc3f66a01c3c6d75a8b062a99c70a97598b477aa8,bracol-1308,treino,0,
bracol,1309,data/raw/bracol/bracol_completo/coffee-datasets/leaf/images/1309.jpg,1,ferrugem,2,0,1,0,1,2,2048,1024,9d03f74cca79863a7a63203cd8b9ac8c8b82293f94ecaa6946ee1f80c4992092,be43d137d0ec6b58cbccbc0b6d1974f831b7874072434b2d967e8d14cc6842bb,bee69161b46662fbd4ec03c68ec67742024ba307dece56278849a22ecfe94774,bracol-1309,teste,0,
bracol,1310,data/raw/bracol/bracol_completo/coffee-datasets/leaf/images/1310.jpg,1,bicho_mineiro,1,1,1,0,0,1,2048,1024,25292269652c843142e1d863fce0fd788f570a724a3f214978660979e65bff40,ad4ac2f3969c3e08da72d9c96521539626bcb662d84e47e1986ffd1921b061be,eaf5f066a55b06ad940cbe54c0ff06529ed00e6f5450a6799ac9504ba9cfaae9,bracol-1310,teste,0,
bracol,1311,data/raw/bracol/bracol_completo/coffee-datasets/leaf/images/1311.jpg,1,bicho_mineiro,1,1,1,0,0,2,2048,1024,99131d3ec665d0fceaa70d70c856218f9b8100c941ca54da288beae9587f910e,bd0892e0c2576d0f1fe2c4d9743ddac2cfdb9f754d20749430fa8f596600d827,af5c94fee40a7ce4d4948052c3df7fe087db8ae1c94865f7aae91803cd09ec81,bracol-1311,treino,0,
bracol,1312,data/raw/bracol/bracol_completo/coffee-datasets/leaf/images/1312.jpg,1,bicho_mineiro,1,1,1,0,0,2,2048,1024,6a7e1ba4565d0e75ec28c7c992524be0dad5ffc5b8ec382f99f9b55928979ee2,bf0ec0bbc0bc2f40cbd39c4e7d2378b436f4c15bd24873918d0f8de64cb33c24,bfc9c002f45963b484bba294d7997713828043bbdfdb2bb3dbc84243280f373b,bracol-1312,treino,0,
bracol,1313,data/raw/bracol/bracol_completo/coffee-datasets/leaf/images/1313.jpg,1,cercosporiose,4,0,0,0,1,1,2048,1024,0a8da66f7dcd164daba3d595464221f874b4ae66682b48ec2a46c7bf4b72d319,bbc695e9d02e6a598ff86d1b6c2130f62453d3c2772d9b0cc8b44cbca5725c91,bbeb8147f04556aa80fd1a90d7d4bb0a97ce581f884d5d3adbfc692a910459a5,bracol-1313,treino,0,
bracol,1314,data/raw/bracol/bracol_completo/coffee-datasets/leaf/images/1314.jpg,1,,5,0,1,0,0,2,2048,1024,916476ca1f424890a7de0b505c8a2dfc824d3c6fea7a6096a952697aa19afd1d,bd01c6b0d0fd6b4bcfa034af6c1730d83479c9e13231cd079b894ed4e8de364d,afbfa102b59852af9008cb74d01a237a9bff4561cb28a7f5d920e7b4c9247792,bracol-1314,,1,predominant_stress_5
bracol,1315,data/raw/bracol/bracol_completo/coffee-datasets/leaf/images/1315.jpg,1,ferrugem,2,0,1,0,0,3,2048,1024,1b9bb63e832247a82545cf350d2de07b15bd3b0635874c5928f3eb0885420402,bd319f3bc0d668440fc097fe341fda03b078c96dc3e164d4cf07324b741c3b35,bf759337f42a7f0092ffc85e92d0097b90ea8db5cd686db0adf55c90cc60a090,bracol-1315,treino,0,
bracol,1316,data/raw/bracol/bracol_completo/coffee-datasets/leaf/images/1316.jpg,1,bicho_mineiro,1,1,0,0,0,2,2048,1024,87d773cfd1551516c4b7faa2653a786ea1e7ab66676baf2c29cd481d19557c1b,ba51c5b4906a6f01d7a5924fac537a44456a717a27ed29b3c604d437e3169afc,abd5c49fb1426dded0bfd52a80182fadcbb3d7e4d591b790aa8142829013f553,bracol-1316,treino,0,
bracol,1317,data/raw/bracol/bracol_completo/coffee-datasets/leaf/images/1317.jpg,1,,5,0,1,0,1,3,2048,1024,8ee26f12bff3ac6c2e1f8e40970cf3387fc85f192531a543e971d6ec7ce01411,bc3892b9c5e26b439ea5647a301e26e11bfbc627f5018d160cfd7c8a7c48b353,bf1a94afe4143bf5c0fa5a53d778bb518a358229832a7b314f4541158186efba,bracol-1317,,1,predominant_stress_5
bracol,1318,data/raw/bracol/bracol_completo/coffee-datasets/leaf/images/1318.jpg,1,ferrugem,2,1,1,0,0,1,2048,1024,28ee4dea05417f07b390e081642dabdb321cc30aeee14038de2e721e01791e36,aa4cde4984fc13b69e83c99298732c7971baf62d7381a7d4231ec82e464a3d6d,abccce4de004372c84efd1e6c6f403f78e06dd00ce4f290b0e6adbaddc69351c,bracol-1318,treino,0,
bracol,1319,data/raw/bracol/bracol_completo/coffee-datasets/leaf/images/1319.jpg,1,ferrugem,2,0,1,0,1,1,2048,1024,0bf1ef788ece980392c1b4b049c56e9cfebf3b40f0325a34efdbc6274e649196,be18975ed0b97a058bd0a563cd0774b63c3686d674e0578b22d3cb6d67899134,be8e8517f5085aaa80bfab59c2d0715a8280e829c7db39ad838959a5d7ddbda2,bracol-1319,val,0,
bracol,1320,data/raw/bracol/bracol_completo/coffee-datasets/leaf/images/1320.jpg,1,ferrugem,2,1,1,0,0,4,2048,1024,c3eadd97a7b8705afea068141bb5eb652719825d08debe2a4781f29d43922fb4,b93898f083916fce5863b63c6c7c32f0a687e17b3b4c1fb8d874c69b259242e1,bbc39d08f1eb583c90bfebf8db0001c3df08e0bf29a5541acdb62a5d54827749,bracol-1320,val,0,
bracol,1321,data/raw/bracol/bracol_completo/coffee-datasets/leaf/images/1321.jpg,1,bicho_mineiro,1,1,1,0,0,1,2048,1024,69cedf38d492f5b783aec072816b45d3a9e5b5f0af1414f49dedbf0f8fdb3127,bf0886d0c09f780dcfc08be435276ed33a17b6069949736dc2b499bcc762ce93,bbd98509b5006ebf928ea81dca95614a991fcaadc13c737499b4d36cc794a36a,bracol-1321,treino,0,
bracol,1322,data/raw/bracol/bracol_completo/coffee-datasets/leaf/images/1322.jpg,1,bicho_mineiro,1,1,0,0,0,3,2048,1024,73dc760867c9dc4a8de61bc91f7b624d4a247361d66b9fa103595e22066951f3,bd7a97bec0a56b029fdb947d6c0a338030b58f5e43c4631d9b0344f44cff34c1,bb7d942ef02a7bc4b1b98a47c7c87b0bb7424b0f820aa97893df4f2ea602f034,bracol-1322,val,0,
bracol,1323,data/raw/bracol/bracol_completo/coffee-datasets/leaf/images/1323.jpg,1,cercosporiose,4,0,1,0,1,2,2048,1024,e326523a4327dbdb5485eeaa788ddca113d6fa1e6f727634bf6bc764b915ad15,bc57933b90e06117cbde17a8c909bc0f5cbd80f8a0d87e4153c994efa3457bc2,bf13907db43a6a4192f721feeb5a1fa04121a186eba55796950f8a12aabd511f,bracol-1323,treino,0,
bracol,1324,data/raw/bracol/bracol_completo/coffee-datasets/leaf/images/1324.jpg,1,bicho_mineiro,1,1,0,0,1,1,2048,1024,81a8add1857e512daeefdbec935811fbb5c46a20846dbd6719aeddcd6cbde512,bd4e9dbcd0b5605aded2c7e12d7f2e0774849c3033d831f81269f989cd106f14,bbd59f2af00b3e14d2b9981c82d460bcd75ad9f08bbf69b0dd01c9208b276ba5,bracol-1324,val,0,
bracol,1325,data/raw/bracol/bracol_completo/coffee-datasets/leaf/images/1325.jpg,1,ferrugem,2,0,1,0,1,1,2048,1024,cc8a46624861d29be04b39cb175e55b7901778af32183a55236505a8e818d174,b847c9dec5ee37099a9096f62c1aca4071b18dab21c76c957b4e37da969e3241,ba82c8cea1576fd895e82d06f2847eaf925f8495bed87eb0d45d8052b28863da,bracol-1325,treino,0,
bracol,1326,data/raw/bracol/bracol_completo/coffee-datasets/leaf/images/1326.jpg,1,ferrugem,2,1,1,0,0,4,2048,1024,dfd04b07bc956a3feb02a9518b17d887d8bf1dfd6d16f2d379e242cdb9550376,bff0972fd0036850c1ff2deb46fc3e91ae403a2f2527b03542b6c1faa691cec0,bbdf972abfba7adf9b00e942d9012d2098914012b00b76d9d81b655bf2ad595c,bracol-1326,val,0,
bracol,1327,data/raw/bracol/bracol_completo/coffee-datasets/leaf/images/1327.jpg,1,ferrugem,2,1,1,0,1,4,2048,1024,386affb56885d809881a20ecbbee623de8d5cecff8770022dcc834f4426f4d6e,bf40c31ed03f1f80cbf0bc1f4d013ce794b7786c335a35e0636d93d127244b39,abffe100b7c100afd000ebfd42df81fecb4a93aa2d6d5f149425ab005eb63732,bracol-1327,treino,0,
bracol,1328,data/raw/bracol/bracol_completo/coffee-datasets/leaf/images/1328.jpg,1,ferrugem,2,0,1,0,0,1,2048,1024,36f8d5927235d848ffad6d74d7911ee4bbcf43389f77e20ba628c5eb5ae11fe6,bac4c1b1954e3f53cab07c2f695321dc71abc7683607cb15d65cdcd2804a19b7,bea9d07aa4412bfd85ce5550c6cf3f29c28a36bfc6dd301dc69cf6d886183250,bracol-1328,treino,0,
bracol,1329,data/raw/bracol/bracol_completo/coffee-datasets/leaf/images/1329.jpg,1,ferrugem,2,0,1,0,0,2,2048,1024,7add0310a1868df07d12d71a2eb58b65c148b3a908f02d5ef6ac55da3e20c519,f8e46e4e946ea16c8fd116b37c0bcb1329fc0d397503fc8093c932e796ee7202,faea5e82b445e84f80ff954ed7f29ced82c310e4d741dfd4d204222282ec89f7,bracol-1329,treino,0,
bracol,1330,data/raw/bracol/bracol_completo/coffee-datasets/leaf/images/1330.jpg,1,ferrugem,2,0,1,0,1,2,2048,1024,6e0320fa3a8bb34992d15bf5b3bcd7c94baa2e56a9a8d6a4dc5c8d71d537e5fe,bf43e1b9d0b73fc0cffc9a172d0849ec32e4e581b406635a4cb3b738cc49c8a6,aff5e000b47661df96a2afb99e0546978f32a69ccc36725a883292fdcdd22360,bracol-1330,treino,0,
bracol,1331,data/raw/bracol/bracol_completo/coffee-datasets/leaf/images/1331.jpg,1,,5,0,1,0,1,1,2048,1024,6fc13891b9a9e1aa33a6288f825b9876caf8714f94603806e25ed43114cd9323,bf50c9b2d02e34afcbd5b2022d03635830bfe5a432f08c96c161d8da9f0fbf47,bfa8db21a055695bc0fbbd49d3e918acc340d1b5d749b98006a159c79235bbc7,bracol-1331,,1,predominant_stress_5
bracol,1332,data/raw/bracol/bracol_completo/coffee-datasets/leaf/images/1332.jpg,1,ferrugem,2,0,1,0,0,2,2048,1024,569d5cc82315aa61c3036e0f4759d3abdd4e699d2ee0c55fa814181d793d86e6,bd45c831d0ae27fccad0f00f2d3a23e474b18d6323d76c17b3ca841afa6c6359,baf8c878e041003fd5ebaff182a96d0982d584afde5622978e5e96de8e4872d2,bracol-1332,treino,0,
bracol,1333,data/raw/bracol/bracol_completo/coffee-datasets/leaf/images/1333.jpg,1,cercosporiose,4,0,1,0,1,1,2048,1024,e312164f827c62878a5e90a161bd095b27c754af7683bb11c266a9426f8a4404,be56c9f090eb1f87cb45301f2d2263e834b5e7853e5a8a56c269d821b5262ded,afabe00cb415897cd0dab578c3cb36a0c2c9d695d60dae5ec295565a925eb61a,bracol-1333,treino,0,
bracol,1334,data/raw/bracol/bracol_completo/coffee-datasets/leaf/images/1334.jpg,1,ferrugem,2,0,1,0,1,1,2048,1024,940326ca847e1224ebe2052447da195d75682793a088e12e7fed53d21f3bd44d,a899cccf85c17e80da26a03a2d564ba070eba18f32d17ccc8d5b9e49eeac673d,be8bc0c5b5d94fe1d2a9bc418bd5165e8d00be58cfae662cc514a724e7ae430e,bracol-1334,treino,0,
bracol,1335,data/raw/bracol/bracol_completo/coffee-datasets/leaf/images/1335.jpg,1,ferrugem,2,0,1,0,1,1,2048,1024,8fa515925bbedb31bd0571322a5404bd22e8025d9156a374c220c6a5ff41245a,bf1e94e9c0a16b561fc1873f6c0f72b1b630895acba16407b8c51ef66cfab041,af959478e41478fc96bc8ad6c37061009b6047ffc16fe385916d4bd5a9a3f601,bracol-1335,treino,0,
bracol,1336,data/raw/bracol/bracol_completo/coffee-datasets/leaf/images/1336.jpg,1,ferrugem,2,0,1,0,0,1,2048,1024,d5044b7bc999ee7d3eb8de36a1cc2cb0fbac9dba2d184e3de65ffe9af25821de,bd0a3d1cc0b4b0f54fc3c3e37c0d2d2f30fe30fcd30031c8253fc32fdc89c734,bf94d30cf40a2b4e90fdd7e8d3f42a14c342d5dfc34b2880cb2dd5bed7052d10,bracol-1336,treino,0,
bracol,1337,data/raw/bracol/bracol_completo/coffee-datasets/leaf/images/1337.jpg,1,ferrugem,2,0,1,0,0,1,2048,1024,3354bc911c4e6487d5d793fad34c0b5ded180ebfa1056004669ca2feabff58ef,bd139b9cc2b5606b8f4047e13c2d6c1f70d493f8b18bf909ce14868dc4faec5a,bba2970ef1107b8491fa901f8bf16bfcc74b81c0cc0b6b88cfbf550fcd20688e,bracol-1337,treino,0,
bracol,1338,data/raw/bracol/bracol_completo/coffee-datasets/leaf/images/1338.jpg,1,ferrugem,2,0,1,0,1,1,2048,1024,35de2b061a242aab2e1af389b1cbd41ca259bd6761f99ce71ec133915d5c43fc,bdca92c4c0956d2bcbf2ad11ae2450fa6657a9e5557a5286a995b78e554a4a1d,bdda92c4f003474ecbd7af2cc1f85604aa843e5e55dd2c29acfcbd5440a87aaa,bracol-1338,val,0,
bracol,1339,data/raw/bracol/bracol_completo/coffee-datasets/leaf/images/1339.jpg,1,ferrugem,2,0,1,0,0,1,2048,1024,4c284cf79129f47fc5139b612162da8973b946c0ef59a8729431f094c6080d10,bf17f81ec0e837e14bd2da233c0f897b30f05480d342324e678dd3ed9d0e9f30,bf87d407b46c02ffd2ec47cae244278bd16a9fc4932d6284df7e950608246bae,bracol-1339,treino,0,
bracol,1340,data/raw/bracol/bracol_completo/coffee-datasets/leaf/images/1340.jpg,1,ferrugem,2,0,1,0,0,3,2048,1024,583b4604532cf9b5914faf8fe852c9640b70f3178eb396ac8468c44732b962cf,bddbc27cd0872d01cbde03f74d28f0c22c74837f72dd582073ca8b7289178c9d,abd9d227f5683f5ad0850221d2c375fdcbd7a0748ba9a8b8292259aadd655515,bracol-1340,treino,0,
bracol,1341,data/raw/bracol/bracol_completo/coffee-datasets/leaf/images/1341.jpg,1,ferrugem,2,0,1,0,0,2,2048,1024,a37a791285c9bda8f6ac051c9da717498f112eff444012e911308447a7312d75,bc43c1e980ba2f96cb5dbe0e6d6a42fe74b1992132db59cdd90ca49e8c3c66c0,bff0d829b4ba407fd2949fe88b4240e5df6fa486c0256ed6c16655caaec62ac1,bracol-1341,treino,0,
bracol,1342,data/raw/bracol/bracol_completo/coffee-datasets/leaf/images/1342.jpg,1,ferrugem,2,0,1,0,0,4,2048,1024,9e7a3ca89947dc22c9026293a73c524a625676c6a55564b35832168cfcac8ac2,b81f31fc91f0ce86cb432d2f4ea5347c243e72b132d4396399af8d951928c69d,bfff2ffcb500d4029a95ac57d0089a2ad95dd17fa8059b41d4ae89b9c0578da8,bracol-1342,treino,0,
bracol,1343,data/raw/bracol/bracol_completo/coffee-datasets/leaf/images/1343.jpg,1,bicho_mineiro,1,1,1,0,0,3,2048,1024,5a69290722062702550af7e6ae6e408dbd22c90cb7c53d2e6ed886940a2b050a,b9fbc99bd0003e00cf0f926cc5ffe1277e81ce90b050345b39ff1a6d9b85b064,bbfcc137b1e37f03928114b092de26974bdf9ed29308b04bcb00d8599d1f21ed,bracol-1343,teste,0,
bracol,1344,data/raw/bracol/bracol_completo/coffee-datasets/leaf/images/1344.jpg,1,ferrugem,2,0,1,0,0,2,2048,1024,ad731b7ea967edff514293edba5f74b8d1498afe7fe9f020312cc3f18c3838d9,bc619f43d2f16036cb0785f02dac5e1b34929979326865a6e32138f2c7b3666f,bf7f87fab40c7be0d2bda802c2786527c13b18b4c59376f29bb91a434d00266b,bracol-1344,treino,0,
bracol,1345,data/raw/bracol/bracol_completo/coffee-datasets/leaf/images/1345.jpg,1,ferrugem,2,0,1,0,0,1,2048,1024,2114a7e5e87dc496879954d5f08517870ee035966d1f1e896166a5059fb5d5bc,babfcaaa85422d578fd5d2a9782a63d261f5cf0b27828c3cc62fd8b09a7030c7,fa8bd1aee1552b5583e9ad1ae781253d870eed14975f35a4d63805a296387592,bracol-1345,val,0,
bracol,1346,data/raw/bracol/bracol_completo/coffee-datasets/leaf/images/1346.jpg,1,ferrugem,2,0,1,0,1,3,2048,1024,562a32cba7699a90d75215896a271fddff3d06dd131c837f2b3aca7d4e944ac1,bf36c98fd0f33ed0cb49923b3c8d4b6134b036e6e3123096d32d1be8bc44ec31,af04c9c3b42668eec2bcb586cbd03997d34b185ebf497b38500b951c9afb1a38,bracol-1346,treino,0,
bracol,1347,data/raw/bracol/bracol_completo/coffee-datasets/leaf/images/1347.jpg,1,ferrugem,2,0,1,0,0,1,2048,1024,ab31062715775451a5b81746e572a84536e444741c2158d3fe7c33f0a07a3792,b84fe463d1e83a95cf16b01a6c3b81e1b0e16b1633da244fcb07d679cd2c8376,fa8be0c3a17347e8b5805e8786df2c12d6325c5bca08a47adf6d0809c56dfee1,bracol-1347,val,0,
bracol,1348,data/raw/bracol/bracol_completo/coffee-datasets/leaf/images/1348.jpg,1,ferrugem,2,0,1,0,1,1,2048,1024,d888bf05bed288d1967a80f12631a413b9c3df4b29b79dcf168bf527968d9d41,bb938dc7903f783c8be02e70ed16628334beb3d172c03989926b8d2ceb25cdb4,aaf980f3b4507d4390e9140bdafd7efd9b4892508f487a680dad9170cd876bac,bracol-1348,treino,0,
bracol,1349,data/raw/bracol/bracol_completo/coffee-datasets/leaf/images/1349.jpg,1,ferrugem,2,0,1,0,0,1,2048,1024,9f7f3344455e242e1692be430b687c7c9851a5faeb4d94542314638a6b134847,b811a47285e71f93ca06495c3d3cf0ed2dc1979460de37dbc304743f1b79f824,ffbfe078a5579774c2a007a6f2050357df4c1a1a9a7a1b08c0797370c16d3f32,bracol-1349,teste,0,
bracol,1350,data/raw/bracol/bracol_completo/coffee-datasets/leaf/images/1350.jpg,1,ferrugem,2,0,1,0,0,1,2048,1024,4782b862079f244ad74bba56679bff751b318552e423723db5dcc93e84f1d1bd,bf829bcdd0ad687c8f72a5804c0b869720f7ca7a72c135601b777896f528399b,bbb097d1f101523880ff4b5c9fc0096a8e06eda4af1e01a6c95eef8fd6ba590c,bracol-1350,val,0,
bracol,1351,data/raw/bracol/bracol_completo/coffee-datasets/leaf/images/1351.jpg,1,bicho_mineiro,1,1,0,0,0,1,2048,1024,44a0f05e379def900b3d59e02578577e740161695b809fe85d33b441de5c1caf,a9c89cfcc28669438f37e5b978781e0c93ccc9e6ce173c338e7866597065d18c,fa98950ff59d5ecc9589e0c4c3c079e099cf41a049e4b5b59f364a3e1472b716,bracol-1351,treino,0,
bracol,1352,data/raw/bracol/bracol_completo/coffee-datasets/leaf/images/1352.jpg,1,ferrugem,2,0,1,0,0,2,2048,1024,91ff8c260cd582126f86c80f809cb6587653413dd3961d75eb0c796a26c3273b,bd83db63d0173871cbf8c2fccc066780365e8697326df92933309877d19731e0,bfe6d3c3b4075be5d2bf9842cbd07a3fc96a8de1c9812db04db70c5185926882,bracol-1352,treino,0,
bracol,1353,data/raw/bracol/bracol_completo/coffee-datasets/leaf/images/1353.jpg,1,ferrugem,2,0,1,0,0,1,2048,1024,60c4d7252b3efa911cfe70250c20a9ad13e82479663544ec94f66e250e2161d3,ae819e6385fe787c9f846f08f85a658739e2b0f866151e4ec31ec76b6d086834,aefc867ee40cfe0490ae1207d2c46bfd8342c1408f4a6ba7da0fc787855f3d17,bracol-1353,treino,0,
bracol,1354,data/raw/bracol/bracol_completo/coffee-datasets/leaf/images/1354.jpg,1,ferrugem,2,0,1,0,0,1,2048,1024,f012736621c593fe6db67ef297a31993c4c6e4cd0707516e39c66f425c4e63d5,bf9cc70cd06e58a38bf3a9e16c0b3c2320bce7dcf3c061889b4fdbedcc301c22,bf998f1ce01d540881f8c3bfd7c0609092cfd3db5a4638499c7edf4968783c69,bracol-1354,val,0,
bracol,1355,data/raw/bracol/bracol_completo/coffee-datasets/leaf/images/1355.jpg,1,ferrugem,2,1,1,0,0,2,2048,1024,252a8c9c4714259042f6dec95a5c379f1e1dfcde953d9ada452696bab1bf38c2,ea6ccfcc854f7c0797a831f09a577391d95a839e1979680bd985917921972c65,eaaec0dfe0415ec3854c087f96a87cf8d687812d221d7fa5de7cf73532402287,bracol-1355,treino,0,
bracol,1356,data/raw/bracol/bracol_completo/coffee-datasets/leaf/images/1356.jpg,1,ferrugem,2,0,1,0,0,2,2048,1024,9b1a3947b5fe20af27d792e247cb8f750d102d1e31bcbf8c780b6d3403dff2c8,bd26db47902730e2cbf0d2fbcd096f480cbd4cad24d8cf1a32589a7ef36c9260,bfe6d3c3b4033b65d2bf9022dbd2ba37cb609562c9812fb909a74c11c5936c31,bracol-1352,treino,0,
bracol,1357,data/raw/bracol/bracol_completo/coffee-datasets/leaf/images/1357.jpg,1,cercosporiose,4,0,1,0,1,1,2048,1024,ddd2f84bbfec462ed9a1c61a3656f70142d2742f12b1d8e705280a215b281c2e,bd1896ccc09d78330f62c5f2643b9e0b32d8387cc90f71809db093dfcc774c3d,bf9d86dcf0083e8b81fce901c3e039fe9386c9a4cb867d679b0782634707b5e0,bracol-1357,treino,0,
bracol,1358,data/raw/bracol/bracol_completo/coffee-datasets/leaf/images/1358.jpg,1,ferrugem,2,0,1,0,1,1,2048,1024,43ee7d94bda737abed7064cc3017a9a2c11294e38dec806bc6ad835e9f055651,ba3b9db3c14060fc8fcac7447c164c3f31f290f0f3055a8b8f7ee71c6c2044be,bba38d71f035781681f9b0fffb815040835dfbcb5b0e010b852e6faf4d3c0586,bracol-1358,treino,0,
bracol,1359,data/raw/bracol/bracol_completo/coffee-datasets/leaf/images/1359.jpg,1,ferrugem,2,0,1,0,0,3,2048,1024,e0f00e9a4b044925d1151ecc1a7aa633dc23e81db8f5bb8ed3730c986c0314c8,a90dcb4c94e07ca68f3684f36c1f7b0a21f0c1ff33877c857f0884fa823d7a58,ab8bc35cb1d97fcf81f9c4299f817ffc865f841c92087e9cc7fc8452820066c3,bracol-1359,treino,0,
bracol,1360,data/raw/bracol/bracol_completo/coffee-datasets/leaf/images/1360.jpg,1,ferrugem,2,0,1,0,1,2,2048,1024,1c87d9ff51c192f9e194fb30c842ac9a7c0a0607c2d23a3fcdac654f6b4b2a96,bc669db4c6f162db1b1e874431a5783ff61385c04b78430ff487bc342ade01f2,bae19d6de4797833d60080fd827f40d4f578fed0cfe0445880078281ded66fd7,bracol-1360,treino,0,
bracol,1361,data/raw/bracol/bracol_completo/coffee-datasets/leaf/images/1361.jpg,1,cercosporiose,4,0,1,0,1,2,2048,1024,5471434418121c0f198863de7be075fa0186fce645d24812a84c40ac714183cc,bc0e9dc7c2bd7a708f3284ec7c3f378732c09179c16748b41fbc8e1b2c136349,bfc28dc2f4883b9192f5d81fc240686fd16f9534cb2562b6970693f38b964783,bracol-1361,teste,0,
bracol,1362,data/raw/bracol/bracol_completo/coffee-datasets/leaf/images/1362.jpg,1,bicho_mineiro,1,1,0,0,0,1,2048,1024,2b325bd17fb765677eeacf550b2cc7e78030c94f054bb8c88f92b279ffb9ecdf,bfc39967c0156f38cbf8f08f2d05636c305bc787316d2c1b5ba69cf8c6c321c0,bfc790c4f4030f7ed09d9d00c37e2c15c9e59cbea1e028fccbc0d4d8e5cb68d8,bracol-1362,treino,0,
bracol,1363,data/raw/bracol/bracol_completo/coffee-datasets/leaf/images/1363.jpg,1,ferrugem,2,0,1,0,0,1,2048,1024,62bfe793576bab0a31ff68e299259f062d96f8c9c1f70413b405c2ab5a8bbdfa,aa269d9395e7783cda99a34c6d1d568f24a4aa7470d2706a33539bc5d339e40e,aae78570b4635e3a90ffaa1fd2d0715a9342c3e9df0323e1930bc305c39da1e5,bracol-1363,treino,0,
bracol,1364,data/raw/bracol/bracol_completo/coffee-datasets/leaf/images/1364.jpg,1,ferrugem,2,0,1,0,0,1,2048,1024,8f7f0b2cd3bb4585d3ec1d07bec5be84b35f133b3002d1626a60aa02fb8ed68b,bd47cc4cc338b2931c113b2d60ebe47e6706cfb09b381a5dc0cff0c376646f84,eb82dab9c5fce5639f5437f5107d209fc10de5c8efda6fd20c37180fc801d008,bracol-1364,treino,0,
bracol,1365,data/raw/bracol/bracol_completo/coffee-datasets/leaf/images/1365.jpg,1,ferrugem,2,0,1,0,0,1,2048,1024,25c2939e8b9fbe25e48948b1e5268e6542a75133967a69590802c379b2513fac,ba1ecc1e91ac77c1cbc3d0716c0b3f2324bde417bb5072d801afa3419b865da7,be0c890eb41c47c692fce286dbd070da81439fcbdfaf590181879d2fdf965824,bracol-1365,treino,0,
bracol,1366,data/raw/bracol/bracol_completo/coffee-datasets/leaf/images/1366.jpg,1,ferrugem,2,0,1,0,0,1,2048,1024,af8769167ad5c4d41c798ce5e152cb0c87e86af81639bed04e68cbe4e06bbf79,aacfcc61958c1fbacbb0f0470d1b09ebf4a16c8132f6369eff42934cc02fe960,eacbc0d2b54905b8d0ecfe841295b71fdfd6920eeb4ae37c8528da482b7f0168,bracol-1366,treino,0,
bracol,1367,data/raw/bracol/bracol_completo/coffee-datasets/leaf/images/1367.jpg,1,ferrugem,2,0,1,0,0,1,2048,1024,abc93f4fbdcaae2864bd5afde3c0febd50b4447652c2e6d1cfa2f58fe6b4007b,bb639679c5fb79070f0c85e2606c2c0f33e196f833376b11cb10d5a9c4ed28da,bb719619f0327b0887b4113dc7026bb0cb9b95aac54961938a8dba9bc79c755b,bracol-1367,teste,0,
bracol,1368,data/raw/bracol/bracol_completo/coffee-datasets/leaf/images/1368.jpg,1,ferrugem,2,0,1,0,0,1,2048,1024,469af25169df4160ff4a67364dfe52522e28024d6a47747470ac5e6b17c24a22,b9f38c7f90854be0cbde899f6d293e8c34f520f332c27028b7498397cb24df02,ba73b607b43152f792c5c950d3c6792d83c1cb27c36437978927c1964d072b9e,bracol-1368,treino,0,
bracol,1369,data/raw/bracol/bracol_completo/coffee-datasets/leaf/images/1369.jpg,1,ferrugem,2,0,1,0,1,1,2048,1024,b88c3e9d02a853b4144a7447028f6a31909247cbfd379fdca7824d9c7bbb6a41,a99ecdee95267a1e9a71e1d3694b0f8d65acbc34668621e2124ef20798690e7e,e8c7c566a5471faf90a7fa1492f4505a9242ffea1f4b43409f2f93bb4a2d6210,bracol-1369,treino,0,
bracol,1370,data/raw/bracol/bracol_completo/coffee-datasets/leaf/images/1370.jpg,1,saudavel,0,0,0,0,0,0,2048,1024,73a64a0387fa17f587600114525810a0865ae365786369e2494de7fb9eb0d97d,a9c3cb8194233c798afcd2bdc90e0f421dacc52ff98468f430fb3cf288f03cd3,eaf2c5c3a4731ed39432fc19c6b606be871587fdc3d32780c30be21be20b6319,bracol-1370,treino,0,
bracol,1371,data/raw/bracol/bracol_completo/coffee-datasets/leaf/images/1371.jpg,1,ferrugem,2,0,1,0,0,1,2048,1024,53232d0decaa764c7010dfb938f63c1baa38389309e387bce85c7c2f8af013d6,bd41e5c6d2bd9e7ccbc6b9192d2e63e560b4b0c63340369fc26d931bd30c4331,baf3e1c1a473c4ef96abbe849391171ec2129a9ed35b537a8308896ad70d6361,bracol-1371,treino,0,
bracol,1372,data/raw/bracol/bracol_completo/coffee-datasets/leaf/images/1372.jpg,1,ferrugem,2,0,1,0,1,1,2048,1024,0f87a399112611a5f484d97d1ec53e37b6ceaeaefa8fae62546df40f2b6ad5c1,bd878dccd27478738f7885e06c0ff29330f28b5dfb413c248f2f82f2e4907701,bd8185cef0a37a8190ff0a4ffb603d4c83604805ff6734f69a27c070f566b0f6,bracol-1372,treino,0,
bracol,1373,data/raw/bracol/bracol_completo/coffee-datasets/leaf/images/1373.jpg,1,ferrugem,2,0,1,0,0,1,2048,1024,f605300836eb2465be35dcba1453c85cf6ef62b3241cc82f1ed2ca27c9991fb4,ab5ccacc95ad39039ad363f2a97b6e1275a9042f2395e1c0f6ca97ce8e790819,ea9ece9ba15c3e0195ea81fb8685f9e8def585c584502e079e799e5c8e592c10,bracol-1373,treino,0,
bracol,1374,data/raw/bracol/bracol_completo/coffee-datasets/leaf/images/1374.jpg,1,ferrugem,2,0,1,0,0,1,2048,1024,924f9a170cf69bb823a9affa51dd094ba1096d6ce34b2e6994fc8aef9e875864,a9439dcc94be7a5b8f54a5e16d0b361730f483fe63c27961160f8767c9381e12,fae981cba0417f8a854ec0bdc3eb7afc8785a2d0c6823fca831fb405db0a742f,bracol-1374,treino,0,
bracol,1375,data/raw/bracol/bracol_completo/coffee-datasets/leaf/images/1375.jpg,1,ferrugem,2,0,1,0,0,1,2048,1024,a71571eb493bf8d400f636d84f9646f4c0b61d2921109e5cd39f7bdf1520b7c6,b76c36d9c2e6d256cb5b6d263cbdda1661d296c9370c4949274c2da498d4d916,fe992fb7a1d8b536c7a822f286855a53c6966a539472590accb1a56a9cb392ac,bracol-1375,teste,0,
bracol,1376,data/raw/bracol/bracol_completo/coffee-datasets/leaf/images/1376.jpg,1,ferrugem,2,0,1,0,0,1,2048,1024,7cc98845b6fee6a631acb108a64a5523fcbdaae606cc842c95d545b5e6d02a42,ab5895e0909b7a17cbcca1c84c27768434f03a5f61cfd3281fa7c397e22dd493,aa9f847fb5125e20d0e7aa12c3c1e17e8b69a1e1cb0d71f4d32d4a83c39e7513,bracol-1376,treino,0,
bracol,1377,data/raw/bracol/bracol_completo/coffee-datasets/leaf/images/1377.jpg,1,ferrugem,2,0,1,0,1,1,2048,1024,77fab8f0056b4d07878717cd8834a34ca1bbe5e3c222e630fe08c50852838321,a99da558953856a79e87d856687a9d6921e0e807a79727dcf218f60a2e69127d,e88ca55ef11d07a9c7a5fe0182de525e9fd00a78922bfb7881296861d3fd4369,bracol-1377,treino,0,
bracol,1378,data/raw/bracol/bracol_completo/coffee-datasets/leaf/images/1378.jpg,1,ferrugem,2,1,1,0,0,1,2048,1024,5b8db91821044db221fa9714784544b753c9763737cb14717fd80d6572c2e5cd,b91b967cd2996802cfc6a5e46c6ef29f36c09f78213f40a59318ecc2c3d946cd,bb36967eb1335a0393b00971c31761689f18efb5cff2479681d9c08b4c09e79c,bracol-1378,val,0,
bracol,1379,data/raw/bracol/bracol_completo/coffee-datasets/leaf/images/1379.jpg,1,,5,0,1,0,1,1,2048,1024,2090a42dcca713eab2a1184da1c9b855152cbb4352d7becbbca22e70a90c3371,bc789c71c3076b078fc6a5fc783c9a01217b497fe780edc0ce4e66af19643b10,bc3f947ff4115a0183f0497bc1a8adb0dbd7e492a048e0c1dd7de7ddb2ec5040,bracol-1379,,1,predominant_stress_5
bracol,1380,data/raw/bracol/bracol_completo/coffee-datasets/leaf/images/1380.jpg,1,,5,0,1,0,1,1,2048,1024,a61c33f3bbb5df46cfbd3b7dd263557e68008b14a3068caa126d8e63aad0827b,bcd7c4e1d2c95b3acb74e436cf0233d09497e14b60f8bfa9b1690e1401a5dd3a,a8ab84d3b5d11af392fba803d2d13df993530a210f0b3bd59f2dc1eb483ca165,bracol-1380,,1,predominant_stress_5
bracol,1381,data/raw/bracol/bracol_completo/coffee-datasets/leaf/images/1381.jpg,1,ferrugem,2,1,1,0,0,2,2048,1024,218dad7117f615f852185f8eb60bbd3b07c44cbb7d1bea755447c77d54e6c3fe,bb81cd04943a78fbcff9e3c56d041f0030fe903ef2c149c09f4ba60fed3d6226,bbe88becb0611c3690fff817d2a258fa9ac190d09b527ed29b4b9c83884b7c8b,bracol-1381,treino,0,
bracol,1382,data/raw/bracol/bracol_completo/coffee-datasets/leaf/images/1382.jpg,1,ferrugem,2,0,1,0,0,2,2048,1024,20d035e154d521cb39721f958340e8e09f197c796d018c3a63f9cf971df12607,ab23c699913c19e1cac7b8650f4b2d46e82ce4ab37b663903b43931bb07b3979,abbec79cb1043019d1a7f50c83f112afcad89ef49f11ba500bcb5a4b90c9b16f,bracol-1382,treino,0,
bracol,1383,data/raw/bracol/bracol_completo/coffee-datasets/leaf/images/1383.jpg,1,ferrugem,2,0,1,0,0,1,2048,1024,b94aed8bfc449fc79bbe1b21525ec2340f30500519dab994ba025344823d6ad1,be3ee038d1c107c3ce0c980e077e7ce7260704feb870234178bffb2511cce39f,bf3ce070b1e347c3da138638db7b3702c51ebf0b0098473dccf89933d7cc4438,bracol-1383,teste,0,
bracol,1384,data/raw/bracol/bracol_completo/coffee-datasets/leaf/images/1384.jpg,1,ferrugem,2,0,1,0,0,1,2048,1024,8056ec7400de40b0676c00a6fb2d70f39fec91d40f54882f67c542933f83c5e3,ea56de7285aa31059ebdc38df85b6c5c61e894ea668765c7267012bbc662f118,eaa3c676e5543e3785aad162978163a3861e9311d65e7b1e0a7213189b43e3f9,bracol-1384,teste,0,
bracol,1385,data/raw/bracol/bracol_completo/coffee-datasets/leaf/images/1385.jpg,1,ferrugem,2,0,1,0,0,1,2048,1024,dd797a74129efa3f51f46aeabfe81690af9808d0f1688a9fba263d3b6aea3b61,eaec864695077a7c4ab1c11b6d190db871cdfe0792d4136eec32fa8c8d394c33,eaee85c6b54e16e6d3c4fe1783e46d53dea80f3b4805ed39843a45316e12a0b9,bracol-1385,val,0,
bracol,1386,data/raw/bracol/bracol_completo/coffee-datasets/leaf/images/1386.jpg,1,ferrugem,2,0,1,0,1,1,2048,1024,3deff5c4272d98246ce6cb73ea1afd74c69dd52778593b654032db5efaa71059,ad23da6396b0321bcb0ba18cecec4a8d34f4bc74730b26e3e33ce34bce313325,eb708669b53f5e3793b0a056c35247f2c30ffa071f39315a3e15f92c48383165,bracol-1386,treino,0,
bracol,1387,data/raw/bracol/bracol_completo/coffee-datasets/leaf/images/1387.jpg,1,cercosporiose,4,0,1,0,1,1,2048,1024,0068aa8359f867aae7266bc52c1fd26407e8e8c89967c0bc3da6a20001c1e2f4,be38b99381a3c27c6fc78fc3f42c703f13f393c0d90bce0f26bc1cf0d0423247,bf0c91b3f00e581383fcf95bcbc02128c1cfefb5cac1619efd4b829a0c0b77c8,bracol-1387,treino,0,
bracol,1388,data/raw/bracol/bracol_completo/coffee-datasets/leaf/images/1388.jpg,1,ferrugem,2,0,1,0,1,3,2048,1024,c67b518e5be7552f891a7f27ca6f68a6a568b9852048f3c892a0df095d9d7bea,e892c4d39789382e6a65c3e425360c1bd2b9b4b3cf4f33d96c339f0994e58cd4,e8a4c5b295941e12d0fa2c67cbc9703f4f59b561cd2f52e075bdb0c788b842d3,bracol-1388,val,0,
bracol,1389,data/raw/bracol/bracol_completo/coffee-datasets/leaf/images/1389.jpg,1,ferrugem,2,0,1,0,0,1,2048,1024,dd96bc31b787592f6122c0be5f00d8ad9c63f08004887004f9a31d192ec80f6c,bc299e19c3d461e64f0697e634ff3e1b3301c1b8c13c65c7ce821e263c792979,bf109f99b0197b1893fdc11fc10e60bcd1acd5f4c3f422c2c382d5c0e5c76ae5,bracol-1389,treino,0,
bracol,1390,data/raw/bracol/bracol_completo/coffee-datasets/leaf/images/1390.jpg,1,ferrugem,2,0,1,0,1,2,2048,1024,efe49f59d69590bc4850605c9a16d1dfdc750fff8d573dbfe609be9d86736245,bfded41cd0014be6ca7ceca30f082e193c05c3fd30fe7142f9c189c59fa11c3e,bf87b61bb54203ccd0a8d1ef80df7bc0cbc999e09fe03965c9b098a79db0b806,bracol-1390,treino,0,
bracol,1391,data/raw/bracol/bracol_completo/coffee-datasets/leaf/images/1391.jpg,1,ferrugem,2,0,1,0,1,2,2048,1024,59002e92d8b980a56aec746b746b553e24f268c31ba26179bfb39d750ea4f0b9,af52caf2d00d3d0d0bf822dc7c07772060fec32fb348be500f1518fd583e73e8,aff4caf5f4057d02c35e0037c348b6f487f5a6908a05b2a99e3f3ecb9e3a880a,bracol-1391,teste,0,
bracol,1392,data/raw/bracol/bracol_completo/coffee-datasets/leaf/images/1392.jpg,1,bicho_mineiro,1,1,0,0,1,2,2048,1024,e084ef51a0d78dabdec2c1f332ef6b7c30aba071e9ba147d605af4249a21593a,abf39c64d008605f0ffcf7a03c4a095ff0f3f82c063a67c0db0d321f2ce4fc2a,aaf09ffcf530284082b5fc3f920a24fccf7a105093fd3e91cab13beb130a665a,bracol-1392,treino,0,
bracol,1393,data/raw/bracol/bracol_completo/coffee-datasets/leaf/images/1393.jpg,1,cercosporiose,4,0,1,0,1,1,2048,1024,c0f1baf7b9c4f8c266e720ac15508eb4bb9e85bbd7636d883c9baad9c4818e27,ea929733857270a99eadef4c79546c0c35a2a0f166357b938e628b3bca4d7928,eab297b3e0573c3385fb90bbc6ab73919e758383cad06b5b9b5b8158c2087818,bracol-1393,treino,0,
bracol,1394,data/raw/bracol/bracol_completo/coffee-datasets/leaf/images/1394.jpg,1,,5,1,1,0,0,1,2048,1024,cf94b60b5a44d01de7df90a8cfabfdd4b1785aecb17aa2c8f2cc66a198e8d3df,bb70b663c031683c0fdec78c648c2ee712fef07498730be170a1dc1b879ec2dc,bb749070f0381a31d03d8f7803f87d298791c8b7c7c8245fcb89cfe8c54db6c5,bracol-1394,,1,predominant_stress_5
bracol,1395,data/raw/bracol/bracol_completo/coffee-datasets/leaf/images/1395.jpg,1,ferrugem,2,1,1,0,0,2,2048,1024,e3581d9d511a8489d38f69b2ac23efd6c55efb20eb1e1925c156aeee0bea04c2,be4dbcc6c5b271719e56c7ad38094d1321f004fee68ef3813e30133fc863ee14,bec885c4e15b9ae687ee945ed60113f21e3f5203ce2cfade927a824ac870379c,bracol-1395,val,0,
bracol,1396,data/raw/bracol/bracol_completo/coffee-datasets/leaf/images/1396.jpg,1,ferrugem,2,0,1,0,1,3,2048,1024,01ebe6fd5854064cae3d8d7dab9353e27f37b01077b0ef1085aed2e2a953deb9,a87d9e6c858271275a9727d9297a746ef423dec0479409df917a8d076c6176b0,ea7a9e5ea47d7866f608ffe0debc67bf12bd911d93514214c2e0917083416a70,bracol-1396,treino,0,
bracol,1397,data/raw/bracol/bracol_completo/coffee-datasets/leaf/images/1397.jpg,1,ferrugem,2,0,1,0,0,1,2048,1024,484449645eb79aa3a4fe8ded083d445a7f3b47bf82072de008dd7d643864f410,aa81d5f9857f9e1cd6a0897eca57750b1d2a21a728e56096b4c426da36d67659,aafac49ca55037ded46f9203c2acfecfd3d5805c0bc21b489b4a9be1cb4b70c1,bracol-1397,treino,0,
bracol,1398,data/raw/bracol/bracol_completo/coffee-datasets/leaf/images/1398.jpg,1,ferrugem,2,0,1,0,0,2,2048,1024,88fae734a78d3abfe049be94fcdfed84f385da31cac74465b79f300c65fbae1b,ab84cf0c946e1cfedb83f0136d3b27f274a0ce0536d6ce7cd26a94a80f356911,abe8c38da44d0d4f97eddf88928014bdda569454824e7ed8db02925ebf5f6248,bracol-1398,val,0,
bracol,1399,data/raw/bracol/bracol_completo/coffee-datasets/leaf/images/1399.jpg,1,ferrugem,2,0,1,0,0,1,2048,1024,0d6ce9ae28a6b4b3bdb4a10f3c98037c893298a50631225885957cfb0eb63753,bc8f9667d2d47820cf3081fc6c387e0332c30c7e336f71a0dc2491d3ccdb4caf,bdc386c6b0cb5e4492d6887ed16b756e9b6480b0492675f2bfb68bf341307503,bracol-1399,treino,0,
bracol,1400,data/raw/bracol/bracol_completo/coffee-datasets/leaf/images/1400.jpg,1,ferrugem,2,0,1,0,0,1,2048,1024,4081627dd4193e0f8741e8ea36b866d0afd7a2a72ae6404674c2928363c56f3b,be3ccd1b91f95ac0cbc4e07e6c261eac20f5e712d3c86339390d9b211cbc1e57,bf8ac712b11e17fbd09cea1491df39189bc99b2f0d091a358d0f9329c897b30b,bracol-1400,teste,0,
bracol,1401,data/raw/bracol/bracol_completo/coffee-datasets/leaf/images/1401.jpg,1,ferrugem,2,1,1,0,0,4,2048,1024,3cfe05610b885be14515764d66a233dea754e44f9090cca62b32f2d1425528bc,aa09c6b9856e38c6d7a29c26b81661b765eae70266c5269fb6f898509e5e4be4,aec9c799a54f2058c7f895c8f6803e89179f947d9f53229c4a3edee293720443,bracol-1401,treino,0,
bracol,1402,data/raw/bracol/bracol_completo/coffee-datasets/leaf/images/1402.jpg,1,ferrugem,2,0,1,0,1,2,2048,1024,182a743dd555bea0dc8e6bb33e74b81323b646f2980d6fc4808bced4778e3874,ba4799e6857a64191e9c87e8717a780643a381e3965efc1df84c82b811e77d63,bbf199f3f1737813cbc1c1f1807b8580ed60ef19c8a5820d040f054dcfde7bc5,bracol-1402,treino,0,
bracol,1403,data/raw/bracol/bracol_completo/coffee-datasets/leaf/images/1403.jpg,1,cercosporiose,4,0,1,0,1,3,2048,1024,a35277a6ecba9e8456b8795a3556fa491ff69d61ad4d59e50b8784979ffd7c40,aec4b71bc0aed2e48f714f4bac294c3f34f670f066c833c34369f08c1f248f3c,beeea751f444f02282f5b07cc3de9368cb08fd64832d9146cfa6c7a74a068f86,bracol-1403,treino,0,
bracol,1404,data/raw/bracol/bracol_completo/coffee-datasets/leaf/images/1404.jpg,1,cercosporiose,4,0,0,0,1,1,2048,1024,df29fe63b2851370b9515ba9ad8a731875897a46232527df41f11b52ff8c073c,b933be69c772419c9e8e0fc2184cdc3f61ed90f067b473876612b31c02db6738,bb38bf78e135f00c87f612fcc7817bd09e1613070c327f4f9e7b5a7848612268,bracol-1404,treino,0,
bracol,1405,data/raw/bracol/bracol_completo/coffee-datasets/leaf/images/1405.jpg,1,ferrugem,2,0,1,0,0,1,2048,1024,6208faeeb73e88afe7989a81598c67bcc0924ea622df252c9e9182785ecd23c9,ec66c47392973b8c6f18c1df34e42f22da76927a8f0969cd709c8d869942707b,faedc46494601f64d0a7b6148bd6721a470aa2facf854f9d653eab81871745c7,bracol-1405,treino,0,
bracol,1406,data/raw/bracol/bracol_completo/coffee-datasets/leaf/images/1406.jpg,1,ferrugem,2,0,1,0,0,1,2048,1024,aef5c28af1ad9e9a95fef8c3a345bb5ab8c06fbd545f9c204b7a3b9034e56568,a966cf27941b78584b9887cd6566f10712e7037acb5afe013d0885eee0f4f934,ea6787e7b4627a3290fa803fd2d17f1297d2050b860b6abdd7dfc53cc0006a9c,bracol-1406,treino,0,
bracol,1407,data/raw/bracol/bracol_completo/coffee-datasets/leaf/images/1407.jpg,1,ferrugem,2,1,1,0,0,1,2048,1024,b730140d680c494272d3fee19a1f31626830cf16fb317875bd04ca781f9d5234,a853c5da97a53c63caded2bd0d4b794260b187ad27127696638ee67a90783a61,af9dc0c3b52c075bd2a087a883d37e95c16b870a9f2d3a294f289f3d9c2cf03c,bracol-1407,treino,0,
bracol,1408,data/raw/bracol/bracol_completo/coffee-datasets/leaf/images/1408.jpg,1,ferrugem,2,0,1,0,1,1,2048,1024,5898e98ffb5e60d30696152c765121605220fd5359bf6d1a953217fddfee1dd0,eb23c665942f3e928bdcc098cd0b49cb38fdeda136612c166727e25ac70b3731,ea7bc259bf5317689403af2e97ed7783c384929583d7359cca10943eb8143c5a,bracol-1408,val,0,
bracol,1409,data/raw/bracol/bracol_completo/coffee-datasets/leaf/images/1409.jpg,1,ferrugem,2,0,1,0,1,2,2048,1024,111bac98a0bb826f981b5372d0edbd661f70b540d1c65392ed210688c5679708,e8c6c66693bd3c38cb12d0db3d2b29c860c5ce871768767ace029b61983bf18f,eef5c071b4490feed2adc7a0925e7e15c3fe061adf50365f02205e68d8e3b061,bracol-1409,treino,0,
bracol,1410,data/raw/bracol/bracol_completo/coffee-datasets/leaf/images/1410.jpg,1,cercosporiose,4,0,0,0,1,1,2048,1024,8241d5dcaf11ff6d731a0d09d628f37516b9531595eb66548c350293de0c7345,a9438cc792bd73382e0ecbc2f1e76c6f1b1187c0c6bc391e6d4349b092e4b4cf,bbf18cf1d0397c210f0982fdd4bd9021a4d82f94dfddd7d9d63eb49aa8180a0c,bracol-1410,val,0,
bracol,1411,data/raw/bracol/bracol_completo/coffee-datasets/leaf/images/1411.jpg,1,ferrugem,2,0,1,0,0,1,2048,1024,e312bb16a04f62fe41d915d89f054e3cfc0b25240fe9743f187a09e44dc8253b,a862c76696913c094bd8e1fc3c2f9f0792f2c4fdc30a3c580d3d93df34e26b22,ae63c064b5233f6092b3c420d1747e77cb6d8a1ac128355b6f4d5bddc68db129,bracol-1411,val,0,
bracol,1412,data/raw/bracol/bracol_completo/coffee-datasets/leaf/images/1412.jpg,1,bicho_mineiro,1,1,1,0,0,1,2048,1024,c7cc4ee00da71b93c3f5cde937955102fa660855a76b5d929c23a03e2bc907f5,a523c61f92bf78608b40e5a47cbc369625c0db6966a71d251b5acca6cd39b6cc,af7bc7d1f4001a1983ffc908d7a12d3d9a94cdb0cf5ab0b59b0bcd90e01f3382,bracol-1412,treino,0,
bracol,1413,data/raw/bracol/bracol_completo/coffee-datasets/leaf/images/1413.jpg,1,ferrugem,2,0,1,0,0,2,2048,1024,b15ef7d14c3dd22a77bb7fed0874ec86f60871b292fc4e9fc475365f6f20de17,abf69fb1901878008acfe3bf6d436f4034b8007f23d6bc10fb1b9ada91a8e587,bbee8770b01e1eda940b90078ba57c3edbc405dcc14a6fe8cbebf100996161ed,bracol-1413,teste,0,
bracol,1414,data/raw/bracol/bracol_completo/coffee-datasets/leaf/images/1414.jpg,1,ferrugem,2,0,1,0,1,1,2048,1024,2b2fbf8f85a39e0e0d757354823a3fe38b55709f73abc81b130a0895792f94c4,a958dcfd96877802dad2a54f693a5e2d27859a5ac2cee1a99e480d9e4ca7ac52,ea8f8449a5481ebc92eda854d2c4617a9a5e61a1de4e2fa59e2f5d07ce2c683e,bracol-1414,treino,0,
bracol,1415,data/raw/bracol/bracol_completo/coffee-datasets/leaf/images/1415.jpg,1,,5,1,1,0,0,1,2048,1024,8df2eebc5d3b40a9b8c872a189879519c98c7f2177e21cb02edd7427f9f6ec48,af98ccd9923d3ee74b40a4062caf62b8f0908f1b534a70998d258bf67cb66567,abffc91bb5001cb9d2bfaf90c3507492834890dbdf2d60498f259f69181e7b2c,bracol-1415,,1,predominant_stress_5
bracol,1416,data/raw/bracol/bracol_completo/coffee-datasets/leaf/images/1416.jpg,1,cercosporiose,4,0,1,0,1,1,2048,1024,386bc84c52a209fd9acbe267cc177eb66294935999284865215aebc07efd34e4,b86cd90c90df70f6cf83c3013c3f2c3f32f8d4b033423b58e1a7d18f8e482d97,bf6f8f4eb4017427d0fed4f789f20a40f1e3d56b09a16ae1cdc185510e8178ea,bracol-1416,teste,0,
bracol,1417,data/raw/bracol/bracol_completo/coffee-datasets/leaf/images/1417.jpg,1,cercosporiose,4,0,0,0,1,1,2048,1024,968134df9b0a73689a35acca67cb4e0db56a018ce6c82c89ca0f0e9f3cdbeb0a,b8438c70c1a56f8c8f1c7078787b87c767e5de1e621609f8998374832a7f265e,bed18e1bf06843f182f5c741f7c06a078303d73e975e2818ca0cdfbe973e2d10,bracol-1417,val,0,
bracol,1418,data/raw/bracol/bracol_completo/coffee-datasets/leaf/images/1418.jpg,1,ferrugem,2,0,1,0,0,1,2048,1024,982c03d7c595a2860b265cbb2bb504321ea03ea488f5c24d6d63755df1f8daed,bf00c4fcd0ff3f03cf40b07f64bcb2d0324ecf03d9bdc4340d903e58724f31a9,bfffe40fb40107a7d0b786f7c956f740e16a8323cae549b5c16089a3cb645912,bracol-1418,treino,0,
bracol,1419,data/raw/bracol/bracol_completo/coffee-datasets/leaf/images/1419.jpg,1,ferrugem,2,0,1,0,0,1,2048,1024,a7d76c7616bbc02a3fb71e3d260263bb17e5452ae80a7f304e9fe376188f4e12,af3ece63d41035cbc3df9085dec0195e0c53cb109a3fb3ad312265a751766754,af1fc671b51825d3c08ff4a1d1ef34d3c4d04c57cadc9e16868a9c0accca195f,bracol-1419,treino,0,
bracol,1420,data/raw/bracol/bracol_completo/coffee-datasets/leaf/images/1420.jpg,1,ferrugem,2,1,1,0,0,1,2048,1024,57c049bbcb1b88c75023269c2daf22a0ca91876eb73ba104c28ff55548dee480,af4ccdcc90265a83cbf329716d03743d24bfb71432d4534ab1e6c1ed5f240cb3,afcec3cfb50c5f8490ec12dc93e470d6c340f06bcb4a39e5cb09bdc09d2f2c07,bracol-1420,treino,0,
bracol,1421,data/raw/bracol/bracol_completo/coffee-datasets/leaf/images/1421.jpg,1,bicho_mineiro,1,1,1,0,0,1,2048,1024,843bfe195620cd66a67e8129c3a376ac75bd048a94d6535cb0a45bf532caf179,fb8ec4cc90733e63cb71c11d1d0e61cc70d6cfc032ea3c1be305077cde2ef122,bbe6c4c4b474027fd23b8b798359ff80c12e0706d1f56204cbb05f2e917e3336,bracol-1421,teste,0,
bracol,1422,data/raw/bracol/bracol_completo/coffee-datasets/leaf/images/1422.jpg,1,ferrugem,2,0,1,0,0,2,2048,1024,69e5e3b256c89e606c7e6a6eacd16bb41332ac291d3263d121aa57cd0aa84116,e9ffa58dc4001efe9ef0e000093f07ef71e09c1323d772d8760a114fc87d792d,e9bfa582e5821597c5fdfaa0028170ff97960840de1a794a8078fb4b5ef1614f,bracol-1422,treino,0,
bracol,1423,data/raw/bracol/bracol_completo/coffee-datasets/leaf/images/1423.jpg,1,ferrugem,2,1,1,0,0,1,2048,1024,4d252f88eaeb78149cdb266241e2de7e90881b6d1f4f04b48dd895d339706567,ac59c38dd6861c58cbf29366cd213b242c9fe4b73cd8669b30c86649f3c5336c,e8b9c344a5123d3694bfe52ed3f136bec3809691c7c732da4e0270c3c71f315a,bracol-1423,treino,0,
bracol,1424,data/raw/bracol/bracol_completo/coffee-datasets/leaf/images/1424.jpg,1,ferrugem,2,1,1,0,0,2,2048,1024,437da8043b11bbc4f2489c389988c7f6807f0c71fa59ced77559c5ddef18685c,bc1edb1ec4a179a1cbf061f87c0b368434bcc25f73c2d960c32b8c752e35cc9a,bb079e87a5067fc393ec903fd2d778f4d37bc0408a696be29f7987059a202a82,bracol-1424,treino,0,
bracol,1425,data/raw/bracol/bracol_completo/coffee-datasets/leaf/images/1425.jpg,1,ferrugem,2,0,1,0,0,2,2048,1024,2eddafe678f32813012b1e43363ee5998fc2fc10bfd2d0d50cf7356358f09bae,af83c993d0bb1c6c8b78c065cd0c37e008bee11ff4c233da276b32c5ee0df930,ebc6c324e106398e94ae7807de843cf9121384d4df5efeb63068c802d1fcc57f,bracol-1425,treino,0,
bracol,1426,data/raw/bracol/bracol_completo/coffee-datasets/leaf/images/1426.jpg,1,,5,1,0,0,1,2,2048,1024,179f2f1df976e88a5263737dadc9ec0744dcfb9661f6b55598aa787f88de130f,bf19ccbcc2b17a401b46c16f64e43ea4269e307bdb49e339312d1b04c3d6fca6,af9bc53fe5321ebd82135b5ac34b310993e1f96d87c5b0a41948e5f538885754,bracol-1426,,1,predominant_stress_5
bracol,1427,data/raw/bracol/bracol_completo/coffee-datasets/leaf/images/1427.jpg,1,ferrugem,2,0,1,0,1,1,2048,1024,5a37470776e5477fac255a978f828c4d32fd99ac2c1e02fe1254678ff8a7aa8a,a9389efc85a868445e17272329f076bd312f9a50ef10cdcb05ae85bd6e57f206,ab1e9e5da12ef81ed6859be29adeebdd9b7bd1ee8d5b29058281118485816c30,bracol-1427,val,0,
bracol,1428,data/raw/bracol/bracol_completo/coffee-datasets/leaf/images/1428.jpg,1,ferrugem,2,0,1,0,0,1,2048,1024,72aadf9812b51d15df630bffb6aa52b5ce332b35eaef40551089b65100a62438,fa4692c795a7392bcb5261b4ce19c6909c39d60bb4ca723c61e6297472dc73c3,be6792f8b5623f70d0747820caa2682fcb8b08f39f1b57de8dfd8dc189180741,bracol-1428,treino,0,
bracol,1429,data/raw/bracol/bracol_completo/coffee-datasets/leaf/images/1429.jpg,1,ferrugem,2,0,1,0,0,1,2048,1024,283b7b745531c344e49891a748cf570a9ed73047f2607eb92020626400a9c256,ea6e8b3f942c3d80c3f6d0ff8d136bc04c194d8b3ccb3c3d2de5427cf0267320,eacec62ca4593f70d7ecf03b83c430a8c32ec3e5d525b3c587f5438fd2803586,bracol-1429,treino,0,
bracol,1430,data/raw/bracol/bracol_completo/coffee-datasets/leaf/images/1430.jpg,1,ferrugem,2,0,1,0,0,1,2048,1024,a38a7ae069dc8c1016017e164f3efd4b1a3ea7d500bfc6b2a345be2f81eb0963,bc26de39d2fa71a5cf4963d260fc272f348298343b1e9ad340f061bdc9a1e7c0,ee5a9e2ea04fba1597a8917e961551e8c07e7815ca70e8b6616e617ad97ac0d2,bracol-1430,treino,0,
bracol,1431,data/raw/bracol/bracol_completo/coffee-datasets/leaf/images/1431.jpg,1,ferrugem,2,0,1,0,1,2,2048,1024,cb294a8abd32fbd05be532ba6257687e6e1fa737bf516e60171ff3f4e81ccdb6,b8969cb1c5e86a4f9e4735a67838729311e18b58670fd82db67405f46a737893,bba49d3ca11c781cd5b080fe829669c0dfd495cb81424983de4ad7e7a7eb6b06,bracol-1431,teste,0,
bracol,1432,data/raw/bracol/bracol_completo/coffee-datasets/leaf/images/1432.jpg,1,ferrugem,2,0,1,0,0,2,2048,1024,72203d361cb0249ba24495a3b1f31beab4fb2517d69c9c89178b8730c820d7b6,bd8ef9c6d0f794184b608be02c1f6d2732d8269673c333482e6e9365de3c9c32,af8df0c7b403c44e90ffe7acfad00e14c24a961ebf690e0b980dc55cbf2d6a28,bracol-1432,teste,0,
bracol,1433,data/raw/bracol/bracol_completo/coffee-datasets/leaf/images/1433.jpg,1,ferrugem,2,0,1,0,1,2,2048,1024,37cf13e8762587a2ebb5e4c12cffe95b3a819a042a6f46b98fab89fea5ae541a,be38b6c8c1cf731f9f060fb08c7bd86730e28d8c07ce069c67186669e07d7266,be3ea4cce0d0d3ca83ee0a19c230bc7ddb771878912718659b66f534db064b36,bracol-1433,treino,0,
bracol,1434,data/raw/bracol/bracol_completo/coffee-datasets/leaf/images/1434.jpg,1,ferrugem,2,0,1,0,1,1,2048,1024,ab5c1b2b7de17ffcd17e8c205ff7513714810fb52be8f62afee8f13f3ea1f8e5,ab78cdd8942b371fcad6c2e66d4a0b7274a5fc2932d2279c530bf28085ad096f,aabfd09db5111f00956bef8b92ab4389d2d5c1ed8a5069f8dbcb88148bc149fc,bracol-1434,treino,0,
bracol,1435,data/raw/bracol/bracol_completo/coffee-datasets/leaf/images/1435.jpg,1,bicho_mineiro,1,1,1,0,0,1,2048,1024,db9c937c1e0360263f52a6e5a74fb624f567457b21b5931bd3e268081903fdc2,a8f09e3c940f71875b4a4693b0ec6c583e9e87a5c2f1f0571b171bdad868ec0d,eabd8e0fa5a4bd440f8181e9c11bf4e5eff820f4c035f071f5f428fe8abc5280,bracol-1435,val,0,
bracol,1436,data/raw/bracol/bracol_completo/coffee-datasets/leaf/images/1436.jpg,1,ferrugem,2,0,1,0,0,1,2048,1024,cde80a9e0fdd01ff7e484b55b325e05087d4ba468b4cd186ba26611ac50a75da,bdc5cdc9d0f67817cb3203fe0d3f470176d0fe163169207e192718c19d927dc2,afc18199b0cbf901d2fd387f8b5e21309f087da0ef2d6997c136941a81966adb,bracol-1436,teste,0,
bracol,1437,data/raw/bracol/bracol_completo/coffee-datasets/leaf/images/1437.jpg,1,ferrugem,2,0,1,0,0,1,2048,1024,f9ce911826153c30c99e18ff41d49948b8b5168463013a5aeb33f0347fddfd86,ab648bd4853e3c2fde9293f03cd97a5b70c16d28872a65e46d348626dcb6b618,aa6cc2aca1446d44c7ef856e8724602b4f2296e0cd27b7a7683f5eb79471a137,bracol-1437,treino,0,
bracol,1438,data/raw/bracol/bracol_completo/coffee-datasets/leaf/images/1438.jpg,1,cercosporiose,4,0,0,0,1,1,2048,1024,721704cb63ad86d02d89c45881966e1c9d0174c810025a8de2aad97563e73346,bc5bae18903137c7cbe4c1e63c072d0c3437369062f8707b67c8c3a99b1f1f8d,be93c71ab5324199d03b43f5d01135d0c35b17c27b497b4381f9da0738fd212f,bracol-1438,val,0,
bracol,1439,data/raw/bracol/bracol_completo/coffee-datasets/leaf/images/1439.jpg,1,ferrugem,2,0,1,0,0,1,2048,1024,317ec94d49d24b279ef087698b667c3e68cdfcdccaf0808abb6acfe18a09b0f8,ae1e9c4d90a37798cbf0e3fccd2f4f601cb40c3770c37690316de0dbd16861e1,afcd8e40b4c01f9992fef210db7b705f9929e079c52c61e99f8605e1c3962f82,bracol-1439,treino,0,
bracol,1440,data/raw/bracol/bracol_completo/coffee-datasets/leaf/images/1440.jpg,1,ferrugem,2,1,1,0,0,3,2048,1024,3ec9b96f2bf514c6d5577360f70b16c77817887d7a573b21591e16a0c37a8dc1,ba22ac72c0ff7b050e08c0df61393ec034b7f076ce528f4371adda5c8b9c25bc,bf7e8434f1230ffed0234ab687f27642937bc952c7a1335fd90183a8c295f302,bracol-1440,treino,0,
bracol,1441,data/raw/bracol/bracol_completo/coffee-datasets/leaf/images/1441.jpg,1,cercosporiose,4,0,0,0,1,1,2048,1024,5c3c20ce601803da6f8d605aaa944372c4a88a017cf05e1a4a85a601a138fbd3,e05de12697ab3e5b5a56b0d9296247856785e8369a5a17e39969b29f0da445d8,fd44e190b0ae21bbd2f4ff008b42101fdd0fbbdc88ad5268dfd6bb69c80a134b,bracol-1441,treino,0,
bracol,1442,data/raw/bracol/bracol_completo/coffee-datasets/leaf/images/1442.jpg,1,ferrugem,2,0,1,0,0,3,2048,1024,718070ac6966939f4471087dde2b9359b43fc219d14aabb6040059b71da77e90,f9581660c0ed69964f163588313b92dd32e0cf62ce4ec9379db8769a39739259,bb9e363fb44efe30d4ec007cc2c47a7c92c04520da4eefa78c6cc5124d0de7a6,bracol-1442,treino,0,
bracol,1443,data/raw/bracol/bracol_completo/coffee-datasets/leaf/images/1443.jpg,1,ferrugem,2,0,1,0,0,1,2048,1024,8efc72e23dece93d0275b2a4b6f05ed4933e98e49b7467ef8d788bfdf028c192,e119866996a579d64a6685b974b9c6658793396af86cf58024e40f5fa29bd269,e9328659b53276ef87b31854da13f1ead87b29a73a69c104f06dea3817e54650,bracol-1443,teste,0,
bracol,1444,data/raw/bracol/bracol_completo/coffee-datasets/leaf/images/1444.jpg,1,cercosporiose,4,0,0,0,1,1,2048,1024,ef62ce73e6186b4703327ca8c173de87c566257a214417b6af3d9388e908e168,fd5da995c4e8a7c89e95843bd81e26a019e1664771876eea279e114d7619aba8,fd5129b5f42b28e682fd01c0dfc03a8f860b11c7ff3dbb8e882c910ccd74eb8c,bracol-1444,treino,0,
bracol,1445,data/raw/bracol/bracol_completo/coffee-datasets/leaf/images/1445.jpg,1,ferrugem,2,0,1,0,0,1,2048,1024,8226c213132bd51e9eaa1f1f1960051c67a140a875aadd39507227f3d795ab94,e44cc37397a33f0f1b9360fc6529c74386e4183fd85a71b025b927476e16cc6c,ee4a4a3ce449ef7087e9056b9e81deafdc5d10d51cfeb4dadc60b080183f189c,bracol-1445,teste,0,
bracol,1446,data/raw/bracol/bracol_completo/coffee-datasets/leaf/images/1446.jpg,1,cercosporiose,4,0,1,0,1,1,2048,1024,0a91fa14917364c14e5bad6dec8f7e93664bb7c3f32908831b24ee798244862d,e96124e694ae5b310f9ca999706376c49665ea525c9ed1b929f93e851623e07e,eb3cb462f13846e783316f42d72be807c7ad75ff248149a274d7282570da0f2c,bracol-1446,treino,0,
bracol,1447,data/raw/bracol/bracol_completo/coffee-datasets/leaf/images/1447.jpg,1,ferrugem,2,0,1,0,1,1,2048,1024,95d81f145ab86911c117fb3ff8dcb7771f270c8b971789128e013c9eff3e72bd,f033cb9a85d6ad451e8d32ec685ceb4325e28d1bd607dca8987c10d5fda0736a,f8304b9ae172e91387e385da9e07fca8da2f00959e3dbed09e34984394329adb,bracol-1447,teste,0,
bracol,1448,data/raw/bracol/bracol_completo/coffee-datasets/leaf/images/1448.jpg,1,ferrugem,2,0,1,0,0,1,2048,1024,a696e2d08243cdcda081dc38010c94a6916c5ca6aa8ba5bf313f957d02713a9d,fc2fb976c2f0249f1b1337d8382e600f33969fe6c643d836087d07b87d94620d,ff411b63f00fed62c2bd84b7c650fef4ce0882120d2def7a8e24870d55606f2d,bracol-1448,treino,0,
bracol,1449,data/raw/bracol/bracol_completo/coffee-datasets/leaf/images/1449.jpg,1,ferrugem,2,0,1,0,0,4,2048,1024,6f1c0e24bbc9eed8b83e884b739471c41f6d02006e9b7f0ad4d375dd0b5f885f,f44894b3c3a57bc84e0fa46c70f0968433cbc97bcf849db1cc7e729c2cb1a34c,be47a7bcf009188892ffbb5cca74093b8f78d1a18f3e99e5cd0991f28c9dd800,bracol-1449,treino,0,
bracol,1450,data/raw/bracol/bracol_completo/coffee-datasets/leaf/images/1450.jpg,1,,5,1,1,0,1,2,2048,1024,7a001fd250da131857553b4ada8947adc9f8c1c43093d7582afdbee73d4d9322,ed4086ffd0bf7840cbd025bf2d2bb29574acd34a2bc6892fc4a36cb4335038da,effe0ee9b400bc41d2aef4ef92d720e59b48c8d0d94274f8db6d8da8c9254584,bracol-1450,,1,predominant_stress_5
bracol,1451,data/raw/bracol/bracol_completo/coffee-datasets/leaf/images/1451.jpg,1,bicho_mineiro,1,1,0,0,0,1,2048,1024,466750a56c4865cb1cf6ed274f75f5a5fbe5cdb2642c7c585dbb4cdef4fcd866,bd47206cd0aa939d8fd5ac526c0ad5ec34bd2844b2c0f5cbc34f32158f2ddb3a,ae45e46ef10a93ad92fc2b10dbc0954bc30b2aaddb6f55b40b2d28b0dd35dd30,bracol-1451,treino,0,
bracol,1452,data/raw/bracol/bracol_completo/coffee-datasets/leaf/images/1452.jpg,1,bicho_mineiro,1,1,1,0,0,1,2048,1024,5723a8252141b50454bd5edd5da07c0e7de4d597f2f1dc41075468d14add0747,e995238bd53a3c341e6127e76947e30f25a818fd8e95f1c0da7a277e19656e00,ebe521cbe115f98f85be181d8e81f9b8d695b1958a1a9386df5277948aa2c21a,bracol-1452,treino,0,
bracol,1453,data/raw/bracol/bracol_completo/coffee-datasets/leaf/images/1453.jpg,1,cercosporiose,4,0,0,0,1,1,2048,1024,d792861d3755424f47212a81b3e5de8f785f9bd7afd36d9435ec418b7aa57d8e,f85e98cb81a247941e95e67e695816e397a78997da4645b88c7936557591b06a,ff473c49f02b18f992f1e191da5061a7882a0b84df6d3d028925181fdfe4be6e,bracol-1453,treino,0,
bracol,1454,data/raw/bracol/bracol_completo/coffee-datasets/leaf/images/1454.jpg,1,ferrugem,2,0,1,0,1,1,2048,1024,764532ee813e825735fc0c5e0550855b9adde7925ac613278b13cabdbe4199bf,e845972785eafad99e9969c87817a4a921fa96b566a19a66ce9f595a4c182989,fa601f67e155b22785ea107586a1fbe08685d343c6164bcbce9e6b0bc656451f,bracol-1454,teste,0,
bracol,1455,data/raw/bracol/bracol_completo/coffee-datasets/leaf/images/1455.jpg,1,ferrugem,2,0,1,0,0,2,2048,1024,1ecb5ba6ccd14dccc2b62d37999fabbf414b29fc3c5dd501eb84a1adf4b56b9d,e80cc58397f21e6c5a07f01a6d7a03e13681ee1f125e8c78d92319f7cdb4fb06,f88ce5d3a45f06ed97e0ee059245947edb4a06b8c16bfef0cb294041cf35286d,bracol-1455,treino,0,
bracol,1456,data/raw/bracol/bracol_completo/coffee-datasets/leaf/images/1456.jpg,1,ferrugem,2,1,1,0,0,2,2048,1024,4adf3cfac0dfeb65fa8fe54de2193a48c552d225ac1f3bd7ca16c6c09cbfb196,fd13218ac2b98f340bc6be69382e04f676f8eb82c713513d9b2dae7010e652eb,fd12b1d2f41b41b6c3f9fb82cb10512f9b1baf341009b63cbbf512505160bb6b,bracol-1456,treino,0,
bracol,1457,data/raw/bracol/bracol_completo/coffee-datasets/leaf/images/1457.jpg,1,ferrugem,2,0,1,0,0,1,2048,1024,327b8eb3b036818d6e7c9b4f877d2e37587dddea0a39a0077ce01cc2b82aa696,fc436c0dc4fb97e1cf949a16291e4b2234f16d8d624366d89f6e9a43e89cc92c,be796bc4b418214dd039ededc2f5b4048350b6dfcb499650c32baacbd345d44d,bracol-1457,treino,0,
bracol,1458,data/raw/bracol/bracol_completo/coffee-datasets/leaf/images/1458.jpg,1,bicho_mineiro,1,1,1,0,0,1,2048,1024,c382d69429b1c50c750d0944cdf50fa6eb137dfefda3d748fe8c90140a5c4496,f44f24ccc0b4db732f3b6d31303732dec7cccb417d094cbe90b230586f4941e7,bed6e4ccf48640cdc2f66fc0816b9e0fcfed1406ca819f3ecc503a2ccd5b1c38,bracol-1458,treino,0,
bracol,1459,data/raw/bracol/bracol_completo/coffee-datasets/leaf/images/1459.jpg,1,bicho_mineiro,1,1,0,0,0,1,2048,1024,289bf237a86092b71a220e785e1a7c29adcd71e54a4e602e99ac33879644592d,e15183dd94aa3c26dec130fb295ee68165a8c75d3e959a2e305ad9e0e3492f93,ea914bd9a51bed06c7b8657e86950ea586093434d41db8b68e7c34f29f7c12d2,bracol-1459,treino,0,
bracol,1460,data/raw/bracol/bracol_completo/coffee-datasets/leaf/images/1460.jpg,1,ferrugem,2,1,1,0,0,2,2048,1024,87d5ffb4523ada59aa4c185fb6d96c1033d48355521e208625c37ea0a7603a0e,ec586b9891abb4671e261ee5607a681ac78905b19e9f7a077962987c67ac65a3,ee9e4b9ee11ce99285da811797807df29e8bb8a0981d30179c757f5e9e60630a,bracol-1460,treino,0,
bracol,1461,data/raw/bracol/bracol_completo/coffee-datasets/leaf/images/1461.jpg,1,ferrugem,2,0,1,0,0,1,2048,1024,daa596efc3280495f1b87b89b241e19ffe4f5663811a47a2b4bc1a03638d414a,f80583e4857a3e139eb3687a685537e1956e92076ca4d95a29d3492b738795b5,fa04c26ce14f6b4597e8956e92857ca6d35f14b58a1a6cd2cf38edd34b2842c3,bracol-1461,treino,0,
bracol,1462,data/raw/bracol/bracol_completo/coffee-datasets/leaf/images/1462.jpg,1,cercosporiose,4,0,1,0,1,1,2048,1024,d0f60c844f08828921f3f1bced1c761b1ec42a978ace94d9e08b7e2794cee149,fd7068bcd42707c3cbd4bc03491ac0ff3d852f4030d35f0fe25933d8072db2d9,ea7df80ff550019cd6a82ff4c215f500cb5fb0bb8f4ab4b18e2c7877d424086b,bracol-1462,treino,0,
bracol,1463,data/raw/bracol/bracol_completo/coffee-datasets/leaf/images/1463.jpg,1,ferrugem,2,0,1,0,0,1,2048,1024,9c518bfd630b38503e46739b7e2a9fcec4df018537624a76b730eec978d3c54c,ed549ad9d4a8e9699bd127b4791a6b1221bd106f37c09ec1a25e8897cc6a6db2,ea851292f54cfa5380ec006b96c4b5f996cfaa81864851c7df4f6bcf8a4e698b,bracol-1463,treino,0,
bracol,1464,data/raw/bracol/bracol_completo/coffee-datasets/leaf/images/1464.jpg,1,ferrugem,2,0,1,0,0,1,2048,1024,bf7b317716cdfcab3af6d463b119bb5a9619ef66e01b5301df0d4dd5920feadc,fc532638d5f1c7870f14994c683e58ec21e52c13f682673b897b9355fd21582e,fa11a438e1f347a187a1ae17de97c13a8a5aef31df4a803e886f7735dd648220,bracol-1464,treino,0,
bracol,1465,data/raw/bracol/bracol_completo/coffee-datasets/leaf/images/1465.jpg,1,ferrugem,2,0,1,0,1,1,2048,1024,d2112f29d2a429e267411d4f30107b0fcc6054cd5b7885e63c2df4bfd05a3b2e,fd42f1b5d0b50fd2cbd87c0d3d0946fc30b5f34266c21b3fa6419c308e2dc8d3,afc5f103f42e03b5c6f73b4086d4000f9f4abebf9e09c0329a29cef6907dc742,bracol-1465,treino,0,
bracol,1466,data/raw/bracol/bracol_completo/coffee-datasets/leaf/images/1466.jpg,1,ferrugem,2,0,1,0,0,1,2048,1024,e9c917f4a15dd2b5e7a2724d5c8dc89c48c2df1747795e5ad8df64db99c6fd4c,fd1363a4c0f7648fcfc837d13c0df12132fa93bc3341cd06cb2746dd8c1c3178,bff65a6ef422ff4ad0b4948593fe2af5d36055c2d32128e08b25f147952760a4,bracol-1466,treino,0,
bracol,1467,data/raw/bracol/bracol_completo/coffee-datasets/leaf/images/1467.jpg,1,ferrugem,2,0,1,0,0,1,2048,1024,dfe273485960c249027cc8f51c20d75375a6ab42dd9866a5c926717e2449c978,f44c18eed3e6c9d09f5b460d61b930f03796db4bf24ec58689e51e189c136479,ee093e43e147382e85efc2f4de85e1c0825697c39e6abb8f8a40105c9e6f3a9e,bracol-1467,teste,0,
bracol,1468,data/raw/bracol/bracol_completo/coffee-datasets/leaf/images/1468.jpg,1,ferrugem,2,0,1,0,0,4,2048,1024,2f73465f14adfbc1e93b141a52ed682e8e82b6907838e8e41f782f24daf19a46,f0daa6e6c5a129941faf3598685c664d25e29d73fb958864937a74acec612391,fa9e2e63e4546e67c1e82071f3b3edf8939214a0c353efe7c20e828687146b96,bracol-1468,treino,0,
bracol,1469,data/raw/bracol/bracol_completo/coffee-datasets/leaf/images/1469.jpg,1,cercosporiose,4,0,1,0,1,2,2048,1024,ac4141e8bd577a7dd7ae782101b1cd71157ee9322fc05c462399fb5f99fe8b67,f51f8a38d2e12da54f0334d23c3c33c152d0df0fa94b8db476a4fcc3235623cd,ff035b94b017ad0bd2fbd4bcdb41aad28b07824adf2659e5890680a599b655e6,bracol-1469,treino,0,
bracol,1470,data/raw/bracol/bracol_completo/coffee-datasets/leaf/images/1470.jpg,1,ferrugem,2,0,1,0,1,3,2048,1024,f90216870c3a055d823b4ed5244f5d82f4bb8e2b0a13d2a5698d293f379ba215,fd41a1b1c0f72fac4fc438862c0f91eb72f4ed813343863fdd2d3e588c9611e1,bfd9f8b8f4208159d03de7ad8bde0600c9682e1b8ba5c70bc9962a1dcbb2d33c,bracol-1470,treino,0,
bracol,1471,data/raw/bracol/bracol_completo/coffee-datasets/leaf/images/1471.jpg,1,,5,0,1,0,1,1,2048,1024,b132f0df3d308944c4ebf83b7ec41e7246c97e66285dc73808da94dd625d2fa1,e132c7b986853a5e9a4ee16c792cc7856595d85a561a29e18a5d7187996ca7d6,f914e19be59b16b986bd3e159792287ac2d97d78820ba821d75b2be58209d565,bracol-1471,,1,predominant_stress_5
bracol,1472,data/raw/bracol/bracol_completo/coffee-datasets/leaf/images/1472.jpg,1,ferrugem,2,0,1,0,1,2,2048,1024,f294c9908709a75315cf226e8b8e46aa2d432c375f497082cfe522c18ed33c50,fb07a869c0f9a5e8cbd0b2976d0619ee24bde92172c047be034bae509e2d54eb,fbe1ca69f443055dd0ffefa0d2d5049d8352fe9a9f0b44109f0d9efa5a0d4401,bracol-1472,treino,0,
bracol,1473,data/raw/bracol/bracol_completo/coffee-datasets/leaf/images/1473.jpg,1,ferrugem,2,0,1,0,0,2,2048,1024,b1c081169a6561113795a5c81860a5d7b605cbc6055e649f48f899cfdf7ecfba,ffce264ed00dc934cbf035e92d0136c134bf134e3352cf2cd3ae4db0a9459e91,bfe326c6b403ff02d2c5c107c3f6ee2fd1604134e965aab8d5aed4502e94aaf0,bracol-1473,treino,0,
bracol,1474,data/raw/bracol/bracol_completo/coffee-datasets/leaf/images/1474.jpg,1,ferrugem,2,0,1,0,0,2,2048,1024,c9fadda3f115ca66d1254155dce327cb950905b25e6f7f33e4c270f8344c36a0,ff4da398d0f62dc34bd274262d09b2f6309ccb099b4a8d1f9c6774b066c63259,ffd86319f403a39490af750ad2f4cb9d82c09318d343591ccb4b9bba892fd959,bracol-1474,val,0,
bracol,1475,data/raw/bracol/bracol_completo/coffee-datasets/leaf/images/1475.jpg,1,ferrugem,2,0,1,0,0,1,2048,1024,95e05aeec55fe087db0d1de74382e07b192ff7eed75c5b1e9c117d77d4dc41ee,e846393494eca3cb9e10c6db695b0c7935a9e925361613b6c36af20e9f6545ea,eaf39f2db443116c96eff1f48ac49093cb5abfd38c6a54129eb4683b0c146d11,bracol-1475,treino,0,
bracol,1476,data/raw/bracol/bracol_completo/coffee-datasets/leaf/images/1476.jpg,1,ferrugem,2,0,1,0,0,4,2048,1024,e43c1310c0d310ad049c257ff8ec0072a29338f26b08db3cd539ed4f12331f95,e140638d92751e724f1bd8792dbc2f8732c6763e1369ab58cc2753a70c9aa996,fd5c61c4b02207f1d37076078b5caa5ecf3015684531bb3dae93593645fb29b2,bracol-1476,treino,0,
bracol,1477,data/raw/bracol/bracol_completo/coffee-datasets/leaf/images/1477.jpg,1,bicho_mineiro,1,1,0,0,0,1,2048,1024,12625a31513b9f8b8df2f75e30c2c192f24c3ae32d1949f6948f2e00a8ee2d41,ea96876285ca3f179ab570f86b5307c1642bce1e26f49c61f09699fe8b58f801,ea83c233e55207f286abfd0282970c3fded034b480c2b8f6dbcf1492d3cfaa9a,bracol-1477,treino,0,
bracol,1478,data/raw/bracol/bracol_completo/coffee-datasets/leaf/images/1478.jpg,1,cercosporiose,4,0,0,0,1,1,2048,1024,d1f9f7c24b328e86ac8ef790cd282eb152e3d6a0a942fe7b81aad7db4fefd523,e053b8cd97af6bf21a34b133616a86e80687984d88f87fa29907a337637c9e8a,fa9896cde458c64d87e8facd8e05085c9fff78205131317dbb236300515fa78e,bracol-1478,treino,0,
bracol,1479,data/raw/bracol/bracol_completo/coffee-datasets/leaf/images/1479.jpg,1,ferrugem,2,0,1,0,1,1,2048,1024,dc18a60d4f2ab255696e0d6016a0fb6f7e2a752ef15c24baabe3a3600c675831,f8579ec5c1a2e96acf0517a16c7cf21631e195e8d393ee01cb0e447e147c3792,fc171ec4b0b2fc4e93f104ec83db66d1cbc1e8d1c94b4102c94dadbb8fad8591,bracol-1479,treino,0,
bracol,1480,data/raw/bracol/bracol_completo/coffee-datasets/leaf/images/1480.jpg,1,bicho_mineiro,1,1,0,0,1,1,2048,1024,f0a0b829f7e1b75c85ea551112575c2dbcc60344572571a0e74bd3cc4864c983,e853a6b3d5e9285c5ec438e9617bc7d187b19e0eda56387409ed31a76483ce12,eab2e5b0f510e3b385ba8712d7b5ee8f82940117d7567f1e92828002985a5ff7,bracol-1480,val,0,
bracol,1481,data/raw/bracol/bracol_completo/coffee-datasets/leaf/images/1481.jpg,1,ferrugem,2,0,1,0,1,1,2048,1024,17bcc06ff7a071dfeb6801e99f398d6f22068a93f9c19a079288fb4f539f1031,f372a5b9c38b1e864e4eb06e6dec47c1b617ee1a437a9424c98519fe44ae6581,fb34e158b13a07d99391af82c25b972ecbf99a014d21ba7f90a15978ab772c21,bracol-1481,treino,0,
bracol,1482,data/raw/bracol/bracol_completo/coffee-datasets/leaf/images/1482.jpg,1,bicho_mineiro,1,1,0,0,0,1,2048,1024,1d10fcba5ab073cdd5e3e17d4c469c40de454438ab469828cf9f1f904a348679,f71a9cc6d2b5e0ec0fc613817c6d691b23f6ccb0db028c47193fd6ed7c812514,ef1f0de5f12a6c2e83b484bddf3ae6d08b34c242d932b70a8a134a15df531d68,bracol-1482,treino,0,
bracol,1483,data/raw/bracol/bracol_completo/coffee-datasets/leaf/images/1483.jpg,1,ferrugem,2,0,1,0,1,1,2048,1024,0cbc5f1e1b6aacdee1ccbfa5ecfd4062aaa680752af198849deb12bac0d193a9,e82f87d196d43c6f5a1b61e525038e1e70bd996925c36197d63c374a8961da27,fff5d084f42a22fec2bd57c293d42a07c34a1d2fd70a7b7c831d9824972c6126,bracol-1483,teste,0,
bracol,1484,data/raw/bracol/bracol_completo/coffee-datasets/leaf/images/1484.jpg,1,cercosporiose,4,0,1,0,1,1,2048,1024,b90d943de0e230429b232d7105d4d71ed72a740d48c8ba90c1978878faa6aa05,e54e68c692b5923d1b5acf10612d29ff678476829e5f865f19e8d928618789d5,eb476ce7e52a820787b7de438e94006bde5efe708a380078dd69c7008be92f0f,bracol-1484,teste,0,
bracol,1485,data/raw/bracol/bracol_completo/coffee-datasets/leaf/images/1485.jpg,1,cercosporiose,4,0,0,0,1,1,2048,1024,8b3d8c052c307a28ea5757871bf2fdce3317f0f84a76c95da6b41a3e2a96dc03,fbd5b1c3c12a0fee5ef5b400684263fe75a9df008295887fdb6835e089257287,fac7f091f14a41ded2bfbf8082942817db5e145e8308eed88b2d1449dd2d2ee9,bracol-1485,treino,0,
bracol,1486,data/raw/bracol/bracol_completo/coffee-datasets/leaf/images/1486.jpg,1,ferrugem,2,0,1,0,0,3,2048,1024,f1c81db9c46a1caf00bb7e5b2bb08ebecfef3f1ef0b411c241d577ff882aaa78,f91cb3cbc7a068741e732530786bf39327cc1a4aef1ccced11ba4491ba53b606,f91e33c3e1daf0cf93a904cc9e15efcc984e450d585cef8ddbc90560150bb8b4,bracol-1486,teste,0,
bracol,1487,data/raw/bracol/bracol_completo/coffee-datasets/leaf/images/1487.jpg,1,bicho_mineiro,1,1,0,0,0,1,2048,1024,816128ea6e4a94e0c1858f3971381699442617c26f8cbcff3fa3b13ab5ad818f,a147c19cd2b51e230e58f0676109c79893b73c1dda7291e02d6d7347749c1f7e,a9f1618df1614d9d91a33f88df97949e8a1a90fccd1a9ad083891343cd9e9a6b,bracol-1487,treino,0,
bracol,1488,data/raw/bracol/bracol_completo/coffee-datasets/leaf/images/1488.jpg,1,ferrugem,2,1,1,0,0,1,2048,1024,45af03f9b5672af524d19fc12e238144b4817dbc289f9491ba8f75cc83ecb125,fd222ad8d2e429259f5b25ed3c29d29462f09f4b670bc9b59e2d29e28870368f,fd34649ce56e5bb6c2a528508794697a970a6874aa1f2de9d6580c058a78fcbf,bracol-1488,val,0,
bracol,1489,data/raw/bracol/bracol_completo/coffee-datasets/leaf/images/1489.jpg,1,,5,1,1,0,0,3,2048,1024,521daaaaeedca5f9348d8f8dbffcb22f67919b0df2c54c67b1e17502a64ff4f2,b50b6ccec2f493390e4a3926703dc6d633c264499e0b19bcccfcb313ed8386e7,bb41ece7f12ac49392f56ed89f510d0c9e0b6bb9c87fc110c9a0b3cc45b79a18,bracol-1489,,1,predominant_stress_5
bracol,1490,data/raw/bracol/bracol_completo/coffee-datasets/leaf/images/1490.jpg,1,ferrugem,2,0,1,0,0,1,2048,1024,7b4764b30f8f2f7bb43c8fa0a6305f637777e75bbd4d12bcb3ef02b73417188a,f15a873096a5486f8f522dc1c92b34bf0cf533d274c2132f33cfcb34770c8cb2,ea95073cb54bfc4186ae02fff2d5df40835a8c39ef0e4c3c934c392cab2c4596,bracol-1490,treino,0,
bracol,1491,data/raw/bracol/bracol_completo/coffee-datasets/leaf/images/1491.jpg,1,ferrugem,2,0,1,0,1,1,2048,1024,eff0b6d7e5e5985704fa2d0ecb3057d208457dcd94243e3cf4afe749056d40bf,f851618c97a29f291e16d0f261682fcab785742d9e7a92f0e8c1cb0f27e265bc,fe5d70c7b16c03cd97a87d008215bcbd9b38009cd358ded082199ad8cffb925b,bracol-1491,treino,0,
bracol,1492,data/raw/bracol/bracol_completo/coffee-datasets/leaf/images/1492.jpg,1,ferrugem,2,0,1,0,0,1,2048,1024,5d5bba20dee0045d6dbe365fa44c8a47a2781607f23b4708b4e90a9b36513280,ff7630ecd0c10fb34ed9f813352d02ecd206bc42c8fe4cb13d0181d262bfb7cc,fa67f44fa16606ecd6e0aac5c0372fda8eb44c00cf7e2a2d5540697fa388d570,bracol-1492,treino,0,
bracol,1493,data/raw/bracol/bracol_completo/coffee-datasets/leaf/images/1493.jpg,1,ferrugem,2,0,1,0,0,3,2048,1024,2ea2cdccf585301ae6acdae56da50ef1db2104eece9ab25cfefc28b3048ab1b8,f04ecb39c3c43ec24f1b716d347c8f82d3c2cc3b8d0f26f064f4734f334199a4,bf546fc9b0472607d0b6721ccbf2a25e89e15178cdb5b3a08c925136cddbc992,bracol-1493,treino,0,
bracol,1494,data/raw/bracol/bracol_completo/coffee-datasets/leaf/images/1494.jpg,1,ferrugem,2,0,1,0,1,1,2048,1024,9c3231405f1683be4cc0efc9eeb3131b5fa5f351f795fec0e478b0a20d8e4c52,e8a5a36e857c3eb49e83b0797858478a25abee1f66b51c70a652d86342ca13ed,eea5e163e54743f387babe01d697143f8a56fcf8ca4a00619f6d3be2002f1107,bracol-1494,treino,0,
bracol,1495,data/raw/bracol/bracol_completo/coffee-datasets/leaf/images/1495.jpg,1,ferrugem,2,0,1,0,0,2,2048,1024,78028604b1345d8ad7966849d21fec2b64a7248eadead8d53e51a8234d80dbf9,fed54a2ec55b1ff49fa56101785427bb21eaf603e685c87f061e9960da389186,feba5e43e012ba6585fb7150c7a081eac6152385ce7bd7858a58228e4e7bf34c,bracol-1495,treino,0,
bracol,1496,data/raw/bracol/bracol_completo/coffee-datasets/leaf/images/1496.jpg,1,cercosporiose,4,0,0,0,1,1,2048,1024,122068a3e11f53b6dbecc90f0a27fab76b92a91e1f393eb499a7cf70b6e465e0,f41c4be9c3c92f96cd27707834f233c17249f13e33a49f904b1e8ce98db14ac5,bff3d211f082015dd2dfdbe1ab6a0901d1a1dfbf8b059012df8f089a8b15cdd1,bracol-1496,teste,0,
bracol,1497,data/raw/bracol/bracol_completo/coffee-datasets/leaf/images/1497.jpg,1,,5,0,1,0,1,2,2048,1024,69b850b8b264b9fa0d2632064677e28822c6542868e2155ceda551e27c6d3407,f14e9c9987b563431e1b25266161f29667878b4bba5eccad996925f2a907720e,fd748e92f0227c9892e7c0d89ac66fe8d34a0c018a6f6f9fdf6d608c8a2c64dc,bracol-1497,,1,predominant_stress_5
bracol,1498,data/raw/bracol/bracol_completo/coffee-datasets/leaf/images/1498.jpg,1,ferrugem,2,0,1,0,0,1,2048,1024,b2ef91a45f63a2fceb49910e84628d931a7959764874e892ad5d840bde41eaba,f855989e85e8e1619e0147a3697e7e1e35a095e832d599c5ca4add06cd6b26ba,fc041e86b04ef84c96e491fc82d578e1ca58f9c7cd69416e8a6989a2de21f797,bracol-1498,treino,0,
bracol,1499,data/raw/bracol/bracol_completo/coffee-datasets/leaf/images/1499.jpg,1,bicho_mineiro,1,1,1,0,0,1,2048,1024,dbb06be8325737f46a0c7c03a52bf00d38f594bc60ef51e9bb3057d3cfd9ffef,e81c638695e2b4799ab39ea169574a5765a831e8e68d34359e7ec2d0cb21c5cb,eb8c63e6e54e314686ecb52e9e8416249657fb94da62c3d09a73eb881a681d5d,bracol-1499,treino,0,
bracol,1500,data/raw/bracol/bracol_completo/coffee-datasets/leaf/images/1500.jpg,1,ferrugem,2,0,1,0,1,1,2048,1024,14d2a4c28653f87c4d6cfd86ee942c11f285a590555cef05bc321469b45e892f,f84562f1c5e81f064e12f07c2d7b43c032e5ee1f9b5e1478cd2db9454cf2518e,bef9701eb44000fe92ef6ff092c54701d34aae0fc92dd55dc9a48a2c45b4c77c,bracol-1500,val,0,
bracol,1501,data/raw/bracol/bracol_completo/coffee-datasets/leaf/images/1501.jpg,1,cercosporiose,4,0,0,0,1,2,2048,1024,8818de3f958fd5b275f1e60b96f665ce3595b81a09a17a9dd4e26d1c7dfff2ac,fd40c8f190af2f03cbd0e43ccd2a23782db5368b70d6b05733cbdba29329893d,efefd811b5500bf190a89df0d2d5982193d19955975a892bca0b492bd75f0db1,bracol-1501,treino,0,
bracol,1502,data/raw/bracol/bracol_completo/coffee-datasets/leaf/images/1502.jpg,1,ferrugem,2,0,1,0,0,2,2048,1024,9d872f2675e138a7e802d8888f705a5feac379cfd97319acc8114a2560526be2,f85cbd9bc5e0683c9f1525e6687bf20635e1835aa29fdd29c7380cf52a656482,fe071fd9f472f809d3e500fd82c5fcc0df4ac5c78b2d288e9d3cc50f8924298c,bracol-1502,treino,0,
bracol,1503,data/raw/bracol/bracol_completo/coffee-datasets/leaf/images/1503.jpg,1,ferrugem,2,0,1,0,1,2,2048,1024,6513a52cadf608b9caf5d9b7cff43c9d398b7691410a131150fd896a6e7b5384,f80c3f9385cc6a1c9e830fc0c873f42f35a216f42397fa4b770c99ad92fd0994,ff8f37b1e0447a8291ee0a5fd2c1fb58934d812b920cc9a5df5ee9a78aca2182,bracol-1503,treino,0,
bracol,1504,data/raw/bracol/bracol_completo/coffee-datasets/leaf/images/1504.jpg,1,bicho_mineiro,1,1,0,0,0,1,2048,1024,6bd1c223e9bd8523fea7b11d62225e20d7eec1a8020bab3f4339852018a9b0ce,e15461da87aa9ea59e55f85a696a478167af2c1cd61067e0984b9a0759ed997c,e975e152e16a87ad87a03e14c2b5985a9ef05069864299edd65fa9609a7f59c5,bracol-1504,treino,0,
bracol,1505,data/raw/bracol/bracol_completo/coffee-datasets/leaf/images/1505.jpg,1,ferrugem,2,1,1,0,0,1,2048,1024,1202c8f8aa4068291a8b695def3cfa3f2e4892bfd5a3dbb8450613c8badca315,fd5b62e0d0a50f93cbf6fc1b6d2b00f434b5e34232db032f9b486930cb2f0cb2,fdd1f06cf50b02e490bfbfc09295130b9afe6b29c040cb2dcbae4925c504bf3d,bracol-1505,treino,0,
bracol,1506,data/raw/bracol/bracol_completo/coffee-datasets/leaf/images/1506.jpg,1,ferrugem,2,0,1,0,0,1,2048,1024,ac4f4512e615f003d623b296cba6bcbc34dfef4278be9d813da7b1f8ce1c4d30,f853c338d0e21ecf0bd430c76c2e47e032f1cf17fb538ab8892ef9c0cc8424ef,fa93c33ca0734f3087f3bf12dea0943b8a17bab45b6a915098497bfad9e31801,bracol-1506,teste,0,
bracol,1507,data/raw/bracol/bracol_completo/coffee-datasets/leaf/images/1507.jpg,1,ferrugem,2,0,1,0,0,1,2048,1024,afb820fa649707cdc4b4c45cb6b75a17b6af91ab97cb3e039f17c77865f6cfc5,fccd8bccd0ee6a178fb1257b6817748131e802dd33c5de0af692897d221f59a0,fe8a0bc9a05ff809d5c8017d82ab20e89785f7e5decfb08784088497cadbf29e,bracol-1507,val,0,
bracol,1508,data/raw/bracol/bracol_completo/coffee-datasets/leaf/images/1508.jpg,1,ferrugem,2,0,1,0,0,1,2048,1024,73391bf13aa7d8e1885f4927d894f65648a76ef7df024d5cae30274306a9b2b1,f54ee33cc2b11cc36d19e06d35e603b4d2463c5a0df9cae5fc17093c32ee3611,eacde318a5cc0738d48d3c35c2d5fda2cbd340a7cf49086c19295ffc8e25d1c9,bracol-1508,treino,0,
bracol,1509,data/raw/bracol/bracol_completo/coffee-datasets/leaf/images/1509.jpg,1,bicho_mineiro,1,1,0,0,0,1,2048,1024,3c77ac61dd3fac2b54d93919266ec2210480ba38a1949ea771f9277db9bd3161,ad402a46d4aff5a98bd48ad13828fd0b67f531ed270372c6da6cc67b19648c71,ea00128ce556fb4c87ab01c89e85fac9d65e32dd9a729e48dc52e46d9a6ac6ec,bracol-1509,treino,0,
bracol,1510,data/raw/bracol/bracol_completo/coffee-datasets/leaf/images/1510.jpg,1,ferrugem,2,0,1,0,0,1,2048,1024,52de9c337f0ffb9e3fccd8b89f3a8a5d728ce5973a153d1c5a9c68bc7e7b035e,f54dc2cec2ba0f204b52303f25aad3d0721d8d6e99785c358b9732dacd0f31e9,bd65f263b0a040f7d2d72fe6890a4fa58dbd2a02c4fa960b89d096fd45202f5f,bracol-1510,treino,0,
bracol,1511,data/raw/bracol/bracol_completo/coffee-datasets/leaf/images/1511.jpg,1,,5,0,1,0,1,1,2048,1024,2b14063d5497cb7b9514dbb809e30a91b99ac0dd0c671b5e3953869ea6166a49,e89796acc53a7a481a8d23fb785ee6a165e887f6a697d842da7a11ed01e12694,eeb38e25e516fe04c5ba017e86956ae0de96dd47041200068a7afdbedd717c70,bracol-1511,,1,predominant_stress_5
bracol,1512,data/raw/bracol/bracol_completo/coffee-datasets/leaf/images/1512.jpg,1,bicho_mineiro,1,1,1,0,0,1,2048,1024,5b6b90a1f622e1c0f55754a816a87f164730c311a138f851f299f792665ffc45,fd11a99cd03b3e470fc4257d7c0ef29130bc8b53fb40dd2c912b20f46ab4f6c2,ff30299cf133fd00d2bb002f82d17efcd75237d4c302020a8b2fb65bdf1d42c9,bracol-1512,treino,0,
bracol,1513,data/raw/bracol/bracol_completo/coffee-datasets/leaf/images/1513.jpg,1,ferrugem,2,0,1,0,0,1,2048,1024,945f8f92cde41f7e98656e3de9fc9ae5e63ff20e9dafba8ad6b4c80fa85335eb,f075668ec3f15a684f8331f16cbc539333c0e71f730f863409b0ec42fc93498f,be0965c6f01d668fc3f0a64ceb409648852b1a2caf3d7d7cc4382820ef5975f7,bracol-1513,treino,0,
bracol,1514,data/raw/bracol/bracol_completo/coffee-datasets/leaf/images/1514.jpg,1,,5,1,1,0,0,3,2048,1024,ecfffb911f02b6dbb2567749a6ea5ef75dfc87f31d6ef3add38ee96782dcf238,e8c6ae4a85c841b11e29330669759cfe25e2cec1d69d270f9b787908396b93f6,e8e28656e556c43985eae2e9de8521519a1d6f4b1b1c632ddeca7a73984b3c60,bracol-1514,,1,predominant_stress_5
bracol,1515,data/raw/bracol/bracol_completo/coffee-datasets/leaf/images/1515.jpg,1,ferrugem,2,1,1,0,0,2,2048,1024,f2c04efe5ff429f239d76318fc5c50729fdc5d248f74a566ad5811ccf1152288,f1397996d7a16c498e4626a57c6af31227c583a9721ad92c9f7805e48925f64f,f81a53a6b13af9de838101eadb1ffd0d9a7801fc8929fec2dbe144df01058e58,bracol-1515,treino,0,
bracol,1516,data/raw/bracol/bracol_completo/coffee-datasets/leaf/images/1516.jpg,1,ferrugem,2,0,1,0,0,2,2048,1024,74b1c811880184c7ad3bfb44c7b906b95549f62ae4c5496267094d7cbd226767,f14691b3923f6a3a4fd03ced6d0bc2c636be1b1ab240f139c1eb24d58c19ceca,f87391beb4235393d2370b9b8b7ef5add1483015ab8846fa458cbe78e48cd418,bracol-1516,treino,0,
bracol,1517,data/raw/bracol/bracol_completo/coffee-datasets/leaf/images/1517.jpg,1,ferrugem,2,0,1,0,0,4,2048,1024,39c2244ea5c0b64c727ba39b95c1a45d52dfca0e39d83faa39795ac0a1f3a4b3,ef4e90f3c1e49f040f13693f7c3b27b023e59a4ef706896c00becda2fc1182d3,ea873863e14eb6e087a812c7fe85ebce821e414cff58efac8829052c4d74f8f4,bracol-1517,treino,0,
bracol,1518,data/raw/bracol/bracol_completo/coffee-datasets/leaf/images/1518.jpg,1,ferrugem,2,0,1,0,0,1,2048,1024,acade9df0583828f5ee31654fd6ba417081994a116c215ccd4c219228f4cde27,fd0ac2acd0b50f538b4a34376c0d32fa04fee301cec1cf3f386f9cb0738540db,bf556f0df40aec0bc2fd84bdc3d0e6f0c70ac2c08b0deedbd73c04498a381e4d,bracol-1518,val,0,
bracol,1519,data/raw/bracol/bracol_completo/coffee-datasets/leaf/images/1519.jpg,1,bicho_mineiro,1,1,1,0,0,1,2048,1024,e2ecc3276129ede17ac9a432b3588e665f027402f31477301522727a163e1148,f453c81c90ee0fc3cf0470672d380ff636f19e09aa46c3f8cd2e3d03a0b534f7,be5a6f84b412059e92bdf5cccbe4c28ccb42cbdccb2f0b68d164cf659ba0e025,bracol-1519,treino,0,
bracol,1520,data/raw/bracol/bracol_completo/coffee-datasets/leaf/images/1520.jpg,1,ferrugem,2,0,1,0,0,2,2048,1024,b44c057e2e602af9164c24eb41ccaa7abf60a1651f8d4fce9827a05fb702d1cd,e519cb83c3e03c3c1e47626671a8874b6690dcbc9e4b09d2c9e5f32d3d96073e,ea15cba7e578291687a83d3a9e1709a9927af4959871a2909863d796df4f829a,bracol-1520,treino,0,
bracol,1521,data/raw/bracol/bracol_completo/coffee-datasets/leaf/images/1521.jpg,1,,5,1,1,0,0,1,2048,1024,0ac7c12cdd890acceca86ae7ff7b408b2546cc0e564f056c99bf4bc09601616b,fd489a16c2b569720f4820c57c2c769c63f38b5aff03dc2d32fd2dd470c8628b,eddd0fa4f028fd16c295c03a8bd2cbf0df4a83008b2d9f37df0d923b8a2c9a31,bracol-1521,,1,predominant_stress_5
bracol,1522,data/raw/bracol/bracol_completo/coffee-datasets/leaf/images/1522.jpg,1,ferrugem,2,0,1,0,0,1,2048,1024,8960fa1c9e71cff09e18f02be83d30247c582f4590c6ab165cd30d147f69dfa5,fa91a5c2d17f0ea69fa4384c681021f9e57ec78104279e5ff8e8086831cdfdec,fe932fb2e015601285ebef5ec7a104079697eeb2ca934417965bbef21a1a6454,bracol-1522,treino,0,
bracol,1523,data/raw/bracol/bracol_completo/coffee-datasets/leaf/images/1523.jpg,1,ferrugem,2,0,1,0,1,1,2048,1024,ae7adfb53b09e6136ad7cd672e40201bd0a4ef941c75b9ee429aabd9d4904437,ff16a258d022ef80cbf024774d09786234bc39f332d8978b7348cf1d6327cd3c,ffa4925af406e7dbd0ff8489c2d0678cd342eb8ec363414c8325ab2c5b277534,bracol-1523,treino,0,
bracol,1524,data/raw/bracol/bracol_completo/coffee-datasets/leaf/images/1524.jpg,1,ferrugem,2,0,1,0,0,2,2048,1024,842d9505c85386feae15289acd6232406be0561089d554fef2d4b4eece7bd67d,f843673cc56ec4439fac9be77814990f61ea6cf837812710865ee6afda78104c,faf1671ce055c61885eb6ebc978187148607ef3ada5ec578da78fa6092691941,bracol-1524,treino,0,
bracol,1525,data/raw/bracol/bracol_completo/coffee-datasets/leaf/images/1525.jpg,1,,5,1,1,0,0,3,2048,1024,a4dc42ae46525ec560356daa1367d77e43b676a132a37765b4603b6ffce04723,fd5aacc8d0252f0e8bfc35166c09f0f330fd834133c2ce0fd32fac74cd3470e8,fff50cdaf4026cd9d0af148983f73695d342b6828b834cdbd54f90c98b2949c9,bracol-1525,,1,predominant_stress_5
bracol,1526,data/raw/bracol/bracol_completo/coffee-datasets/leaf/images/1526.jpg,1,ferrugem,2,0,1,0,0,1,2048,1024,d9d2d711dbb5275a7537928ad855d7689a6aa3ea1a5ce81586c7a2267d9ddccd,f851981fc5ee63e04e15e41d397e1efe34a0f84192570defcd2a6c1508b454fa,fe959d81f000187796bffa7e92d110f1d3423bf1c26a5140cf6d6bab832141f5,bracol-1526,teste,0,
bracol,1527,data/raw/bracol/bracol_completo/coffee-datasets/leaf/images/1527.jpg,1,ferrugem,2,0,1,0,0,3,2048,1024,5f92371c575eac3121fa379d145f13035f902f0f1fc56ae6ee88a5037521b917,f9667838948dc3c39bb08fc8691b5c3c25bd29f1f644f1028e6fa6c7d920dc2a,f8673f0cf460523582efeb70d656d10a864b69ffdf7e0c80882c6597cd6ca092,bracol-1527,teste,0,
bracol,1528,data/raw/bracol/bracol_completo/coffee-datasets/leaf/images/1528.jpg,1,ferrugem,2,0,1,0,0,1,2048,1024,cb5eee04c2988ad16b0dbc884f336b980565d163ef980349166b197fb9159b96,f55a78a3d0b50fdc1e42f90c256f02f17390be43931b4abddc20b1d66ce65c89,eb547863e11a06f5d7bbae4082135c7e9f52822cde7a556188397fa39967a045,bracol-1528,treino,0,
bracol,1529,data/raw/bracol/bracol_completo/coffee-datasets/leaf/images/1529.jpg,1,ferrugem,2,0,1,0,0,1,2048,1024,646f45f7c9e68d2681ce38a3e32610eb6212af6d86a9e562553b9160f608bd88,fd566133c1bd0fcc4e43d84e21fe6be0f684261fcf5af2080937996078862d97,fba1f073813d47f296800a17d61e0a3adb7c11229bff1121dbfe2925576d3826,bracol-1529,treino,0,
bracol,1530,data/raw/bracol/bracol_completo/coffee-datasets/leaf/images/1530.jpg,1,ferrugem,2,0,1,0,0,1,2048,1024,dd040ae64486faa3f4bc086f81fac20f7bccc8cc94c179bc8cd7c2ec86024d96,e15e833296a57c051a5939fb61ebc70527a438789a5a64a59de92b9e619ddc38,e1178332e5a2c76497b51a1ada12d53c9a7ba1e5d803f5c38aef28dfdc0a6c84,bracol-1530,treino,0,
bracol,1531,data/raw/bracol/bracol_completo/coffee-datasets/leaf/images/1531.jpg,1,ferrugem,2,0,1,0,0,2,2048,1024,8d5f274f41dea99e907dc41e7dae24977143cb614cd0e12c48df82d22f1b359e,f44286b6c3bd69480f0234f1783fd39385e08d1f768764f0b35a33c3db298e4e,bf5706b0f40b7f92d0bde0039bd030ffd15ab0f889adb268d9a49269cb84b26c,bracol-1531,treino,0,
bracol,1532,data/raw/bracol/bracol_completo/coffee-datasets/leaf/images/1532.jpg,1,ferrugem,2,1,1,0,0,1,2048,1024,ed538699f51c1c4ddc8c9e4cbe01c2e3e68aa330949d5339ee01de87120d02a3,ffd5b389d022e8108af404fe1f42eee0782fc44761f5aa7e23da1328751a39b5,eff533c9f102fb89c2be10088bd42bbc9f0a7db0dd0a29918a2521b3d17555db,bracol-1532,treino,0,
bracol,1533,data/raw/bracol/bracol_completo/coffee-datasets/leaf/images/1533.jpg,1,ferrugem,2,0,1,0,1,1,2048,1024,768cf89729883b7aacd9beaea5899bb2e3cf97e259b2b5e51cc663e7dd3a0ca2,f1077869c3b0a3c4ce0bcb3e2cedac7132e074c5b30ba9568f3dd328ccf0ab15,bff90f4cf101b404d09356f6cbdea9d1c1e8d1e3ef8488f10e86d1c24c9ba8c7,bracol-1533,treino,0,
bracol,1534,data/raw/bracol/bracol_completo/coffee-datasets/leaf/images/1534.jpg,1,ferrugem,2,1,1,0,0,2,2048,1024,b43ab0a313e4977aff551ba0635f35ea4e25394f296d072040efcad466a8ff9f,e804c7cbc57a1a149ea1297a7857f3a165fa869f26059e589cb639eb89f26185,fa8ce593e054df8a85fa049f8700deb09e2f3cf6842d04f092e4fcc2dee544c7,bracol-1534,treino,0,
bracol,1535,data/raw/bracol/bracol_completo/coffee-datasets/leaf/images/1535.jpg,1,ferrugem,2,0,1,0,0,1,2048,1024,647dd939877ef22ec67293d9868e862f39b43940b9ce59eb1714d99d5f377fa4,f15cc3c3d2ad3e3e0f437092743f03cb03c4dc0d9b1e18f6c8b1f3832cd6039f,e81ccbc1e11a0e5b8788fc4bde9504ad925bfcf19ef800b89811d7d09bf9e28b,bracol-1535,val,0,
bracol,1536,data/raw/bracol/bracol_completo/coffee-datasets/leaf/images/1536.jpg,1,ferrugem,2,0,1,0,0,1,2048,1024,77051ef21656907eade41459205bd9f12372d53cc992caf4afd67d2d08163d18,fac52379d06a16b98fb9ba466f13896a243b6be533e1a41bb2c776fb610e0240,fa8fe353f047059b91e87fa5d3c5a415da0736fa490c8610dd6c7a798d00c769,bracol-1536,val,0,
bracol,1537,data/raw/bracol/bracol_completo/coffee-datasets/leaf/images/1537.jpg,1,ferrugem,2,1,1,0,0,2,2048,1024,8014d8758c8abfe80f26eaf3a68d036642c09c040bffb284c00c414c64a31fe0,ffdc3e99d02942719bf76d66380604a770bf9e502390926be70d49a5885db9a6,ffde3e99f4081219c2b9fb5887d0812bdf0f49e5880da9a59c7859059ae0a9b7,bracol-1537,treino,0,
bracol,1538,data/raw/bracol/bracol_completo/coffee-datasets/leaf/images/1538.jpg,1,cercosporiose,4,0,1,0,1,1,2048,1024,e3e18edef84facd0e1a4734e9dca7f6cb9d6fdb5760405a4bd584c95fc1490a6,fd44be3bc09d69700f50358f7c2b82dc20f59e48efc2c9359c3f35a2783022de,fff51f92f4007e16c0afb03bb7d563fd928e81e096da6bd3cac8820280c87743,bracol-1538,treino,0,
bracol,1539,data/raw/bracol/bracol_completo/coffee-datasets/leaf/images/1539.jpg,1,ferrugem,2,0,1,0,0,1,2048,1024,57b781f168b52818f316be9dd372a8f8bc9a446032c7895fce45600917b39350,fd5c8ae7c0ac3e1a0bd2253c7c2bf2c120f48f4ff602dc2c037f29f0ff007683,ffdd4ae2e049fc4282f9003fc781ffb4d7470004820beef7d77d54d28208eaca,bracol-1539,teste,0,
bracol,1540,data/raw/bracol/bracol_completo/coffee-datasets/leaf/images/1540.jpg,1,ferrugem,2,0,1,0,0,1,2048,1024,a63461566d51a412a6f6e25a7af0a0b03f160f5aa4611bb5a810bac09cfcb7f2,f057ce3695ea34a0cb05385f693e53e824b1af1772c344ba0a6bae52dd2471e9,fe11cf13b472c5ba82eaae81dad3545a8a4bae92df6f445a802d26a9d734a169,bracol-1540,treino,0,
bracol,1541,data/raw/bracol/bracol_completo/coffee-datasets/leaf/images/1541.jpg,1,ferrugem,2,0,1,0,0,2,2048,1024,212de608c4c137fb2874d0b624836e5e4251b7714cf0bed41ca54a274063bfff,e151226697af9b894e46cc19616e11e6b6b16267cb1b17b9cd6ccb1934e455a6,fa19e226b11811e797b9ee61c391155bcb5b821b490bde9889afc61e5d2581be,bracol-1541,treino,0,
bracol,1542,data/raw/bracol/bracol_completo/coffee-datasets/leaf/images/1542.jpg,1,bicho_mineiro,1,1,0,0,0,1,2048,1024,2273361772a373f49f2a972049d3cd12f81004b557a72f6d95f16cbdde9d80d9,f942930cc4bd25f35f52369c686da84e63a4c7b9a61fa917da7854fa89e52045,fc7d1bc6f40aed22d2f5c0ad83d0abf49b415482d30b2a8bab4d9f5fd70c500a,bracol-1542,treino,0,
bracol,1543,data/raw/bracol/bracol_completo/coffee-datasets/leaf/images/1543.jpg,1,ferrugem,2,1,1,0,0,2,2048,1024,338f2b179d642a4a3ae0b178bf027fbff897eb0d0d335f8dd0b645da88dda5a8,b145cf19d2fa3d844b50302eac2f33f062d0db039b6b8dbe76a5cc9031de34cb,bac34f37b045a95191fa55efd3c09aa183030654cb6fc64a832a8e69cf3f6c65,bracol-1543,treino,0,
bracol,1544,data/raw/bracol/bracol_completo/coffee-datasets/leaf/images/1544.jpg,1,ferrugem,2,0,1,0,0,2,2048,1024,79372cd64f71aa67d7aca8331e13327e257c09825cf995c574acc4958a8c6a0b,ffc76a98d00af3c8c2b880676ff1cbf23c230c30b6b724bfd3d272c5a308a3c8,ff8ff49cf5474398900fabd9c2dd6958d3d029298b485d2d99ee28299924949d,bracol-1544,treino,0,
bracol,1545,data/raw/bracol/bracol_completo/coffee-datasets/leaf/images/1545.jpg,1,,5,1,1,0,1,2,2048,1024,e1c128d1f96ce57b5eda33c8035ee7e8fae7ac7a3e7c46a00ba3615c28425794,f85a25acd2b51a568f07986b687b8da173c06c1f339666dac91cb24b46f88b65,feaded55f40401aa90af6fe592d046819b5a361fc348965fdd282a0dd55a8a6d,bracol-1545,,1,predominant_stress_5
bracol,1546,data/raw/bracol/bracol_completo/coffee-datasets/leaf/images/1546.jpg,1,ferrugem,2,0,1,0,1,1,2048,1024,1b36df1c4110febc9931ad0f4dab1390cc4cf1cec5cfd6fd2e0b79c31a98040e,ff5468e3d02b0ebf8fd5ba007d0251fd20bbab8077d0442f2202acd35f4d966b,ff7469e1f00044f382efaeb1d7d444028202aeff5f4f04128b2cfe73d77c8268,bracol-1546,treino,0,
bracol,1547,data/raw/bracol/bracol_completo/coffee-datasets/leaf/images/1547.jpg,1,ferrugem,2,0,1,0,0,2,2048,1024,efa26ea9bdf2617a8b3bc10632dd7c53501118bd3abd0cd25fb51b761b4b918e,fb442133c12e0fd2cf93b84d6c5b05ed30e5ef923386233b93445c31c9bfa3c1,faede122f04443b693eeeb94d344030a9b6f5f3f8300ab39db740018a92ef739,bracol-1547,treino,0,
bracol,1548,data/raw/bracol/bracol_completo/coffee-datasets/leaf/images/1548.jpg,1,ferrugem,2,0,1,0,0,1,2048,1024,4ec64e124a1d4a5b5a4860fd25b70799e36725f63db37367b31c1fecde180d32,e543ab4cd2b52d9e1a5864b3616dc79166869c6ece5a99e499e9651669862679,ed717a4de52069cc86afaf418e95d0ac961a96d4ca7acec490489e4fdae9ca68,bracol-1548,treino,0,
bracol,1549,data/raw/bracol/bracol_completo/coffee-datasets/leaf/images/1549.jpg,1,cercosporiose,4,0,0,0,1,1,2048,1024,0490d4cabd1eb1e6f9358a180afddbc5163cbcc71c7aa16c7f77f486f8073a0a,faf5b58ac16a4bb19e877c6e781c25ec21e89606e685885e865ef9e0da6821a7,feb53d0fe15e699885ea15eae7856880820705d3ce5e6a8a8248951fde7b6a9a,bracol-1549,treino,0,
bracol,1550,data/raw/bracol/bracol_completo/coffee-datasets/leaf/images/1550.jpg,1,cercosporiose,4,0,0,0,1,1,2048,1024,afc399b49f9c9a616931ea6bc0b64ffd6e1ffc57fdd287a7fde997e2b010fd87,fe112198d17b8c0bdf843e74684e626375e837732291aa15d35bd9ba8a2ce9c5,effd28cbf508ad4bd0bd148d83dce2fdc3c1d0d09340e2c8cb8b9349d159534d,bracol-1550,teste,0,
bracol,1551,data/raw/bracol/bracol_completo/coffee-datasets/leaf/images/1551.jpg,1,ferrugem,2,0,1,0,1,1,2048,1024,1e115eb39b3153c855d699d01f2c0f375b70cba09fb84f887665330482aca641,e9568f9997ade2649a9519e6695afc8f65a501fa2696fe01d64a007d8a69fc80,e8558d9ba56ae61a87ad037e8695ffc0d65a801d825abebcd75b14518a09aa79,bracol-1551,treino,0,
bracol,1552,data/raw/bracol/bracol_completo/coffee-datasets/leaf/images/1552.jpg,1,ferrugem,2,0,1,0,0,1,2048,1024,2779c91cc17cb08bb290cbfc930022ba4c7a3f4db9f316383acef2ab95245e8a,f847a198c5682f2d5a31706629da878454af9b3ceb74792996aa27876e1dd872,fef2f49fe45220dfd4ea1dca82876a89ce171115cd5ef8ba8a0894f7f51d0402,bracol-1552,treino,0,
bracol,1553,data/raw/bracol/bracol_completo/coffee-datasets/leaf/images/1553.jpg,1,cercosporiose,4,0,0,0,1,1,2048,1024,f3076e215b19caa4eef179485269b2fa23be5bdae30e655449b4dbc4f80c72d4,f4669a70c28d69190f1b25ec387cd64643a10f7b651ff82596e41bd68e63e513,fc651e6cb466f85496e0d1fa865701818a50eb93cf5a7513c129293383ad6bfb,bracol-1553,treino,0,
bracol,1554,data/raw/bracol/bracol_completo/coffee-datasets/leaf/images/1554.jpg,1,ferrugem,2,0,1,0,0,2,2048,1024,4d026e9f55dd8817e306265f1d6ad709836d4a5203f351b801e4c17193ab6ed4,f14ccc7187d1338e6c3b1b9031e4ec73db0e97162d39710e72e31ce19e4cc34b,bf664f0eb026b70ec277d23c8fc0eb7aec555d23c02824b3a1b174f675d0a2e0,bracol-1554,treino,0,
bracol,1555,data/raw/bracol/bracol_completo/coffee-datasets/leaf/images/1555.jpg,1,cercosporiose,4,1,0,0,1,1,2048,1024,3c4b3229497f96e2b5d1e20cfd0a872650735c9ca4dce4fad03f8967d977fb5f,f528ca8fc2d72dbc0f4b701f303c87e272d0d80f8f4b0df8cc3570832df2234f,bf5d5af0f008a903c0fd75afc3d0a294c30275d6874fa2828a2f51dfd70cbb8a,bracol-1555,val,0,
bracol,1556,data/raw/bracol/bracol_completo/coffee-datasets/leaf/images/1556.jpg,1,,5,1,1,0,0,1,2048,1024,2fb78f404db7412ca9fb30a38a354d76e4d52b7e4cd1a96f89009133b870c8d5,f1154be6d4aab4190f4647997c2e290e33f19ce5db0b0a52cdbee72934a03db4,fa025fcea153284c87e2b5fc96873580923ef6a79a229296db55de148b64867e,bracol-1556,,1,predominant_stress_5
bracol,1557,data/raw/bracol/bracol_completo/coffee-datasets/leaf/images/1557.jpg,1,ferrugem,2,1,1,0,0,2,2048,1024,93525e44cb1469fa041ad1b6ec7364384fcdd2c110bef1e44c088ec1349f6fb9,f9558333c08d28a61e9671c7e83837ac45a1e65cbe07d86811fa9985fb81cdbe,fc7d0b19e0e8e43896a545f1c656bee1d26a101f9a45baf1de6d10431045bbe7,bracol-1557,treino,0,
bracol,1558,data/raw/bracol/bracol_completo/coffee-datasets/leaf/images/1558.jpg,1,,5,0,1,0,1,1,2048,1024,ec335c3624f84ed059557698d6ae9a241688cf7411e3ecce05a7fc894a25111a,f9b0b259c1222fe69ecd79066c4821bc65e9de116397887b9b3afde108ed0187,fb3eb499e11406d981aade9197a140139315ff7e9a1e08609b7959675a69b965,bracol-1558,,1,predominant_stress_5
bracol,1559,data/raw/bracol/bracol_completo/coffee-datasets/leaf/images/1559.jpg,1,ferrugem,2,0,1,0,0,1,2048,1024,e6d61eefcaec5749c793ca841b60d96a4443f48eb22732a688fe9489c60015f0,fd189227d0ed4f500fce342d7c27d2dc20fa8b03fe81ccbf305a245073ad33e3,ba11360eb051fe6e93ff027493c1f762db4b22238b0f2767db2d6e2689244556,bracol-1559,treino,0,
bracol,1560,data/raw/bracol/bracol_completo/coffee-datasets/leaf/images/1560.jpg,1,ferrugem,2,0,1,0,0,1,2048,1024,cf12217779b951bea2e166f32ed0b6bb8de129ed6c0510ee5f6eccee3a4fd195,fd46adc3d0af2c301f12316e6c39f3c664f18e0fbe06dc78736f25913104569a,fd762adcf022ec08d0f544ad83d2aef4df4356c08603aa4bcf5fd74ac41aa269,bracol-1560,treino,0,
bracol,1561,data/raw/bracol/bracol_completo/coffee-datasets/leaf/images/1561.jpg,1,ferrugem,2,0,1,0,0,3,2048,1024,e47e55c7c560d3c699cb64e94e5b1553907c1572de1a1e110eaba0e900439f9e,f448cbced03d2f214bc2349bad0d32fc46bcdb63ae52c9a534a9ccda3940e669,beddc8c7b40ca569d2015684d97fe256cb7c676ac130c725cbb1a334cd92d312,bracol-1561,teste,0,
bracol,1562,data/raw/bracol/bracol_completo/coffee-datasets/leaf/images/1562.jpg,1,bicho_mineiro,1,1,0,0,0,1,2048,1024,535e44698670ddb9f1a60babc947f89826e1f90ac20eba9e85b83ae6faabcc00,e973cb98c423a5cb9f969625f80a227661f93f2a6785619d463ef5988a5088d7,e970ca9ee42821cac7b59da9cf826095c61fdefa8a1e0c91d658dcda8a39e8d8,bracol-1562,val,0,
bracol,1563,data/raw/bracol/bracol_completo/coffee-datasets/leaf/images/1563.jpg,1,ferrugem,2,0,1,0,0,1,2048,1024,004bd0dbb1c6abc65919f012d81896e7edfd769bb14a8666b9e252d2a0f8a5bc,b04b66c9c7959e961e36997061e94781b7d7261eca1a93f08d35d92750e68d9c,be53e05bf04b47e892b16f85d217a40e8b7e673ec928021f5d3daa58c5b1165a,bracol-1563,val,0,
bracol,1564,data/raw/bracol/bracol_completo/coffee-datasets/leaf/images/1564.jpg,1,ferrugem,2,1,1,0,0,2,2048,1024,06e528648f847d9b7a4f6975284818e6a3fd055f6eba8ed3c0077e546d596387,f54861e4c0bd96890ff2da56380b4de063f636972f00625ecc3ecb29b851dcb7,bed9682df00005fbc2ad3783cbdc5603cf0e3a5fde1cc1698f1822e9cf199564,bracol-1564,val,0,
bracol,1565,data/raw/bracol/bracol_completo/coffee-datasets/leaf/images/1565.jpg,1,,5,0,1,0,1,1,2048,1024,23d72582e8dd7b49150bbe30929da1f52caddbc025b9497b0dd2294feab64993,f9c52368d12e72819e9583d7785ade0861eb887d65857de0be9e2187c258769c,fbeba15df14056a883ff2a15d784db5e820f416ad75c9b6982180921b678bd2d,bracol-1565,,1,predominant_stress_5
bracol,1566,data/raw/bracol/bracol_completo/coffee-datasets/leaf/images/1566.jpg,1,ferrugem,2,0,1,0,0,1,2048,1024,d3682d1159243fce73ec06b65d7b88c645dafac7c08a95302e4bce75ec5a915e,fd05a33ad0f52f43cbd2348f6d0f31d830f4d30973428d36836dcc32cd9664d9,ffc83b3cf440eb5690bb952ad3d5eeb582409632df4b46728b0582224f2f4771,bracol-1566,treino,0,
bracol,1567,data/raw/bracol/bracol_completo/coffee-datasets/leaf/images/1567.jpg,1,ferrugem,2,0,1,0,1,1,2048,1024,110c8f680ba9f477c7b193832cd00f491a3bdb45d79bf12b4fcb6d3f966d89c9,ee13923cc53a2b4acba57ca77c4230d730fdb38a63a0cb2f03179d34bd8398e2,fed312acf41aab5c82bd822cc3ea4baccb01c354cf0da7d68706808296be77af,bracol-1567,treino,0,
bracol,1568,data/raw/bracol/bracol_completo/coffee-datasets/leaf/images/1568.jpg,1,ferrugem,2,0,1,0,0,1,2048,1024,dc0b656e82f8ce036c846a6456401ee09ec75d84b5b5d1cf5c11d1248d354ca7,f875e649c5aa9f364e8dd934685a81f931a07601b297227ec74adf60ac2509bf,fa35e6c9b17206e997a76e458a17446edf78ee288109d534df3c08264c98d576,bracol-1568,treino,0,
bracol,1569,data/raw/bracol/bracol_completo/coffee-datasets/leaf/images/1569.jpg,1,,5,1,1,0,0,1,2048,1024,e88fcbda4eecf0f736a40fb12b120545c64be24d5a1fb75c0f907945a83aab8e,f91d209cc1a827819e97b21fd87a9b5215e1d92b62c70db4370eec867b3c26da,faa9e80ce15507f897a3ef01d297043f975afeb89a0a04d09f796ed2502994d3,bracol-1569,,1,predominant_stress_5
bracol,1570,data/raw/bracol/bracol_completo/coffee-datasets/leaf/images/1570.jpg,1,ferrugem,2,0,1,0,1,1,2048,1024,4abbdfde5179ff9c7923a86735ac18f5e3cfecdcfd4650fdd30b499a1b02069c,eff5b027d00063f0c2ff87c28f5ade08cd0b883d2cbdcdf834f4a9c032c055cf,ebf5b420f57850bfd02002d792f457fa9252ab41d34a84018b2f7f07c36eaea7,bracol-1570,val,0,
bracol,1571,data/raw/bracol/bracol_completo/coffee-datasets/leaf/images/1571.jpg,1,ferrugem,2,1,1,0,0,1,2048,1024,2320afccba051983f026331de89f23b10ce004567c92b35076bc5a6f204e0a3d,fd4162aac2f52f874f4a70fd25a583d09294cc0f894924f05ca7724ba77e9b1d,bfdc7224b408817e92add7e2dbd48a019b4ad75fc98d22a989adbd5d49946898,bracol-1571,teste,0,
bracol,1572,data/raw/bracol/bracol_completo/coffee-datasets/leaf/images/1572.jpg,1,ferrugem,2,0,1,0,0,2,2048,1024,205b10fea697c34856f52ddcb1e297dd421d17240ab8f1e64bcfd10b1c95a8ff,f5564b6cc2e5f4a39b8331d1383deb1967b08f6ca647d8e2da6d30d329906509,ef854a4fe44ecf42c6ff846e86c09cf5d64b147682291ad2df7d759a0a2821a5,bracol-1572,treino,0,
bracol,1573,data/raw/bracol/bracol_completo/coffee-datasets/leaf/images/1573.jpg,1,cercosporiose,4,0,0,0,1,2,2048,1024,79796f2d8f0597a67ba1570171c77cd9a2bf57515f11d35994218cf53cad291e,f553c38cc2a43b330f5270ed683983c233d4df0f9e4b08bc41ad71c3ef14331f,fd516dc4f0aca92b82f471b5df40aed2830f100bcf3cbbddcb241008c63c3b7d,bracol-1573,teste,0,
bracol,1574,data/raw/bracol/bracol_completo/coffee-datasets/leaf/images/1574.jpg,1,cercosporiose,4,0,1,0,1,1,2048,1024,500bf52df04bb5155608d8d9c7fd0abd9197f1f10a33730151557088c07f09b5,f046d31887bd6c2f4e1334e5653993c33395c91f695a44b894e5b65e4d664b23,bc74f1c39020e1ced8fe2de5c9f866c0c4a8b667a6d552674352eb36e3014d33,bracol-1574,teste,0,
bracol,1575,data/raw/bracol/bracol_completo/coffee-datasets/leaf/images/1575.jpg,1,cercosporiose,4,0,1,0,1,1,2048,1024,9e28e137ab3e973c80bbf8cff0ff61f9ed19b547f30506c056816f904115b472,fe172326c56ede019ee008f93a57dc9175a9a3cf21b57306d6423a348a6e147b,ffd12127f500d7e6d4af0206c2b49f66d6560a2b825a9505c66afaafd6539075,bracol-1575,treino,0,
bracol,1576,data/raw/bracol/bracol_completo/coffee-datasets/leaf/images/1576.jpg,1,cercosporiose,4,0,0,0,1,1,2048,1024,17c63237856512664a8534054da6e30bf6b1e269e0a97008836f65f3de96e24c,e15c09c386af3c3c5a5366f2212bf047c7859cac9e5ad913d06b27a32b95366d,fd45687ce0223d68d2f6c0a58b4023d49f25d7c2de262a8f8066d41ed366eefc,bracol-1576,teste,0,
bracol,1577,data/raw/bracol/bracol_completo/coffee-datasets/leaf/images/1577.jpg,1,cercosporiose,4,0,0,0,1,1,2048,1024,ea358abc737c8af643389498bb3a691f0ac41f9156ee24f98d24815365844f5c,fd4e3261d0ad6c944ff125da6c0bd28d33ec8b56fa004c2b8d7b64d5eca192ca,ffc53360f003d3e090e78a54fbd65d2a834269156f2f6db6810468b0cbbe95f2,bracol-1577,treino,0,
bracol,1578,data/raw/bracol/bracol_completo/coffee-datasets/leaf/images/1578.jpg,1,cercosporiose,4,0,1,0,1,1,2048,1024,5ae31b0ffc8e339f9a4070068c281ee6ba42c383f4922cd85b4db11484e6bcfb,e41ca24c95e3da931ad3c97a653e368987d4625f986b8d60093d9d97e592325b,efc3b049e14412fdc2b47e509d5e0a088d3e6fa59cb0e154ddbae3de9e90d00e,bracol-1578,treino,0,
bracol,1579,data/raw/bracol/bracol_completo/coffee-datasets/leaf/images/1579.jpg,1,cercosporiose,4,0,1,0,1,1,2048,1024,753736de55fa28c93c29b262e1302e243a1e43f706174e56d6873530bc713ff7,e461939f93932c694f0c66f530e59b0b93d3493ccc3d24c28ed0725f712f9b29,ee5191e6b03b1b9692b95b42dbd5394f81033928cfb778ad84962cdcc7da6448,bracol-1579,treino,0,
bracol,1580,data/raw/bracol/bracol_completo/coffee-datasets/leaf/images/1580.jpg,1,ferrugem,2,0,1,0,0,2,2048,1024,6b07788fafafcb0035585fd30c12670f5c67f6ac3d729da0217de480bcb10b88,e1461b3596b8e1dac8d9641c2b2e974233b41cf9785ab98dec6d9134dcc4c3d3,f1711b34978bb9f1da597c854e487c02cc64e52a9ca75ec19ad4e671a84ecc63,bracol-1580,teste,0,
bracol,1581,data/raw/bracol/bracol_completo/coffee-datasets/leaf/images/1581.jpg,1,ferrugem,2,0,1,0,0,3,2048,1024,da5449b1a0e3f17e5d8aef8219cc9b52f01dcf1ffcde36f1b9a60a20169251f7,f54fa35cc7a02f839e1d60bb797827f165a5d20f66169b641678d826c8612df0,fd41ba07f0ab21ee82e5d2c2df42a976920b59a2ff7c2925802c5d26ff6829a6,bracol-1581,treino,0,
bracol,1582,data/raw/bracol/bracol_completo/coffee-datasets/leaf/images/1582.jpg,1,cercosporiose,4,0,0,0,1,1,2048,1024,27e23613bd62596d03b7efe89e5850f27b416917bc45fd49bb27b026c6f52845,f579a1c3c0b50bfc0fc6b40174a5c3f28358cd09df2f34b689c672d0669d8b2d,ff51a181f43943ff82b1ff52d613810b9a1b7dadd36b80a4c9617df28b230816,bracol-1582,teste,0,
bracol,1583,data/raw/bracol/bracol_completo/coffee-datasets/leaf/images/1583.jpg,1,ferrugem,2,0,1,0,1,1,2048,1024,e37c7179c4ccf3d8cb8fb299318eb0d0b4ab41aa8f6f35c57f78f574991492bb,f857a18ed5e20bb59f8de84a685c05ed60e1ba9427d7115afe063b21c37ee421,fe51b182f47a13b7d3b0fb908703110acf25193dc107bbb88fbe5000879eeabd,bracol-1583,val,0,
bracol,1584,data/raw/bracol/bracol_completo/coffee-datasets/leaf/images/1584.jpg,1,ferrugem,2,0,1,0,0,1,2048,1024,d19bcb37b74941e2babf6e3dbcd9ef9445e14466749edd2b07c0285fc638255d,f854a326d1e93e194f9530786d4ec3e5b6b4cd169a500cf869e93685e586336e,fe8f6becb015ebe5817ea504d7e895aa82459684df6d9e9c9624121896359a5c,bracol-1584,treino,0,
bracol,1585,data/raw/bracol/bracol_completo/coffee-datasets/leaf/images/1585.jpg,1,bicho_mineiro,1,1,0,0,0,1,2048,1024,371adb76529dcc620b0578cfee916fc3a79864a9890321659e03677e4176ff61,f161a733969638cc3968e5c165b79e3298d831e9da0d269c6472c6783b979963,ef54e39ee42983be86b53fd0d4d2082b9a537d1f80ab8995dfd178a88011d0fc,bracol-1585,treino,0,
bracol,1586,data/raw/bracol/bracol_completo/coffee-datasets/leaf/images/1586.jpg,1,ferrugem,2,0,1,0,1,3,2048,1024,a9e8c7fbf227a49c0fbc42575719c7997f26de2f34e12fc17a216bd73f9e85e0,fc4fba5bc3f5e1ac5e1a0f82393db05c73c68fe1a64be80fcc3c1cb0c9823013,ff401ed9f038fc49d2f540fd8b5aefd0cf090507c72d2f878b948c94d506649a,bracol-1586,treino,0,
bracol,1587,data/raw/bracol/bracol_completo/coffee-datasets/leaf/images/1587.jpg,1,,5,0,1,0,1,1,2048,1024,fa9d5107ed7f6c4e1466b9bef586019af62f735fc02b92e1f9ea4e2bfd9c7ece,e160cc319e9730ce386aa70565b5cc3a9e5e39c15969661c27979c6a52fad8e5,fd416f8ef0a3658cc2f5a49c8b5076d8df0ba65a0e1d564bce38fe4dc4780069,bracol-1587,,1,predominant_stress_5
bracol,1588,data/raw/bracol/bracol_completo/coffee-datasets/leaf/images/1588.jpg,1,,5,0,1,0,1,1,2048,1024,0f0fca161af5186bad0ba62876c3c116eeec224486bd6a3acb581ea3e4d17398,d444b38691bbca796f13b52330ee63df9b404c6c0dbf9691c852634bb7e5d014,be64b1c3d06643c7cb6e4d2497b5cc160d8b2cff480987faccdcb6c2c3e9c405,bracol-1588,,1,predominant_stress_5
bracol,1589,data/raw/bracol/bracol_completo/coffee-datasets/leaf/images/1589.jpg,1,cercosporiose,4,0,1,0,1,1,2048,1024,c6e54bfaa2c16f49032d86ba0b680bce3ddd28fea642fddb7934012efb81aa94,fc13364c83e2c1f34f0c8f9369ba7c1c969333e04a4c33276525cf3c17b6ce0d,bf5c9664f018526580bf6b66cfb0652ec19023b4cfdad793c1090283c7addb97,bracol-1589,val,0,
bracol,1590,data/raw/bracol/bracol_completo/coffee-datasets/leaf/images/1590.jpg,1,ferrugem,2,0,1,0,0,3,2048,1024,6fbb23b90feae9730e6c09b9991a991fc12ecedafdc346903d2e1d55b1d39f17,f54caa30c2fd65cf2f1336cc31b498799e484f834c6c30bea136da445b9947ae,fdc41f36904ef1229e4cb3b5cefe5fbe47ff50dbc057a041a110a84ae228c0ea,bracol-1590,treino,0,
bracol,1591,data/raw/bracol/bracol_completo/coffee-datasets/leaf/images/1591.jpg,1,cercosporiose,4,0,0,0,1,1,2048,1024,db95bb47fa08c4f1f575ba960c51d530ff396a322f5e46434c3bff7af623bf66,e51c987bc6ea6bc71e67647c613a96d18798c9439c4e25b409e13694731bc36b,f5c43c1bf08e71d186fcc1dbdac0f782c04b018b8b697bfd9f25080888343fbf,bracol-1591,val,0,
bracol,1592,data/raw/bracol/bracol_completo/coffee-datasets/leaf/images/1592.jpg,1,,5,1,1,0,1,1,2048,1024,edf19132a54b444164939a7fe98d3e5e2d18ef83d40d238712dce9dbe2a9e2ef,bd489696c0b769658fd2656b792db69460f4cb4ab6c2c96dce2f18b6c8703492,af593594f403790e84af405f86d5b3fece4a11c0ca4bbbc79b6af0879a490a4e,bracol-1592,,1,predominant_stress_5
bracol,1593,data/raw/bracol/bracol_completo/coffee-datasets/leaf/images/1593.jpg,1,ferrugem,2,0,1,0,0,1,2048,1024,bdceb6b90d8a48ea0880cc4372c294772db2ae6fe72df93b17db36d921d8796c,f86ea248c3f068374e1b37a3346dd25ef2c68f488f0a6cb5dc3d33c227c0932d,ff7412cfb02cfec0d0ae804f82d7600fdbc24fffcbe3288091054d04cbb7acae,bracol-1593,treino,0,
bracol,1594,data/raw/bracol/bracol_completo/coffee-datasets/leaf/images/1594.jpg,1,ferrugem,2,0,1,0,0,1,2048,1024,889c7d1a67d0f0dacd6aa41f84c266dd4287f4f0ad4d69f2906b5d8a02d4c511,fd2b238fc2f0e8304bcf9e673436688fc3f023d8c90dfe215cb48d7624637483,ff51b183f43b439a82fd899adb507d8b920f098ddf605d398825881851e6bbf8,bracol-1594,val,0,
bracol,1595,data/raw/bracol/bracol_completo/coffee-datasets/leaf/images/1595.jpg,1,ferrugem,2,0,1,0,0,1,2048,1024,87e9feca4d8474154e5e83c77ed4c05df375c2978a4dacf694b5182b3cb1ec9d,fd25386cd076f1a0cbf8c3b3cd01cf0345af8e3f66d4de34365a9070363939a0,ffe13a4ef007986cd2bf3870cbd0f9f0854261d04da969e3c5350583827abe8f,bracol-1595,treino,0,
bracol,1596,data/raw/bracol/bracol_completo/coffee-datasets/leaf/images/1596.jpg,1,,5,0,1,0,1,2,2048,1024,486b4bbc6d159d34e06e6bf28b124599e3f6d54e048cdd75938d7db382326d1c,fd05a46d91b852d29e439316786f99f9a1a47c41519e65eeae09e78444fd3a58,fd85a44cf19e06fc93d06f40d20fe16b9f0c50371a4cfbb714681b30f6ed1932,bracol-1596,,1,predominant_stress_5
bracol,1597,data/raw/bracol/bracol_completo/coffee-datasets/leaf/images/1597.jpg,1,ferrugem,2,0,1,0,0,1,2048,1024,26ccff5f2ff0c0c608e79dbe330875bcba9bb1b921de1b58909bb98ad09386ec,f91b6f49c3e4b0af1e073b946438c76be183c6a599873892987cd31a67316785,ffbe429be800ea99c07f645180f52c7b9cf1bf3f9fd23d048d029d0484c3999a,bracol-1597,val,0,
bracol,1598,data/raw/bracol/bracol_completo/coffee-datasets/leaf/images/1598.jpg,1,ferrugem,2,0,1,0,1,1,2048,1024,3099eecdb68504ccb6b7cb82b02b2c1fd127cb58e24a14aba7b00e3c77c0e651,f84ca598c1fa9e611b91927e616e678886e4b43fd85e9a6231a9c91ff20565bc,ffc0e186e44445de846e3f80d6ad041582b5fef8de5600b18f4bf7f96b0b9241,bracol-1598,teste,0,
bracol,1599,data/raw/bracol/bracol_completo/coffee-datasets/leaf/images/1599.jpg,1,ferrugem,2,0,1,0,1,1,2048,1024,7d97f633200aa9eb118cf299bd8c0f8b7c430e2825db7782fc6a18982dc4d714,f8bb9369c55018841faa797cfa1d23a38578f787d820ca3609ed6d537585922b,faaa9369e15dfa0d87e0017c8797ffe0d69e92af821e1285da7cb3f486702140,bracol-1599,treino,0,
bracol,1600,data/raw/bracol/bracol_completo/coffee-datasets/leaf/images/1600.jpg,1,ferrugem,2,0,1,0,0,1,2048,1024,4f4bf29b6b78259615ae284756f24e97076028e0df07ebf850808386d152a446,bc1727a3d2e0ca7c0f4c9d09709d22d787d27043ca27977c6f70ca06b1d961fa,ad03a5e3d03742f69f7e5f0a862d5f7e9a80615cdaeb2d501a8b3d95409a3495,bracol-1600,treino,0,
bracol,1601,data/raw/bracol/bracol_completo/coffee-datasets/leaf/images/1601.jpg,1,cercosporiose,4,0,0,0,1,1,2048,1024,832d63d651a42f04d189eca50f152be1a424c92b19df0d72633a1656732f9841,e946270b85b9f0bc9a518ed2396ed82b64a529f4e6167387de4a265c98e5cc69,ea6003d2e546730bc4af0acd97dd9f5686c03008de5e995d9a5a38ecdc78c3f4,bracol-1601,treino,0,
bracol,1602,data/raw/bracol/bracol_completo/coffee-datasets/leaf/images/1602.jpg,1,ferrugem,2,0,1,0,1,1,2048,1024,12096d12da8002b08ebe399655b3ff7bfad4e488f2caa58902d8a1078482e2c8,e816933887eb68431e0d65ec787e369d67a39a58e21fc9691ce82da734457692,fea41f0fe115fc1095bec179968de3b8d2ddc111ca4a2b9acb6a879bc9496181,bracol-1602,treino,0,
bracol,1603,data/raw/bracol/bracol_completo/coffee-datasets/leaf/images/1603.jpg,1,ferrugem,2,0,1,0,0,1,2048,1024,bc4896ee3ad2d5f0a2b7a2b6a24bf7c628abe5a3292288e7afc1dac8e25452b5,f54820f393d54f8e4f0b843c64f41eb33793615bda6c37848964d87c5e928de1,ff50b40ff4a1485792ff6f7ad2e82029fb6354fd8305aaf055270000cb2657db,bracol-1603,treino,0,
bracol,1604,data/raw/bracol/bracol_completo/coffee-datasets/leaf/images/1604.jpg,1,cercosporiose,4,0,0,0,1,1,2048,1024,3d1347e89f611f343561284cf4884fef9ae0b6dabe886d5e6b809f28a24783bc,fd5cae8b97a93c311a7371e6652b478c3694d878da5a8da31b2d6016703437e8,fbc568d3f14685db92ec8c0bdec4dc9d825e04d0ffe8ecc3c0040ccb8bed8c4d,bracol-1604,treino,0,
bracol,1605,data/raw/bracol/bracol_completo/coffee-datasets/leaf/images/1605.jpg,1,ferrugem,2,0,1,0,1,2,2048,1024,1fd4886e4fa08191d86945b7a8cf336c472002ae03592a01eaad62e1240eb4da,fd4d6e62c0e5912fcfd21bd87c2b650930f061b473c09e72922f966fcd34c2c4,bf5d6e74f048ed22c0fd9027c3d49ef487409642cb0f9267dd0cd26bca2dc961,bracol-1605,val,0,
bracol,1606,data/raw/bracol/bracol_completo/coffee-datasets/leaf/images/1606.jpg,1,ferrugem,2,0,1,0,0,4,2048,1024,e978080caba1908695ec5af9f6e47322b2d89fc71eb832c16ab0afc7cd980e89,e50d9a3392d061e96c6b36173184d978ce1a6da73c61365af3c6c3692f189da6,e95717b1b0a2b858d2d5d029d35289f0894bc1a3436d45d78f95af92cfac5d8a,bracol-1606,treino,0,
bracol,1607,data/raw/bracol/bracol_completo/coffee-datasets/leaf/images/1607.jpg,1,ferrugem,2,0,1,0,0,2,2048,1024,70b36a6daf4a0454019e70f61628a5fc821db12fd5c6e3577a8e93e0feb21a3f,e03c92b995d539c69c2a6c726af52f2333d7909d270a9390cd39491b49e1e67e,ffec17c9f00fb0ed8574b2e4c5423155cd8263c6cd0e6382cdb66b8fc9c0430f,bracol-1607,treino,0,
bracol,1608,data/raw/bracol/bracol_completo/coffee-datasets/leaf/images/1608.jpg,1,cercosporiose,4,0,0,0,1,1,2048,1024,fa3458e522f8dc66a6d4760060d0e62ea3f119b3dbf1ca7136da6c35417d7641,fc46a427c3b53a584f49b52d7c1d43f032faef0b730514be893eb860dc9011cf,fe44a563f03342b783faaf42db68842f8b05fe3edf26801c8a365e7ad5328a21,bracol-1608,treino,0,
bracol,1609,data/raw/bracol/bracol_completo/coffee-datasets/leaf/images/1609.jpg,1,ferrugem,2,0,1,0,1,2,2048,1024,04ab8e75fe68058338c2a5c73f24b7c18310fac65349eabff809ece2dd8ca98b,f5132ab2d2f0c6b5cb4293cfbc2fc96d30f49cb461c268d216bd658bee10261d,ef51703cf40bc63ed2bfaf50c3d04102970aebff870bd1709b3f2aa31a409565,bracol-1609,treino,0,
bracol,1610,data/raw/bracol/bracol_completo/coffee-datasets/leaf/images/1610.jpg,1,,5,0,1,0,1,1,2048,1024,b61c7f1f767700ad22fcd2e2b60b295907860f71d7a18633e0388fabdc865656,b50899b1c2b548d6cf4a678c392d361f66b0a0f0671bdb23c66d8b1e9d647d98,af5cb919f42ab830c6b4c0bcca52f390d66ac3038a61eb9fd767d70bc226aa31,bracol-1610,,1,predominant_stress_5
bracol,1611,data/raw/bracol/bracol_completo/coffee-datasets/leaf/images/1611.jpg,1,cercosporiose,4,0,0,0,1,1,2048,1024,1a745847d0509ae4cdb3c344f28604c679ad72b7cd97d5d84cb9504cbb55c048,f8c69479c1ea6bd38f9c611fbc1837e41373aa46cd23d49c2f9d8ad97008d941,fbc4b61ef022fa3892ef40798a44e968d56e6db180f42cb1d4426d51ee47a6ab,bracol-1611,treino,0,
bracol,1612,data/raw/bracol/bracol_completo/coffee-datasets/leaf/images/1612.jpg,1,ferrugem,2,0,1,0,0,1,2048,1024,8c87f8a118d58b0f28681a0e635761fb1c7c6984a6c57277c5a72fd7062b9c16,fd4e6aa3c0b5e1cc0f52a7cc6c2f5c1f33f489f3db0bd6058d7c275e6c205080,bf552f31f00f7c1390bd203f9bd075f899daa381d909d1eb89f5e0c15d2083c5,bracol-1612,val,0,
bracol,1613,data/raw/bracol/bracol_completo/coffee-datasets/leaf/images/1613.jpg,1,ferrugem,2,0,1,0,1,3,2048,1024,4767aea844a5506a06c59d2db85244df9aea3ef5270b2a249bbbbcf64446f558,f41ab239c2d52d265f2ee0b430f086ca678ea93d8c745ab2d8b3a9cf3be4468c,fdd0b2cbf08d0359c37caf0886365517cfdeaf1e0208513dcfd8a830d423d9f1,bracol-1613,treino,0,
bracol,1614,data/raw/bracol/bracol_completo/coffee-datasets/leaf/images/1614.jpg,1,ferrugem,2,0,1,0,1,1,2048,1024,c389bef568e963b3657ec89ce626921346b5e58ea40cba8fd7c93a8a7f9593cc,e0dd9cb3972b634e1a373e8c6150d8f3868d1fa29a54604c697b14f96785da17,e8cc1fb9e5dde831858801f884bde1ab9e90c784c6907097d257d6d6877223de,bracol-1614,treino,0,
bracol,1615,data/raw/bracol/bracol_completo/coffee-datasets/leaf/images/1615.jpg,1,,5,0,1,0,1,2,2048,1024,1de702305bf3689470fba3fb0e6c69a3eb624d9513fa54fccdc7112c2c5d3aaa,f054c91cc1eb36e21f05326768384f6b35b1c995da4794f88d6c3a416ba5356f,bc554984f42be58e80f9b49ccbf052d6c50382cacbf75dcb8d029e8d4b0b3c5e,bracol-1615,,1,predominant_stress_5
bracol,1616,data/raw/bracol/bracol_completo/coffee-datasets/leaf/images/1616.jpg,1,ferrugem,2,0,1,0,0,2,2048,1024,d51925e1a7a2ecffc4b9d48386eb0b7f73f698165d1b90dd4de6f0803911bc65,fd512293c0b9a1738fd696c1d80aba4c29fd9cec758268c626de8db3f6386419,ebb037a3e111eb3587abcd32d7944a32861f9972de1a392b823891a797693986,bracol-1616,treino,0,
bracol,1617,data/raw/bracol/bracol_completo/coffee-datasets/leaf/images/1617.jpg,1,ferrugem,2,0,1,0,0,1,2048,1024,ffade21f84b9125746498f09f2eb6526ba167ec1279489deb4da7e4b1dc01779,fd572bc3d0a1f00fcbdf8bf66d1ccf0036b4201d305227d8d3eb32c98d051967,bed703f1f462f40190e4800bcad60fffdb6a2e008b655d1ddd2788a8c937d0f5,bracol-1617,treino,0,
bracol,1618,data/raw/bracol/bracol_completo/coffee-datasets/leaf/images/1618.jpg,1,cercosporiose,4,0,1,0,1,2,2048,1024,6d88a19083336f2a6ccb8a97efbbec4ef2f2176df8e0c73a825ad8e78cc6f86b,e41a9e6c97a561c7585f279225e9b078729ccb694f7a8d9699b77092d82a2349,ed941e0eb48ef84cd684c36ccb5e03458b7a84a6c5a2f4d4dcb5edc6c83361ea,bracol-1618,treino,0,
bracol,1619,data/raw/bracol/bracol_completo/coffee-datasets/leaf/images/1619.jpg,1,,5,0,1,0,1,1,2048,1024,f658be4975ec30603c38d248d240cdb99b83907e50b98f040c4b53f19a121e77,f0479a38d0a26bc34f1d64af783892d033e5c92bce06cdb584f936d2db503a4f,fe60960cf0769a7c90e65168dfc4eb2d8b420525c96f7da4cfaca49e84d564d2,bracol-1619,,1,predominant_stress_5
bracol,1620,data/raw/bracol/bracol_completo/coffee-datasets/leaf/images/1620.jpg,1,ferrugem,2,0,1,0,1,2,2048,1024,b172564837b3b26bbac189ffc8ff45c73d0142f9e5fabfa592008ec77ee8a31c,ff5e3498d4ac729482dfa14acf6893a50c05cf26fcbdc91610128cb9bbf35cd0,efd5a5b9f40842bd80df6fd2d7fa2a02c3406f6bd30544098b0f36b5c34eaa98,bracol-1620,treino,0,
bracol,1621,data/raw/bracol/bracol_completo/coffee-datasets/leaf/images/1621.jpg,1,cercosporiose,4,0,0,0,1,1,2048,1024,93b293e197a296b34ea228685166d368787de4f55850a641173eba80a3b1df43,ed53349bd0a9cb309bd4ad66784b16e424ec92dbe69263199f3e29659908dca6,eaa0b591e055c5bb857e92b0c7a84b1586010b9ade1f595a8a0f081a9f7dfdf3,bracol-1621,treino,0,
bracol,1622,data/raw/bracol/bracol_completo/coffee-datasets/leaf/images/1622.jpg,1,ferrugem,2,0,1,0,0,1,2048,1024,c8f9497774c782171f2e73da87664a6feb082ee66585d11a741942e3d872a29b,b45a2c7ac0a5d0ad1b5a8f522d2b3c2716b660f4aa5cd74857a98d6f825f7cb0,af558c70f02ad485c2fcea5cd7c04d68820faea9d75ec80d8a0c45fcde7daea0,bracol-1622,teste,0,
bracol,1623,data/raw/bracol/bracol_completo/coffee-datasets/leaf/images/1623.jpg,1,ferrugem,2,0,1,0,1,4,2048,1024,4ef1238e05d3fa9c82cd2c500f151fa8345fdc0890eb688a75a009e5dd8494e7,fddf322ec3c1b1994f2c992334342c6633c366d1fb0fb18946bc9bb49912ac62,fd9694c6b1ba43dfd391ff099bd1450f9b29aebc9b0450349a7eb9b854448130,bracol-1623,teste,0,
bracol,1624,data/raw/bracol/bracol_completo/coffee-datasets/leaf/images/1624.jpg,1,saudavel,0,0,0,0,0,0,2048,1024,c4857e77e306ccc64c36c8b43255f10c274b2b94e121438689164078ccb44185,f5131b9ed2f569604f4c26f5303e9a1a13f1896ccf0b64a5ccbc265e3946d329,bd119b86b4339b16d2f9086fcb51f9edc50b20a08ed965f4cfda64d2c80946d3,bracol-1624,treino,0,
bracol,1625,data/raw/bracol/bracol_completo/coffee-datasets/leaf/images/1625.jpg,1,cercosporiose,4,0,1,0,1,1,2048,1024,4ac6e216cae337bfae03369b6cec918fa53174a89880fdc5dd9c7183d6ab05e2,fd742d83c2d3f07e4faf8f6131046c8e1a539adccc717121cbcc87b23526460f,bd6f0de0f6b4fc80c250985fcd39504dc0b1b865c57979b6823d9176c7722aaa,bracol-1625,treino,0,
bracol,1626,data/raw/bracol/bracol_completo/coffee-datasets/leaf/images/1626.jpg,1,ferrugem,2,0,1,0,0,1,2048,1024,24e28f8fcd3385eb1307aa9250a9bef1fb0e1c20d6e4e03217508e1d3fc1ebf0,fd1f79a0c2f8079c4f42e40f3c2f03f072d0b903e34b1bbecf25c7189cb2c661,ffa47878e41711fbc4babbc0c2b01305c6530b0f8a4adb1c9f7bc12c4e2dc73c,bracol-1626,teste,0,
bracol,1627,data/raw/bracol/bracol_completo/coffee-datasets/leaf/images/1627.jpg,1,ferrugem,2,0,1,0,0,1,2048,1024,01bf7aed3443453e6c9233786dfddea8edfffcd44f786bb4503c03dfb5093a58,ff073b88d038f03fcbd0c3f0cd0bcf0234bf8c2f36d03cf4326b30d0a34573c9,ff8d3f98b4587808c0bee19fc2f411f8c250e3b0c34b7115c749abbbcb2f5501,bracol-1627,treino,0,
bracol,1628,data/raw/bracol/bracol_completo/coffee-datasets/leaf/images/1628.jpg,1,ferrugem,2,0,1,0,0,1,2048,1024,45534cf49755903bd7cfd33c1b83377212cd6a914fa0456300e6c5b2d1e295c9,f15cc539d2a53e96195ae0e96ca507c7269ccc3e9b4391e1cc27734f05b0673c,fa8dea15e5580de8a2a96f01d785a0bf470474b8853510d0ff363fd3c6369cc3,bracol-1628,treino,0,
bracol,1629,data/raw/bracol/bracol_completo/coffee-datasets/leaf/images/1629.jpg,1,ferrugem,2,0,1,0,0,2,2048,1024,3ef45abc3cce52a4fb0808e758823071ef627ccb1502449c7ab2b6d895c922bc,e55c90e793a57b4ace53643c347792d063cc984b9b1cc5a49cf26612696b3679,af4594b4f0ae1afcc2ccdb4a9bc0996d9c0fe9e59a9ec186cd9a69a799800536,bracol-1629,treino,0,
bracol,1630,data/raw/bracol/bracol_completo/coffee-datasets/leaf/images/1630.jpg,1,cercosporiose,4,0,0,0,1,1,2048,1024,0ceb2c8c3fc06ed98760629d970e133453ad0d3cd8f4aa1b3ea8f23011b6bc40,f07e9a368781e1c1de5ea70f29e1b2f032879b4b231a99a5ce39cd968c706699,bffd83b9b5007fbcd0aff800d2d1183f9342483d8b2bb9b5d12d68b0cbac30b0,bracol-1630,treino,0,
bracol,1631,data/raw/bracol/bracol_completo/coffee-datasets/leaf/images/1631.jpg,1,cercosporiose,4,0,0,0,1,1,2048,1024,d62136c2dd9de6fd3badd87348cc24c594c17618260668becf3dbc7f2ab10441,f5482e38c1ad63c71f423d2f613bc6b08794c9c3d84f35ad89e4e614679386e9,efde2f06f50ae09682a7e8fed7d405489a082cc15f6fb48b886d5cdfcd648281,bracol-1631,teste,0,
bracol,1632,data/raw/bracol/bracol_completo/coffee-datasets/leaf/images/1632.jpg,1,ferrugem,2,1,1,0,0,2,2048,1024,8c1bd529fbb0c7ed5961b97347ea7cc1e0823967ce187846053486154c552736,f0461633c6a9a9e34f1b64cc7138ba7b96c54b33cf0eec9685b136cf7202d341,f845361fb0eeb93982c541b1db43db54c97d892783a0dda2cfb7c015c017ab4b,bracol-1632,treino,0,
bracol,1633,data/raw/bracol/bracol_completo/coffee-datasets/leaf/images/1633.jpg,1,ferrugem,2,0,1,0,1,4,2048,1024,575e93ae5069be39dbf8279d7365a9e1d6156a57bef9c6eb52aef0cb12481abc,f068c791c387387a0f3a31e564f1d38e37c38d3cdb0f4cb18df0324f4c96332c,fc45e1def068478592fd2e07d3c0d59e934b22994f4fd6598b0c22e84924f759,bracol-1633,treino,0,
bracol,1634,data/raw/bracol/bracol_completo/coffee-datasets/leaf/images/1634.jpg,1,cercosporiose,4,0,1,0,1,1,2048,1024,49c1926ec678574c45024c9e61630337d2e388e94de7620c187a9a13f7819026,f452d0c1c2b50f0c5b4a743631ed83d17690990f877e59bc588324dbb9dde62b,ae55f0f0e43a83d9c6b57f01ca40823fdf6a4d3c8b6deba099664516b825a3b2,bracol-1634,treino,0,
bracol,1635,data/raw/bracol/bracol_completo/coffee-datasets/leaf/images/1635.jpg,1,ferrugem,2,0,1,0,1,2,2048,1024,0f5d272b9a44f95cd64922d72f8513caa2165f74be91f4e8db5bacdeb608963b,fc4fbe9cd3f66d23cf0924b37c3932c237c1890e60868cb49b52ccdb1a2da741,bffe36c1b4305accd030a87ecb73e4a68961e8b40da15fd28c838acb4cd39d4d,bracol-1635,treino,0,
bracol,1636,data/raw/bracol/bracol_completo/coffee-datasets/leaf/images/1636.jpg,1,cercosporiose,4,0,1,0,1,1,2048,1024,9cd9413a353d8a639320f9531cf70acb091630907300f4280ccc289677dcdaf9,ff4e9fb6c0ed68194e9125e8383ed686d9a0c95867b51cb936067b06ba4c81ae,fe471fe4a446b806d6a4d9efde57ebef885a41cf445b41b582a1a0b4c5507550,bracol-1636,treino,0,
bracol,1637,data/raw/bracol/bracol_completo/coffee-datasets/leaf/images/1637.jpg,1,ferrugem,2,0,1,0,0,1,2048,1024,e9248453d3fd8e997945e05ec7c36a5fa65f05a634b66a936226602621f72a3a,fc433e4ec5ede170de1667a13978341e30a596e866c6c947e20f8d2c0f3971b4,fe781ee2f448fc04d6a1d06ec2d74af0cadaeee0874a4060cf498f65ce2d2f25,bracol-1637,treino,0,
bracol,1638,data/raw/bracol/bracol_completo/coffee-datasets/leaf/images/1638.jpg,1,,5,0,1,0,1,1,2048,1024,2179a11cfbfea0f65d65792316745cd09e9127131ff8fc82f6dc3ee83b9a03ab,b46cc69dc2d279602d8bb6f4707ccf0b9be23d3d6c1732c007e8cf0fb805ccb0,be5c2d83b46eec9fd6ec80dbcac0d7c8cf4e9a45492b1469cf25e8e5cc242c28,bracol-1638,,1,predominant_stress_5
bracol,1639,data/raw/bracol/bracol_completo/coffee-datasets/leaf/images/1639.jpg,1,ferrugem,2,0,1,0,1,1,2048,1024,897e5cf674e9a52d51793943f3be94c7e202df3820a457f57da952d4aeb1304c,fd11939cc0b93a4bcfc665633c4eb69521f9db1a4703d9498e3f24e55c626452,fd11978cf03bba9dc3b8c95ac390f9c8cb1f89a9c32a51c5df34b9458a36282c,bracol-1639,treino,0,
bracol,1640,data/raw/bracol/bracol_completo/coffee-datasets/leaf/images/1640.jpg,1,,5,0,1,0,1,1,2048,1024,15bb9cec4732c447b9e09df3deeaf06be334fff38bc0cd02aa6513be2591b79b,f81e360bc2e5bba08f438d276c39dc3037f024d9f34f73cac76d83272c10dc32,ff07b6c1f02f02df82f5ef43db41052f8b262fb4dd2604328b367d72db308031,bracol-1640,,1,predominant_stress_5
bracol,1641,data/raw/bracol/bracol_completo/coffee-datasets/leaf/images/1641.jpg,1,ferrugem,2,0,1,0,0,1,2048,1024,515aaf69fec7b24ec2b4d9d1f432e3b38399074c03cdc0241b31696c8fe24975,fd1a6b32c2f5b0f1cfc252c03c87ad2c32f8ceb67325a953874a11e9d8ad3a05,bfde4b82f084ad80c21cd091cbecb85b8c5454495eab3ef9a9453541d7e732ab,bracol-1641,teste,0,
bracol,1642,data/raw/bracol/bracol_completo/coffee-datasets/leaf/images/1642.jpg,1,cercosporiose,4,0,1,0,1,3,2048,1024,1eed61fc1c7fc011189c4dd598d0b6a5976de6ab91fde13055b20c61ab703d9c,fc1bab29d3f52f864f4e747c25ac13c132928d2f0369ccb4c46534da1e9a722d,ff97fa5bb51201fbd2bf8bf0c250d901cb7ac8a54268fd1686b00e9266582c1f,bracol-1642,val,0,
bracol,1643,data/raw/bracol/bracol_completo/coffee-datasets/leaf/images/1643.jpg,1,,5,0,1,0,1,1,2048,1024,3709386df655731411fc4238e076ce1b1ec975cd7886e43fbbb96c229a022161,f9019fa0c5fe607fde0167c03978369f31a3d858f19788696768cda526512b96,fff91fffb5009c00d7a8f83fda95f8e0da5ef144d64a38078a69280fc4656006,bracol-1643,,1,predominant_stress_5
bracol,1644,data/raw/bracol/bracol_completo/coffee-datasets/leaf/images/1644.jpg,1,cercosporiose,4,0,0,0,1,1,2048,1024,a5cea35594878a5882fe7102065d757e741bf53d799e4680c5006f9fac03a3e5,f0539ab395a9694c8ed566a57c6ab61231f599796b8559a1869ae48edc696644,fa1196b3b55bb95593b9c96acb9079e08b92c185b518a5c78cdbc68662c16ace,bracol-1644,treino,0,
bracol,1645,data/raw/bracol/bracol_completo/coffee-datasets/leaf/images/1645.jpg,1,ferrugem,2,0,1,0,1,1,2048,1024,d5cb853349c40b85df6a5756b5c2ea61efcd4a24cb6828810c476a261040ad93,a416963987e5497cdb4225a5393f76de34b1a25b6353df29472d89349c645d82,afd5979ef4027b05d2ff800ecbd24bfdd34b49a08b2509f75f2531a28a361894,bracol-1645,treino,0,
bracol,1646,data/raw/bracol/bracol_completo/coffee-datasets/leaf/images/1646.jpg,1,ferrugem,2,0,1,0,1,2,2048,1024,0aa179105de42b8ef5e302ff4b362a14ba105d332a72022a237d2f933b4f45d9,f85b32bc87a827434a06d82f3d7a2dd0669134ae935a6355492d9f2b7da29c96,fe98b586a01f42efd7f81344c2b97b4a8351392b8bb068b59f912c30899b7d9a,bracol-1646,treino,0,
bracol,1647,data/raw/bracol/bracol_completo/coffee-datasets/leaf/images/1647.jpg,1,ferrugem,2,0,1,0,1,4,2048,1024,b1414dbf1c7c4591680fa4d94620477d9f3ed6bcd56833d2732fe181572d49e5,e54c63c6d2b19ed95806f13321e44784d69b345e9f48c8f1c9a78b0e769632be,e8c461c6a11a07c6d6903c069edf5c788a5aecfdc94bcfe1c92fcd4b0da48cc9,bracol-1647,treino,0,
bracol,1648,data/raw/bracol/bracol_completo/coffee-datasets/leaf/images/1648.jpg,1,ferrugem,2,0,1,0,0,1,2048,1024,58ffba050b9e4cf23d63aea7b9252f880745852515e9e1735e254c7a4792bfce,f857b0c9c1e16b344f0725b23c3ef2d333e08b6a6187dda586ba0cd6ce717089,fe033ccab453fa0dd2fa007fcbc179e8df4b31a5822338a5df3775d2c122208a,bracol-1648,treino,0,
bracol,1649,data/raw/bracol/bracol_completo/coffee-datasets/leaf/images/1649.jpg,1,ferrugem,2,0,1,0,0,1,2048,1024,9d7754f04fe94af9f73d80a4b96b3ace00f1b1bc3734ecabb2b7a3bf975654a7,fd44a386c0bf6c78cbd034b93d0f72f434bd834ee2c0cf2d141b8cb53c1571d2,fff62bf1f420fd00d2b78023c352ea7fc34bd05a832fae8bcb259741c3262a81,bracol-1649,treino,0,
bracol,1650,data/raw/bracol/bracol_completo/coffee-datasets/leaf/images/1650.jpg,1,ferrugem,2,0,1,0,0,1,2048,1024,37a850d21647107f4c250600f41f62938489b98d0382b840e9576e5410153cd0,ad556998c1abc4b99e958fc6784a984e61e561e8ee866785d61e461e2b999e58,a8156158e17897b987a93e159685905ac61f3bd89e5ad149da783be99e79d141,bracol-1650,treino,0,
bracol,1651,data/raw/bracol/bracol_completo/coffee-datasets/leaf/images/1651.jpg,1,ferrugem,2,0,1,0,0,1,2048,1024,668f4fb344353d872a912e478994d7dbddbb6fec888bb3787e7c1d5d7bb58d1f,a9e281f5c2b54e1e6f188c35303d73a09bc6bd4fee0b4ee026b4a533d9c25aac,a9739038f02352f490e7afc0dbd2540b8a4924dd55e9a2ba291555d26fa7abf3,bracol-1651,val,0,
bracol,1652,data/raw/bracol/bracol_completo/coffee-datasets/leaf/images/1652.jpg,1,ferrugem,2,0,1,0,1,1,2048,1024,1c3da10754352927facb0915d96d3d53d96ca58be29cf2930e5fe7a6e2c95a06,fd5be366c2a51c990b4631f964afc70696d09c7ed82d398127c6619b7619c664,fe916266f512c7e492bb0e05de549e2e8a7e1052da60fae79b65086a9065dda5,bracol-1652,val,0,
bracol,1653,data/raw/bracol/bracol_completo/coffee-datasets/leaf/images/1653.jpg,1,cercosporiose,4,0,0,0,1,1,2048,1024,ed70aed22986052f647f22726ddaa5ec111e04a719eff653c94672ded4e71090,e04d9d3997a362c67a372f4865c8d0b99e8d2b467b72f468631ea69514c9197a,ea602dc7f462f8e496e708fe82561f008b4ada3d7d0f9258a9bdc31865f8eb0c,bracol-1653,teste,0,
bracol,1654,data/raw/bracol/bracol_completo/coffee-datasets/leaf/images/1654.jpg,1,cercosporiose,4,0,0,0,1,1,2048,1024,a0a9cfc7e31b81109494da8d13c4e0f7457726e80dd79b4fb00c85ae37f34284,fc66c5f3d0bc3a0c4b93327e343bcc2192f4239bc94f702e65b126741af2c4ab,fe664839b404ed38d6ae34ba8aec92b4cd46ba44caeed96ec5de08ebc1684856,bracol-1654,treino,0,
bracol,1655,data/raw/bracol/bracol_completo/coffee-datasets/leaf/images/1655.jpg,1,cercosporiose,4,0,0,0,1,1,2048,1024,59d988a237578cfe18d1b3f305c8188db3c3c61a1c19d1dc18a0845db0317d60,e50f369c82f14bc31c4abc7c61ac568a9613e16b987b1ea56d84d05e769c3bc9,fdf0b781f02950ff839dee589f180c2b8b3d4fa1c930e2b4cdb7d4128990871e,bracol-1655,treino,0,
bracol,1656,data/raw/bracol/bracol_completo/coffee-datasets/leaf/images/1656.jpg,1,ferrugem,2,0,1,0,0,1,2048,1024,5c98ddb948023895b3dfeb966a220cd88ce562f5621eb0fc0f2dc754adfc1e4c,f94ea732d2e538191f1231c9613be28776818f68b24ed831d98d2d936d9472bb,fee1a330f463ef11d2ff863f82409e10df4ab23a8a6f9279d566b2002aa61f07,bracol-1656,treino,0,
bracol,1657,data/raw/bracol/bracol_completo/coffee-datasets/leaf/images/1657.jpg,1,ferrugem,2,0,1,0,1,2,2048,1024,800aee103da30ee686573f97bf14d8f06caaadd3b88dad2b9aa4dd397580538b,ed5ac266d0a50f930f52381c7429c3e026f4ae17db4b5cf8993d29d13ca4d78e,ef17f266f42ac37280bd2780d7d04727c2412a179bdf577b96082e309e1d5479,bracol-1657,treino,0,
bracol,1658,data/raw/bracol/bracol_completo/coffee-datasets/leaf/images/1658.jpg,1,cercosporiose,4,0,1,0,1,1,2048,1024,d3b10b5b5fe17565d4438330dcf6d0027c94e7f2328e2ea142e171b505c9b085,e14c3a9496a5c1db5a5a0e2739e1307a6696d38d9e5aaf18d9e5ccb519a63cc2,fbe41d66e549f884c4adc05b8294a3f8d6d6d1c89e5a038d8848990ddf7e5f8c,bracol-1658,val,0,
bracol,1659,data/raw/bracol/bracol_completo/coffee-datasets/leaf/images/1659.jpg,1,cercosporiose,4,0,1,0,1,2,2048,1024,f65b8f0095b0d3a8c6bf3d08ac8769be1b371a8749cf164c01e62ef4591b9688,fc0cad33c2df3ecc0f03b04e743d43b086d88d3bc90f70e81db439dc72d2662d,ffc7ab30f40a43bf809fab90d2de6758c342a229cb6957728f298a104c2d973b,bracol-1659,treino,0,
bracol,1660,data/raw/bracol/bracol_completo/coffee-datasets/leaf/images/1660.jpg,1,cercosporiose,4,0,1,0,1,1,2048,1024,ee146719fc16dfe3449e8abed308eb0c64bc54059d8becd45ed25346b2d008f4,f064ab19854734fc1abbb0c76971474a37afd839925415b1d86268976db5476c,fa276b98e164691d87e2b5a8da0720a5975ef4d59e2c12c29634be7d5ab21265,bracol-1660,treino,0,
bracol,1661,data/raw/bracol/bracol_completo/coffee-datasets/leaf/images/1661.jpg,1,cercosporiose,4,0,1,0,1,1,2048,1024,f8cbfde4a6ea5fb9479fb14b2cfe16a021843c7875db3b1d335884821ca07571,f511c4c6c2f41b112f0e713930f5c7c0d3531c0ecd3d73f034d6270bb34bcebc,bf396cc5f01824eac2b934ec8fd0b2d4c7819352be8fc3a9d45bc3019a69639b,bracol-1661,treino,0,
bracol,1662,data/raw/bracol/bracol_completo/coffee-datasets/leaf/images/1662.jpg,1,ferrugem,2,0,1,0,0,2,2048,1024,525945c47ba1c28ab60d7e7d19b2d0cad2110e6640eb96706ec0e7d5c3b9e04c,f07438f8d7c2c3874c1d9c39359060f13272b78f8f65ca34cc968c733cd97899,ff762fc1f1267c33d3b6803fc35ad3fdc129832044b1c35f4cd2c7aaa4114513,bracol-1662,val,0,
bracol,1663,data/raw/bracol/bracol_completo/coffee-datasets/leaf/images/1663.jpg,1,cercosporiose,4,0,1,0,1,2,2048,1024,ba38c5cf8db51a70a81ab92ddbd6839aada9a5a744d3eb207179728709bf1777,f864b42293c96ad8df162d8f687a349537e09a62ca0fd92f9ca82db0b853741f,ff013791f42e3a07d2f7900bcb52fbf9d7ed41248a0469f5df7e51b2c0002991,bracol-1663,teste,0,
bracol,1664,data/raw/bracol/bracol_completo/coffee-datasets/leaf/images/1664.jpg,1,ferrugem,2,0,1,0,0,1,2048,1024,8a96fa8eadf45422589ed5c8e9e7020eccb2ce5da43ef7e1c50c7962153bd157,f9572ea497e8c9cb5e178e0f61ea70b097a1a3c39a5cdc1a65a8b8f024977306,effdb586f4205287c02daad7c3ff514a83c0ab67d5c091e282855165d5ceaba2,bracol-1664,treino,0,
bracol,1665,data/raw/bracol/bracol_completo/coffee-datasets/leaf/images/1665.jpg,1,,5,1,1,0,0,1,2048,1024,15260b07a85b1b012f5680676af5a3e9dd0994bfe74831a246b774b375ffd80c,f170866993a96c124f4e31f0647cd38727f18d4ed897e4b43bc23253d12df139,bd173266b01eff06d2fc203f8b604398d5a5eb99c8b61199c4d2e999eccbd188,bracol-1665,,1,predominant_stress_5
bracol,1666,data/raw/bracol/bracol_completo/coffee-datasets/leaf/images/1666.jpg,1,ferrugem,2,0,1,0,1,2,2048,1024,eef7071624de8062c3ed893f1df331b9c60fcaca5ea73e41ec609c640ee09f5a,fd51aa3cd1ee3e060f8431fb6c1ac38126f48f1eda45dc3819c923c12d9be30f,ffb86b16f011efe4c1ff0620cba8b67d9f05f20e8c05125d927618f85a70b8e2,bracol-1666,treino,0,
bracol,1667,data/raw/bracol/bracol_completo/coffee-datasets/leaf/images/1667.jpg,1,ferrugem,2,0,1,0,0,1,2048,1024,0366b62480f6ee2f25544b226cdd79bb2f862ad48d583e24e635de303bd1ac5e,e5121e6c86b1c97ada560f853969243e708553c127daab4fe639d12cde618ff0,fd501f66b48cf80ac2d640fd834ba3e0c72dd787df2483168325870ed73adf14,bracol-1667,treino,0,
bracol,1668,data/raw/bracol/bracol_completo/coffee-datasets/leaf/images/1668.jpg,1,ferrugem,2,0,1,0,1,1,2048,1024,dde57b5c7c7591328b1685c2cd9a118cb374690221e6798ef4f7ad74a0f49c21,e05c9c2587a1e3d0da1e3f0b296370fc64a5c9c686debb2fda6a741c897126ca,af770fb7b401ffb2d279c813c258208bd16910fe8b7538fadfa2195889d43a28,bracol-1668,val,0,
bracol,1669,data/raw/bracol/bracol_completo/coffee-datasets/leaf/images/1669.jpg,1,cercosporiose,4,0,1,0,1,1,2048,1024,8cf8857332aed4ac8b52364dddf1823246389a9b9e7892e03dde239487f8a7ba,f066a129d5e73e164f19b06a683907c53681ee1f334e46f8c965a9374cb259ae,fe36e15df43203e192f3bf80cb40940bcb6bab3fc92147108fb74b364412ab3e,bracol-1669,treino,0,
bracol,1670,data/raw/bracol/bracol_completo/coffee-datasets/leaf/images/1670.jpg,1,,5,0,1,0,1,1,2048,1024,d6654e6f84a3ee2b9bd5639b5225f851ab59f9bddcd6bfa21fadcb8d89f1ddde,ff852999d05a10aecbf0c3466d064f6e36bf3cb47250309b8dbdf34918a88b27,ffa9e918f40118bc92ffbdd4c358888acb49518b8925d3d59f26a1415f1693ce,bracol-1670,,1,predominant_stress_5
bracol,1671,data/raw/bracol/bracol_completo/coffee-datasets/leaf/images/1671.jpg,1,ferrugem,2,0,1,0,0,1,2048,1024,05b29c54dcc602e09d388a876d294cd8c92d53a28984429a2b3e495e4a071eb6,fd4fe0bad0f41ec2cbd2306f6c0b71e036f0e713724ad68989649875d99359a8,bf506c03f40364ffc0b7a6d0ebda1649c5eb2a25c691572d825daa34cf68563a,bracol-1671,treino,0,
bracol,1672,data/raw/bracol/bracol_completo/coffee-datasets/leaf/images/1672.jpg,1,ferrugem,2,0,1,0,1,2,2048,1024,f1cb4ea40c4b983ba2836b06fb9f0d248e591e4e6c959e33028754ea18303fd0,f858a4d8c7ed2947de1793a2297ab13664e1178827d6ec59d318cca99b599847,ffd5a6c3f4022ecfd0ae44428af56edfd3c0c44e83c1aeac8dcd9764cc878a04,bracol-1672,treino,0,
bracol,1673,data/raw/bracol/bracol_completo/coffee-datasets/leaf/images/1673.jpg,1,cercosporiose,4,0,0,0,1,1,2048,1024,abeeea698aea4eda906233499865c3c487d780a35b3ea743c76333865617148d,b1c8f13bc60f0e4c6b77e0e135c0131f9a5c6d484f2394e73c56531a92ed8f1d,b8dcf11195cc0387da0c6b5ec0288f24db15a4be0b347cd6276a14d76f69f4d3,bracol-1673,val,0,
bracol,1674,data/raw/bracol/bracol_completo/coffee-datasets/leaf/images/1674.jpg,1,ferrugem,2,0,1,0,0,1,2048,1024,53a1a10e2ff9d7635ea7bc914d0a2d584db8f3f0e827d2c54973c6bcb050e992,e15797aa84a84b5d1b5025ab692f16f576b0ca4ad25b9d2dcf2c689018f536da,bdc13da3f42bd801d2fdc0ffd3d214f4834be1e0cbcd31c0c70ca98f8b2d3185,bracol-1674,treino,0,
bracol,1675,data/raw/bracol/bracol_completo/coffee-datasets/leaf/images/1675.jpg,1,cercosporiose,4,0,0,0,1,1,2048,1024,c4b93511be9400df0de901189c134a837ab0efb9efe5623ed0d112effc53653a,fc7aac1cd2a569700f1a3787703df21e16c0cf68eb0ecc871bb430daec51f309,fe550f91b46afc0fd6a1007ec2d7eef0c34a4462c349eee1cf2dd56745244c41,bracol-1675,val,0,
bracol,1676,data/raw/bracol/bracol_completo/coffee-datasets/leaf/images/1676.jpg,1,cercosporiose,4,0,1,0,1,1,2048,1024,bce4f14d7d87c64b6c65b6978f3e67184a41ac799f139a5f3f4fc9a9ec573d20,f54e9a38c2b569674f5234e53c2df25c72f0cb2cab4b8cb1dcbd70d288503349,bf441f9eb02efa00d2f4503fc346ebf08b4bc1e2c50d5901ca25aeb7e5b67512,bracol-1676,treino,0,
bracol,1677,data/raw/bracol/bracol_completo/coffee-datasets/leaf/images/1677.jpg,1,cercosporiose,4,0,0,0,1,1,2048,1024,7c264df2235df9b8278689c3e2a32bd099318b4a2fdabd9c9bd1dbe3142abdb8,c4466db395b192cc3a9b42f3e6666d1b9db490e4715bcf5386e31ca9681c63c4,ee676939e4660d8c9dae788ceba500b99f10b75d6a1a20e1b5fcf5458e284a4e,bracol-1677,val,0,
bracol,1678,data/raw/bracol/bracol_completo/coffee-datasets/leaf/images/1678.jpg,1,ferrugem,2,0,1,0,1,2,2048,1024,b118abd1618f2815bf298924febe994dace41e207a149f50d606d565c9b59402,fd06cb3bc0f42fa4cf48348e3c2573d830f69b0163439b3d07ad6c39e8c4e4f2,bfc67a1bf026bd38d0b79535cbfa7ab093480503db08e3fd8b0c6501170d62db,bracol-1678,treino,0,
bracol,1679,data/raw/bracol/bracol_completo/coffee-datasets/leaf/images/1679.jpg,1,ferrugem,2,1,1,0,0,2,2048,1024,4208bad22bc03a85570645c5f25dd5891fecf53693f742ac29858713cad7e26c,f857969c95a868519e1565af687a279537a1921a62179b6917b8dda5c9112cd7,fabc97e0b5147a8f90aa1257d3f52a7a93c09141d3c76b2b930b9525934f692c,bracol-1679,treino,0,
bracol,1680,data/raw/bracol/bracol_completo/coffee-datasets/leaf/images/1680.jpg,1,ferrugem,2,0,1,0,1,2,2048,1024,10416a1b7180be10997e825442690316141a674069c331017cc7ffd705d35a13,f57038f8d2b5cbc18f46e70f6c8cd61624dc3962320179a5b173329e59b1adc9,bc3e3c3ff03a58fd93f329589f60d5abc8250695dd72a8d20fa0c410e8db0ea9,bracol-1680,teste,0,
bracol,1681,data/raw/bracol/bracol_completo/coffee-datasets/leaf/images/1681.jpg,1,ferrugem,2,0,1,0,1,2,2048,1024,c612267597f1d91cc4e215dbefbbb97ed80665006580f74b700787493410ed23,ffc893e3d08d65068fda4e9e1e29c44831769471d2f452f34da2210bb95fb88d,fbff9070f140bb75c0a54923c5d72dd3af88aa8bdc8a540e545d635588fca322,bracol-1681,val,0,
bracol,1682,data/raw/bracol/bracol_completo/coffee-datasets/leaf/images/1682.jpg,1,ferrugem,2,0,1,0,0,1,2048,1024,fea34cbaaaccb3f4ae1ebd197dc988fb26736f2f5a75543ddd6bc00a0610d208,f16323c492d5d83a4f0e8ff031e5700fd28337d88f7cda33c4a4cd7036d2368e,bd50b0ecb438d7c0d2f10b4792d0576fdb4babe5d36911248b212b86df211fa6,bracol-1682,teste,0,
bracol,1683,data/raw/bracol/bracol_completo/coffee-datasets/leaf/images/1683.jpg,1,saudavel,0,0,0,0,0,0,2048,1024,287cb6cab35d2f82030a44407503b0dbaed42fdb8a5191572a6c8e59f8d9b3be,f07ccf34878328eb4c3e364c31d1db32930f8d93cd3432d45cd36369b14f98b4,bffb05fff001bc88c97e104fcdb49dbec69248b2c549bdf0cead90c1a5446441,bracol-1683,treino,0,
bracol,1684,data/raw/bracol/bracol_completo/coffee-datasets/leaf/images/1684.jpg,1,ferrugem,2,0,1,0,0,1,2048,1024,c8b424883e65a6b3cb88bb64dbd7815a1e003e3d013ad571fc7646bb633a3f5f,e05cc7a687a93a199a5c61f96966478564b7c85e12d299e3f31d31974fa83692,fe84e121e55e41a387aaef13d685043fc65ebeb2ca4a4072cf69bef25c096413,bracol-1684,treino,0,
bracol,1685,data/raw/bracol/bracol_completo/coffee-datasets/leaf/images/1685.jpg,1,saudavel,0,0,0,0,0,0,2048,1024,c5efb47d2e08351156e21241eec0c4a881251fb1cbd9e706cfe1b479b0b48a48,f45664a593e99e434e1fd83824e04781b296345ecf789360bca7c93733d69c9a,eea4601ba05d07f397896e81c21fbc5dc25074628f7b1e6b5c03f2ff8c2bd241,bracol-1685,treino,0,
bracol,1686,data/raw/bracol/bracol_completo/coffee-datasets/leaf/images/1686.jpg,1,cercosporiose,4,0,1,0,1,2,2048,1024,81e414d99025526f1679574828a330f562eb4c6ab1a017f21d2bf9e7f1d7eb98,f40faacad2f0ad29cb4b24a4cd2f30536cf033cb64c3e30f32cdcf3c330ccc72,fffc2ce7f400af51d0afc422d2f4eabfd3d08654c34b2ee2e3cbd640434d0211,bracol-1686,treino,0,
bracol,1687,data/raw/bracol/bracol_completo/coffee-datasets/leaf/images/1687.jpg,1,ferrugem,2,0,1,0,1,1,2048,1024,f1c6e12583df9219873bfc2be3e7dbddc426fcacc9f042b437de3f56d7f68fac,fa312520c1ea9bd70fc7988b784e65fc80bc3304cf02d33f227f8d41ddc06caf,fb34e128f13c47f09380df53903b2a4bdff12c2b88917df5a9ba241545b2af0a,bracol-1687,treino,0,
bracol,1688,data/raw/bracol/bracol_completo/coffee-datasets/leaf/images/1688.jpg,1,ferrugem,2,0,1,0,0,2,2048,1024,6c8a67a6576b630799a26bf50f0f53d3552b04b421e2599f64e5572dd58d2ad6,f45b383ec3e541e0cf0693876c3f4e3e36d0ac30334f10d989653b079db2b1bc,be11bd80f08b4a7d92fcbcdad9c09cbdcb6559f091a5e8d0c19614cbaa9248f3,bracol-1688,val,0,
bracol,1689,data/raw/bracol/bracol_completo/coffee-datasets/leaf/images/1689.jpg,1,cercosporiose,4,0,1,0,1,1,2048,1024,1ee67507cfe4e518e3d38dd2730c8124b5743f733512ab0dc5261c1f30e423a8,fd4d22a2c3f68cd00f03999c34bd65b393c03663cf2fd94c0cf4999631c964f3,efd1f643f402427b90bfc7f2d2d0c64283d22e2fcb4b46648a4b2e6d594db464,bracol-1689,treino,0,
bracol,1690,data/raw/bracol/bracol_completo/coffee-datasets/leaf/images/1690.jpg,1,,5,0,1,0,1,1,2048,1024,6450a482f64d514d169780d9808ad0d3ad6b006265c3b9d0dc1fd8e7f879ecce,ff42619bc0bf94e81eb89a4730456d4a47ee3295ad17b14253bb4b25bb419e58,fbf56193f1020f1e96b4bfb0ca5510394b6abbf8df055042a2beaaedd5580449,bracol-1690,,1,predominant_stress_5
bracol,1691,data/raw/bracol/bracol_completo/coffee-datasets/leaf/images/1691.jpg,1,,5,0,1,0,1,1,2048,1024,91c98e93ad6fe58ef53372fe3321d8ad2c2ae809723e3836c750fd541fccaa0f,e9c7948c952863711edcbd2f684e90dc17b1eb50f83224af14fec3d0ea49133b,e8719cc7d523f8c797af40fcdb746ad8136851489839abcd82fc544097409ef3,bracol-1691,,1,predominant_stress_5
bracol,1692,data/raw/bracol/bracol_completo/coffee-datasets/leaf/images/1692.jpg,1,ferrugem,2,0,1,0,1,1,2048,1024,d74d05084cb8aacb86c10a980473e97e50fdd3b1c9f75b1be761d31f53b5fdb6,fe63a98ec17349fc97aefa43da05047b397e36a171a9605527d1efa616168104,fef93986e051693e857bf1fcc6a960a08705bff1cf261600c3469e17c7ae0615,bracol-1692,treino,0,
bracol,1693,data/raw/bracol/bracol_completo/coffee-datasets/leaf/images/1693.jpg,1,ferrugem,2,0,1,0,1,1,2048,1024,82e178e40e53500bfadc61b77983e33456a4f8eb029d1059ef030d6fc1cd9360,f8713b2487cae4795a141e87616361f0e6ad97279a504e74796acccb67a53585,ff0a11e4a05ffa07d5e8917f82ad03289685f3a59ed7c3159856831e98da933a,bracol-1693,treino,0,
bracol,1694,data/raw/bracol/bracol_completo/coffee-datasets/leaf/images/1694.jpg,1,ferrugem,2,0,1,0,1,1,2048,1024,b9ec6fe7a8b506797b6d7d69cf6eef6fa38e75c0a7c3804a870e381d83d87d50,fae3e92c85778ff09fa8f0031a1d26f37178760161a3457d3685cb2c0e7e9194,fef86986e051292fc47bfdecc6a940a0c7059ff5cf070480cf0f9e17c32e8616,bracol-1692,treino,0,
bracol,1695,data/raw/bracol/bracol_completo/coffee-datasets/leaf/images/1695.jpg,1,ferrugem,2,0,1,0,0,2,2048,1024,97887c7e2b00fbd78382b98a3bcfc0c16692f76d8cdb18627e0681ebc9d756b0,e072b39393a569445e1ece6961f9b0d4768113e29b4ee907d8a4c6f84dda3e49,fe119192b07b38a7d2e149738b4169e89f2fc5859867a697bef6c61a4940265b,bracol-1695,treino,0,
bracol,1696,data/raw/bracol/bracol_completo/coffee-datasets/leaf/images/1696.jpg,1,,5,1,1,0,0,1,2048,1024,06f9631845838b55a71fab0d07bda539cb743908f27b66baebe1a236874233e4,f5893663c2d6c99c1c63849c60f43ac3378ba367983d4694cfe2bcd9640f52cd,fdd5363cf0a9127082ddeb609fc843219a0fab34db3e45268b10efb7d7338412,bracol-1696,,1,predominant_stress_5
bracol,1697,data/raw/bracol/bracol_completo/coffee-datasets/leaf/images/1697.jpg,1,cercosporiose,4,0,1,0,1,2,2048,1024,3190ff18a575bd0c615a2cba4667b8180ff30342f206ced74ffdcf85f6b1242a,e10194c591bd4b7e9e62252364ee96b9e39c5ada9f29ed6658f324a6e0c212d9,e9cda67ef1cc72e0928ce8419bdea1e3cb1e0fad8d92dd8545929896fc034992,bracol-1697,treino,0,
bracol,1698,data/raw/bracol/bracol_completo/coffee-datasets/leaf/images/1698.jpg,1,ferrugem,2,0,1,0,1,2,2048,1024,6cf65736b53f1f644d7bd7d71e4b4b91f05d65370af6055d5586202a4309b664,f51c932793a50e529e536cb928ec87846785b25eb31a1f61d83969978de3c49a,fdc2d1b7f0a38353d3ffbf0a83c05d2ddf88283cc49c65b88c9820f0dfc845e0,bracol-1698,treino,0,
bracol,1699,data/raw/bracol/bracol_completo/coffee-datasets/leaf/images/1699.jpg,1,ferrugem,2,0,1,0,0,1,2048,1024,cc0e0e2f127fdf54fdd49371edb320b6c3eb07086e03a427ed25ae2c5586d328,e518c61fd2b539e30f42388e342cc798c7d05e039b0ba8fdd9ec768664c2e35e,ef17c782f502e615c0bf5ef09fd0a8109a121c7b9b5b2eb18b2954179b79e087,bracol-1699,treino,0,
bracol,1700,data/raw/bracol/bracol_completo/coffee-datasets/leaf/images/1700.jpg,1,cercosporiose,4,0,0,0,1,1,2048,1024,69dc9ac95396c7866bcb382fa2ad2b7eb7d52003d866e75e387694f47cecda6e,e517ce2692d438d84d2f31a165f0c71e965a3c78d96d72c59da6330e665bc630,ebb9c36db504e566c0ae07a0dad466168b42261edc6b767a8ce936789cc532e9,bracol-1700,teste,0,
bracol,1701,data/raw/bracol/bracol_completo/coffee-datasets/leaf/images/1701.jpg,1,ferrugem,2,0,1,0,0,2,2048,1024,9ab0468224390e2dd875316ee18304f177845782f9ff4571a5a5a68bd24adfc2,f04c70e7c7e56f181e32a4f861f01bc5f68f986e8c5c87b0d9a1621ba1d632e9,bef13d38f048483cd0ffdcf08bd4a0b01f42d7f18f2d2283d5264f77e8f42821,bracol-1701,teste,0,
bracol,1702,data/raw/bracol/bracol_completo/coffee-datasets/leaf/images/1702.jpg,1,ferrugem,2,0,1,0,1,1,2048,1024,63242ade9eaf22e6e4f4c1816044ec52e8e9f9f8c08ec3f27cc23cbfd56df7f7,e146ec2196b5f6f2da5a9b0e69a1c98936978d34625a66339e652741d93678ac,e874cf09b42cc63c92f6a336db43d73a834fa291df655b7a882519619962b833,bracol-1702,treino,0,
bracol,1703,data/raw/bracol/bracol_completo/coffee-datasets/leaf/images/1703.jpg,1,,5,0,1,0,1,1,2048,1024,1a171673850180a9d7cf67f70eb4b3e4cbd3d32043d49b970ee401e7253a1cb6,b51c9987c0ade3780ff364613c2bbe8753bd915aa3409ba8ccae65362c5c2e72,ad1c1987f08cfb9ec3d5c1788842efa0dcace5250cd42eb6ce8a7e52b6513c36,bracol-1703,,1,predominant_stress_5
bracol,1704,data/raw/bracol/bracol_completo/coffee-datasets/leaf/images/1704.jpg,1,ferrugem,2,1,1,0,1,4,2048,1024,f51ee5e2d0564a644b1ec156b4572d27560fd4dec633f3f49a38b1c42a830b7d,f0518ce387aa6a1e1e0531ea607ad78537818e5eda1fdc69996027857c97725e,bb410e3cf00afc9bd2ff0469c3d0fec8db4b22490b2d8649cd3eefa5ce944125,bracol-1704,treino,0,
bracol,1705,data/raw/bracol/bracol_completo/coffee-datasets/leaf/images/1705.jpg,1,ferrugem,2,0,1,0,0,3,2048,1024,7b9f4204b815a49f1ab51179f33485831d8e65f802787d7dffb2e243ae7a29a1,a1138d8c96a16b42da4e34f3694c47b365a4cb168e5399ecdf6b3cc4233564db,a813790da532691cc7a1e5e8cf172695c33fc4d79f286e9a9a91c51bd8544e39,bracol-1705,teste,0,
bracol,1706,data/raw/bracol/bracol_completo/coffee-datasets/leaf/images/1706.jpg,1,cercosporiose,4,0,0,0,1,1,2048,1024,66ebbacc7c0a5e2c5faed5ec7b050458907d0d26fc967aa388afb867bdd096d9,e566c203c2942db82f5bf0a624278f4b5ed07cb981cf27d2da035a2f65b9bd48,eaccd6c6e54c82c686ed5e72dc046977cb7d2da082ba75b3d71143159addaa00,bracol-1706,treino,0,
bracol,1707,data/raw/bracol/bracol_completo/coffee-datasets/leaf/images/1707.jpg,1,ferrugem,2,0,1,0,1,3,2048,1024,bc3abaeb7ab71cb70f20dea563328c8e3b05c765f97dab9740acaa61ba3e70f1,fd47a366d0b42c2fcfd830d86c0933d034f4d32b72428f36967fcca169096cd3,fbc33274f123af6382e78463d2d0ae35920f9422df4aeef28a3d0490d5346dd3,bracol-1707,teste,0,
bracol,1708,data/raw/bracol/bracol_completo/coffee-datasets/leaf/images/1708.jpg,1,cercosporiose,4,0,0,0,1,1,2048,1024,d1846cdcbed60e5f3e0ed7047c7b58fbc1de7363e4e8ed884079e262e721922d,fb0e96b4c1bd694b3e1296b4b06fc817cbc027a83c3eb047d2e1cdb82f5e2415,fbd496a5b442be00d2ecd43bd04740758a5d68f08daaf568e5f47f7184f0862b,bracol-1708,treino,0,
bracol,1709,data/raw/bracol/bracol_completo/coffee-datasets/leaf/images/1709.jpg,1,ferrugem,2,0,1,0,1,1,2048,1024,6441bbd5b294bed675fa55ea44a3919c133d6bf83a57d72e1d837c3981ddc19b,fd592ec8d3a1b50f8f0670b26c6d630336f0d70d724f8c7c932dcce1c9340cc7,fe966edcf036ad5893fa14acd3c07e85930f1052db1f6eca93088449cb1c66cd,bracol-1709,treino,0,
bracol,1710,data/raw/bracol/bracol_completo/coffee-datasets/leaf/images/1710.jpg,1,ferrugem,2,0,1,0,1,2,2048,1024,dc2ba3cb1615c274b9457d0d22212c6d952e9767fe5eb3a64a84d83de1935e4b,e14864e596a51e469e5ac13e69691f816787f85e661e17e01679e65f986156e8,f954e408f52b067cc2f5ff0083d4402bd30beffd920f4120ba7daf3555602e3b,bracol-1710,val,0,
bracol,1711,data/raw/bracol/bracol_completo/coffee-datasets/leaf/images/1711.jpg,1,cercosporiose,4,0,1,0,1,1,2048,1024,6f85c6d3e0ff460cf4709cb2c5a889b772b2c630c17b50e46336f819b8952cc0,f91eb4b3c4a52b489e53e10c297b17b465a3ba52271edc699e68a90599f15596,fb05bd30e52e12bec7bdfa528384440b964eae69ca1cd7699f78a2218248d775,bracol-1711,val,0,
bracol,1712,data/raw/bracol/bracol_completo/coffee-datasets/leaf/images/1712.jpg,1,ferrugem,2,0,1,0,0,1,2048,1024,1d54eecad83bcfd5969780d07a52d2abe2a6f6daee0dfca67935775b076c2930,f03d9a60c7c2e18d3c3cb61031e0d969cf87ada4967872cbd9e13d0b6486ce7c,bd599f0db029d800d2d5487e891b2db0cda15ef0ca7abe53c463526b8ca7e275,bracol-1712,treino,0,
bracol,1713,data/raw/bracol/bracol_completo/coffee-datasets/leaf/images/1713.jpg,1,,5,0,1,0,1,2,2048,1024,0572124a92affbea79dc1bdcf70a2dcc234ba8c34c25d31a760af4288e3e74fc,f01292d2c3c56b6e1f1b65b960fc16c72783c94e623c8db096db6cd748e933c8,ff1494b6f40b5ae692f96b56dbc0492a9303a3ad9faf1524831c6bb6cb3c0512,bracol-1713,,1,predominant_stress_5
bracol,1714,data/raw/bracol/bracol_completo/coffee-datasets/leaf/images/1714.jpg,1,bicho_mineiro,1,1,0,0,0,1,2048,1024,6ac9408fea13ebef26329c632dcc6d903be04527133e6e123b530e5248874b70,a9de18db90a185ec6f561e5666ac612b195b95d0a1a5da67fe066fa24b68445e,a9451899d42eb95996f4a0adde2037a2c27a6292df52ed520d4124436dedcfef,bracol-1714,treino,0,
bracol,1715,data/raw/bracol/bracol_completo/coffee-datasets/leaf/images/1715.jpg,1,,5,0,1,0,1,1,2048,1024,65f99812b851270aa564ec7e3f5b1c7f024538dbd7fd35181c9d64473880fa34,f52c9298c2f62f03cf0bb4372db942e07299a70f237859b4de272dd20ceed289,ff4fb09ee428039cd2f5bfc0c242702fdf6ea93d082456705d6e821128b6d75b,bracol-1715,,1,predominant_stress_5
bracol,1716,data/raw/bracol/bracol_completo/coffee-datasets/leaf/images/1716.jpg,1,ferrugem,2,0,1,0,1,2,2048,1024,81d18c8f8363f72f6c81610bc51b1bb76599b074b3ed7457301ca9c292415ba5,f170b2f38785cb4c187a4c3c61f130d0678f1b0fcc7ccd349a934cd3e15b30cf,bf57369ef4333a04c2fb417fcf64f9e89424c18198d0abb791d24d219381c9b5,bracol-1716,treino,0,
bracol,1717,data/raw/bracol/bracol_completo/coffee-datasets/leaf/images/1717.jpg,1,ferrugem,2,1,1,0,0,1,2048,1024,ce42676db3974844b4518f5f922d22df7526bb8ab8516ba31c7910144c8fbf11,b43ccb1ac3c33cd1cd2f30cc34f4672563c3cb1ab32d98f11b303cc38cfb62cc,bfc443a6f00ea516c3fc90ad8b503e56d30b1c7a9b2d7c515c2418b9acf6edc1,bracol-1717,teste,0,
bracol,1718,data/raw/bracol/bracol_completo/coffee-datasets/leaf/images/1718.jpg,1,cercosporiose,4,0,0,0,1,1,2048,1024,b756523e7ed1d12d2d0cb36288835eb78770ac354f7daa9e23fdbd74d21c6e3a,fc47a3d9d0f22d044bcd38366c1873f236b3a683fa564e3c996a9910fc8511bb,fea06293b47565d280fea543dac24e2f80530a15cfeade7ccc05962cc5eaf638,bracol-1718,treino,0,
bracol,1719,data/raw/bracol/bracol_completo/coffee-datasets/leaf/images/1719.jpg,1,cercosporiose,4,0,0,0,1,1,2048,1024,4862eafe600c68b5c0e70a39b6b64c581d7de21c28f9c80b5ecefa3ac71ee45d,f85720a38542cb9c3eadad5c6054302b9bf3cbd5752bfc3e8adc12e05942e90f,fe91b53cd05152a8c8fc697dfd9aa4a0448546c5bbfa1f4d8008f2875bd7a926,bracol-1719,treino,0,
bracol,1720,data/raw/bracol/bracol_completo/coffee-datasets/leaf/images/1720.jpg,1,cercosporiose,4,0,1,0,1,2,2048,1024,5215c174b80015084ff7737e045c680efa4911f667cbc1527cdbd15a954f58c4,fd0ea8e790bd3b5acb50342d6c2776b825e6e31272429db9826de905f68844fa,ffc56c30b44b6922d2bc20a7e3d43e77910a0243ab29b66f990d82077a3cf3de,bracol-1720,treino,0,
bracol,1721,data/raw/bracol/bracol_completo/coffee-datasets/leaf/images/1721.jpg,1,ferrugem,2,0,1,0,0,1,2048,1024,d52b4470352a41c846d02e43b793e9cd399011daf7f975b7c0bdede598a693ce,eb8396a6c57862551ea11728b1c6d885660b41f607783719d8c7e28f65ee367e,fbf095ef8157f8e1cf8ae8e2c02364532015a2019a099baff9ff6b9f4d854484,bracol-1721,teste,0,
bracol,1722,data/raw/bracol/bracol_completo/coffee-datasets/leaf/images/1722.jpg,1,,5,0,1,0,1,1,2048,1024,0fc7f75e5ea869b8195fbb8827fdd402a97869d22cd1b4aa8c60cd93eaddeeb5,f46921b1c6e52e16db1ee46e39b946c176933a1aa65823b0d66db82729f49cca,ff4fb18ef40c039cc2f5bfc0c242602ddf6ebfb4082c16705d6e821328b4d75b,bracol-1715,,1,predominant_stress_5
bracol,1723,data/raw/bracol/bracol_completo/coffee-datasets/leaf/images/1723.jpg,1,,5,1,0,0,1,1,2048,1024,b69aa76ab69246e49bfe411784a0108c63d012d925914c8ab0ed2912297ad376,f81792cbc1e86a3517c42d30301fd7a7cff0ba44c92f34786c94ea9312cadd6c,ff1136c3ed1b7681c0ab40dfcad5eb989042d159efa98ae19109c5457f2dae28,bracol-1723,,1,predominant_stress_5
bracol,1724,data/raw/bracol/bracol_completo/coffee-datasets/leaf/images/1724.jpg,1,cercosporiose,4,0,1,0,1,1,2048,1024,3ac32dd25f00415d99cbf221472c985e343235423c0e4fe411a50316ebdb00a5,f10b96c4c6b5697a1e4a35a570f6d2928f09187cd4b461e23ed2360ff92d9b70,bb5db46ff02856b5c0fd0a5297e8f94b838149689707e9edd33e6d65923409a0,bracol-1724,treino,0,
bracol,1725,data/raw/bracol/bracol_completo/coffee-datasets/leaf/images/1725.jpg,1,cercosporiose,4,0,0,0,1,1,2048,1024,52d7a329f3fe0afdcc89011d4c0e6910c671ca88e36da659ee214f6164a8647c,fd59aa4cd5883e334a7731b8642bc3cc97d1da2efa1a257101ec7283ee05915e,fd192b44b48b652280d504fddac27ed0814f145b9b0fbedb8d4c9449da4c2aff,bracol-1725,val,0,
bracol,1726,data/raw/bracol/bracol_completo/coffee-datasets/leaf/images/1726.jpg,1,ferrugem,2,0,1,0,1,1,2048,1024,856d8a716b67a9f64b1e2897147e43144a84b2701cfd07400ca7861f05ddddac,f85723a2c7e1ae8c1b149862713c4ba136c1251ee65e76f88d689a4bd9b7d9a4,fee2713ce41743f184bbaf80c6f0050782536e3fce5a9c1c864b3e38cf6d9470,bracol-1726,val,0,
bracol,1727,data/raw/bracol/bracol_completo/coffee-datasets/leaf/images/1727.jpg,1,cercosporiose,4,0,1,0,1,2,2048,1024,e76ed3a5a46803695b5530007cfae390cd782d2b1641ac04f925170c99603bea,bd6b27e390b41c1e4f523bf9652de18732d4075e9b4ada08c9a52975449e7d84,bf5163e0b02b6583d2f506978352568edb2ba25fd014124a8af2f77dd7caba08,bracol-1727,val,0,
bracol,1728,data/raw/bracol/bracol_completo/coffee-datasets/leaf/images/1728.jpg,1,cercosporiose,4,0,1,0,1,1,2048,1024,6fee46a81b9dbb8b9f107aeb5ce6f05b402a572418a91cabcfbf07cad71ed721,f41c9b09c3e5e0f61847278335e8987ce297d9814e686d9e1c673619f394d369,ff861fdbb18ef805d281f1b9d21fc187c868c3d68160819a89e5e9a8dfa66784,bracol-1728,treino,0,
bracol,1729,data/raw/bracol/bracol_completo/coffee-datasets/leaf/images/1729.jpg,1,ferrugem,2,0,1,0,0,1,2048,1024,6109a37f1d56f8bb4fb712db51b22fd711df7d85a154d920179e5c63174757a2,e9473667957ac1981ebd8f9c685c782365aa63e1b2a7ce0e92528af64f589b40,e8f03773e050703985af62f19fa1c75592330f0a9ff7c75e9212c048933b8fc9,bracol-1729,treino,0,
bracol,1730,data/raw/bracol/bracol_completo/coffee-datasets/leaf/images/1730.jpg,1,cercosporiose,4,0,1,0,1,1,2048,1024,a5105facf69fa7419bd49774ce0828b347c44bc23f30b32016997980f2c877c5,f052938987a538761e4a25f161f9c79e17849868e87fd9a16792319e326977e8,fd5498c9f08970c8c2f61c279b42bb65970b4026ce3de3f6c73c4512ce30af9e,bracol-1730,treino,0,
bracol,1731,data/raw/bracol/bracol_completo/coffee-datasets/leaf/images/1731.jpg,1,,5,0,1,0,1,2,2048,1024,0f1b97f8fb61b239afe554435100ba40d0738bb259557e3e2599489b58a66fe5,faa94e8c8154ed549e8297a3783fda1561e04b5a33876d88f31e4cfd8cb8b4e0,feea44cee0446e8481fd8c5597a06d7a9e078c288d1ebcfdcdba94708da8b6e0,bracol-1731,,1,predominant_stress_5
bracol,1732,data/raw/bracol/bracol_completo/coffee-datasets/leaf/images/1732.jpg,1,cercosporiose,4,0,1,0,1,1,2048,1024,76bb1a36c8d0e4fd25ea1a6ae785ba880fcc64b9a4cb0a5cc354e7acc930799d,f1459e5197ae68ec5a1e358629e1f2b0768fce4b2f4c8ce4d9b871969913230b,fd1607ceb022e607d3f0437fcb4326308f2174b1deb72e738e9e1c3b445a1c31,bracol-1732,treino,0,
bracol,1733,data/raw/bracol/bracol_completo/coffee-datasets/leaf/images/1733.jpg,1,cercosporiose,4,0,0,0,1,1,2048,1024,e410940bc8dd6fa67cfdfad9dea2e0ecdaf22fdca6cd6a4ae58dc1ba0c2955e6,f50eaae4c2b96d190f613693342eda42c3d6c96de70334923e3d23ce9964f929,ff8b1ed8a507ba89d5ef905fd295e1ab9afee19d9652219080420c98d2e86dac,bracol-1733,teste,0,
bracol,1734,data/raw/bracol/bracol_completo/coffee-datasets/leaf/images/1734.jpg,1,ferrugem,2,0,1,0,0,1,2048,1024,886ea55cf39b53cece3e2b70960fc3cd8f9fc53a8769f130c17bb721fc77fd8e,f54d8fd9c2e4f80fcf023bc02dbd716f7091e61133490e30472dcc77e036d887,fd4100d9f02dfc00d2f0d6fd8b4b024acf25c061cc36f945dc321fe68ef239f6,bracol-1734,treino,0,
bracol,1735,data/raw/bracol/bracol_completo/coffee-datasets/leaf/images/1735.jpg,1,cercosporiose,4,0,1,0,1,1,2048,1024,ac5f5d72897e475bea584cb1f3d31e0a6c2d3618c57bb4a52815bc02e04525e6,fd18c732c2f53c0d4f4a70f8643dc7c116f2dc1eb94b8cf053a56601ec16237e,bfd46316f00ee72ac0fe44a5dbe0aed38a80145b95b23e7bc8d28a2090db577e,bracol-1735,treino,0,
bracol,1736,data/raw/bracol/bracol_completo/coffee-datasets/leaf/images/1736.jpg,1,phoma,3,0,0,1,0,1,2048,1024,3ba435ebaf4594a21185ac791bff14b588c94e6fcf5480e126d9720cb2646c0c,fd1c2218c1badac70ec78ce6706e663f93f83351cf0791aa29f90c15f4c066ea,ff5ca31ff00e439983fc6bd1dd22683b99956dba8c813c91ded8a048c2497f48,bracol-1736,val,0,
bracol,1737,data/raw/bracol/bracol_completo/coffee-datasets/leaf/images/1737.jpg,1,ferrugem,2,0,1,0,1,2,2048,1024,823c10ff06791cd2ad1d53e99256e363bd5780378e1cfaff3eebfa4c829e20bd,f01a38cf97a9e3b05a668f1e2164b0f3769b43cb8959e43cd82d16f2ae46894b,bedd1e7cf4c87e0dd0fd406c8bc4e5e4ddca30a08ac53ee2d5cef74688c10223,bracol-1737,teste,0,
bracol,1738,data/raw/bracol/bracol_completo/coffee-datasets/leaf/images/1738.jpg,1,ferrugem,2,0,1,0,1,2,2048,1024,480cfd35c263a8bc5be897ce5a23e30581aa97783383ed5df7ff3bd95dce00f9,f0559aebc5a368561e9627a9307c983d63a3c9c2a63db00f7648733c39c32db3,fa0d1ec8a159b854deab49fb48bf09b988f08d28d4c3d3999ec3ca11cc574957,bracol-1738,teste,0,
bracol,1739,data/raw/bracol/bracol_completo/coffee-datasets/leaf/images/1739.jpg,1,,5,0,1,0,1,1,2048,1024,aaecc7688b52214695d83e5c2afdc3d7d832a90f557e51ba30c2598728f39881,f80d872683d1d03e9f072be1d83e685f49f025c861e2b68d7707969c337cca74,fee083bff047f700917d001f93e0fbb493e449108b07691acf1f6d3bcc162d38,bracol-1739,,1,predominant_stress_5
bracol,1740,data/raw/bracol/bracol_completo/coffee-datasets/leaf/images/1740.jpg,1,ferrugem,2,0,1,0,0,1,2048,1024,4d47f3ee0e02f5e368e9d059aab3601184d0b6e2f00e0b34cc0eec4aeaafa8ab,f43eab9cc3c16ca14e0b34f224b4334332d2813c634fcd909eb4ecfbec7236c5,bffe29f8f004b4a0d04ed8d4c97f684bc1b4d4edcd923ad4cd911dc9cc8a2ac1,bracol-1740,treino,0,
bracol,1741,data/raw/bracol/bracol_completo/coffee-datasets/leaf/images/1741.jpg,1,cercosporiose,4,0,1,0,1,2,2048,1024,df2cbe2aaa2f911d0b59513fc90c4525506f8e7e9f13602c7038408f621c0d16,e44e30c696f4cf0cdb1bc831393d839266a473cfe64e366c9e69cc7c9931c590,ef713432f421c2f1c4b73a7bc2d61b49c74a1f2dca0b5705dd0c2b2f89bc4534,bracol-1741,treino,0,
bracol,1742,data/raw/bracol/bracol_completo/coffee-datasets/leaf/images/1742.jpg,1,saudavel,0,0,0,0,0,0,2048,1024,a85970fac08c44d46ea0f835cd707e22939c31415a6ef3fd3cc0c3cdd88342ad,fc00642fd0fd13d0cf40c90b2c2f4dbc30f0ac5273eb32eba705336d4ebeb3a4,bfdee420b00142ffd37eafe0c929b784c9b64202cdb2ad47c092b8bfcddb5006,bracol-1742,treino,0,
bracol,1743,data/raw/bracol/bracol_completo/coffee-datasets/leaf/images/1743.jpg,1,ferrugem,2,0,1,0,0,2,2048,1024,656de8c3dda54e7c7d985f00268049b13d48d5184a82a463fe0fe040615c29d3,f418a546d3f9683d4e4731f064ecc39f36938f285b79ccf4c9a566c22e843319,bfd72074b480e572d2ff07a0cb541781db6afe1bd92d040f80b4c01ddb329fb8,bracol-1743,teste,0,
bracol,1744,data/raw/bracol/bracol_completo/coffee-datasets/leaf/images/1744.jpg,1,ferrugem,2,0,1,0,1,2,2048,1024,4bedad3515c0060e41e2af0624a1670c5b14e64c3b98115c1def33f79414bece,b1140a4ec5aae584cbf112b72c23c94a74f6b5af33c836d0d30deb4a993c9dad,bb98569da115ebc8c7be254f979016a99e13e6959a79025e1a75c35a186bba18,bracol-1744,treino,0,
bracol,1745,data/raw/bracol/bracol_completo/coffee-datasets/leaf/images/1745.jpg,1,cercosporiose,4,0,1,0,1,1,2048,1024,e1dd4baa93242df93dd6a8848ba95ae804f6f3a173179cdcf673e4b0cea8f2f9,fd581862c2bde58d4bc26790392fb21b72f49be0870bcd86cc39659e38e53259,bf4f1a33f50cbd48d2ad102f925c92f7934ee1d09a4ccb809968c5cf4b24abae,bracol-1745,treino,0,
bracol,1746,data/raw/bracol/bracol_completo/coffee-datasets/leaf/images/1746.jpg,1,cercosporiose,4,0,0,0,1,1,2048,1024,234b9570cc4ed365b7013770221b07b1c11dab1fe1732b082f64f7b018930b30,fb16b0dbc1a86b411ec3252e382eb6b467bc9b5ba30bc9a99c740d94a8e6366a,ff873c93f12e7ad3c2fd41cb8b50e1c9db29c1858b35af84d12a551e09152a9c,bracol-1746,treino,0,
bracol,1747,data/raw/bracol/bracol_completo/coffee-datasets/leaf/images/1747.jpg,1,ferrugem,2,0,1,0,1,1,2048,1024,d42d4000fccb22bc7f6d7cfb29edc7eacb0a7f6a21c349a7925e262d31374871,b502b093d0fdcbf2cb40ad294c2f84f42cf656ca32e9a94f734179b48b1f9332,bd57b480b009d297d27f4b5ad3e8a921cfc559a78b009d17cb8a9b10c51fbab8,bracol-1747,teste,0,
