fonte,subconjunto,id,caminho,copias,classe,largura,altura,sha256,phash_canonico,grupo,uso,selecionada,motivo
jmuben,jmuben,1,data/raw/jmuben/Cerscospora/4 (1).jpg,1,cercosporiose,83,128,b5b210fe1c05afc46320a5d63775009ca6eee3ad899a8d95117f3080b3325866,93993343c59d1d8ec931cedc7861e3b98e4f21eb4ed28b53b1c02c3ada571913,jmuben-1,treino_auxiliar,1,
jmuben,jmuben,2,data/raw/jmuben/Cerscospora/4 (10).jpg,24,cercosporiose,128,128,8cdb032e54136a9d67b584fd38537817fa28c02048f298a295f1d6f7842f1d9f,9cd43f89ec580c20e9d5c4655bcde04b16997ada44b1d69c2ea543b956a9b3b6,jmuben-2,treino_auxiliar,0,acima_do_limite_da_classe
jmuben,jmuben,3,data/raw/jmuben/Cerscospora/4 (1000).jpg,24,cercosporiose,256,120,8eb5feeb3e4bb9bcdb1beeff088673a636e8aef7d7805ff884a2c61a4532add0,99b34d99cccc4566d4c34272fcf341330ee6b89ae0012c35a0f7a71fcc696b3b,jmuben-3,treino_auxiliar,0,grupo_ja_representado
jmuben,jmuben,4,data/raw/jmuben/Cerscospora/4 (1001).jpg,24,cercosporiose,128,128,aeaf33f817c9510975abf6a981e795744530077f1cbf2a4806c8b53124dc71d3,99994cccbe66518e0f76b84de03d19e7b4f310c6c780e863b887f2cf130e853d,jmuben-4,treino_auxiliar,0,acima_do_limite_da_classe
jmuben,jmuben,5,data/raw/jmuben/Cerscospora/4 (1002).jpg,24,cercosporiose,256,99,d7777c09dea144411ee07749bf3b61ac234981dfd31ce8bc191a59cb611d135e,83c760f0d83c721fd81f6f0f50e34f876e1ea4c7a0eb270090c7938fe0ba27d6,jmuben-5,treino_auxiliar,0,acima_do_limite_da_classe
jmuben,jmuben,6,data/raw/jmuben/Cerscospora/4 (1003).jpg,24,cercosporiose,256,126,834343c58bca500bf9b6140a60a6ddd9063ae841aa86451d402ded1f5497080f,9cce4c67c6337e1942f9fe0043befe2740dc0f9dbd76a4262490562fb4248787,jmuben-6,treino_auxiliar,0,grupo_ja_representado
jmuben,jmuben,7,data/raw/jmuben/Cerscospora/4 (1007).jpg,24,cercosporiose,128,128,6ba9a46e128f25f42719dc98a14b94969e2299d44eedea8c1e8628595c80434a,88451fab718de3e5ed228ceac189eb2f996b0a4afe4982d31cd29fb4ce06f094,jmuben-7,treino_auxiliar,0,grupo_ja_representado
jmuben,jmuben,8,data/raw/jmuben/Cerscospora/4 (1008).jpg,24,cercosporiose,128,128,f965502deb9928750b1a79b1f24de0a17b90e2a6785e8d53f0dbfb25be249de4,80473ee77fdc43109eaf5456a7ad6d6699427a40a277fe8b001d57ad844a331b,jmuben-8,treino_auxiliar,0,grupo_ja_representado
jmuben,jmuben,9,data/raw/jmuben/Cerscospora/4 (101).jpg,24,cercosporiose,128,128,4aa3005a6ec927ac208e47cf884bcd267e238570bb0ee10cf1b4df717f9d58a7,9c2d3bc3e42f8e92ccefc31b49ebfe02b3462855e2dc8aeb369840ce5ab2b40c,jmuben-9,treino_auxiliar,0,acima_do_limite_da_classe
jmuben,jmuben,10,data/raw/jmuben/Cerscospora/4 (1011).jpg,24,cercosporiose,128,128,c87280448c016dd78e8601e75f236b207ee0049ef3fea10db3d1ea1c39225b19,8a4a6aa6d1d698bce44994bd393fc58bfe0ab66d3f02c4cb35113569c194752e,jmuben-10,treino_auxiliar,0,grupo_ja_representado
jmuben,jmuben,11,data/raw/jmuben/Cerscospora/4 (1012).jpg,24,cercosporiose,128,128,f168efc22a59c4d893dd5396a16971d4ccc07833a5da8b371a4457d814251ed2,bc8021bf9e71c704f34cfc6326b023f7c0c9de313386a7c2c7fc891e3807d3b2,jmuben-11,treino_auxiliar,0,grupo_ja_representado
jmuben,jmuben,12,data/raw/jmuben/Cerscospora/4 (102).jpg,24,cercosporiose,128,128,2b4dd603d8ce8373853d970780d5d91d0dc2885b4a37500e1c92b1340bafa594,884e0ff378748507a34ff908675afa128ef012367be3c07d9696b66360adc54e,jmuben-12,treino_auxiliar,0,grupo_ja_representado
jmuben,jmuben,13,data/raw/jmuben/Cerscospora/4 (1027).jpg,24,cercosporiose,128,128,ed74fcd8776c3c2f348b0185bc6cfdad08e369db481e9261c299076053fe1dc2,adf1619fc507e4453a2c36fb510b18512aa4c34b8cd262243afbb6b7b54d2f53,jmuben-13,treino_auxiliar,1,
jmuben,jmuben,14,data/raw/jmuben/Cerscospora/4 (1028).jpg,24,cercosporiose,128,128,5b7ce694beec47e3fe2b927cf8fd44c72a614b7fc86ac00c37af9e17153d1947,a9437b1893375843dc393c346358e5cac1eac0ea7c2d7a1d3c269de2c3f232f8,jmuben-14,treino_auxiliar,1,
jmuben,jmuben,15,data/raw/jmuben/Cerscospora/4 (103).jpg,23,cercosporiose,128,128,70e56f310c090d6d6adcdc26c0fcc3a1100b709a32a5c832664b5ad1ae454ad3,ad9a2d72c14cca5b390c46be0b44ad37b5d534aa52f763d2562da8f473c78858,jmuben-15,treino_auxiliar,0,acima_do_limite_da_classe
jmuben,jmuben,16,data/raw/jmuben/Cerscospora/4 (104).jpg,24,cercosporiose,128,128,16c9c3230b9df462da1c0be01b98ef3d74e213fc73760087ae85bdf0541626dd,89da3f8273c5c722e7da587366d2faa61c8554a8691a8dc1b4ba6d054d379e1a,jmuben-16,treino_auxiliar,0,grupo_ja_representado
jmuben,jmuben,17,data/raw/jmuben/Cerscospora/4 (1045).jpg,24,cercosporiose,128,128,ab90f61dd5039c02cb782b3c4daa565aadbb8e0f08b38092fd2d0d6723a83a0f,973f971762876107d4faaee171f3c09b1e473930a0f00e667b2ef09c03701fb4,jmuben-17,treino_auxiliar,0,grupo_ja_representado
jmuben,jmuben,18,data/raw/jmuben/Cerscospora/4 (1046).jpg,24,cercosporiose,128,128,1351d150a7813912f4fa935b341e83977d6eb5382aab59be914ae35f3df78b1a,80ab6c4998419853bff8198ef390f47f0c8468c4f28f1ca085b7f16cfdcd0fd9,jmuben-18,treino_auxiliar,0,grupo_ja_representado
jmuben,jmuben,19,data/raw/jmuben/Cerscospora/4 (1047).jpg,24,cercosporiose,122,256,8a2c5adc7a40ebdf763976c2283c8003e1aaa2136454b6bb6e96f9fdd2518a8a,8134764a679194eb4da3a5dc614f78187c94eeb15f2ed1ea51fe2076283d1b07,jmuben-19,treino_auxiliar,0,grupo_ja_representado
jmuben,jmuben,20,data/raw/jmuben/Cerscospora/4 (1048).jpg,24,cercosporiose,116,256,ef9588ee7e30a2013cd072747f3e2e584f41e805f29722843ed15c53afb680fb,83e176d47d279dce4d04a1787237f8a75d6cb740235d21f508ff503a4a1ee581,jmuben-20,treino_auxiliar,1,
jmuben,jmuben,21,data/raw/jmuben/Cerscospora/4 (105).jpg,24,cercosporiose,128,128,c6afd2174d527420ee7a493a3455b40dc118bd02a740cce940835cc6016f6170,93e1370f7a78ede9a64f95cc96dcfb43211295cbd624631324ac799495ca4b21,jmuben-21,treino_auxiliar,0,grupo_ja_representado
jmuben,jmuben,22,data/raw/jmuben/Cerscospora/4 (115).jpg,24,cercosporiose,128,128,3bce8dda8cde95dfe0b5b5a9a4da165820c5602acc008fc09503fa555684e383,8d934837f8c45f54e14cbc220f3f4011970329ced3e294f2c72d75d0eb7c6b87,jmuben-22,treino_auxiliar,0,acima_do_limite_da_classe
jmuben,jmuben,23,data/raw/jmuben/Cerscospora/4 (116).jpg,24,cercosporiose,128,128,a02f3842f9adedf762e412826e62f93a263fd455a8513c5561f8f4983d388e90,8cc90519ea123cfa4b3ec0eef8c09fb729764a20d7586c1dab0678eaad7e4b07,jmuben-23,treino_auxiliar,0,grupo_ja_representado
jmuben,jmuben,24,data/raw/jmuben/Cerscospora/4 (117).jpg,24,cercosporiose,128,128,9adf6103093807f15f4a23fe5e329a314deef298db015cab38fc06e2561418dc,8d9b0b33e22a3cf65e2ec21970909743addf6a4e97c610f7ca015583b4b1d73a,jmuben-24,treino_auxiliar,0,acima_do_limite_da_classe
jmuben,jmuben,25,data/raw/jmuben/Cerscospora/4 (118).jpg,24,cercosporiose,128,128,b7040f3ac3db1b8219b02d2625aa520b3bde5ca2d66da3ebdcf494a73221bf83,87a27b263e4d0cd9d4760f6d83f270ee16b7c0351e1da701bb8800eaf4223ffc,jmuben-25,treino_auxiliar,0,acima_do_limite_da_classe
jmuben,jmuben,26,data/raw/jmuben/Cerscospora/4 (119).jpg,24,cercosporiose,128,128,1f37e6c2ca3ef3a7d14125ca0cf254e828ef658f35fc5b2332b092977dddc56f,9cf22031a5be3647e9904a2d36976d65ea4d0fb6136fd5d27415042be847cad9,jmuben-26,treino_auxiliar,1,
jmuben,jmuben,27,data/raw/jmuben/Cerscospora/4 (121).jpg,24,cercosporiose,128,128,94381738e63a3809854671c0017a72a49aa18daad4bad69247cb34312def16b0,89db0f33c20a7df23c665e2ba03d5820975165b708396f0835f7a87c5b5aa9ce,jmuben-27,treino_auxiliar,0,grupo_ja_representado
jmuben,jmuben,28,data/raw/jmuben/Cerscospora/4 (136).jpg,24,cercosporiose,128,128,fea0c61a1674b3cc258ce0de9ecbe8b283fe72116ff077a9ef270ff51b53f037,8cc80d990326f8c9bdd308375f3f815468101be8d25f16ffa10c6b84f0ff1e5f,jmuben-28,treino_auxiliar,0,acima_do_limite_da_classe
jmuben,jmuben,29,data/raw/jmuben/Cerscospora/4 (137).jpg,24,cercosporiose,128,128,9af9db5737900a68ed66ad84c13105f6c101083d727ddb0d90e160d9e0d51c1d,93446ee81599af3314e6c81c3abbdf4a17fd81da78551eab16fb80793c0a0b15,jmuben-29,treino_auxiliar,0,acima_do_limite_da_classe
jmuben,jmuben,30,data/raw/jmuben/Cerscospora/4 (172).jpg,24,cercosporiose,128,128,0c1d9f62ccdd4d6e91e68a2285c368161caa28153d958d05198bef70b97c31f0,8cc94199f87b1eabc386bce00f1361145a8597c5adc1daf3d075eb86b2cf0d86,jmuben-30,treino_auxiliar,0,grupo_ja_representado
jmuben,jmuben,31,data/raw/jmuben/Cerscospora/4 (173).jpg,24,cercosporiose,128,128,38086502ca13e621cd6b06d21d723c433aac2248275eafb7740e40f04a226e70,8ddb4113f8f71cb6c14cfcc88f27687c5a3c96096f8c01c72940cb677af34738,jmuben-31,treino_auxiliar,0,grupo_ja_representado
jmuben,jmuben,32,data/raw/jmuben/Cerscospora/4 (184).jpg,24,cercosporiose,128,128,bf67321021382c58183dbe4d728eae2b96abc640f454642c0ff20865bab87e65,8f9905138236f9813df24b74c339038b7a88979ea5df2c0e878675c085efed4d,jmuben-32,treino_auxiliar,0,grupo_ja_representado
jmuben,jmuben,33,data/raw/jmuben/Cerscospora/4 (190).jpg,24,cercosporiose,128,128,ec1fdf64cff6cc3b9ef90de5b5ca90cb14dc186a5f76348d1015582470252d7d,8d996812fad21feec340bdd10b3663a8f5e9a5eb40e192798a88978e41ef4975,jmuben-33,treino_auxiliar,1,
jmuben,jmuben,34,data/raw/jmuben/Cerscospora/4 (191).jpg,24,cercosporiose,128,128,04152dd795ee856ba95601c77366008ce755f67d2ea2fee203456f1188b7389d,89d96892f8e201eee1c429f743bdf0e994ff40e0d216820e41c6e177ea15f2df,jmuben-34,treino_auxiliar,0,acima_do_limite_da_classe
jmuben,jmuben,35,data/raw/jmuben/Cerscospora/4 (217).jpg,24,cercosporiose,128,128,0a8a1a910535eff77caf5fd8f0d5a908538f661b22a3498e0368abdcf1bd9aff,89b084886a92d687ae5752623733ebfaa9d8563d3568d994d128b8673c1ef359,jmuben-35,treino_auxiliar,0,acima_do_limite_da_classe
jmuben,jmuben,36,data/raw/jmuben/Cerscospora/4 (218).jpg,24,cercosporiose,104,256,c87f42774bd0635b15a57ce3d7b3efe301949392917a9859e228f6e0fb2de4c5,b95531558efdddffe1053ea09c001bd745ffe13838a58d2fec840dedc0c23c80,jmuben-36,treino_auxiliar,1,
jmuben,jmuben,37,data/raw/jmuben/Cerscospora/4 (219).jpg,24,cercosporiose,128,128,d72feb6ad737c7eb0f4e9f44cf382b936686b2d6ad27a12af023a7d0942ae8fa,9ce62dff9691d40015aff4bb177b3a4a7403c12ce8590f500b76cf85f17a1e90,jmuben-37,treino_auxiliar,0,acima_do_limite_da_classe
jmuben,jmuben,38,data/raw/jmuben/Cerscospora/4 (220).jpg,24,cercosporiose,128,128,d109201f04fdb093510fc35b22033e1254d3f6df7527e8e7f917a78af4ec7db5,899360917ee4c25cfc860b3e4209b71b6b8b11e3d653f5fcb53ccb4664b55b02,jmuben-38,treino_auxiliar,0,acima_do_limite_da_classe
jmuben,jmuben,39,data/raw/jmuben/Cerscospora/4 (221).jpg,24,cercosporiose,108,256,fa897d935e22d27e38a99f521c380acc7cf0f97f42869a52e5b7aab3dda5fc55,999839d8a77c0966f457a51f69dd52770511eb604aa656552afa469be0aa792a,jmuben-39,treino_auxiliar,0,grupo_ja_representado
jmuben,jmuben,40,data/raw/jmuben/Cerscospora/4 (289).jpg,24,cercosporiose,128,128,1ab6bb52a13afe8ecb5cd5261e00d0857c3e1ab03f7f433463c39c15a09ae9c2,96607e0ea21e8ddec3f624e7b87794314d31e790bd204df80fa7e58b75d04862,jmuben-40,treino_auxiliar,0,acima_do_limite_da_classe
jmuben,jmuben,41,data/raw/jmuben/Cerscospora/4 (290).jpg,24,cercosporiose,128,128,cffb0a4515f6bbf5dfbb1d1062ff9771d9a596782593dc8136dcaf3d044a818a,9d734ceaa6227ab9e5fc290c0a6ed3eeadeaa14fa4532125fc29129b79554b80,jmuben-41,treino_auxiliar,0,grupo_ja_representado
jmuben,jmuben,42,data/raw/jmuben/Cerscospora/4 (291).jpg,24,cercosporiose,128,128,f9c317e1243bf9b5accb3c4fe2a170af53f2b2d10985a865245b34898ad53da6,915f4df7b44dae2644b3cf15e3391c59ce1403a7c9cb636cc9f5be00a19a48ac,jmuben-42,treino_auxiliar,0,acima_do_limite_da_classe
jmuben,jmuben,43,data/raw/jmuben/Cerscospora/4 (292).jpg,24,cercosporiose,128,128,5a04a261620390a654b046703e449298348ddfdca6bc03cc413ae09bdf6dd6a0,8f562d558455d460372087f2cfbfa8d48f84ca40a98f9e5ac2c1f5685e2e8b3f,jmuben-43,treino_auxiliar,0,acima_do_limite_da_classe
jmuben,jmuben,44,data/raw/jmuben/Cerscospora/4 (293).jpg,24,cercosporiose,128,128,3e7fb879d1e44ffd97f7b9353f5e64bba70237726e5e5f950ec586f2b961c6d6,87d146f71e1c9c3c216d38e069c619481553273bef3a8e96d2d004f4ad77f8ce,jmuben-44,treino_auxiliar,0,grupo_ja_representado
jmuben,jmuben,45,data/raw/jmuben/Cerscospora/4 (294).jpg,24,cercosporiose,128,128,8721ce5b6650712a7f1f70f22465c45492211c502443db5c33f0ec46058defb4,8a713e23d8f12de3b78fffd8b4c08585c6601bf8b2bcc8280448d4ee70726bfc,jmuben-45,treino_auxiliar,1,
jmuben,jmuben,46,data/raw/jmuben/Cerscospora/4 (334).jpg,24,cercosporiose,128,128,77d227ebef81934d82916f5e758aba22ccd51557944b34c433d0142da698744f,8e3c4c8d3c249997e277780ecc0ab71eb1ddcc7ee13fb1cfb401874079c0c8f2,jmuben-46,treino_auxiliar,0,acima_do_limite_da_classe
jmuben,jmuben,47,data/raw/jmuben/Cerscospora/4 (335).jpg,24,cercosporiose,128,128,9d112ae39c19a383c8d385151ed69f7f5410bc2c11e4e22d7b66edb1f09dc4b2,999c5b08b39adeba66b793e1ac717e43d98726cefb1f401fa22708bb10205738,jmuben-47,treino_auxiliar,0,grupo_ja_representado
jmuben,jmuben,48,data/raw/jmuben/Cerscospora/4 (336).jpg,24,cercosporiose,128,128,17eb451e24e33423db1566935702ae5ed539517144c3285a5ae513c1dfc9466f,aa142b76bd6ef1260b3087eef0921b980043ce716e76e7263baedcec9c0c96d8,jmuben-48,treino_auxiliar,0,acima_do_limite_da_classe
jmuben,jmuben,49,data/raw/jmuben/Cerscospora/4 (337).jpg,24,cercosporiose,128,128,14a4eff8436b792226da0fa226fd11a34613093485e90b575056de65874bcba2,99985908b319ceb9449011e42c786b0fc99f277d893fc87f27e1dfc148a0ffa8,jmuben-49,treino_auxiliar,0,grupo_ja_representado
jmuben,jmuben,50,data/raw/jmuben/Cerscospora/4 (338).jpg,24,cercosporiose,128,128,366ac2d7585651d0f9da993b34a752e4d8b17861a959d7ebf1bd73a58720c0c8,9b315b10b612deb265a593c16cd3520ec1fe2678c97f00efbfa711c357408f98,jmuben-50,treino_auxiliar,0,acima_do_limite_da_classe
jmuben,jmuben,51,data/raw/jmuben/Cerscospora/4 (406).jpg,24,cercosporiose,128,128,58d1a9c2c3b93323bf7b4ece354e05a724888c189953bb6abfb7f43922651b2b,810d3ef52f13e4009c71894ec3cdf264572f9ca1c2df5fb23eb982384262736f,jmuben-51,treino_auxiliar,0,grupo_ja_representado
jmuben,jmuben,52,data/raw/jmuben/Cerscospora/4 (407).jpg,24,cercosporiose,128,128,5ceafd201defe45c7a0244ed41ebd34be9d56fbb0dfb9026cb4cdcfe1f2f83a4,97376e667989b622865ec3b1698a582f5a3fb44749c396f52a03be52459b99a0,jmuben-52,treino_auxiliar,0,acima_do_limite_da_classe
jmuben,jmuben,53,data/raw/jmuben/Cerscospora/4 (433).jpg,24,cercosporiose,128,128,cbd3269a4ae3ee2832fbf08ad36def16ad608a3f2dad0cd41cef214d4afcbd93,927441bc4553ec421da1ce6783d1c36171e99ffc95df86177c908f12995b2a0f,jmuben-53,treino_auxiliar,1,
jmuben,jmuben,54,data/raw/jmuben/Cerscospora/4 (434).jpg,24,cercosporiose,128,128,a070fdd2c2b1c452c07c608fc6fb0b390ab2ee5c99a0b39b74ffbca4c772ed94,93125984e549acef0dbdc63ea11fe9363827c43184de174e86cb85c92fe564f4,jmuben-54,treino_auxiliar,0,acima_do_limite_da_classe
jmuben,jmuben,55,data/raw/jmuben/Cerscospora/4 (435).jpg,24,cercosporiose,128,128,506ba405ae0e89438a6b2c5dec05d88e662719c8a957c018b8f125664a05110e,93195cf7e56da4690585c30ae9046d231fb0c61596c317dbc6c987ee2c7cd437,jmuben-55,treino_auxiliar,0,grupo_ja_representado
jmuben,jmuben,56,data/raw/jmuben/Cerscospora/4 (478).jpg,24,cercosporiose,128,128,7142280266ee8a4386c6e2016ccf4aba0ee058cbe946fa30d4510729f927b705,a87670eebfe6e640962fec802cd8c58f581144b9b3835a8f7b7e8e502a4fc952,jmuben-56,treino_auxiliar,0,grupo_ja_representado
jmuben,jmuben,57,data/raw/jmuben/Cerscospora/4 (479).jpg,24,cercosporiose,128,128,299c6451239125dacb9a0c2fd07f17ae71105964965375a32129e91d0d3142ec,a90c6d88b399cc592693bce349f66d86843773e00886f7fe9651da1f68c89e16,jmuben-57,treino_auxiliar,0,acima_do_limite_da_classe
jmuben,jmuben,58,data/raw/jmuben/Cerscospora/4 (550).jpg,24,cercosporiose,128,128,cf65a0a1e5ba2033f38241804f9eb9f1551e705cef85e506d5b92252adc983ba,95f532552a51ed91ba5289806dacf27e63a91e20feb62aa9d824e286f34dec36,jmuben-58,treino_auxiliar,0,grupo_ja_representado
jmuben,jmuben,59,data/raw/jmuben/Cerscospora/4 (551).jpg,24,cercosporiose,128,128,1305a0f2d2f1058ac208a028e0e6b89a0a2e982818ddf2d2d07dab9fb550a839,895495545d5be26690213ab1aeb5899da2c4e2dbfe62d88e06faeeaba1aae388,jmuben-59,treino_auxiliar,0,acima_do_limite_da_classe
jmuben,jmuben,60,data/raw/jmuben/Cerscospora/4 (552).jpg,24,cercosporiose,94,256,de2a4322cc55efaaa90bf24f25ee406a614b51ff360762659a87e6cca489d441,879c071e9842d840e35db1ff84b776946a54655f316bd52bd6ba92aaca079945,jmuben-60,treino_auxiliar,0,grupo_ja_representado
jmuben,jmuben,61,data/raw/jmuben/Cerscospora/4 (595).jpg,24,cercosporiose,128,128,d69d3f283fff759132fd841c8637ee498c800188a09dd37d05458f957f132c3e,849b720ce50c392f3fa9a58929524bb2493e8f6cd3e8d36b91d331d66c92ccf2,jmuben-61,treino_auxiliar,0,grupo_ja_representado
jmuben,jmuben,62,data/raw/jmuben/Cerscospora/4 (596).jpg,24,cercosporiose,128,128,33fc54854dff433b63a731f11750918d984d492ef10816f0696c3c46744360de,89244c64e39fa43725443b36584c5a5dbe9fba7246b651b488a58ee7d4e4e969,jmuben-62,treino_auxiliar,0,grupo_ja_representado
jmuben,jmuben,63,data/raw/jmuben/Cerscospora/4 (597).jpg,24,cercosporiose,128,128,2b6e42ac15193bc6e732692314ae6f1689a9f2e094f7164ec34ef185a87b9820,84c9720ce5a63da137ada5db6b5a4bbacd6ed36ad063b45828926e84c93cf384,jmuben-63,treino_auxiliar,1,
jmuben,jmuben,64,data/raw/jmuben/Cerscospora/4 (598).jpg,24,cercosporiose,128,128,7b962d1495a0f72d7ab6873b293147752e5b528a915f6d295a2f9f861b2723bc,892474b3c6bb402e74dea556a996b784610d2c2f2d2f6d6b4c56c8f1e733534a,jmuben-64,treino_auxiliar,0,grupo_ja_representado
jmuben,jmuben,65,data/raw/jmuben/Cerscospora/4 (677).jpg,24,cercosporiose,122,256,ca9bafa8b9260d26cda5a45b1c91441aa9c088cc4c2f0b963c44bf942dd12d6c,80ce7f3b64eea7c76a75e2145f0ea58b3fc3438568384f3a9a5a5ac9824e7244,jmuben-65,treino_auxiliar,0,grupo_ja_representado
jmuben,jmuben,66,data/raw/jmuben/Cerscospora/4 (678).jpg,24,cercosporiose,113,256,36b24435c46e4d5807d34ea83db07f87251f023fdbe55bb4ea9c0efb90357ae2,819c7f33658e27c76a29ee284fd6b9835fc1c0607a7497961c82676c38645fb2,jmuben-66,treino_auxiliar,1,
jmuben,jmuben,67,data/raw/jmuben/Cerscospora/4 (679).jpg,24,cercosporiose,92,256,d03c9908d0bfa727efca90166afb54025f98638e19eb4c65c1fecb108fba0477,8c63638c5c39a0f35b14eb8707f145f8bc7d4a77730fbf0303da9a496634a530,jmuben-67,treino_auxiliar,0,acima_do_limite_da_classe
jmuben,jmuben,68,data/raw/jmuben/Cerscospora/4 (680).jpg,24,cercosporiose,123,256,b6bd9ab0bdcdf5f9e21023b24b14095769afce25deec1f8239412f8bd5b4509e,8473778c7c75b2f14838f10b5743e283bef543f8b07a741b85aa8e6d5554e403,jmuben-68,treino_auxiliar,0,acima_do_limite_da_classe
jmuben,jmuben,69,data/raw/jmuben/Cerscospora/4 (681).jpg,24,cercosporiose,128,128,d1693b5268f7e0423a0df99f460336e7568a69d0247ee27ec1993c8109124bc7,82864da958d966e0bb71c227233a0b593e76f030b911bccedc97ceb1e7a1a98e,jmuben-69,treino_auxiliar,0,grupo_ja_representado
jmuben,jmuben,70,data/raw/jmuben/Cerscospora/4 (683).jpg,24,cercosporiose,128,128,14bddcf2c6a22b7a42ee0f1f11b5ef054faa6f5d950e1eb9e159491eeb9a7867,80a5634a4fbca95054f4e867356b64dc55f3bee99e51138fc39640bcf0e8a507,jmuben-70,treino_auxiliar,0,grupo_ja_representado
jmuben,jmuben,71,data/raw/jmuben/Cerscospora/4 (684).jpg,24,cercosporiose,128,128,44a22c8310795c061bcd89c45103032b828658d6218a3f3952743eb4d0245228,82f34dac5e4c627e9b1cf3b1210f0b45b223711f39ebd6604f95d39d8de0aa42,jmuben-71,treino_auxiliar,0,acima_do_limite_da_classe
jmuben,jmuben,72,data/raw/jmuben/Cerscospora/4 (766).jpg,24,cercosporiose,256,112,dd2b26bbc66dc2e507c5388b4a45171a10cfeccc02143af08e1f0fa1d10253ac,9b647366c66c0dd9cb3b103701daeb45a06205f8dc4b590f79baa3a5a95e8fe0,jmuben-72,treino_auxiliar,0,acima_do_limite_da_classe
jmuben,jmuben,73,data/raw/jmuben/Cerscospora/4 (767).jpg,24,cercosporiose,256,125,0e7fcd077ef60e839911353423df4feae5f9df8e111e5739945d30821fdcfa3f,a987693fc18fd138191c3061eb44d2cb32ecf5b2cebe1f1a72bee5940aa01b65,jmuben-73,treino_auxiliar,0,grupo_ja_representado
jmuben,jmuben,74,data/raw/jmuben/Cerscospora/4 (768).jpg,24,cercosporiose,128,128,b4b75504d17d3a1884d0eeac126f2961835b449ae949699f69a0ce928970b8dc,a8e541a381e4c418eb0d29f3620dc9a6dcdc2d646fa7de4995e63b276925cb6c,jmuben-74,treino_auxiliar,0,grupo_ja_representado
jmuben,jmuben,75,data/raw/jmuben/Cerscospora/4 (769).jpg,24,cercosporiose,128,128,040c15408c3d59d74c90fc3d99fb9aa7a379d068284e3bf3a897dd7492e3068a,8b643b6df2cb07b3bca362f65f4c90c441f935050436ebc9bb89563a212eae8e,jmuben-75,treino_auxiliar,0,grupo_ja_representado
jmuben,jmuben,76,data/raw/jmuben/Cerscospora/4 (770).jpg,24,cercosporiose,128,128,4db62f492cb668ccb42836cec65ae8b170cef3fc48847ac37f33c650a38b513b,93e664bc5751d3bdc806d667129c2c47f53cc48d8367313922f6e15be1ec8954,jmuben-76,treino_auxiliar,0,acima_do_limite_da_classe
jmuben,jmuben,77,data/raw/jmuben/Cerscospora/4 (874).jpg,24,cercosporiose,128,128,221491a68decae64f6bd5a45c49d09950fb32a57ca05da073bef1154542bb7b9,adfc6f27c7d8dcbfc80811ff3989f670bc062944f9319b063903217cc15691cb,jmuben-77,treino_auxiliar,0,grupo_ja_representado
jmuben,jmuben,78,data/raw/jmuben/Cerscospora/4 (875).jpg,24,cercosporiose,128,128,f7c30dce1c8541008763af80678d92ef8147ad93b5632800bb5ebdd484d96c5c,adfc6e2fc7d8d6bfc81811fd1989f6f0b4072cc4f931db0419072968e9549943,jmuben-77,treino_auxiliar,0,grupo_ja_representado
jmuben,jmuben,79,data/raw/jmuben/Cerscospora/4 (876).jpg,24,cercosporiose,128,128,bce87549a8bb9a4abe3e658b09ce393be1fb71c175f9ca3fe76df28d141b9d62,8b91395e424dd4e21509356ee9599af33ab5e08c826d1789fd6ac10d2563f7da,jmuben-79,treino_auxiliar,1,
jmuben,jmuben,80,data/raw/jmuben/Cerscospora/4 (910).jpg,24,cercosporiose,128,128,d0853e2e4d588c8b29fe3b25526e4d4d2a243f8d2636012422242a5e6d52abd0,85440cf6b86327aba7336e7a5584b91e65f14d17b2a8ae8d2d8eb60bd2d261aa,jmuben-80,treino_auxiliar,0,grupo_ja_representado
jmuben,jmuben,81,data/raw/jmuben/Cerscospora/4 (911).jpg,24,cercosporiose,128,128,dd7bbeecfda05970aadbdbfd7c111a7492474b8884aabe7236dddc46c246eecd,801b1b9bb19d61580c7ce8cc5d8f3970b6c7694c5a61f74f8eaa68213d6ab4b5,jmuben-81,treino_auxiliar,0,grupo_ja_representado
jmuben,jmuben,82,data/raw/jmuben/Cerscospora/6 (1).jpg,24,cercosporiose,256,112,51b1469e5efaa538e897a3563a139c3ac89589b930fadc335bd3a147f10584b8,9b647366c66c0dd9cb3b103701daeb45a06205f8dc4b590f79baa3a5a95e8fe0,jmuben-72,treino_auxiliar,0,acima_do_limite_da_classe
jmuben,jmuben,83,data/raw/jmuben/Cerscospora/6 (10).jpg,24,cercosporiose,128,128,411d37ca5cea9bc16bf02b54233a813361d4696ce77f0f60af9454e73b5396f5,93e664bc5751d3bdc806d667129c2c47f53cc48d8367313922f6e15be1ec8954,jmuben-76,treino_auxiliar,0,acima_do_limite_da_classe
jmuben,jmuben,84,data/raw/jmuben/Cerscospora/6 (100).jpg,24,cercosporiose,128,128,ae727829f6d52a0f8e6c1125b658928c4f5bbec138e1b76a06872c756de9360e,801b1b9bb19d61580c7ce8cc5d8f3970b6c7694c5a61f74f8eaa68213d6ab4b5,jmuben-81,treino_auxiliar,0,grupo_ja_representado
jmuben,jmuben,85,data/raw/jmuben/Cerscospora/6 (101).jpg,24,cercosporiose,128,128,141faafacc0f7be330ddd68c6650c2c4a94fbc7f5a52e73560699ebca781b355,8a4a6aa6d1d698bce44994bd393fc58bfe0ab66d3f02c4cb35113569c194752e,jmuben-10,treino_auxiliar,0,grupo_ja_representado
jmuben,jmuben,86,data/raw/jmuben/Cerscospora/6 (102).jpg,24,cercosporiose,128,128,7a3105870aaa7b5567274dee27ff07adb7bdb094f933d1b20c7db6ee98462e06,bc8021bf9e71c704f34cfc6326b023f7c0c9de313386a7c2c7fc891e3807d3b2,jmuben-11,treino_auxiliar,1,
jmuben,jmuben,87,data/raw/jmuben/Cerscospora/6 (103).jpg,24,cercosporiose,128,128,9a1680c5f865e0e36e5259a2b8b3f2d640b56ab7e3bac12952e51460a6183fb7,88451fab718de3e5ed228ceac189eb2f996b0a4afe4982d31cd29fb4ce06f094,jmuben-7,treino_auxiliar,0,grupo_ja_representado
jmuben,jmuben,88,data/raw/jmuben/Cerscospora/6 (104).jpg,24,cercosporiose,128,128,5032a4600ea5e52698285210df02634d2f8ecc13a190c52d82b5b41b96dd93c8,80473ee77fdc43109eaf5456a7ad6d6699427a40a277fe8b001d57ad844a331b,jmuben-8,treino_auxiliar,1,
jmuben,jmuben,89,data/raw/jmuben/Cerscospora/6 (119).jpg,24,cercosporiose,256,126,566b1254d642054224004542c14d56f5de1678be07df8a5facc43dc6862b2905,9cce4c67c6337e1942f9fe0043befe2740dc0f9dbd76a4262490562fb4248787,jmuben-6,treino_auxiliar,1,
jmuben,jmuben,90,data/raw/jmuben/Cerscospora/6 (12).jpg,24,cercosporiose,256,125,ccf247ef3da01a34399d219ee67897a9b0cf245a4896d92f8ba226b25725ecd8,a987693fc18fd138191c3061eb44d2cb32ecf5b2cebe1f1a72bee5940aa01b65,jmuben-73,treino_auxiliar,0,grupo_ja_representado
jmuben,jmuben,91,data/raw/jmuben/Cerscospora/6 (120).jpg,24,cercosporiose,256,120,24439ebfd2f00f8cc3c2af9852b7c0978c88873ca9bf522774ecf4e476183d59,99b34d99cccc4566d4c34272fcf341330ee6b89ae0012c35a0f7a71fcc696b3b,jmuben-3,treino_auxiliar,0,grupo_ja_representado
jmuben,jmuben,92,data/raw/jmuben/Cerscospora/6 (121).jpg,24,cercosporiose,128,128,a67f5d94f69c1e84d924924b06f621c366cfc8db9d7160a8d32bfb6860242c6a,99994cccbe66518e0f76b84de03d19e7b4f310c6c780e863b887f2cf130e853d,jmuben-4,treino_auxiliar,0,acima_do_limite_da_classe
jmuben,jmuben,93,data/raw/jmuben/Cerscospora/6 (122).jpg,24,cercosporiose,256,99,425b0aeea17fa00b9e9ae2ac1755878e141815fe1e21b406e146a343e4da7a09,83c760f0d83c721fd81f6f0f50e34f876e1ea4c7a0eb270090c7938fe0ba27d6,jmuben-5,treino_auxiliar,0,acima_do_limite_da_classe
jmuben,jmuben,94,data/raw/jmuben/Cerscospora/6 (13).jpg,24,cercosporiose,128,128,4fd72d4d6c7833883940ead9bdcb45f93fdd1eb2735061bad2364cb7672941a0,a8e541a381e4c418eb0d29f3620dc9a6dcdc2d646fa7de4995e63b276925cb6c,jmuben-74,treino_auxiliar,1,
jmuben,jmuben,95,data/raw/jmuben/Cerscospora/6 (14).jpg,24,cercosporiose,128,128,c7499f1a31cc4cd98b63010476b9e6bfffcfe55cf3953215289df340d78f49d9,8b643b6df2cb07b3bca362f65f4c90c441f935050436ebc9bb89563a212eae8e,jmuben-75,treino_auxiliar,0,grupo_ja_representado
jmuben,jmuben,96,data/raw/jmuben/Cerscospora/6 (155).jpg,24,cercosporiose,128,128,7144696b0f49bf22c4d5d7337f04323d10721b07afcdbf186cb7e4859cbb6f31,adf1619fc507e4453a2c36fb510b18512aa4c34b8cd262243afbb6b7b54d2f53,jmuben-13,treino_auxiliar,0,grupo_ja_representado
jmuben,jmuben,97,data/raw/jmuben/Cerscospora/6 (156).jpg,24,cercosporiose,128,128,be00f830c6c9d272e52b475ace4054e9cfce1b86c592f30aa332841ed725c3b5,a9437b1893375843dc393c346358e5cac1eac0ea7c2d7a1d3c269de2c3f232f8,jmuben-14,treino_auxiliar,0,grupo_ja_representado
jmuben,jmuben,98,data/raw/jmuben/Cerscospora/6 (173).jpg,24,cercosporiose,128,128,d63b394c43bc087b761f13f76cdde9359784a0508da8a03d3ddd41cf60e3a253,973f971762876107d4faaee171f3c09b1e473930a0f00e667b2ef09c03701fb4,jmuben-17,treino_auxiliar,0,grupo_ja_representado
jmuben,jmuben,99,data/raw/jmuben/Cerscospora/6 (174).jpg,24,cercosporiose,128,128,6aaa22865f784da583c5414f16d04123eeca96361d5e124433b3b27aa7d1820a,80ab6c4998419853bff8198ef390f47f0c8468c4f28f1ca085b7f16cfdcd0fd9,jmuben-18,treino_auxiliar,0,grupo_ja_representado
jmuben,jmuben,100,data/raw/jmuben/Cerscospora/6 (175).jpg,24,cercosporiose,122,256,6f9d525bb2394f4c1e70bfe8bb2f8305b62b7867483c25d5de2ab0512f912dc2,8134764a679194eb4da3a5dc614f78187c94eeb15f2ed1ea51fe2076283d1b07,jmuben-19,treino_auxiliar,0,grupo_ja_representado
jmuben,jmuben,101,data/raw/jmuben/Cerscospora/6 (176).jpg,24,cercosporiose,116,256,8d7994b19f900b6dacbe6981b5c7c08a5f85ae3524e564c5cbc783b68fedf8ac,83e176d47d279dce4d04a1787237f8a75d6cb740235d21f508ff503a4a1ee581,jmuben-20,treino_auxiliar,0,grupo_ja_representado
jmuben,jmuben,102,data/raw/jmuben/Cerscospora/6 (269).jpg,24,cercosporiose,128,128,b41e37e69024086308082640b7da6566c7fb39c6d420f3618a019faf527c9796,ad9a2d72c14cca5b390c46be0b44ad37b5d534aa52f763d2562da8f473c78858,jmuben-15,treino_auxiliar,0,acima_do_limite_da_classe
jmuben,jmuben,103,data/raw/jmuben/Cerscospora/6 (270).jpg,24,cercosporiose,128,128,1256502f6849385c5145c650178fff095d2361201676660f5262cd39879ac037,89da3f8273c5c722e7da587366d2faa61c8554a8691a8dc1b4ba6d054d379e1a,jmuben-16,treino_auxiliar,0,grupo_ja_representado
jmuben,jmuben,104,data/raw/jmuben/Cerscospora/6 (271).jpg,24,cercosporiose,128,128,de2ed6dfd1a0bebae069d97ed7640f59d95ca56642c57a928235754b7376f3fa,93e1370f7a78ede9a64f95cc96dcfb43211295cbd624631324ac799495ca4b21,jmuben-21,treino_auxiliar,1,
jmuben,jmuben,105,data/raw/jmuben/Cerscospora/6 (272).jpg,24,cercosporiose,128,128,dd8339ad9c13c32539c29f862db9d21c0e3f1d549182e66ce3f50d2c93ac9912,9cd43f89ec580c20e9d5c4655bcde04b16997ada44b1d69c2ea543b956a9b3b6,jmuben-2,treino_auxiliar,0,acima_do_limite_da_classe
jmuben,jmuben,106,data/raw/jmuben/Cerscospora/6 (273).jpg,24,cercosporiose,128,128,a6550924524ad2bed5b1436cf55dfbb384c3fb22d421aaf8d2d7857d07f8ad5f,9c2d3bc3e42f8e92ccefc31b49ebfe02b3462855e2dc8aeb369840ce5ab2b40c,jmuben-9,treino_auxiliar,0,acima_do_limite_da_classe
jmuben,jmuben,107,data/raw/jmuben/Cerscospora/6 (274).jpg,24,cercosporiose,128,128,97f2aceb00c496df0e0f281a8cf44503801da92f435cec45648c71014ae768c9,884e0ff378748507a34ff908675afa128ef012367be3c07d9696b66360adc54e,jmuben-12,treino_auxiliar,0,grupo_ja_representado
jmuben,jmuben,108,data/raw/jmuben/Cerscospora/6 (287).jpg,24,cercosporiose,128,128,a22773421be2abcbb9c1c61d0f99e9772fc6d494b902dc4d001015a6eeb904bc,8d934837f8c45f54e14cbc220f3f4011970329ced3e294f2c72d75d0eb7c6b87,jmuben-22,treino_auxiliar,0,acima_do_limite_da_classe
jmuben,jmuben,109,data/raw/jmuben/Cerscospora/6 (288).jpg,24,cercosporiose,128,128,7bc3c4e46545e1e69959311b8d0cf452477023be1f642b175b4387022654144e,8cc90519ea123cfa4b3ec0eef8c09fb729764a20d7586c1dab0678eaad7e4b07,jmuben-23,treino_auxiliar,0,grupo_ja_representado
jmuben,jmuben,110,data/raw/jmuben/Cerscospora/6 (289).jpg,24,cercosporiose,128,128,34dc35acd7bb77d952b8104c444693b15b60fb343ce29986482918d70bdc2856,8d9b0b33e22a3cf65e2ec21970909743addf6a4e97c610f7ca015583b4b1d73a,jmuben-24,treino_auxiliar,0,acima_do_limite_da_classe
jmuben,jmuben,111,data/raw/jmuben/Cerscospora/6 (290).jpg,24,cercosporiose,128,128,1ecb00213e1f52cf9de3bf166afd54d48e12336594e03ef94b8ad4f9df775930,87a27b263e4d0cd9d4760f6d83f270ee16b7c0351e1da701bb8800eaf4223ffc,jmuben-25,treino_auxiliar,0,acima_do_limite_da_classe
jmuben,jmuben,112,data/raw/jmuben/Cerscospora/6 (291).jpg,24,cercosporiose,128,128,76fae4345ec3d1203919436977a95456c8bc2b95fbd840b5dc6ada07a4c0ccb7,9cf22031a5be3647e9904a2d36976d65ea4d0fb6136fd5d27415042be847cad9,jmuben-26,treino_auxiliar,0,grupo_ja_representado
jmuben,jmuben,113,data/raw/jmuben/Cerscospora/6 (293).jpg,24,cercosporiose,128,128,03c462757b4adbf74763822eddb82df2565e29ce549ad90ab9cef235d2db0d70,89db0f33c20a7df23c665e2ba03d5820975165b708396f0835f7a87c5b5aa9ce,jmuben-27,treino_auxiliar,1,
jmuben,jmuben,114,data/raw/jmuben/Cerscospora/6 (404).jpg,24,cercosporiose,128,128,3b75339e8b7e033dcadb0ee2705a0831b23ee5cdcd3b8eddcfe3d9f475164bb1,8cc80d990326f8c9bdd308375f3f815468101be8d25f16ffa10c6b84f0ff1e5f,jmuben-28,treino_auxiliar,0,acima_do_limite_da_classe
jmuben,jmuben,115,data/raw/jmuben/Cerscospora/6 (405).jpg,24,cercosporiose,128,128,17a34fa3062f7fff25b1b8a40f4f58f4651faa2ec73f53d5dec2d973ebb98297,93446ee81599af3314e6c81c3abbdf4a17fd81da78551eab16fb80793c0a0b15,jmuben-29,treino_auxiliar,0,acima_do_limite_da_classe
jmuben,jmuben,116,data/raw/jmuben/Cerscospora/6 (41).jpg,24,cercosporiose,128,128,dd40e9fef89dd6ef0d6d7a806fb70a5e3ea668242b4c552d1d9acf56eda35b3c,adfc6f27c7d8dcbfc80811ff3989f670bc062944f9319b063903217cc15691cb,jmuben-77,treino_auxiliar,0,grupo_ja_representado
jmuben,jmuben,117,data/raw/jmuben/Cerscospora/6 (42).jpg,24,cercosporiose,128,128,2159ea6ef9c1ae5f7ecfcf2b7827fcdb072f4d6b8cfb68876aec44312c229567,adfc6e2fc7d8d6bfc81811fd1989f6f0b4072cc4f931db0419072968e9549943,jmuben-77,treino_auxiliar,0,grupo_ja_representado
jmuben,jmuben,118,data/raw/jmuben/Cerscospora/6 (43).jpg,24,cercosporiose,128,128,6e9dcffa6e034698463418f023293ab1d0277c4ca5e7d7088d68ab93fa113eb9,8b91395e424dd4e21509356ee9599af33ab5e08c826d1789fd6ac10d2563f7da,jmuben-79,treino_auxiliar,0,grupo_ja_representado
jmuben,jmuben,119,data/raw/jmuben/Cerscospora/6 (437).jpg,24,cercosporiose,128,128,0cbc4ea0dcad05aac9a2e06015623624cbc7abb4238c794330586836db2b2c16,8cc94199f87b1eabc386bce00f1361145a8597c5adc1daf3d075eb86b2cf0d86,jmuben-30,treino_auxiliar,0,grupo_ja_representado
jmuben,jmuben,120,data/raw/jmuben/Cerscospora/6 (438).jpg,24,cercosporiose,128,128,d91b5eb5ab348e7d9949d8a44e1009b423d8a496a756dfa4d52f0c7786959ac4,8ddb4113f8f71cb6c14cfcc88f27687c5a3c96096f8c01c72940cb677af34738,jmuben-31,treino_auxiliar,1,
jmuben,jmuben,121,data/raw/jmuben/Cerscospora/6 (449).jpg,24,cercosporiose,128,128,5245bf87658f2421833234c46461105bd1fa11ef58739e5e6ee616563f3a7d38,8f9905138236f9813df24b74c339038b7a88979ea5df2c0e878675c085efed4d,jmuben-32,treino_auxiliar,1,
jmuben,jmuben,122,data/raw/jmuben/Cerscospora/6 (455).jpg,24,cercosporiose,128,128,713ae22c1c863dc75f855c8281ff23dbe15483ff4e72ad5581cec1236f28fd42,8d996812fad21feec340bdd10b3663a8f5e9a5eb40e192798a88978e41ef4975,jmuben-33,treino_auxiliar,0,grupo_ja_representado
jmuben,jmuben,123,data/raw/jmuben/Cerscospora/6 (456).jpg,24,cercosporiose,128,128,ca26f9d52ffdbe02ba780edab036305e26d90d0e284cc1c3fc702fece3bd5f21,89d96892f8e201eee1c429f743bdf0e994ff40e0d216820e41c6e177ea15f2df,jmuben-34,treino_auxiliar,0,acima_do_limite_da_classe
jmuben,jmuben,124,data/raw/jmuben/Cerscospora/6 (482).jpg,24,cercosporiose,128,128,7e25d67e50ecc810e888f1c0326f85a7871af4b746ffccf47010b862d233eadf,89b084886a92d687ae5752623733ebfaa9d8563d3568d994d128b8673c1ef359,jmuben-35,treino_auxiliar,0,acima_do_limite_da_classe
jmuben,jmuben,125,data/raw/jmuben/Cerscospora/6 (483).jpg,24,cercosporiose,104,256,78dc6c993228bbd67dc0055042e7a298b6eab65af139865bfb36978167409eb8,b95531558efdddffe1053ea09c001bd745ffe13838a58d2fec840dedc0c23c80,jmuben-36,treino_auxiliar,0,grupo_ja_representado
jmuben,jmuben,126,data/raw/jmuben/Cerscospora/6 (484).jpg,24,cercosporiose,128,128,8ad722313b3dae5f03894acb7116899cc041b8834cc2ace8e6e25718acde45aa,9ce62dff9691d40015aff4bb177b3a4a7403c12ce8590f500b76cf85f17a1e90,jmuben-37,treino_auxiliar,0,acima_do_limite_da_classe
jmuben,jmuben,127,data/raw/jmuben/Cerscospora/6 (485).jpg,24,cercosporiose,128,128,ebe5b7ee266d858282ee689c6a3c70220beb2edd0bc8903d0d22c85cfbb5d054,899360917ee4c25cfc860b3e4209b71b6b8b11e3d653f5fcb53ccb4664b55b02,jmuben-38,treino_auxiliar,0,acima_do_limite_da_classe
jmuben,jmuben,128,data/raw/jmuben/Cerscospora/6 (486).jpg,24,cercosporiose,108,256,eb04f1c4f0035fb25554572eb89e94bd2f6b97c260b2cdc3842e3922573a1d68,999839d8a77c0966f457a51f69dd52770511eb604aa656552afa469be0aa792a,jmuben-39,treino_auxiliar,0,grupo_ja_representado
jmuben,jmuben,129,data/raw/jmuben/Cerscospora/6 (554).jpg,24,cercosporiose,128,128,8701b0f84a6d40caded215bd3384423e216d80d78daf477cb7fc48c5571392cc,96607e0ea21e8ddec3f624e7b87794314d31e790bd204df80fa7e58b75d04862,jmuben-40,treino_auxiliar,0,acima_do_limite_da_classe
jmuben,jmuben,130,data/raw/jmuben/Cerscospora/6 (555).jpg,24,cercosporiose,128,128,0a29916106b9513ee2d96907c17c5ba3b31119fe791badebb247114e7ab1cb1a,9d734ceaa6227ab9e5fc290c0a6ed3eeadeaa14fa4532125fc29129b79554b80,jmuben-41,treino_auxiliar,0,grupo_ja_representado
jmuben,jmuben,131,data/raw/jmuben/Cerscospora/6 (556).jpg,24,cercosporiose,128,128,6a93cf184c5998f503a775ff703233de4073fac3bc3722f2bb6153a7d48138fc,915f4df7b44dae2644b3cf15e3391c59ce1403a7c9cb636cc9f5be00a19a48ac,jmuben-42,treino_auxiliar,0,acima_do_limite_da_classe
jmuben,jmuben,132,data/raw/jmuben/Cerscospora/6 (557).jpg,24,cercosporiose,128,128,d452b0f7170a0905c1ffc3a747508ffa84eb6eab44408392bc4e8ada619bc332,8f562d558455d460372087f2cfbfa8d48f84ca40a98f9e5ac2c1f5685e2e8b3f,jmuben-43,treino_auxiliar,0,acima_do_limite_da_classe
jmuben,jmuben,133,data/raw/jmuben/Cerscospora/6 (558).jpg,24,cercosporiose,128,128,352a3dcb885e63ec978f8611fccf95fdaa2f594a8c3771e7559255acb78f34af,87d146f71e1c9c3c216d38e069c619481553273bef3a8e96d2d004f4ad77f8ce,jmuben-44,treino_auxiliar,0,grupo_ja_representado
jmuben,jmuben,134,data/raw/jmuben/Cerscospora/6 (559).jpg,24,cercosporiose,128,128,fcc1fb67a636b3d985953bed60c902f5f70279d999fdb5d0dae2283032e034e1,8a713e23d8f12de3b78fffd8b4c08585c6601bf8b2bcc8280448d4ee70726bfc,jmuben-45,treino_auxiliar,0,grupo_ja_representado
jmuben,jmuben,135,data/raw/jmuben/Cerscospora/6 (599).jpg,24,cercosporiose,128,128,b4768f0925d0ddb90a8a22f059ae2ac76ddc9456a056f07893526b2c6f4fb0fb,8e3c4c8d3c249997e277780ecc0ab71eb1ddcc7ee13fb1cfb401874079c0c8f2,jmuben-46,treino_auxiliar,0,acima_do_limite_da_classe
jmuben,jmuben,136,data/raw/jmuben/Cerscospora/6 (600).jpg,24,cercosporiose,128,128,aebd4675798337a84efbb1116237cc420baf71ec2966b1627ec7256db2271122,999c5b08b39adeba66b793e1ac717e43d98726cefb1f401fa22708bb10205738,jmuben-47,treino_auxiliar,1,
jmuben,jmuben,137,data/raw/jmuben/Cerscospora/6 (601).jpg,24,cercosporiose,128,128,837cd9713e15bc486845cfc4647a1a1472700897518bba5a2777c736ac068983,aa142b76bd6ef1260b3087eef0921b980043ce716e76e7263baedcec9c0c96d8,jmuben-48,treino_auxiliar,0,acima_do_limite_da_classe
jmuben,jmuben,138,data/raw/jmuben/Cerscospora/6 (602).jpg,24,cercosporiose,128,128,2f6ba39e828d9a87051dd8cc65f09a6a626f0eaf11ef672b92ae8a9624ccff6c,99985908b319ceb9449011e42c786b0fc99f277d893fc87f27e1dfc148a0ffa8,jmuben-49,treino_auxiliar,1,
jmuben,jmuben,139,data/raw/jmuben/Cerscospora/6 (603).jpg,24,cercosporiose,128,128,2d54e28ed183113b6fba34bb1ad73543bd0c97b56ecccda81b783ab998b0cb3d,9b315b10b612deb265a593c16cd3520ec1fe2678c97f00efbfa711c357408f98,jmuben-50,treino_auxiliar,0,acima_do_limite_da_classe
jmuben,jmuben,140,data/raw/jmuben/Cerscospora/6 (671).jpg,24,cercosporiose,128,128,2578b15c98b8855bdb2a84ea750889df20653108e2dcfe6727b1c9a9c4d6aadd,810d3ef52f13e4009c71894ec3cdf264572f9ca1c2df5fb23eb982384262736f,jmuben-51,treino_auxiliar,1,
jmuben,jmuben,141,data/raw/jmuben/Cerscospora/6 (672).jpg,24,cercosporiose,128,128,925584f6446be7b3d5227f3394a6f9a9d834dbbbc60b69b84295911d23aacc74,97376e667989b622865ec3b1698a582f5a3fb44749c396f52a03be52459b99a0,jmuben-52,treino_auxiliar,0,acima_do_limite_da_classe
jmuben,jmuben,142,data/raw/jmuben/Cerscospora/6 (698).jpg,24,cercosporiose,128,128,7ba8243ae10286ed239a824d7c357812a6b6a755bcdc0e0da4a5d5fb6c97cc5e,927441bc4553ec421da1ce6783d1c36171e99ffc95df86177c908f12995b2a0f,jmuben-53,treino_auxiliar,0,grupo_ja_representado
jmuben,jmuben,143,data/raw/jmuben/Cerscospora/6 (699).jpg,24,cercosporiose,128,128,25e97db2b85022569ed8b78aea4d8bb941d1efc236a37027b58622d97e45e09b,93125984e549acef0dbdc63ea11fe9363827c43184de174e86cb85c92fe564f4,jmuben-54,treino_auxiliar,0,acima_do_limite_da_classe
jmuben,jmuben,144,data/raw/jmuben/Cerscospora/6 (700).jpg,24,cercosporiose,128,128,537d3106be0dd8862e10655c55b527c01f3b0184b3f3e0e32ceb5b2f655b93c5,93195cf7e56da4690585c30ae9046d231fb0c61596c317dbc6c987ee2c7cd437,jmuben-55,treino_auxiliar,0,grupo_ja_representado
jmuben,jmuben,145,data/raw/jmuben/Cerscospora/6 (743).jpg,24,cercosporiose,128,128,a31f23d56f21d61c4b11569e1a8c8be8ab115004530e1d9de3f7607eba7c887d,a87670eebfe6e640962fec802cd8c58f581144b9b3835a8f7b7e8e502a4fc952,jmuben-56,treino_auxiliar,1,
jmuben,jmuben,146,data/raw/jmuben/Cerscospora/6 (744).jpg,24,cercosporiose,128,128,5553674bc166b6bcdc760199bcd2fd1b12db99d851a148641c939f92f98bee6a,a90c6d88b399cc592693bce349f66d86843773e00886f7fe9651da1f68c89e16,jmuben-57,treino_auxiliar,0,acima_do_limite_da_classe
jmuben,jmuben,147,data/raw/jmuben/Cerscospora/6 (77).jpg,24,cercosporiose,128,128,bd7337fc036f7cc331770bf69df821e6a62ac2bb143bf4acc016b20e89a65cba,85440cf6b86327aba7336e7a5584b91e65f14d17b2a8ae8d2d8eb60bd2d261aa,jmuben-80,treino_auxiliar,1,
jmuben,jmuben,148,data/raw/jmuben/Cerscospora/6 (773).jpg,24,cercosporiose,128,128,2f21853b00dbc280aa190a886320e300bad90b7603974b72e1bd2e1865be7fbb,95f532552a51ed91ba5289806dacf27e63a91e20feb62aa9d824e286f34dec36,jmuben-58,treino_auxiliar,1,
jmuben,jmuben,149,data/raw/jmuben/Cerscospora/6 (774).jpg,24,cercosporiose,128,128,de555012121178adcec847e83aa8adbb1b0c14910134f5ce5547caa3d67c5151,895495545d5be26690213ab1aeb5899da2c4e2dbfe62d88e06faeeaba1aae388,jmuben-59,treino_auxiliar,0,acima_do_limite_da_classe
jmuben,jmuben,150,data/raw/jmuben/Cerscospora/6 (775).jpg,24,cercosporiose,94,256,920639984a6cc22827b1d60ad898f0ba34d3ea6f226b23426542450f84469e98,879c071e9842d840e35db1ff84b776946a54655f316bd52bd6ba92aaca079945,jmuben-60,treino_auxiliar,1,
jmuben,jmuben,151,data/raw/jmuben/Cerscospora/6 (809).jpg,24,cercosporiose,128,128,6ef85871ea889d75d42938b1bb2cfe2413cb023968e4bbabd3b43c6fccb935a7,849b720ce50c392f3fa9a58929524bb2493e8f6cd3e8d36b91d331d66c92ccf2,jmuben-61,treino_auxiliar,1,
jmuben,jmuben,152,data/raw/jmuben/Cerscospora/6 (810).jpg,24,cercosporiose,128,128,ddae8c77574a7b3e7b7c5d1ccae74115a748f654f76d42c154f22d72a572f710,89244c64e39fa43725443b36584c5a5dbe9fba7246b651b488a58ee7d4e4e969,jmuben-62,treino_auxiliar,0,grupo_ja_representado
jmuben,jmuben,153,data/raw/jmuben/Cerscospora/6 (811).jpg,24,cercosporiose,128,128,5057537b7cf6350496d5cd0614368d181e1445850131b5dfccc64359ff762624,84c9720ce5a63da137ada5db6b5a4bbacd6ed36ad063b45828926e84c93cf384,jmuben-63,treino_auxiliar,0,grupo_ja_representado
jmuben,jmuben,154,data/raw/jmuben/Cerscospora/6 (812).jpg,24,cercosporiose,128,128,1a03bf4a192abfe92f9e176fbe29c0a1b97620ffb6007d7e9681baa5157ffee1,892474b3c6bb402e74dea556a996b784610d2c2f2d2f6d6b4c56c8f1e733534a,jmuben-64,treino_auxiliar,1,
jmuben,jmuben,155,data/raw/jmuben/Cerscospora/6 (857).jpg,24,cercosporiose,122,256,8db52ff626a26f8c4b9c7db746d9a91405df73daf067d6d6e118275c47a65510,80ce7f3b64eea7c76a75e2145f0ea58b3fc3438568384f3a9a5a5ac9824e7244,jmuben-65,treino_auxiliar,0,grupo_ja_representado
jmuben,jmuben,156,data/raw/jmuben/Cerscospora/6 (858).jpg,24,cercosporiose,113,256,8c8894e8b04ceb42df97017bca4537549c3494f4b070436f569f0ddc9ef9317c,819c7f33658e27c76a29ee284fd6b9835fc1c0607a7497961c82676c38645fb2,jmuben-66,treino_auxiliar,0,grupo_ja_representado
jmuben,jmuben,157,data/raw/jmuben/Cerscospora/6 (859).jpg,24,cercosporiose,92,256,b90dc1b959636c3d1e9cdcda1191f5a8e9fb6e4727e38b9df67492750dddd994,8c63638c5c39a0f35b14eb8707f145f8bc7d4a77730fbf0303da9a496634a530,jmuben-67,treino_auxiliar,0,acima_do_limite_da_classe
jmuben,jmuben,158,data/raw/jmuben/Cerscospora/6 (860).jpg,24,cercosporiose,123,256,a9d9502bc0f24a987fdaf4510da033cf3b20c8bc5434df3a5ded1e63480a16c0,8473778c7c75b2f14838f10b5743e283bef543f8b07a741b85aa8e6d5554e403,jmuben-68,treino_auxiliar,0,acima_do_limite_da_classe
jmuben,jmuben,159,data/raw/jmuben/Cerscospora/6 (861).jpg,24,cercosporiose,128,128,f4c138bf161582e5cdfdb5ba45ba47f9b05baba7d5b08adc48faaf879687653d,82864da958d966e0bb71c227233a0b593e76f030b911bccedc97ceb1e7a1a98e,jmuben-69,treino_auxiliar,0,grupo_ja_representado
jmuben,jmuben,160,data/raw/jmuben/Cerscospora/6 (863).jpg,24,cercosporiose,128,128,3dc01f7b74afe4ddc6d8d00ba9165caa2df87d1725582e3b0a6c233e75bf03be,80a5634a4fbca95054f4e867356b64dc55f3bee99e51138fc39640bcf0e8a507,jmuben-70,treino_auxiliar,1,
jmuben,jmuben,161,data/raw/jmuben/Cerscospora/6 (864).jpg,24,cercosporiose,128,128,1bda55c691094fb34720af7ed52290a7f82836ca501a98cbf7df8f657fc662b0,82f34dac5e4c627e9b1cf3b1210f0b45b223711f39ebd6604f95d39d8de0aa42,jmuben-71,treino_auxiliar,0,acima_do_limite_da_classe
jmuben,jmuben,162,data/raw/jmuben/Cerscospora/7 (1) (Custom).jpg,24,cercosporiose,128,128,83fd1a15135bb89dd5ac219ec81af3493b523556e5b68e0a82af13cce7369520,ad9a2d72c14cca5b390c46be0b44ad37b5d534aa52f763d2562da8f473c78858,jmuben-15,treino_auxiliar,0,acima_do_limite_da_classe
jmuben,jmuben,163,data/raw/jmuben/Cerscospora/7 (1).jpg,1,cercosporiose,128,128,ff5e3ad45a444ffa4013ff3adb6f5a0c6f27ce86313ec4729dafff7e0b0daded,ad9a2d72c14cca5b3d0c46be0b44ad37b5d014aae2f673ca563da8e47bd78058,jmuben-15,treino_auxiliar,0,acima_do_limite_da_classe
jmuben,jmuben,164,data/raw/jmuben/Cerscospora/7 (10).jpg,24,cercosporiose,128,128,d39ef7fcad6941af99364d785413ef57bd44da05b5ca69933f8ef999c4180b5d,9cd43f89ec580c20e9d5c4655bcde04b16997ada44b1d69c2ea543b956a9b3b6,jmuben-2,treino_auxiliar,0,acima_do_limite_da_classe
jmuben,jmuben,165,data/raw/jmuben/Cerscospora/7 (101).jpg,24,cercosporiose,128,128,7907b65ff662d10c835583001635f4a15d15ba6a73fb8382b7e1d7f5aab6470e,9c2d3bc3e42f8e92ccefc31b49ebfe02b3462855e2dc8aeb369840ce5ab2b40c,jmuben-9,treino_auxiliar,0,acima_do_limite_da_classe
jmuben,jmuben,166,data/raw/jmuben/Cerscospora/7 (102).jpg,24,cercosporiose,128,128,d9b5c1c6dd62214aba2913d7580b4b48469e8f811f784055c0136a2a9fdcad46,884e0ff378748507a34ff908675afa128ef012367be3c07d9696b66360adc54e,jmuben-12,treino_auxiliar,0,grupo_ja_representado
jmuben,jmuben,167,data/raw/jmuben/Cerscospora/7 (104).jpg,24,cercosporiose,128,128,516ff04a2db0ac33b21296d7d40a944ef96da126a73a45e4f5a21d4a0094e845,89da3f8273c5c722e7da587366d2faa61c8554a8691a8dc1b4ba6d054d379e1a,jmuben-16,treino_auxiliar,1,
jmuben,jmuben,168,data/raw/jmuben/Cerscospora/7 (105).jpg,24,cercosporiose,128,128,4c0da50bd595a8df9536d19dc2bfbc18393dc540f7debee553f6e38f5b9654b4,93e1370f7a78ede9a64f95cc96dcfb43211295cbd624631324ac799495ca4b21,jmuben-21,treino_auxiliar,0,grupo_ja_representado
jmuben,jmuben,169,data/raw/jmuben/Cerscospora/7 (115).jpg,24,cercosporiose,128,128,6a792732557236b713664536e917788008c802fdb2a5ec5c717cb9fca2825829,8d934837f8c45f54e14cbc220f3f4011970329ced3e294f2c72d75d0eb7c6b87,jmuben-22,treino_auxiliar,0,acima_do_limite_da_classe
jmuben,jmuben,170,data/raw/jmuben/Cerscospora/7 (116).jpg,24,cercosporiose,128,128,6f52845cddb91666be25048d4fd86071fb98282f60d296411301b6b941cf8c8b,8cc90519ea123cfa4b3ec0eef8c09fb729764a20d7586c1dab0678eaad7e4b07,jmuben-23,treino_auxiliar,0,grupo_ja_representado
jmuben,jmuben,171,data/raw/jmuben/Cerscospora/7 (117).jpg,24,cercosporiose,128,128,af84bf87c92eb6ed7b8e5ac10d79453fef32e7c1d921a374768e5bd7efcfaa7e,8d9b0b33e22a3cf65e2ec21970909743addf6a4e97c610f7ca015583b4b1d73a,jmuben-24,treino_auxiliar,0,acima_do_limite_da_classe
jmuben,jmuben,172,data/raw/jmuben/Cerscospora/7 (118).jpg,24,cercosporiose,128,128,d767eb7865a4b73b54948df0b8ea94a3dd80c9fcd91f4227e77230dcda7127ee,87a27b263e4d0cd9d4760f6d83f270ee16b7c0351e1da701bb8800eaf4223ffc,jmuben-25,treino_auxiliar,0,acima_do_limite_da_classe
jmuben,jmuben,173,data/raw/jmuben/Cerscospora/7 (119).jpg,24,cercosporiose,128,128,2312b1dd34afced59dde838010e42a937039ec9a63817ba254b37b675a4a49da,9cf22031a5be3647e9904a2d36976d65ea4d0fb6136fd5d27415042be847cad9,jmuben-26,treino_auxiliar,0,grupo_ja_representado
jmuben,jmuben,174,data/raw/jmuben/Cerscospora/7 (121).jpg,24,cercosporiose,128,128,5502c13e825922c0fffce4d2a5a710ab126a2ea1d60260aa683159193bc75a48,89db0f33c20a7df23c665e2ba03d5820975165b708396f0835f7a87c5b5aa9ce,jmuben-27,treino_auxiliar,0,grupo_ja_representado
jmuben,jmuben,175,data/raw/jmuben/Cerscospora/7 (136).jpg,24,cercosporiose,128,128,4808527408afbcd039d5757bf10a855e54016b67a5c642c0f037381d92419750,8cc80d990326f8c9bdd308375f3f815468101be8d25f16ffa10c6b84f0ff1e5f,jmuben-28,treino_auxiliar,0,acima_do_limite_da_classe
jmuben,jmuben,176,data/raw/jmuben/Cerscospora/7 (137).jpg,24,cercosporiose,128,128,9f27f8d19567681f43d4d1424b75c221ee62c0c512df70c036b05944c12608fe,93446ee81599af3314e6c81c3abbdf4a17fd81da78551eab16fb80793c0a0b15,jmuben-29,treino_auxiliar,0,acima_do_limite_da_classe
jmuben,jmuben,177,data/raw/jmuben/Cerscospora/7 (169).jpg,24,cercosporiose,128,128,e389af64513feaeb864bb990e6c826f1b8d12cb209e547e944a3525e27df7261,8cc94199f87b1eabc386bce00f1361145a8597c5adc1daf3d075eb86b2cf0d86,jmuben-30,treino_auxiliar,0,grupo_ja_representado
jmuben,jmuben,178,data/raw/jmuben/Cerscospora/7 (170).jpg,24,cercosporiose,128,128,44f02697c97b402f2ff888756e8825a8c9a778fd19768890ff6b6a5aa90b4c51,8ddb4113f8f71cb6c14cfcc88f27687c5a3c96096f8c01c72940cb677af34738,jmuben-31,treino_auxiliar,0,grupo_ja_representado
jmuben,jmuben,179,data/raw/jmuben/Cerscospora/7 (181).jpg,24,cercosporiose,128,128,509a7830c3525cdb74e1868a626d947dab4b35c98d63c516fa6da303d2337637,8f9905138236f9813df24b74c339038b7a88979ea5df2c0e878675c085efed4d,jmuben-32,treino_auxiliar,0,grupo_ja_representado
jmuben,jmuben,180,data/raw/jmuben/Cerscospora/7 (187).jpg,24,cercosporiose,128,128,f5c7fbe6b5f30922bff432560229986c67f3b0b55c423aca4da11d0e028ecb59,8d996812fad21feec340bdd10b3663a8f5e9a5eb40e192798a88978e41ef4975,jmuben-33,treino_auxiliar,0,grupo_ja_representado
jmuben,jmuben,181,data/raw/jmuben/Cerscospora/7 (188).jpg,24,cercosporiose,128,128,f8269cbb6b753f1d3619dcc6443f6e789d9c393249ba111ea55f75cd57721860,89d96892f8e201eee1c429f743bdf0e994ff40e0d216820e41c6e177ea15f2df,jmuben-34,treino_auxiliar,0,acima_do_limite_da_classe
jmuben,jmuben,182,data/raw/jmuben/Cerscospora/7 (214).jpg,24,cercosporiose,128,128,7ba31cec17a1a5ffcefef69b1a68bf0527bc652ecf2e9580bd04ca970361cfff,89b084886a92d687ae5752623733ebfaa9d8563d3568d994d128b8673c1ef359,jmuben-35,treino_auxiliar,0,acima_do_limite_da_classe
jmuben,jmuben,183,data/raw/jmuben/Cerscospora/7 (215).jpg,24,cercosporiose,104,256,2690fe0477514d4ce4565f2c72a6e54510258643f8fc273cc2a94d421f7c3cb8,b95531558efdddffe1053ea09c001bd745ffe13838a58d2fec840dedc0c23c80,jmuben-36,treino_auxiliar,0,grupo_ja_representado
jmuben,jmuben,184,data/raw/jmuben/Cerscospora/7 (216).jpg,24,cercosporiose,128,128,8d63024948c47cc1df3d4320c352f0d0d56625949df09f9485dae927c325bc0b,9ce62dff9691d40015aff4bb177b3a4a7403c12ce8590f500b76cf85f17a1e90,jmuben-37,treino_auxiliar,0,acima_do_limite_da_classe
jmuben,jmuben,185,data/raw/jmuben/Cerscospora/7 (217).jpg,24,cercosporiose,128,128,257c3992500ae6f2dadad55c1368ba139da72569f4fe32659c50ff52a3766ce1,899360917ee4c25cfc860b3e4209b71b6b8b11e3d653f5fcb53ccb4664b55b02,jmuben-38,treino_auxiliar,0,acima_do_limite_da_classe
jmuben,jmuben,186,data/raw/jmuben/Cerscospora/7 (218).jpg,24,cercosporiose,108,256,d12701bb7f48d461b28d8edf939a49082aed8a7a20943f840742c679b07266ec,999839d8a77c0966f457a51f69dd52770511eb604aa656552afa469be0aa792a,jmuben-39,treino_auxiliar,0,grupo_ja_representado
jmuben,jmuben,187,data/raw/jmuben/Cerscospora/7 (286).jpg,24,cercosporiose,128,128,9c478dd48686bea9b6c47392ee3b3740986e9472a1d840f85209ee745ed539b5,96607e0ea21e8ddec3f624e7b87794314d31e790bd204df80fa7e58b75d04862,jmuben-40,treino_auxiliar,0,acima_do_limite_da_classe
jmuben,jmuben,188,data/raw/jmuben/Cerscospora/7 (287).jpg,24,cercosporiose,128,128,f16030a5345071c52bd2f95d537720034c9f30be1c83dd17b5e182e1bab3e461,9d734ceaa6227ab9e5fc290c0a6ed3eeadeaa14fa4532125fc29129b79554b80,jmuben-41,treino_auxiliar,1,
jmuben,jmuben,189,data/raw/jmuben/Cerscospora/7 (288).jpg,24,cercosporiose,128,128,5d07df94d9035d5d6685b9339d5ba6281ae3aa562ed7db177c0887ea4f0f8b0a,915f4df7b44dae2644b3cf15e3391c59ce1403a7c9cb636cc9f5be00a19a48ac,jmuben-42,treino_auxiliar,0,acima_do_limite_da_classe
jmuben,jmuben,190,data/raw/jmuben/Cerscospora/7 (289).jpg,24,cercosporiose,128,128,bbda4f837ca13610f4fee0a31cf2490a6d9f20a0572bc7fea268e1409329d1b2,8f562d558455d460372087f2cfbfa8d48f84ca40a98f9e5ac2c1f5685e2e8b3f,jmuben-43,treino_auxiliar,0,acima_do_limite_da_classe
jmuben,jmuben,191,data/raw/jmuben/Cerscospora/7 (290).jpg,24,cercosporiose,128,128,d51759ed5109106bfe55496bfcada6266aa6a4e722410b7cf044f10f1fe2e987,87d146f71e1c9c3c216d38e069c619481553273bef3a8e96d2d004f4ad77f8ce,jmuben-44,treino_auxiliar,1,
jmuben,jmuben,192,data/raw/jmuben/Cerscospora/7 (291).jpg,24,cercosporiose,128,128,deb81937023b531e60965d4cbf2f94e3d7a9b866e351eb1c2dc7c06c600fbc91,8a713e23d8f12de3b78fffd8b4c08585c6601bf8b2bcc8280448d4ee70726bfc,jmuben-45,treino_auxiliar,0,grupo_ja_representado
jmuben,jmuben,193,data/raw/jmuben/Cerscospora/7 (331).jpg,24,cercosporiose,128,128,c4a263d71965bed89ca9d82f60bb43dc2f85650bbf3e6b8b5fd7137a417728bc,8e3c4c8d3c249997e277780ecc0ab71eb1ddcc7ee13fb1cfb401874079c0c8f2,jmuben-46,treino_auxiliar,0,acima_do_limite_da_classe
jmuben,jmuben,194,data/raw/jmuben/Cerscospora/7 (332).jpg,24,cercosporiose,128,128,230fc40e813148de952d03d4ba8e4710d022fbda873d8eca23b936e51fa09e17,999c5b08b39adeba66b793e1ac717e43d98726cefb1f401fa22708bb10205738,jmuben-47,treino_auxiliar,0,grupo_ja_representado
jmuben,jmuben,195,data/raw/jmuben/Cerscospora/7 (333).jpg,24,cercosporiose,128,128,43ebbf6d9fa00e20e52de55a7b3db38e722a38e310bb32c7e0bd56143930a591,aa142b76bd6ef1260b3087eef0921b980043ce716e76e7263baedcec9c0c96d8,jmuben-48,treino_auxiliar,0,acima_do_limite_da_classe
jmuben,jmuben,196,data/raw/jmuben/Cerscospora/7 (334).jpg,24,cercosporiose,128,128,0c5e27d67993a8b9f08ec476d7e1ac1994b64fdb2809acbceadcb36c9469dcc3,99985908b319ceb9449011e42c786b0fc99f277d893fc87f27e1dfc148a0ffa8,jmuben-49,treino_auxiliar,0,grupo_ja_representado
jmuben,jmuben,197,data/raw/jmuben/Cerscospora/7 (335).jpg,24,cercosporiose,128,128,58f6bd85113b20a64069affa33601a1eb54c7b5feaa4eb4be9a09e7c2f35bd33,9b315b10b612deb265a593c16cd3520ec1fe2678c97f00efbfa711c357408f98,jmuben-50,treino_auxiliar,0,acima_do_limite_da_classe
jmuben,jmuben,198,data/raw/jmuben/Cerscospora/7 (403).jpg,24,cercosporiose,128,128,d655e224481b3a7b26981949f5870986a098b3402abcf40a5ebb6e0f1d968f79,810d3ef52f13e4009c71894ec3cdf264572f9ca1c2df5fb23eb982384262736f,jmuben-51,treino_auxiliar,0,grupo_ja_representado
jmuben,jmuben,199,data/raw/jmuben/Cerscospora/7 (404).jpg,24,cercosporiose,128,128,26d3c349b36275032f4a43b386c13d022aaf3d09bfde3798982980e3759b1132,97376e667989b622865ec3b1698a582f5a3fb44749c396f52a03be52459b99a0,jmuben-52,treino_auxiliar,0,acima_do_limite_da_classe
jmuben,jmuben,200,data/raw/jmuben/Cerscospora/7 (430).jpg,24,cercosporiose,128,128,b3c064e91736d1eff98f46c306c5772e19a9ece32a0366bde56d328d88ea19c0,927441bc4553ec421da1ce6783d1c36171e99ffc95df86177c908f12995b2a0f,jmuben-53,treino_auxiliar,0,grupo_ja_representado
jmuben,jmuben,201,data/raw/jmuben/Cerscospora/7 (431).jpg,24,cercosporiose,128,128,e0a8b15dbe61adce18e15d993ecfa727ea118b0aaed1b24482df991babf18750,93125984e549acef0dbdc63ea11fe9363827c43184de174e86cb85c92fe564f4,jmuben-54,treino_auxiliar,0,acima_do_limite_da_classe
jmuben,jmuben,202,data/raw/jmuben/Cerscospora/7 (432).jpg,24,cercosporiose,128,128,81aa6c024bc3a8862268a7d48fb4136e1bb76490ed3dbe63471119bf38113f7c,93195cf7e56da4690585c30ae9046d231fb0c61596c317dbc6c987ee2c7cd437,jmuben-55,treino_auxiliar,0,grupo_ja_representado
jmuben,jmuben,203,data/raw/jmuben/Cerscospora/7 (475).jpg,24,cercosporiose,128,128,4db8be3d2a157881d206a9304e2ce1d9267814ee6b66d3e38f66381998773d2a,a87670eebfe6e640962fec802cd8c58f581144b9b3835a8f7b7e8e502a4fc952,jmuben-56,treino_auxiliar,0,grupo_ja_representado
jmuben,jmuben,204,data/raw/jmuben/Cerscospora/7 (476).jpg,24,cercosporiose,128,128,7a83a388d8992189c7349a474be330c46c851973a9aaf86a4e415270dad1ecf6,a90c6d88b399cc592693bce349f66d86843773e00886f7fe9651da1f68c89e16,jmuben-57,treino_auxiliar,0,acima_do_limite_da_classe
jmuben,jmuben,205,data/raw/jmuben/Cerscospora/7 (505).jpg,24,cercosporiose,128,128,3dc970ed1a76d2796cd7ba84ce2e73a2279a166a35f30ff6fbd2c7d717f2f898,95f532552a51ed91ba5289806dacf27e63a91e20feb62aa9d824e286f34dec36,jmuben-58,treino_auxiliar,0,grupo_ja_representado
jmuben,jmuben,206,data/raw/jmuben/Cerscospora/7 (506).jpg,24,cercosporiose,128,128,84a7c48720e009b11e4b89a7206305259af0f92f6bd2a2bb2176f8a4e6291e7f,895495545d5be26690213ab1aeb5899da2c4e2dbfe62d88e06faeeaba1aae388,jmuben-59,treino_auxiliar,0,acima_do_limite_da_classe
jmuben,jmuben,207,data/raw/jmuben/Cerscospora/7 (507).jpg,24,cercosporiose,94,256,c6661ac049ef776bd35620d34fe5fe7abdd3e8f679f5cf34beb1a7b171c429e3,879c071e9842d840e35db1ff84b776946a54655f316bd52bd6ba92aaca079945,jmuben-60,treino_auxiliar,0,grupo_ja_representado
jmuben,jmuben,208,data/raw/jmuben/Cerscospora/7 (541).jpg,24,cercosporiose,128,128,ddf779c951000082c953c98c2994e590b0069e64c518aa71af434b75034e246f,849b720ce50c392f3fa9a58929524bb2493e8f6cd3e8d36b91d331d66c92ccf2,jmuben-61,treino_auxiliar,0,grupo_ja_representado
jmuben,jmuben,209,data/raw/jmuben/Cerscospora/7 (542).jpg,24,cercosporiose,128,128,ce4955563677af98410bf4bbc906c4565485745f4c795737623688efda133582,89244c64e39fa43725443b36584c5a5dbe9fba7246b651b488a58ee7d4e4e969,jmuben-62,treino_auxiliar,0,grupo_ja_representado
jmuben,jmuben,210,data/raw/jmuben/Cerscospora/7 (543).jpg,24,cercosporiose,128,128,c53935da6faa60882c3d5f56e4159fc3cf7d69d039364e1f4330db132e502820,84c9720ce5a63da137ada5db6b5a4bbacd6ed36ad063b45828926e84c93cf384,jmuben-63,treino_auxiliar,0,grupo_ja_representado
jmuben,jmuben,211,data/raw/jmuben/Cerscospora/7 (544).jpg,24,cercosporiose,128,128,9680a60554905b4fab2f338223fe6fe76982b40a1bc3d3b6395bbcf5d83792aa,892474b3c6bb402e74dea556a996b784610d2c2f2d2f6d6b4c56c8f1e733534a,jmuben-64,treino_auxiliar,0,grupo_ja_representado
jmuben,jmuben,212,data/raw/jmuben/Cerscospora/7 (589).jpg,24,cercosporiose,122,256,9fa43a449743cb17e88c5afbf56afd7c00dd8de1f80653ccc3abff669e959b67,80ce7f3b64eea7c76a75e2145f0ea58b3fc3438568384f3a9a5a5ac9824e7244,jmuben-65,treino_auxiliar,0,grupo_ja_representado
jmuben,jmuben,213,data/raw/jmuben/Cerscospora/7 (590).jpg,24,cercosporiose,113,256,b9e5e503a3c63a51f604bfa57299f5ccc23acf31e108fb690dc1b156f9eb5b29,819c7f33658e27c76a29ee284fd6b9835fc1c0607a7497961c82676c38645fb2,jmuben-66,treino_auxiliar,0,grupo_ja_representado
jmuben,jmuben,214,data/raw/jmuben/Cerscospora/7 (591).jpg,24,cercosporiose,92,256,ff1e50b63df7b1a8a7d1b33f6541bca298a6693347d0c130e06d2f0bba20cd0f,8c63638c5c39a0f35b14eb8707f145f8bc7d4a77730fbf0303da9a496634a530,jmuben-67,treino_auxiliar,0,acima_do_limite_da_classe
jmuben,jmuben,215,data/raw/jmuben/Cerscospora/7 (592).jpg,24,cercosporiose,123,256,fe6c197840d714c421a190c23cbc87d2622ec85b9066497ac8cb26b0f9963c36,8473778c7c75b2f14838f10b5743e283bef543f8b07a741b85aa8e6d5554e403,jmuben-68,treino_auxiliar,0,acima_do_limite_da_classe
jmuben,jmuben,216,data/raw/jmuben/Cerscospora/7 (593).jpg,24,cercosporiose,128,128,3a67e10c0d46a516fa1b7ce12f75afb28ab83dd51a7a8ea5f6b7285c333a9dbd,82864da958d966e0bb71c227233a0b593e76f030b911bccedc97ceb1e7a1a98e,jmuben-69,treino_auxiliar,1,
jmuben,jmuben,217,data/raw/jmuben/Cerscospora/7 (595).jpg,24,cercosporiose,128,128,697bc424df4edcd38a72884ee93e323e20b90b049568ab4afe779738c95802bf,80a5634a4fbca95054f4e867356b64dc55f3bee99e51138fc39640bcf0e8a507,jmuben-70,treino_auxiliar,0,grupo_ja_representado
jmuben,jmuben,218,data/raw/jmuben/Cerscospora/7 (596).jpg,24,cercosporiose,128,128,4e167244cba6e5d7daebeb0b9c43bbf8ee7b85ab42cde8fee606e76d35e66c3d,82f34dac5e4c627e9b1cf3b1210f0b45b223711f39ebd6604f95d39d8de0aa42,jmuben-71,treino_auxiliar,0,acima_do_limite_da_classe
jmuben,jmuben,219,data/raw/jmuben/Cerscospora/7 (673).jpg,24,cercosporiose,256,112,45db2066756a2988fee145b4574da17403bb4feede3f9cbd254c0d1d650a63cf,9b647366c66c0dd9cb3b103701daeb45a06205f8dc4b590f79baa3a5a95e8fe0,jmuben-72,treino_auxiliar,0,acima_do_limite_da_classe
jmuben,jmuben,220,data/raw/jmuben/Cerscospora/7 (674).jpg,24,cercosporiose,256,125,4c8932a6ecf8a1fc77aeb5d6c710a74a38e374ab5207d098c4beda886ec423f6,a987693fc18fd138191c3061eb44d2cb32ecf5b2cebe1f1a72bee5940aa01b65,jmuben-73,treino_auxiliar,1,
jmuben,jmuben,221,data/raw/jmuben/Cerscospora/7 (675).jpg,24,cercosporiose,128,128,ee02f674d4a770e58ed6cb5843022d671944f27c21e0c626d7bcfacf664fd619,a8e541a381e4c418eb0d29f3620dc9a6dcdc2d646fa7de4995e63b276925cb6c,jmuben-74,treino_auxiliar,0,grupo_ja_representado
jmuben,jmuben,222,data/raw/jmuben/Cerscospora/7 (676).jpg,24,cercosporiose,128,128,7122208def95ad8e7c5522561c7b3db4224046a60a4bcf8ebf2843da664eeded,8b643b6df2cb07b3bca362f65f4c90c441f935050436ebc9bb89563a212eae8e,jmuben-75,treino_auxiliar,1,
jmuben,jmuben,223,data/raw/jmuben/Cerscospora/7 (677).jpg,24,cercosporiose,128,128,ac0dd1163f20fe999ec9676ed8932a142c1d1c495ec6e743b10ed0f48261ab8c,93e664bc5751d3bdc806d667129c2c47f53cc48d8367313922f6e15be1ec8954,jmuben-76,treino_auxiliar,0,acima_do_limite_da_classe
jmuben,jmuben,224,data/raw/jmuben/Cerscospora/7 (733).jpg,24,cercosporiose,128,128,84ccba2d52b60a849f7a785c92523e0e9218a69d092899d7bc7acf1083d3f37a,adfc6f27c7d8dcbfc80811ff3989f670bc062944f9319b063903217cc15691cb,jmuben-77,treino_auxiliar,1,
jmuben,jmuben,225,data/raw/jmuben/Cerscospora/7 (734).jpg,24,cercosporiose,128,128,9bbdc11117a2c8ddea343270d3def4694ef34fecd3730dda546a49478d367f0b,adfc6e2fc7d8d6bfc81811fd1989f6f0b4072cc4f931db0419072968e9549943,jmuben-77,treino_auxiliar,0,grupo_ja_representado
jmuben,jmuben,226,data/raw/jmuben/Cerscospora/7 (735).jpg,24,cercosporiose,128,128,a1dd08d5e576f9e20e54af85e494940ebc5c8ccec9fc1485a10caee679c62dab,8b91395e424dd4e21509356ee9599af33ab5e08c826d1789fd6ac10d2563f7da,jmuben-79,treino_auxiliar,0,grupo_ja_representado
jmuben,jmuben,227,data/raw/jmuben/Cerscospora/7 (769).jpg,24,cercosporiose,128,128,3031cb20cde869a58711a7b03467a9268f826784d61aedb129c94cfcc61a09c8,85440cf6b86327aba7336e7a5584b91e65f14d17b2a8ae8d2d8eb60bd2d261aa,jmuben-80,treino_auxiliar,0,grupo_ja_representado
jmuben,jmuben,228,data/raw/jmuben/Cerscospora/7 (770).jpg,24,cercosporiose,128,128,55dd5eba787b0a2005ef0707e6da0cbf12fecd6edbce39e94c274bf79b5e7147,801b1b9bb19d61580c7ce8cc5d8f3970b6c7694c5a61f74f8eaa68213d6ab4b5,jmuben-81,treino_auxiliar,1,
jmuben,jmuben,229,data/raw/jmuben/Cerscospora/7 (793).jpg,24,cercosporiose,128,128,6ecc8ccbe990def1c48696dfbbc288d6087ccf0d240f0a51579937a7ad51e418,8a4a6aa6d1d698bce44994bd393fc58bfe0ab66d3f02c4cb35113569c194752e,jmuben-10,treino_auxiliar,1,
jmuben,jmuben,230,data/raw/jmuben/Cerscospora/7 (794).jpg,24,cercosporiose,128,128,95a570232df702e2f6c9767de92fbb3c9579f84dad7cfb76d73e8fd0ebcf7d37,bc8021bf9e71c704f34cfc6326b023f7c0c9de313386a7c2c7fc891e3807d3b2,jmuben-11,treino_auxiliar,0,grupo_ja_representado
jmuben,jmuben,231,data/raw/jmuben/Cerscospora/7 (795).jpg,24,cercosporiose,128,128,d0084bea5bcc09cfbe8f2d074937921482e29296719aff8cb162142363e63d88,88451fab718de3e5ed228ceac189eb2f996b0a4afe4982d31cd29fb4ce06f094,jmuben-7,treino_auxiliar,1,
jmuben,jmuben,232,data/raw/jmuben/Cerscospora/7 (796).jpg,24,cercosporiose,128,128,f1274b86d370ac5991b1d52ebd7b8233254302d4a274fffbbcb6fc506e7c8bd6,80473ee77fdc43109eaf5456a7ad6d6699427a40a277fe8b001d57ad844a331b,jmuben-8,treino_auxiliar,0,grupo_ja_representado
jmuben,jmuben,233,data/raw/jmuben/Cerscospora/7 (811).jpg,24,cercosporiose,256,126,33fe5c1befef08aa7cbe93b4b414fc5e44c27fa51b665b73664549727c87e631,9cce4c67c6337e1942f9fe0043befe2740dc0f9dbd76a4262490562fb4248787,jmuben-6,treino_auxiliar,0,grupo_ja_representado
jmuben,jmuben,234,data/raw/jmuben/Cerscospora/7 (812).jpg,24,cercosporiose,256,120,1a898bdeb024a05dfd8a64ef6119fee063413eb6b0012284a032fad74324088f,99b34d99cccc4566d4c34272fcf341330ee6b89ae0012c35a0f7a71fcc696b3b,jmuben-3,treino_auxiliar,1,
jmuben,jmuben,235,data/raw/jmuben/Cerscospora/7 (813).jpg,24,cercosporiose,128,128,de0677767b0557046ba0e1cba7e81ca2644a1c02d9c89fe5d5ed9cd83497239c,99994cccbe66518e0f76b84de03d19e7b4f310c6c780e863b887f2cf130e853d,jmuben-4,treino_auxiliar,0,acima_do_limite_da_classe
jmuben,jmuben,236,data/raw/jmuben/Cerscospora/7 (814).jpg,24,cercosporiose,256,99,927ba8da6011e5070d0f40b04c6942828c5b294871e71da78b772bd3d6dcd614,83c760f0d83c721fd81f6f0f50e34f876e1ea4c7a0eb270090c7938fe0ba27d6,jmuben-5,treino_auxiliar,0,acima_do_limite_da_classe
jmuben,jmuben,237,data/raw/jmuben/Cerscospora/7 (847).jpg,24,cercosporiose,128,128,a57fd0d61b0a1614a852f19b20e7666f005ac8916c82e77a2b6da490dd7edf0a,adf1619fc507e4453a2c36fb510b18512aa4c34b8cd262243afbb6b7b54d2f53,jmuben-13,treino_auxiliar,0,grupo_ja_representado
jmuben,jmuben,238,data/raw/jmuben/Cerscospora/7 (848).jpg,24,cercosporiose,128,128,c341e566931f475fdceca59f2545b0c19b25706b8332d7d26be992e2e6251acb,a9437b1893375843dc393c346358e5cac1eac0ea7c2d7a1d3c269de2c3f232f8,jmuben-14,treino_auxiliar,0,grupo_ja_representado
jmuben,jmuben,239,data/raw/jmuben/Cerscospora/7 (865).jpg,24,cercosporiose,128,128,31b3010d99973c340052ff14251cef536350345cd293ad1c72b02e8de3f25dfa,973f971762876107d4faaee171f3c09b1e473930a0f00e667b2ef09c03701fb4,jmuben-17,treino_auxiliar,0,grupo_ja_representado
jmuben,jmuben,240,data/raw/jmuben/Cerscospora/7 (866).jpg,24,cercosporiose,128,128,c57ffad4f60166fddd6989d361a22d051de751adafce252377d1b8dcf49190c7,80ab6c4998419853bff8198ef390f47f0c8468c4f28f1ca085b7f16cfdcd0fd9,jmuben-18,treino_auxiliar,1,
jmuben,jmuben,241,data/raw/jmuben/Cerscospora/7 (867).jpg,24,cercosporiose,122,256,8fc75d7c1c58c8df424acbcd92778a202ecf62ff94adc73b2ff2bb31c6593071,8134764a679194eb4da3a5dc614f78187c94eeb15f2ed1ea51fe2076283d1b07,jmuben-19,treino_auxiliar,0,grupo_ja_representado
jmuben,jmuben,242,data/raw/jmuben/Cerscospora/7 (868).jpg,24,cercosporiose,116,256,ee1128b66aaf9c4d8dbfa1683bd378555575e351a704b99d6919983732428854,83e176d47d279dce4d04a1787237f8a75d6cb740235d21f508ff503a4a1ee581,jmuben-20,treino_auxiliar,0,grupo_ja_representado
jmuben,jmuben,243,data/raw/jmuben/Cerscospora/8 (1).jpg,24,cercosporiose,128,128,44961e208eaac08e772f590c0676ac67cea04930e79cc96633f3d8858dfcbd17,ad9a2d72c14cca5b390c46be0b44ad37b5d534aa52f763d2562da8f473c78858,jmuben-15,treino_auxiliar,0,acima_do_limite_da_classe
jmuben,jmuben,244,data/raw/jmuben/Cerscospora/8 (10).jpg,24,cercosporiose,128,128,13588738df3da75fd2632212863ef6bd801f77b45f9d703b89696c03afd67b02,9cd43f89ec580c20e9d5c4655bcde04b16997ada44b1d69c2ea543b956a9b3b6,jmuben-2,treino_auxiliar,0,acima_do_limite_da_classe
jmuben,jmuben,245,data/raw/jmuben/Cerscospora/8 (101).jpg,24,cercosporiose,128,128,4341374e5647259c12045eb83e7095ff2f9d797c1b7a0eeea4de99d4f20bccef,9c2d3bc3e42f8e92ccefc31b49ebfe02b3462855e2dc8aeb369840ce5ab2b40c,jmuben-9,treino_auxiliar,0,acima_do_limite_da_classe
jmuben,jmuben,246,data/raw/jmuben/Cerscospora/8 (102).jpg,24,cercosporiose,128,128,4923e1a88ace1540bba4160c0091272db4c84fad2e3d5cfdb0dc86b35d469ed6,884e0ff378748507a34ff908675afa128ef012367be3c07d9696b66360adc54e,jmuben-12,treino_auxiliar,1,
jmuben,jmuben,247,data/raw/jmuben/Cerscospora/8 (104).jpg,24,cercosporiose,128,128,182ab0fb962176a4f36b7253749420b1f456b1a934533b0d632360177ce9882a,89da3f8273c5c722e7da587366d2faa61c8554a8691a8dc1b4ba6d054d379e1a,jmuben-16,treino_auxiliar,0,grupo_ja_representado
jmuben,jmuben,248,data/raw/jmuben/Cerscospora/8 (105).jpg,24,cercosporiose,128,128,57c7c094105e5ce16120fbf3533265db4c13ad20e2d35895fe3a3a89fde1e9d7,93e1370f7a78ede9a64f95cc96dcfb43211295cbd624631324ac799495ca4b21,jmuben-21,treino_auxiliar,0,grupo_ja_representado
jmuben,jmuben,249,data/raw/jmuben/Cerscospora/8 (115).jpg,24,cercosporiose,128,128,b036ba9a9916a7e7e72f84118284fd0527fb4bb232ebc7fa87e032299c7f7487,8d934837f8c45f54e14cbc220f3f4011970329ced3e294f2c72d75d0eb7c6b87,jmuben-22,treino_auxiliar,0,acima_do_limite_da_classe
jmuben,jmuben,250,data/raw/jmuben/Cerscospora/8 (116).jpg,24,cercosporiose,128,128,31e97c4c229fe96305b2f6d259023e1a12ef27418f7b3a681e31fe1d20954102,8cc90519ea123cfa4b3ec0eef8c09fb729764a20d7586c1dab0678eaad7e4b07,jmuben-23,treino_auxiliar,1,
jmuben,jmuben,251,data/raw/jmuben/Cerscospora/8 (117).jpg,24,cercosporiose,128,128,7c1d1310c7b07a8f891c41b59844f10b23b03c3bb28a1685d66f13f190e8b372,8d9b0b33e22a3cf65e2ec21970909743addf6a4e97c610f7ca015583b4b1d73a,jmuben-24,treino_auxiliar,0,acima_do_limite_da_classe
jmuben,jmuben,252,data/raw/jmuben/Cerscospora/8 (118).jpg,24,cercosporiose,128,128,d57c60cbd9987fdcce1a61e09b0cbf91f775cc0e77d148ab8f2be631918dbbcb,87a27b263e4d0cd9d4760f6d83f270ee16b7c0351e1da701bb8800eaf4223ffc,jmuben-25,treino_auxiliar,0,acima_do_limite_da_classe
jmuben,jmuben,253,data/raw/jmuben/Cerscospora/8 (119).jpg,24,cercosporiose,128,128,0d0bdbfdd6810356cd4644975c8726f1fc1ec9e73f5f045b2cda2ad45ce80901,9cf22031a5be3647e9904a2d36976d65ea4d0fb6136fd5d27415042be847cad9,jmuben-26,treino_auxiliar,0,grupo_ja_representado
jmuben,jmuben,254,data/raw/jmuben/Cerscospora/8 (121).jpg,24,cercosporiose,128,128,fd50f7db61d0729b862a15ef2b69d95cf49fcbf81e42f7e88f486976cbac4678,89db0f33c20a7df23c665e2ba03d5820975165b708396f0835f7a87c5b5aa9ce,jmuben-27,treino_auxiliar,0,grupo_ja_representado
jmuben,jmuben,255,data/raw/jmuben/Cerscospora/8 (136).jpg,24,cercosporiose,128,128,8efb67adec2f960859969645c95ce4edd3d0413ec791c375071f934bf0449fd3,8cc80d990326f8c9bdd308375f3f815468101be8d25f16ffa10c6b84f0ff1e5f,jmuben-28,treino_auxiliar,0,acima_do_limite_da_classe
jmuben,jmuben,256,data/raw/jmuben/Cerscospora/8 (137).jpg,24,cercosporiose,128,128,431df115b27a1499cd53a87c5d5658212f3292e704fdb8267b2f0d5d2b6035bc,93446ee81599af3314e6c81c3abbdf4a17fd81da78551eab16fb80793c0a0b15,jmuben-29,treino_auxiliar,0,acima_do_limite_da_classe
jmuben,jmuben,257,data/raw/jmuben/Cerscospora/8 (169).jpg,24,cercosporiose,128,128,d17f601d8a87be0dc97ce52e32ab793c2b2a5c8cdb590da15e47820980882183,8cc94199f87b1eabc386bce00f1361145a8597c5adc1daf3d075eb86b2cf0d86,jmuben-30,treino_auxiliar,1,
jmuben,jmuben,258,data/raw/jmuben/Cerscospora/8 (170).jpg,24,cercosporiose,128,128,a60c6ab931c6bf4b50f2c7e88217871f596dbe7d0daf13d26c48f6c5203ffe70,8ddb4113f8f71cb6c14cfcc88f27687c5a3c96096f8c01c72940cb677af34738,jmuben-31,treino_auxiliar,0,grupo_ja_representado
jmuben,jmuben,259,data/raw/jmuben/Cerscospora/8 (181).jpg,24,cercosporiose,128,128,b8b38b8327b105b9a11cf3ab4cb0d40c0367cc1892a94fde2a6e7d3b471a2e9b,8f9905138236f9813df24b74c339038b7a88979ea5df2c0e878675c085efed4d,jmuben-32,treino_auxiliar,0,grupo_ja_representado
jmuben,jmuben,260,data/raw/jmuben/Cerscospora/8 (187).jpg,24,cercosporiose,128,128,422365ee506116db3fc05bec65ef09b8edb332178fdacc52534847fd1769173e,8d996812fad21feec340bdd10b3663a8f5e9a5eb40e192798a88978e41ef4975,jmuben-33,treino_auxiliar,0,grupo_ja_representado
jmuben,jmuben,261,data/raw/jmuben/Cerscospora/8 (188).jpg,24,cercosporiose,128,128,ea0e9f2eabb0157801972f40e4d5e451e989b6b515c32b3b90faf91f9184ba54,89d96892f8e201eee1c429f743bdf0e994ff40e0d216820e41c6e177ea15f2df,jmuben-34,treino_auxiliar,0,acima_do_limite_da_classe
jmuben,jmuben,262,data/raw/jmuben/Cerscospora/8 (214).jpg,24,cercosporiose,128,128,2e5362f35a897fe0196462a3c7e5b55914b42a340fc4f71284d0f3f544466de0,89b084886a92d687ae5752623733ebfaa9d8563d3568d994d128b8673c1ef359,jmuben-35,treino_auxiliar,0,acima_do_limite_da_classe
jmuben,jmuben,263,data/raw/jmuben/Cerscospora/8 (215).jpg,24,cercosporiose,104,256,934206c2b0c0843ebfc13f9107a9e468f9f0067fb728481d28063cdf434fbbf6,b95531558efdddffe1053ea09c001bd745ffe13838a58d2fec840dedc0c23c80,jmuben-36,treino_auxiliar,0,grupo_ja_representado
jmuben,jmuben,264,data/raw/jmuben/Cerscospora/8 (216).jpg,24,cercosporiose,128,128,82b7bce6e45af953f43b03717916082e99b1d324288e697fa3349b52d7ab9ff1,9ce62dff9691d40015aff4bb177b3a4a7403c12ce8590f500b76cf85f17a1e90,jmuben-37,treino_auxiliar,0,acima_do_limite_da_classe
jmuben,jmuben,265,data/raw/jmuben/Cerscospora/8 (217).jpg,24,cercosporiose,128,128,cd1afdf6c47d6b7f21951ccbcb362b4dbbe4d0e2a566f40b200acbf55615e1e3,899360917ee4c25cfc860b3e4209b71b6b8b11e3d653f5fcb53ccb4664b55b02,jmuben-38,treino_auxiliar,0,acima_do_limite_da_classe
jmuben,jmuben,266,data/raw/jmuben/Cerscospora/8 (218).jpg,24,cercosporiose,108,256,f626b8e9a55051ce5f0ab91817cd73d415da6a27db283b76018b998589b62dc0,999839d8a77c0966f457a51f69dd52770511eb604aa656552afa469be0aa792a,jmuben-39,treino_auxiliar,1,
jmuben,jmuben,267,data/raw/jmuben/Cerscospora/8 (286).jpg,24,cercosporiose,128,128,8a5a5fe94407df808d2c9b432ce7768f3d4e99f28ddec71faf3ee614eb5cc0a2,96607e0ea21e8ddec3f624e7b87794314d31e790bd204df80fa7e58b75d04862,jmuben-40,treino_auxiliar,0,acima_do_limite_da_classe
jmuben,jmuben,268,data/raw/jmuben/Cerscospora/8 (287).jpg,24,cercosporiose,128,128,132bba26cddd4de20ab963d0ff3e41ade26a7c2d0eea1d6bbee06cecd26e6e49,9d734ceaa6227ab9e5fc290c0a6ed3eeadeaa14fa4532125fc29129b79554b80,jmuben-41,treino_auxiliar,0,grupo_ja_representado
jmuben,jmuben,269,data/raw/jmuben/Cerscospora/8 (288).jpg,24,cercosporiose,128,128,32b699491809178d233d187b97ac4eebae67e804c11de25d5c292712705e23bb,915f4df7b44dae2644b3cf15e3391c59ce1403a7c9cb636cc9f5be00a19a48ac,jmuben-42,treino_auxiliar,0,acima_do_limite_da_classe
jmuben,jmuben,270,data/raw/jmuben/Cerscospora/8 (289).jpg,24,cercosporiose,128,128,4457f2f4910f8020ec2f81b38273a8dd729ebccf03f3c6e1a277fdc8384c30dc,8f562d558455d460372087f2cfbfa8d48f84ca40a98f9e5ac2c1f5685e2e8b3f,jmuben-43,treino_auxiliar,0,acima_do_limite_da_classe
jmuben,jmuben,271,data/raw/jmuben/Cerscospora/8 (290).jpg,24,cercosporiose,128,128,1795d322f823a4d437fdc4778ca9abaf74b6b114b18b894d54a1e8dd2398f630,87d146f71e1c9c3c216d38e069c619481553273bef3a8e96d2d004f4ad77f8ce,jmuben-44,treino_auxiliar,0,grupo_ja_representado
jmuben,jmuben,272,data/raw/jmuben/Cerscospora/8 (291).jpg,24,cercosporiose,128,128,370d55f68496498bcd62c94b4ed1fb1d8729a209515e5d33e2124fcd661e9d23,8a713e23d8f12de3b78fffd8b4c08585c6601bf8b2bcc8280448d4ee70726bfc,jmuben-45,treino_auxiliar,0,grupo_ja_representado
jmuben,jmuben,273,data/raw/jmuben/Cerscospora/8 (331).jpg,24,cercosporiose,128,128,b7e65e39f523f601fb41a342c7748fba9d34afe90c636e39fe6b9f3f2ee2e438,8e3c4c8d3c249997e277780ecc0ab71eb1ddcc7ee13fb1cfb401874079c0c8f2,jmuben-46,treino_auxiliar,0,acima_do_limite_da_classe
jmuben,jmuben,274,data/raw/jmuben/Cerscospora/8 (332).jpg,24,cercosporiose,128,128,32b0b1e76ab3da50823894c76088eff9fdb0d437d55fc1002afde6bdfe5b5256,999c5b08b39adeba66b793e1ac717e43d98726cefb1f401fa22708bb10205738,jmuben-47,treino_auxiliar,0,grupo_ja_representado
jmuben,jmuben,275,data/raw/jmuben/Cerscospora/8 (333).jpg,24,cercosporiose,128,128,23675794ad2462a485b8e7bdadadc5c40104a4c44036394b90f0d9c52ff83e49,aa142b76bd6ef1260b3087eef0921b980043ce716e76e7263baedcec9c0c96d8,jmuben-48,treino_auxiliar,0,acima_do_limite_da_classe
jmuben,jmuben,276,data/raw/jmuben/Cerscospora/8 (334).jpg,24,cercosporiose,128,128,8ca00298201b9dcd9714c89ca203ad68a4d46d14ae3fa5b9b6863a471228485a,99985908b319ceb9449011e42c786b0fc99f277d893fc87f27e1dfc148a0ffa8,jmuben-49,treino_auxiliar,0,grupo_ja_representado
jmuben,jmuben,277,data/raw/jmuben/Cerscospora/8 (335).jpg,24,cercosporiose,128,128,50c5489408a2f49c964693e1d7947658a713a9309b1d69e2a4443b26d4174bc1,9b315b10b612deb265a593c16cd3520ec1fe2678c97f00efbfa711c357408f98,jmuben-50,treino_auxiliar,0,acima_do_limite_da_classe
jmuben,jmuben,278,data/raw/jmuben/Cerscospora/8 (403).jpg,24,cercosporiose,128,128,8087668e90dd4a04128a742d835beb6627c0969d7c7a8ca99668637dfce05c8b,810d3ef52f13e4009c71894ec3cdf264572f9ca1c2df5fb23eb982384262736f,jmuben-51,treino_auxiliar,0,grupo_ja_representado
jmuben,jmuben,279,data/raw/jmuben/Cerscospora/8 (404).jpg,24,cercosporiose,128,128,9eb1bf2083a4e84350a5d23705852c7932080db3efb3c0d1de1aa806c016be39,97376e667989b622865ec3b1698a582f5a3fb44749c396f52a03be52459b99a0,jmuben-52,treino_auxiliar,0,acima_do_limite_da_classe
jmuben,jmuben,280,data/raw/jmuben/Cerscospora/8 (430).jpg,24,cercosporiose,128,128,6cbbf233610137cfcdb727a4a44de4099ce30022ec10f174ce137c5e0856f425,927441bc4553ec421da1ce6783d1c36171e99ffc95df86177c908f12995b2a0f,jmuben-53,treino_auxiliar,0,grupo_ja_representado
jmuben,jmuben,281,data/raw/jmuben/Cerscospora/8 (431).jpg,24,cercosporiose,128,128,a9d6545dd3f50c8e6dfb15e239d4fdb2746375171d1dcb6d4bc6e4b6eff2aefe,93125984e549acef0dbdc63ea11fe9363827c43184de174e86cb85c92fe564f4,jmuben-54,treino_auxiliar,0,acima_do_limite_da_classe
jmuben,jmuben,282,data/raw/jmuben/Cerscospora/8 (432).jpg,24,cercosporiose,128,128,9ecb3f4d0f69c3183a1e2325f1a27030950dc9afc69b8586d895d09ca58f3e3f,93195cf7e56da4690585c30ae9046d231fb0c61596c317dbc6c987ee2c7cd437,jmuben-55,treino_auxiliar,1,
jmuben,jmuben,283,data/raw/jmuben/Cerscospora/8 (475).jpg,24,cercosporiose,128,128,d4dfa11aa55c1d58bc617035a825557a0248bb4dfdd181435a3a3a99dc6ee993,a87670eebfe6e640962fec802cd8c58f581144b9b3835a8f7b7e8e502a4fc952,jmuben-56,treino_auxiliar,0,grupo_ja_representado
jmuben,jmuben,284,data/raw/jmuben/Cerscospora/8 (476).jpg,24,cercosporiose,128,128,53858e0233460e6b8d0d9fa97a6011f7f916c5f631e35572b2c701f78de5a133,a90c6d88b399cc592693bce349f66d86843773e00886f7fe9651da1f68c89e16,jmuben-57,treino_auxiliar,0,acima_do_limite_da_classe
jmuben,jmuben,285,data/raw/jmuben/Cerscospora/8 (505).jpg,24,cercosporiose,128,128,0073016e23521000105223adf2246532f55317d574916e7652c08fe8ed8a8790,95f532552a51ed91ba5289806dacf27e63a91e20feb62aa9d824e286f34dec36,jmuben-58,treino_auxiliar,0,grupo_ja_representado
jmuben,jmuben,286,data/raw/jmuben/Cerscospora/8 (506).jpg,24,cercosporiose,128,128,0908be6fd0000374f4835c4677473c27726dc31c02383bebfb409f61244c5f67,895495545d5be26690213ab1aeb5899da2c4e2dbfe62d88e06faeeaba1aae388,jmuben-59,treino_auxiliar,0,acima_do_limite_da_classe
jmuben,jmuben,287,data/raw/jmuben/Cerscospora/8 (507).jpg,24,cercosporiose,94,256,f55e1df8b58619bc664c3aafcb6ade5d53984f3e7b12f34b1f0e95b3021f05b8,879c071e9842d840e35db1ff84b776946a54655f316bd52bd6ba92aaca079945,jmuben-60,treino_auxiliar,0,grupo_ja_representado
jmuben,jmuben,288,data/raw/jmuben/Cerscospora/8 (541).jpg,24,cercosporiose,128,128,7a73b124b41ec21a8cf6a61a319125319694a70e6c4c52f4338c0885f52ffbb2,849b720ce50c392f3fa9a58929524bb2493e8f6cd3e8d36b91d331d66c92ccf2,jmuben-61,treino_auxiliar,0,grupo_ja_representado
jmuben,jmuben,289,data/raw/jmuben/Cerscospora/8 (542).jpg,24,cercosporiose,128,128,1b307009fc4c20bb94620d492ce949da93e0f260c5b7556f52e98a945b594690,89244c64e39fa43725443b36584c5a5dbe9fba7246b651b488a58ee7d4e4e969,jmuben-62,treino_auxiliar,1,
jmuben,jmuben,290,data/raw/jmuben/Cerscospora/8 (543).jpg,24,cercosporiose,128,128,63c08881241bb7422b3644d8e45e7e0e87105eb1fae333514b9403b151e40770,84c9720ce5a63da137ada5db6b5a4bbacd6ed36ad063b45828926e84c93cf384,jmuben-63,treino_auxiliar,0,grupo_ja_representado
jmuben,jmuben,291,data/raw/jmuben/Cerscospora/8 (544).jpg,24,cercosporiose,128,128,ab75614b1e8ecb3c53c29a7a85c76fc48fbb4d85144e572bc0615c042ddb82bb,892474b3c6bb402e74dea556a996b784610d2c2f2d2f6d6b4c56c8f1e733534a,jmuben-64,treino_auxiliar,0,grupo_ja_representado
jmuben,jmuben,292,data/raw/jmuben/Cerscospora/8 (589).jpg,24,cercosporiose,122,256,f8b62ac1aa6c4b9f1309d4224a12b21f33c41649e999ad050de7e279ad9ebef5,80ce7f3b64eea7c76a75e2145f0ea58b3fc3438568384f3a9a5a5ac9824e7244,jmuben-65,treino_auxiliar,1,
jmuben,jmuben,293,data/raw/jmuben/Cerscospora/8 (590).jpg,24,cercosporiose,113,256,b8f9b2449f82391d6b952e8a78b05c1001d96858805b612fd4390ef1875766be,819c7f33658e27c76a29ee284fd6b9835fc1c0607a7497961c82676c38645fb2,jmuben-66,treino_auxiliar,0,grupo_ja_representado
jmuben,jmuben,294,data/raw/jmuben/Cerscospora/8 (591).jpg,24,cercosporiose,92,256,62bc91cb4cac40b5045a262ea9caa3550cf0bc30eb0667b3418be479e3278775,8c63638c5c39a0f35b14eb8707f145f8bc7d4a77730fbf0303da9a496634a530,jmuben-67,treino_auxiliar,0,acima_do_limite_da_classe
jmuben,jmuben,295,data/raw/jmuben/Cerscospora/8 (592).jpg,24,cercosporiose,123,256,fd478034e447f2cba9b3c1ffbf7804945549571b1213b92f84a92411c9326e11,8473778c7c75b2f14838f10b5743e283bef543f8b07a741b85aa8e6d5554e403,jmuben-68,treino_auxiliar,0,acima_do_limite_da_classe
jmuben,jmuben,296,data/raw/jmuben/Cerscospora/8 (593).jpg,24,cercosporiose,128,128,83c3a5c79c6a30dcf4712773f6f3fedad16981e4e700c4442a3537e50521411c,82864da958d966e0bb71c227233a0b593e76f030b911bccedc97ceb1e7a1a98e,jmuben-69,treino_auxiliar,0,grupo_ja_representado
jmuben,jmuben,297,data/raw/jmuben/Cerscospora/8 (595).jpg,24,cercosporiose,128,128,471c147d49714958a91dbcb2c13dd972b75c91fda61c6906233158bba7e6814a,80a5634a4fbca95054f4e867356b64dc55f3bee99e51138fc39640bcf0e8a507,jmuben-70,treino_auxiliar,0,grupo_ja_representado
jmuben,jmuben,298,data/raw/jmuben/Cerscospora/8 (596).jpg,24,cercosporiose,128,128,0517c27f29ce8ad28385776edd13e33212a3a7f1a77a37959d2a3db3111fdcda,82f34dac5e4c627e9b1cf3b1210f0b45b223711f39ebd6604f95d39d8de0aa42,jmuben-71,treino_auxiliar,0,acima_do_limite_da_classe
jmuben,jmuben,299,data/raw/jmuben/Cerscospora/8 (673).jpg,24,cercosporiose,256,112,1f0fc55c4fdad1a945d0da85aa746b49ae6e53b0d9a47a8e5f71bcb94a706e50,9b647366c66c0dd9cb3b103701daeb45a06205f8dc4b590f79baa3a5a95e8fe0,jmuben-72,treino_auxiliar,0,acima_do_limite_da_classe
jmuben,jmuben,300,data/raw/jmuben/Cerscospora/8 (674).jpg,24,cercosporiose,256,125,0818f254f0355f70609b8d55eac696821645332d7d1e93d8c1f05734c2f6a14b,a987693fc18fd138191c3061eb44d2cb32ecf5b2cebe1f1a72bee5940aa01b65,jmuben-73,treino_auxiliar,0,grupo_ja_representado
jmuben,jmuben,301,data/raw/jmuben/Cerscospora/8 (675).jpg,24,cercosporiose,128,128,3cb5ad22f5ddf6c2297b3eda011e1b9dda47f9269f573dddaa0d05b6c829009c,a8e541a381e4c418eb0d29f3620dc9a6dcdc2d646fa7de4995e63b276925cb6c,jmuben-74,treino_auxiliar,0,grupo_ja_representado
jmuben,jmuben,302,data/raw/jmuben/Cerscospora/8 (676).jpg,24,cercosporiose,128,128,78b640b8b56945ed1c494ae5a36d3c9fd70fcc5e63213ade26bbfec2c5e03a3c,8b643b6df2cb07b3bca362f65f4c90c441f935050436ebc9bb89563a212eae8e,jmuben-75,treino_auxiliar,0,grupo_ja_representado
jmuben,jmuben,303,data/raw/jmuben/Cerscospora/8 (677).jpg,24,cercosporiose,128,128,74f71795d18254c886b56c890bfe59debc4d5b703b91d7f2cebc1cbf9dcf36b5,93e664bc5751d3bdc806d667129c2c47f53cc48d8367313922f6e15be1ec8954,jmuben-76,treino_auxiliar,0,acima_do_limite_da_classe
jmuben,jmuben,304,data/raw/jmuben/Cerscospora/8 (733).jpg,24,cercosporiose,128,128,446fab48c3dd0080cd87641ea1214e445c615d26c8c580697cc4b92f1741039f,adfc6f27c7d8dcbfc80811ff3989f670bc062944f9319b063903217cc15691cb,jmuben-77,treino_auxiliar,0,grupo_ja_representado
jmuben,jmuben,305,data/raw/jmuben/Cerscospora/8 (734).jpg,24,cercosporiose,128,128,0f69654996b8e74702cc4a52a2451eaab7383d4720b7ea7b0256591e7f7a083c,adfc6e2fc7d8d6bfc81811fd1989f6f0b4072cc4f931db0419072968e9549943,jmuben-77,treino_auxiliar,0,grupo_ja_representado
jmuben,jmuben,306,data/raw/jmuben/Cerscospora/8 (735).jpg,24,cercosporiose,128,128,ff81de670b881ae281c4062353ffdf40ab0019c6f94ae8b185b3a1cb45186175,8b91395e424dd4e21509356ee9599af33ab5e08c826d1789fd6ac10d2563f7da,jmuben-79,treino_auxiliar,0,grupo_ja_representado
jmuben,jmuben,307,data/raw/jmuben/Cerscospora/8 (769).jpg,24,cercosporiose,128,128,fbfeefff198ecba5d2511612f3e239be5c84dd59a39bd9cab095b5b4d902e26c,85440cf6b86327aba7336e7a5584b91e65f14d17b2a8ae8d2d8eb60bd2d261aa,jmuben-80,treino_auxiliar,0,grupo_ja_representado
jmuben,jmuben,308,data/raw/jmuben/Cerscospora/8 (770).jpg,24,cercosporiose,128,128,d541478ca3eb6117ea02768afdafca7b06954da5a9f0cb6fc86c561dc82dde22,801b1b9bb19d61580c7ce8cc5d8f3970b6c7694c5a61f74f8eaa68213d6ab4b5,jmuben-81,treino_auxiliar,0,grupo_ja_representado
jmuben,jmuben,309,data/raw/jmuben/Cerscospora/8 (793).jpg,24,cercosporiose,128,128,f27b1858f717ad41dc3e886d7b52e2ce944bbb0f214245fc308027fda1828cfb,8a4a6aa6d1d698bce44994bd393fc58bfe0ab66d3f02c4cb35113569c194752e,jmuben-10,treino_auxiliar,0,grupo_ja_representado
jmuben,jmuben,310,data/raw/jmuben/Cerscospora/8 (794).jpg,24,cercosporiose,128,128,49d788985cf154a0fc777bce6da05ef90bb0d1a2508b46a7cc4ecc5b48f436ed,bc8021bf9e71c704f34cfc6326b023f7c0c9de313386a7c2c7fc891e3807d3b2,jmuben-11,treino_auxiliar,0,grupo_ja_representado
jmuben,jmuben,311,data/raw/jmuben/Cerscospora/8 (795).jpg,24,cercosporiose,128,128,cad048c45f56d30bf70de183859f56161296b8aac3a182942f656afa6651ed2e,88451fab718de3e5ed228ceac189eb2f996b0a4afe4982d31cd29fb4ce06f094,jmuben-7,treino_auxiliar,0,grupo_ja_representado
jmuben,jmuben,312,data/raw/jmuben/Cerscospora/8 (796).jpg,24,cercosporiose,128,128,988e0a2fd660a823eccd2504c46deaf37d6167885218a9dd7a6d7cf68ea16828,80473ee77fdc43109eaf5456a7ad6d6699427a40a277fe8b001d57ad844a331b,jmuben-8,treino_auxiliar,0,grupo_ja_representado
jmuben,jmuben,313,data/raw/jmuben/Cerscospora/8 (811).jpg,24,cercosporiose,256,126,9c333d53967c2e5df8b74c63ae7c708e04da212178ba3cd4e9d34e12c5cdb2fc,9cce4c67c6337e1942f9fe0043befe2740dc0f9dbd76a4262490562fb4248787,jmuben-6,treino_auxiliar,0,grupo_ja_representado
jmuben,jmuben,314,data/raw/jmuben/Cerscospora/8 (812).jpg,24,cercosporiose,256,120,4787c5a1e5b43d4d14a809186482cf8c99318bdc4af520d016e941f651b96ef6,99b34d99cccc4566d4c34272fcf341330ee6b89ae0012c35a0f7a71fcc696b3b,jmuben-3,treino_auxiliar,0,grupo_ja_representado
jmuben,jmuben,315,data/raw/jmuben/Cerscospora/8 (813).jpg,24,cercosporiose,128,128,db6ab96ec8b9953ad94dc12a1958a41203ab1dfec659d6a1075c8acf542bb671,99994cccbe66518e0f76b84de03d19e7b4f310c6c780e863b887f2cf130e853d,jmuben-4,treino_auxiliar,0,acima_do_limite_da_classe
jmuben,jmuben,316,data/raw/jmuben/Cerscospora/8 (814).jpg,24,cercosporiose,256,99,0fd6485105b2d7395fcc742c586011687ceb5ceab71d29031b4d0fe32fba9549,83c760f0d83c721fd81f6f0f50e34f876e1ea4c7a0eb270090c7938fe0ba27d6,jmuben-5,treino_auxiliar,0,acima_do_limite_da_classe
jmuben,jmuben,317,data/raw/jmuben/Cerscospora/8 (847).jpg,24,cercosporiose,128,128,0d085050ac8c8027c1eb7725e44e6a2707132664c7fa143fa94457bcbbd08df4,adf1619fc507e4453a2c36fb510b18512aa4c34b8cd262243afbb6b7b54d2f53,jmuben-13,treino_auxiliar,0,grupo_ja_representado
jmuben,jmuben,318,data/raw/jmuben/Cerscospora/8 (848).jpg,24,cercosporiose,128,128,17d2165214e37f0b2f6e2b1fcfb4287580763952868d767c9fb0bfa7a77a4844,a9437b1893375843dc393c346358e5cac1eac0ea7c2d7a1d3c269de2c3f232f8,jmuben-14,treino_auxiliar,0,grupo_ja_representado
jmuben,jmuben,319,data/raw/jmuben/Cerscospora/8 (865).jpg,24,cercosporiose,128,128,49cf86fd56b28000275c5f55f1f00ead947ce25426aac681ceb4438d3d63efb8,973f971762876107d4faaee171f3c09b1e473930a0f00e667b2ef09c03701fb4,jmuben-17,treino_auxiliar,1,
jmuben,jmuben,320,data/raw/jmuben/Cerscospora/8 (866).jpg,24,cercosporiose,128,128,025ee7234b18e7290adaf1fee5498d10f752e3f009dba77ad2290bc134dbd897,80ab6c4998419853bff8198ef390f47f0c8468c4f28f1ca085b7f16cfdcd0fd9,jmuben-18,treino_auxiliar,0,grupo_ja_representado
jmuben,jmuben,321,data/raw/jmuben/Cerscospora/8 (867).jpg,24,cercosporiose,122,256,a79ed59b331ac66eab8566c2ae6f83ecc4d6001fb5c8a84622005c332b13254d,8134764a679194eb4da3a5dc614f78187c94eeb15f2ed1ea51fe2076283d1b07,jmuben-19,treino_auxiliar,1,
jmuben,jmuben,322,data/raw/jmuben/Cerscospora/8 (868).jpg,24,cercosporiose,116,256,1be64df774a8dfb51b61ccf9d8b4847103bcb70083054d974e9f1eb1bda8f39d,83e176d47d279dce4d04a1787237f8a75d6cb740235d21f508ff503a4a1ee581,jmuben-20,treino_auxiliar,0,grupo_ja_representado
jmuben,jmuben2,323,data/raw/jmuben/Healthy/1 (1).jpg,264,saudavel,128,128,07f8c4bfd8a24b91016b059adbf593895510700f98eb91c6e6f195106a4f165e,8a80918323df78038801bff42cc10dffd67e84637ca8e7bbd686309b3ddbcd44,jmuben-323,treino_auxiliar,0,grupo_ja_representado
jmuben,jmuben2,324,data/raw/jmuben/Healthy/1 (10).jpg,257,saudavel,128,128,f21f95459910178873e00265285e7bccf57513db13568ec82ce7c249edcbbe9c,93b12199e7e4a302e8def0f2b0b1f92a1d77cd3788719f2cca5bca34c2595384,jmuben-324,treino_auxiliar,0,grupo_ja_representado
jmuben,jmuben2,325,data/raw/jmuben/Healthy/1 (100).jpg,255,saudavel,128,128,c738691347992f296a77328fa7a7f174718aa3f0ed6b0837d7d7a3d04b4eee29,9119685de264fc8939561a55de68d75c36cc478e35cf38c72c450e4772c16779,jmuben-325,treino_auxiliar,0,grupo_ja_representado
jmuben,jmuben2,326,data/raw/jmuben/Healthy/1 (1000).jpg,276,saudavel,128,128,9f6bcd15b6be6aca37b0260fda8b9a7e00407bea0b7123f2754b628b2dc845c8,93b12189e7e4a302e8def0f2b0b1f92a1d77cd3788719f2ccb5bca34c2595384,jmuben-324,treino_auxiliar,0,grupo_ja_representado
jmuben,jmuben2,327,data/raw/jmuben/Healthy/1 (1001).jpg,280,saudavel,128,128,ba9633a28f24ea408c608a87d8b991ae9e39e0505297a43c6d925668305d09e4,988818cee4667325358875ac7d511e71f5692b5b649a4f27c3cf09c7cf0969d2,jmuben-327,treino_auxiliar,0,grupo_ja_representado
jmuben,jmuben2,328,data/raw/jmuben/Healthy/1 (1002).jpg,280,saudavel,128,128,d8ba6e689587dd4dd66135906b23db3116e8e7843e4fce093bc2dbe1186bd7a5,919965cc6176e0d4f4a435193c550c31cd311d79ab50cf3ccb1c73c5f3a807bf,jmuben-328,treino_auxiliar,0,grupo_ja_representado
jmuben,jmuben2,329,data/raw/jmuben/Healthy/1 (1003).jpg,272,saudavel,128,128,f5a2d03de634a20fbb51c5e7c69e7de33c864690d5e145dd4907cd3fe670ae43,93991b8ce76e333bc3c4ca5682acf18c32ceb7c162da43a472dd30e770c174f4,jmuben-329,treino_auxiliar,0,grupo_ja_representado
jmuben,jmuben2,330,data/raw/jmuben/Healthy/1 (1004).jpg,272,saudavel,128,128,b7331fb5b056bec44c01526139a7ae4b3ce2b0fd9918f558fa15d96782d11418,9119685de264fc8939561a55de68d75c36cc478e35cf38c72c450e4772c16779,jmuben-325,treino_auxiliar,0,grupo_ja_representado
jmuben,jmuben2,331,data/raw/jmuben/Healthy/1 (1007).jpg,280,saudavel,128,128,26d892af7dd613bd628d2c0cc8911a852f2ba10bdd76dd6c1d5b8719570893c1,8a80918323df78038801bff42cc10dffd67e84637ca8e7bbd686309b3ddbcd44,jmuben-323,treino_auxiliar,1,
jmuben,jmuben2,332,data/raw/jmuben/Healthy/1 (102).jpg,262,saudavel,128,128,b97074be34a62a3556ccf04f3b3f714eef8caf3c7b3b3e762950a12d2682fa57,988818cee4667325358875ac7d511e73e5692b5b649a4f27c3cf09c7cf0969d2,jmuben-327,treino_auxiliar,0,grupo_ja_representado
jmuben,jmuben2,333,data/raw/jmuben/Healthy/1 (103).jpg,264,saudavel,128,128,6926ec7cea719b3ce8ae717a409aab4e9b2ce8e7c3be798046af37c3f844ecf3,919965cc6176e0d4f4a435193c550c31cd311d79ab50cf3ccb1c73c5f3a807bf,jmuben-328,treino_auxiliar,0,grupo_ja_representado
jmuben,jmuben2,334,data/raw/jmuben/Healthy/1 (104).jpg,256,saudavel,128,128,18af99be88bb35246f267ea32bea55b4c988d18e0eba3e3e1becc9599a6f5244,93991b8ce76e333bc3c4ca5682acf18c32c6b7c162da43a472dd30e770e174f4,jmuben-329,treino_auxiliar,0,grupo_ja_representado
jmuben,jmuben2,335,data/raw/jmuben/Healthy/1 (1319).jpg,360,saudavel,128,128,c01d07100277fe92735b29158c1b45ce1948a32fa0d220ecfe225dcb6a72fdc4,9c447366bddb979951821d35890d8c6daa182dcb1338d3a6d93b5d9a2952de4e,jmuben-335,treino_auxiliar,0,grupo_ja_representado
jmuben,jmuben2,336,data/raw/jmuben/Healthy/1 (1320).jpg,360,saudavel,128,128,2ffd3a9beb35237e31c5c7c1318446511e844534b52b849bd17d532fd228b8b7,942279b1b4ec96ee51905c9989828d62851c2fe50abcdb8fdbb35d8d2c65bd25,jmuben-336,treino_auxiliar,0,grupo_ja_representado
jmuben,jmuben2,337,data/raw/jmuben/Healthy/1 (1321).jpg,356,saudavel,128,128,8816025c9fb66af764edfc7375f76b1bcade6488349e2a5f62520dd4f6b77326,94297d913c0cd626d0d55efc12cd9ce1943bf52337763507b3f59048dbc22aca,jmuben-337,treino_auxiliar,0,grupo_ja_representado
jmuben,jmuben2,338,data/raw/jmuben/Healthy/1 (1322).jpg,356,saudavel,128,128,96c26e31028862559cd437a9677e19ada8348af400d59885bcc942f68cea75d1,939954fc44e7fef906a0968f5af9ef1134310397de500e54d14ec92aac3d38c6,jmuben-338,treino_auxiliar,0,grupo_ja_representado
jmuben,jmuben2,339,data/raw/jmuben/Healthy/1 (1323).jpg,352,saudavel,128,128,a574e2a29ac594dde3c2ed84e9ac2ffa33ababcde081fc2a0024953a73c518f7,903256b4a309ad6d22583ad692759b85c86f2b2daecebedad2411b6abbaed920,jmuben-339,treino_auxiliar,0,grupo_ja_representado
jmuben,jmuben2,340,data/raw/jmuben/Healthy/1 (1324).jpg,352,saudavel,128,128,389c17a4bab9d2ceade3fe366e748c5e3c3cd92f8a09333fdff0f8bd3314f9bd,83cb542b3fd4d95cdc256b1848398f03d173d25f52c432bc90afdc32cc3e6d32,jmuben-340,treino_auxiliar,0,grupo_ja_representado
jmuben,jmuben2,341,data/raw/jmuben/Healthy/1 (1909).jpg,280,saudavel,128,128,5448162cdc4ce94f5adce41f1a2b55efa90b74046472c353f128b6f586892f9a,8a80918323df78038801bff42cc10dffd67e84637ca8e7bbd686309b3ddbcd44,jmuben-323,treino_auxiliar,0,grupo_ja_representado
jmuben,jmuben2,342,data/raw/jmuben/Healthy/1 (1910).jpg,280,saudavel,128,128,cf18c56b2fcdaa9681a729b6706a6b18aa681fb670a53d46f9bdd73606731d2d,919965cc6176e0d4f4a435193c550c31cd311d79ab50cf3ccb1c73c5f3a807bf,jmuben-328,treino_auxiliar,0,grupo_ja_representado
jmuben,jmuben2,343,data/raw/jmuben/Healthy/1 (1911).jpg,272,saudavel,128,128,b7ce796914a33a7e1a2e983193c42607ffcd239b7262191db46527f23562ea04,93991b8ce76e333bc3c4ca5682acf18c32ceb7c162da43a472dd30e770c174f4,jmuben-329,treino_auxiliar,0,grupo_ja_representado
jmuben,jmuben2,344,data/raw/jmuben/Healthy/1 (1912).jpg,272,saudavel,128,128,cabbad23f135a5091220c3c4e38113c8073937258dfd346784948766726f74d7,9119685de264fc8939561a55de68d75c36cc478e35cf38c72c450e4772c16779,jmuben-325,treino_auxiliar,1,
jmuben,jmuben2,345,data/raw/jmuben/Healthy/1 (1913).jpg,276,saudavel,128,128,9de257448ef7165315afc3e0068e819c5ff42d4962df272be356946f8261d3ec,93b12189e7e4a302e8def0f2b0b1f92a1d77cd3788719f2ccb5bca34c2595384,jmuben-324,treino_auxiliar,0,grupo_ja_representado
jmuben,jmuben2,346,data/raw/jmuben/Healthy/1 (1914).jpg,280,saudavel,128,128,fcc0b62d2473b0ba1cd930257aab02e39b8cbf423eefd580439ed8c9605de1f9,988818cee4667325358875ac7d511e71f5692b5b649a4f27c3cf09c7cf0969d2,jmuben-327,treino_auxiliar,0,grupo_ja_representado
jmuben,jmuben2,347,data/raw/jmuben/Healthy/1 (2268).jpg,360,saudavel,128,128,33aada271dca8f663695c21843fe9465996c11f9d27a72aecfc322e995aab2ee,9c447366bddb979951821d35890d8c6daa182dcb1338d3a6d93b5d9a2952de4e,jmuben-335,treino_auxiliar,1,
jmuben,jmuben2,348,data/raw/jmuben/Healthy/1 (2269).jpg,360,saudavel,128,128,703fbdcc44f9a8515d5e54518959e540fde83cf5462d95b235a680bccb6d120e,942279b1b4ec96ee51905c9989828d62851c2fe50abcdb8fdbb35d8d2c65bd25,jmuben-336,treino_auxiliar,0,grupo_ja_representado
jmuben,jmuben2,349,data/raw/jmuben/Healthy/1 (2270).jpg,356,saudavel,128,128,696162ad46b1110f0249ca82e617a92bb4ef96b683b33cf7e4f4bb6dceb3e133,94297d913c0cd626d0d55efc12cd9ce1943bf52337763507b3f59048dbc22aca,jmuben-337,treino_auxiliar,0,grupo_ja_representado
jmuben,jmuben2,350,data/raw/jmuben/Healthy/1 (2271).jpg,356,saudavel,128,128,7d7e7ecffa248e2691db31e0370ff5022348d04df72d00a67b645b6526b1feeb,939954fc44e7fef906a0968f5af9ef1134310397de500e54d14ec92aac3d38c6,jmuben-338,treino_auxiliar,0,grupo_ja_representado
jmuben,jmuben2,351,data/raw/jmuben/Healthy/1 (2272).jpg,352,saudavel,128,128,d380958fc87646201cc4ad52a9343262169be25870ecc5aba9e32e13569b0528,903256b4a309ad6d22583ad692759b85c86f2b2daecebedad2411b6abbaed920,jmuben-339,treino_auxiliar,0,grupo_ja_representado
jmuben,jmuben2,352,data/raw/jmuben/Healthy/1 (2273).jpg,352,saudavel,128,128,bac19d3dc850f499164a24fb38b09af7f173df9d4874428b0f9da9833058dccd,83cb542b3fd4d95cdc256b1848398f03d173d25f52c432bc90afdc32cc3e6d32,jmuben-340,treino_auxiliar,0,grupo_ja_representado
jmuben,jmuben2,353,data/raw/jmuben/Healthy/1 (2858).jpg,280,saudavel,128,128,1d43268014251923f17f274a758dc277d281c841b4b3e5885dbda5586be210f3,8a80918323df78038801bff42cc10dffd67e84637ca8e7bbd686309b3ddbcd44,jmuben-323,treino_auxiliar,0,grupo_ja_representado
jmuben,jmuben2,354,data/raw/jmuben/Healthy/1 (2859).jpg,280,saudavel,128,128,239474b0f9ffda07956ee87d6d7b4447437042120bb75244b695f78b3aa7f003,919965cc6176e0d4f4a435193c550c31cd311d79ab50cf3ccb1c73c5f3a807bf,jmuben-328,treino_auxiliar,0,grupo_ja_representado
jmuben,jmuben2,355,data/raw/jmuben/Healthy/1 (2860).jpg,272,saudavel,128,128,a43c9eb66e439d2eb8298481c15c870359f91be1c40f59b990cf81a8a45a33cc,93991b8ce76e333bc3c4ca5682acf18c32ceb7c162da43a472dd30e770c174f4,jmuben-329,treino_auxiliar,1,
jmuben,jmuben2,356,data/raw/jmuben/Healthy/1 (2861).jpg,272,saudavel,128,128,286feb98a464ea3b2119cec8a8a37b8641ed3de1da81baefb69b7160041e688f,9119685de264fc8939561a55de68d75c36cc478e35cf38c72c450e4772c16779,jmuben-325,treino_auxiliar,0,grupo_ja_representado
jmuben,jmuben2,357,data/raw/jmuben/Healthy/1 (2862).jpg,276,saudavel,128,128,3bfeafe75b1825a976fe60249e95253c0ac5deb4f764a01dd45969fd2b919345,93b12189e7e4a302e8def0f2b0b1f92a1d77cd3788719f2ccb5bca34c2595384,jmuben-324,treino_auxiliar,1,
jmuben,jmuben2,358,data/raw/jmuben/Healthy/1 (2863).jpg,280,saudavel,128,128,b04bc58a1ba0ca3b68fecce89beffdbf4c9c5625fb17a76d954500c58553cafe,988818cee4667325358875ac7d511e71f5692b5b649a4f27c3cf09c7cf0969d2,jmuben-327,treino_auxiliar,0,grupo_ja_representado
jmuben,jmuben2,359,data/raw/jmuben/Healthy/1 (3217).jpg,360,saudavel,128,128,b737b9ab3f98ac809d7e2c86073d8ff622e8e905ddf5812614a3093c39c6833e,9c447366bddb979951821d35890d8c6daa182dcb1338d3a6d93b5d9a2952de4e,jmuben-335,treino_auxiliar,0,grupo_ja_representado
jmuben,jmuben2,360,data/raw/jmuben/Healthy/1 (3218).jpg,360,saudavel,128,128,9f4d4bcdbd7b416540ad65ed6936d71e774531dd0fd417682e3c057676e3d1de,942279b1b4ec96ee51905c9989828d62851c2fe50abcdb8fdbb35d8d2c65bd25,jmuben-336,treino_auxiliar,0,grupo_ja_representado
jmuben,jmuben2,361,data/raw/jmuben/Healthy/1 (3219).jpg,356,saudavel,128,128,b9af0cf3609231bb0b98b94c0fed8d6f67bf3039bf1afa65eeefd033cb8bd32e,94297d913c0cd626d0d55efc12cd9ce1943bf52337763507b3f59048dbc22aca,jmuben-337,treino_auxiliar,1,
jmuben,jmuben2,362,data/raw/jmuben/Healthy/1 (3220).jpg,356,saudavel,128,128,d01e303f4c6171c3300d18b19a7793b35806487720dba4907808ca996cc1f958,939954fc44e7fef906a0968f5af9ef1134310397de500e54d14ec92aac3d38c6,jmuben-338,treino_auxiliar,0,grupo_ja_representado
jmuben,jmuben2,363,data/raw/jmuben/Healthy/1 (3221).jpg,352,saudavel,128,128,b0fb413dc4fc5b647e2514e0866c0f5bb61b7f9dd8616e8b249ad45887670aa0,903256b4a309ad6d22583ad692759b85c86f2b2daecebedad2411b6abbaed920,jmuben-339,treino_auxiliar,0,grupo_ja_representado
jmuben,jmuben2,364,data/raw/jmuben/Healthy/1 (3222).jpg,352,saudavel,128,128,be6c300c42cc18ad749ddd771e9f6c3ff4b8f11c8236a0f98cbdcf07e6f03694,83cb542b3fd4d95cdc256b1848398f03d173d25f52c432bc90afdc32cc3e6d32,jmuben-340,treino_auxiliar,1,
jmuben,jmuben2,365,data/raw/jmuben/Healthy/1 (360).jpg,200,saudavel,128,128,f9100742bfe4aa5e559186d8d843061b0ac85af5a1a5936b9107dc6f958a6595,9c447366bddb979951821d35890d8c6daa182dcb1338d3a6d93b5d9a2952de4e,jmuben-335,treino_auxiliar,0,grupo_ja_representado
jmuben,jmuben2,366,data/raw/jmuben/Healthy/1 (361).jpg,200,saudavel,128,128,c698e4bc1ba0b97f0d5f8a1e48e36351ba531da095696e0fc4b5696b831aafe4,942279b1b4ecd6ee51905c9989828d72851c2fe50abcdb87dbb35d0d2c65bd25,jmuben-336,treino_auxiliar,0,grupo_ja_representado
jmuben,jmuben2,367,data/raw/jmuben/Healthy/1 (362).jpg,196,saudavel,128,128,e0a340dbbc946993d92383e2f72ae63c6f6fcf1517079f083b101d01c765c8ae,94297d913c0cd626d0d55efc12cd9ce1943bf52337763507b3f59048dbc22aca,jmuben-337,treino_auxiliar,0,grupo_ja_representado
jmuben,jmuben2,368,data/raw/jmuben/Healthy/1 (363).jpg,200,saudavel,128,128,f22acf1941390cf01780b8607e298c686c3c18a40db2f3df15620c9aa7bec780,939954fc44e7fef906a0968f5af9ef1534310397de500e54d14ec92aac3938c6,jmuben-338,treino_auxiliar,0,grupo_ja_representado
jmuben,jmuben2,369,data/raw/jmuben/Healthy/1 (364).jpg,194,saudavel,128,128,653c02eb5fad428e7673a282f9f26250322a4c9747aee0d7db3280829ccd09c3,903256b4a309ad6d22583ad692759b85c86f2b2daecebedad2411b6abbaed920,jmuben-339,treino_auxiliar,0,grupo_ja_representado
jmuben,jmuben2,370,data/raw/jmuben/Healthy/1 (365).jpg,192,saudavel,128,128,16e59f02e4e80dd3b8d9a28822c98c8e0e24242aa001bb2337c3eb37a33df169,83cb542b3fd4d95cdc256b1848398f03d173d25f52c432bc90afdc32cc3e6d32,jmuben-340,treino_auxiliar,0,grupo_ja_representado
jmuben,jmuben2,371,data/raw/jmuben/Healthy/1 (3807).jpg,297,saudavel,128,128,62bda677abab05c9800f9eca6909d727db1ba2e9c9aeb8d0955d3ddbbfa0211b,8a80918323df78038801bff42cc10dffd67e84637ca8e7bbd686309b3ddbcd44,jmuben-323,treino_auxiliar,0,grupo_ja_representado
jmuben,jmuben2,372,data/raw/jmuben/Healthy/1 (3808).jpg,296,saudavel,128,128,b68184c892d026445e166162b6296dfca32a05ce23dafe03163ce7088e4837c9,919965cc6176e0d4f4a435193c550c31cd311d79ab50cf3ccb1c73c5f3a807bf,jmuben-328,treino_auxiliar,0,grupo_ja_representado
jmuben,jmuben2,373,data/raw/jmuben/Healthy/1 (3809).jpg,288,saudavel,128,128,16c46a1c29cb7881e4bfc500fcb3d1ce851bb495836ab1f723e626265f6278fd,93991b8ce76e333bc3c4ca5682acf18c32ceb7c162da43a472dd30e770c174f4,jmuben-329,treino_auxiliar,0,grupo_ja_representado
jmuben,jmuben2,374,data/raw/jmuben/Healthy/1 (3810).jpg,289,saudavel,128,128,57419bcb288ea54db98b068110ab4cefbbda1e3e193cd1b99660968ed7dccde5,9119685de264fc8939561a55de68d75c36cc478e35cf38c72c450e4772c16779,jmuben-325,treino_auxiliar,0,grupo_ja_representado
jmuben,jmuben2,375,data/raw/jmuben/Healthy/1 (3811).jpg,294,saudavel,128,128,c9a11807e17670f4d919ded8a13eaafd2442c3e267476764c761c7bc9bbf095d,93b12189e7e4a302e8def0f2b0b1f92a1d77cd3788719f2ccb5bca34c2595384,jmuben-324,treino_auxiliar,0,grupo_ja_representado
jmuben,jmuben2,376,data/raw/jmuben/Healthy/1 (3812).jpg,299,saudavel,128,128,13f3a650cd6cac0728b8e9856c8a72f47b10661d7e88c4c4080f40185b4cfa76,988818cee4667325358875ac7d511e71f5692b5b649a4f27c3cf09c7cf0969d2,jmuben-327,treino_auxiliar,1,
jmuben,jmuben2,377,data/raw/jmuben/Healthy/1 (4166).jpg,520,saudavel,128,128,47ed776b3135f72a789404295d23b219314d6c087a5b90644300a995f93fe457,9c447366bddb979951821d35890d8c6daa182dcb1338d3a6d93b5d9a2952de4e,jmuben-335,treino_auxiliar,0,grupo_ja_representado
jmuben,jmuben2,378,data/raw/jmuben/Healthy/1 (4167).jpg,520,saudavel,128,128,135f67df6da4a652aa76cdd39492e274d6f11f06cd7ab8b3279fa5926865e2ea,942279b1b4ec96ee51905c9989828d62851c2fe50abcdb8fdbb35d8d2c65bd25,jmuben-336,treino_auxiliar,1,
jmuben,jmuben2,379,data/raw/jmuben/Healthy/1 (4168).jpg,516,saudavel,128,128,c55ba3db5a7cbd5009b45eecdc0a210f06705bd96667d55b5b09eba937fbe173,94297d913c0cd626d0d55efc12cd9ce1943bf52337763507b3f59048dbc22aca,jmuben-337,treino_auxiliar,0,grupo_ja_representado
jmuben,jmuben2,380,data/raw/jmuben/Healthy/1 (4169).jpg,512,saudavel,128,128,67688b73de76c2ac9150085db54db2ed1ce4687f831e3a92a8c1b22bb046809f,939954fc44e7fef906a0968f5af9ef1134310397de500e54d14ec92aac3d38c6,jmuben-338,treino_auxiliar,1,
jmuben,jmuben2,381,data/raw/jmuben/Healthy/1 (4170).jpg,510,saudavel,128,128,ae469457d2c496d4f9116486ccf000313faf338e7dc1969689433252813d9c8e,903256b4a309ad6d22583ad692759b85c86f2b2daecebedad2411b6abbaed920,jmuben-339,treino_auxiliar,1,
jmuben,jmuben2,382,data/raw/jmuben/Healthy/1 (4171).jpg,512,saudavel,128,128,2efa173429175c2cc25d655ed109f961744d0751ca51e447dad5a7dbb3ee6fa4,83cb542b3fd4d95cdc256b1848398f03d173d25f52c432bc90afdc32cc3e6d32,jmuben-340,treino_auxiliar,0,grupo_ja_representado
jmuben,jmuben2,383,data/raw/jmuben/Healthy/1 (5).jpg,1,saudavel,128,128,3daae6c0c12b6ce81266fac4a5d559f627ce6fb4a8e43fbaa98dddf18e9fc767,93b12199e7e4a302e8def0f2b0b1f92a1d77cd3788719f2cca5bca34c2595384,jmuben-324,treino_auxiliar,0,grupo_ja_representado
jmuben,jmuben2,384,data/raw/jmuben/Healthy/2 (2).jpg,1,saudavel,128,128,976a547e82be8070dc2a10d2d8418c742c2a39032f4a14e3a875f31233927191,919965cc6176e0d0f4a535193c550c31cd311d79af50cf3ccb1c73c4f3a807bf,jmuben-328,treino_auxiliar,1,
jmuben,jmuben2,385,data/raw/jmuben/Healthy/2 (691).jpg,1,saudavel,,,d97804c31e96934c186d484b4f51b3e9d99fe971ceb4809dc0771298b3ed3bed,,,excluida,0,arquivo_ilegivel
jmuben,jmuben,386,data/raw/jmuben/Leaf rust/059eaf863cca.jpeg,8,ferrugem,128,128,906c94e91196bf66b4fd05bb9b7c9bdcd0dbd0e81226d5e4844f90199e131b0a,a0cc7a38c213ffcc2f319d64ff5cf830f474274c1a03875e81f7b9027645b893,jmuben-386,treino_auxiliar,0,acima_do_limite_da_classe
jmuben,jmuben,387,data/raw/jmuben/Leaf rust/1 (1).jpeg,8,ferrugem,128,128,eacce118fca07c828ad0a0e7f78ffda06cd77a032200d2dfd85400f9de2716b1,a7326331d69db75ac55c369472c99d8ab091b4dc495b4b1ed50db70aae633d01,jmuben-387,treino_auxiliar,0,acima_do_limite_da_classe
jmuben,jmuben,388,data/raw/jmuben/Leaf rust/1 (1).jpg,8,ferrugem,128,128,eb9e950f1fecdd74964e7cafd4fe922e657db2958cd9c3c671bc7bdb6e69e06b,84a078ba2ec7b755d3d650a84ab069cb3c65073fc9c5cd744d123eae7ab1931c,jmuben-388,treino_auxiliar,0,grupo_ja_representado
jmuben,jmuben,389,data/raw/jmuben/Leaf rust/1 (10).jpg,8,ferrugem,128,128,b85d66a36dd5c388bf3a55ef73e93fc0c67cfdc6cf5ca65db31f23ac4adee3cf,98654c3ae738599e4e0c2392ccdd7247d8c9636c3927b794dad26219ddc636b1,jmuben-389,treino_auxiliar,0,acima_do_limite_da_classe
jmuben,jmuben,390,data/raw/jmuben/Leaf rust/1 (100).jpg,8,ferrugem,128,128,da2ed80df76738cec062a8d7d2c2a2ff1651e70c9080f50da74c7788343f0d2c,949c56c8996d9d05ccf2d07be9d4a6d5e3a93d58264afb5862d1a344198c3cbe,jmuben-390,treino_auxiliar,0,grupo_ja_representado
jmuben,jmuben,391,data/raw/jmuben/Leaf rust/1 (101).jpg,8,ferrugem,128,128,fc2f090667145ea7d7dd7d43d6a44e2e7dfdb965e00c6f4e5205d9cc3489cccf,8d407308f2f385af3b5de0fbc7828c3a8fd01b0d3c29d862981fb1f064e974e7,jmuben-391,treino_auxiliar,0,acima_do_limite_da_classe
jmuben,jmuben,392,data/raw/jmuben/Leaf rust/1 (102).jpg,8,ferrugem,128,128,be8ba6ee7f062cf8fd5ef70061a42e775355e97c5391268689017e507e0ddc4f,878169ff59b7b740469e17e92da3282d7bda2795dc008d6db9413180711bbda3,jmuben-392,treino_auxiliar,0,acima_do_limite_da_classe
jmuben,jmuben,393,data/raw/jmuben/Leaf rust/1 (103).jpg,8,ferrugem,128,128,148193c575e5f48b5eada4cafb982edc276159b6498b0f363a787daf8e7be78e,84027bf4b30cd49815e2f80ec0f5c785cdef4fda0686cf3f8d48988d76be103e,jmuben-393,treino_auxiliar,1,
jmuben,jmuben,394,data/raw/jmuben/Leaf rust/1 (104).jpg,8,ferrugem,128,128,fb249ba0034534390ae6c8ae9465bfef7e84844c6cb27f30a7c163a8112e05a4,980017bfc449ed811b32b7777e855b003323bcc1f495322b157fe05fe32e037d,jmuben-394,treino_auxiliar,0,grupo_ja_representado
jmuben,jmuben,395,data/raw/jmuben/Leaf rust/1 (105).jpg,8,ferrugem,128,128,56d69b219e5fead9cf84de75ab7eefddc98ee1d6e227e5616f3c5b2374bb8bbe,99086070f4a4efdc1d7938c76384527b61c32dc6d39412a30f4feccf75bf1710,jmuben-395,treino_auxiliar,1,
jmuben,jmuben,396,data/raw/jmuben/Leaf rust/1 (106).jpg,8,ferrugem,128,128,c49e900edbc7a91f7da1b5460eb23e0c8232b4fec3c80f3a55126f50f412986d,84756f817b4aa81d42e29fa1363d8d7959403f0326bff02a5a8c99bfc86ce5c3,jmuben-396,treino_auxiliar,0,acima_do_limite_da_classe
jmuben,jmuben,397,data/raw/jmuben/Leaf rust/1 (107).jpg,8,ferrugem,128,128,0ffaad94fcd49cf5202edfd878e41859f38075c790d71a5552f430af8774d274,84a5667e191ec18a78fcb94404638d6a76839b9c77808f834f7c5cd16f6e19e3,jmuben-397,treino_auxiliar,0,acima_do_limite_da_classe
jmuben,jmuben,398,data/raw/jmuben/Leaf rust/1 (108).jpg,8,ferrugem,128,128,35345d0cd42953d26933b61cb019aa72de7ef3c2a0ea7cd3a9b0f574da4ada6d,925573901deae8e568159d73753a868776bc994419eb126ec3a1a44d46eb25af,jmuben-398,treino_auxiliar,1,
jmuben,jmuben,399,data/raw/jmuben/Leaf rust/1 (109).jpg,8,ferrugem,128,128,161649d26d6d1273754242eaec4bf51604c55ac0179fab2d8b85f577bbffb071,854064e813b5c30eb890b84f0dde9d44363e9f396d9fca5c788271bf754b912e,jmuben-399,treino_auxiliar,0,acima_do_limite_da_classe
jmuben,jmuben,400,data/raw/jmuben/Leaf rust/1 (11).jpg,8,ferrugem,128,128,83f4a4013240eeda71e40f2d8fc071a89a27179ff6e3fb85b2bc512c60e2d0e5,82a47a9d2ccd35179768d0cf4a30eb9969e53c751736c9ce8562652a4aa93ae7,jmuben-388,treino_auxiliar,0,grupo_ja_representado
jmuben,jmuben,401,data/raw/jmuben/Leaf rust/1 (110).jpg,8,ferrugem,128,128,cf748e79da2de9e982819e742849763a2ea8b0d2c7ccb101ce8447c69347d785,850866e813b5c30e7880b84f0dee9d42763797396d9fca5c69c079bf376c91a4,jmuben-399,treino_auxiliar,0,acima_do_limite_da_classe
jmuben,jmuben,402,data/raw/jmuben/Leaf rust/1 (111).jpg,8,ferrugem,128,128,809a4e698f2029348fb9780136baa80045c7b55c4502f6bdc1f65b4cf3d1f226,855164e812b5c32f7381b01d29de9d54640e9633773f0fbe4c4159b67e5d9586,jmuben-399,treino_auxiliar,0,acima_do_limite_da_classe
jmuben,jmuben,403,data/raw/jmuben/Leaf rust/1 (112).jpg,8,ferrugem,128,128,7f815ce609adeba9fa63b68c99be1df1c170c276b3be003d648779899218887d,850864e81bb5c30e78c0b84f0dee9d4276279739671f8a9e6c40799f7f6d91a2,jmuben-399,treino_auxiliar,0,acima_do_limite_da_classe
jmuben,jmuben,404,data/raw/jmuben/Leaf rust/1 (113).jpg,8,ferrugem,128,128,f80a406b9b9ceadcaa7345ab47365747eef8c6ead6102fa74d51f9099e68781b,8508646e3a35c39f62f8ba5578470dfa644792b2172d37870f2dadb04a1d0f77,jmuben-404,treino_auxiliar,0,acima_do_limite_da_classe
jmuben,jmuben,405,data/raw/jmuben/Leaf rust/1 (114).jpg,8,ferrugem,128,128,c50050540221e41b4c7c354e1cbf8373fb43ee464fc2cc508484170065779d10,850864683a35c31f63e8ba1578cf0dfa6c4792b217383797873d8db04a1d4e7f,jmuben-404,treino_auxiliar,0,acima_do_limite_da_classe
jmuben,jmuben,406,data/raw/jmuben/Leaf rust/1 (115).jpg,8,ferrugem,128,128,829cc11de65429b2aad416572bc63a58461ca41eeeb5ff47e28a04bb39d7c970,854864e83ab5c33f63a0b21170cf0dde6dc790a6176937970f7d0da04a176e5f,jmuben-404,treino_auxiliar,0,acima_do_limite_da_classe
jmuben,jmuben,407,data/raw/jmuben/Leaf rust/1 (116).jpg,8,ferrugem,128,128,93782a9738fbf85f70dad990936defb8b5a9fa21b6b6f927122c68b0a7f55f68,8d556d9e16cac670f3aeb0f31b019cca75e91cc668211aa6713fb6a22c13977c,jmuben-407,treino_auxiliar,0,acima_do_limite_da_classe
jmuben,jmuben,408,data/raw/jmuben/Leaf rust/1 (117).jpg,8,ferrugem,128,128,c47feb9e6d180da5dad9567f7cdd8ce1b0dd462f66fc8df4e2667764b06abdac,851964ca3af1c3376383b21171dd19ca4dcca0ae9661362fd7bc0e6d48b74a7d,jmuben-404,treino_auxiliar,0,acima_do_limite_da_classe
jmuben,jmuben,409,data/raw/jmuben/Leaf rust/1 (118).jpg,8,ferrugem,128,128,55a8a2981b4955ecd94370c93fdba47c0ef9a55cd03fb067b1b6378c02a491df,854864681b35c3a372d0b9456dcf8dfe7687923877370a1f4f6858926e4e9da2,jmuben-399,treino_auxiliar,0,acima_do_limite_da_classe
jmuben,jmuben,410,data/raw/jmuben/Leaf rust/1 (119).jpg,8,ferrugem,128,128,329430966965cc07ae81e6394f182013fc7c7c9b3027430ff9fa456388895105,851166c31235c32eb091b85c1ddc9c61763e1e73689e8af97083b3d937c993af,jmuben-399,treino_auxiliar,0,acima_do_limite_da_classe
jmuben,jmuben,411,data/raw/jmuben/Leaf rust/1 (12).jpg,8,ferrugem,128,128,3e0fded1d9e4b11152caee9142398292dc3e34491913356b58424a8c9570d95d,82b07a9c2c653512d36b5aa36a38ebcd7c669e10139ec9e2453b6cad7ad57c50,jmuben-388,treino_auxiliar,0,grupo_ja_representado
jmuben,jmuben,412,data/raw/jmuben/Leaf rust/1 (120).jpg,8,ferrugem,128,128,4c74c24d13dd0f8779764a93a0a154256e00e7713dbd127c01cda77ee243fd6b,8d75166a398ae9b74e59f931e4ee9b121ae595dd5b21252d05ad8c402cd348fe,jmuben-412,treino_auxiliar,0,grupo_ja_representado
jmuben,jmuben,413,data/raw/jmuben/Leaf rust/1 (121).jpg,8,ferrugem,128,128,ea943345ccb90a75417e19b4f974a940406b0d1ae6f933da18a39c87aae98abe,85556cca3af1c33f63a2b231720f19de49dde88e91693582b19fa77d91a2e019,jmuben-404,treino_auxiliar,0,acima_do_limite_da_classe
jmuben,jmuben,414,data/raw/jmuben/Leaf rust/1 (122).jpg,8,ferrugem,128,128,c4cf3fee00a853f0af3a3c3f735d5f23b3c59bae7094ae0cf83d7e1899e62f36,953531eb219bcd686ab0aac5558ecce19a9c669d32c645ac6e7c89675ad69b14,jmuben-414,treino_auxiliar,0,acima_do_limite_da_classe
jmuben,jmuben,415,data/raw/jmuben/Leaf rust/1 (123).jpg,8,ferrugem,128,128,027a30a2c29d32ef3d059ed8a5fb62b332813dcdc48a06b5dbb46597d0164414,941439d521cbed2e6a54b247568ada703a9e62575a2345349b5b49d31b9fd5ac,jmuben-415,treino_auxiliar,1,
jmuben,jmuben,416,data/raw/jmuben/Leaf rust/1 (124).jpg,8,ferrugem,128,128,8c19ced8a5323c5a886593954f5d5f01066e93df7c4b5beeab03d82490f26ac9,87451a1b38ad90f666d24bc775abbd4022742d9c4ad462df9985b66c7c9ec166,jmuben-416,treino_auxiliar,0,acima_do_limite_da_classe
jmuben,jmuben,417,data/raw/jmuben/Leaf rust/1 (125).jpg,8,ferrugem,128,128,8b12d79c117724ff75c92fc994a64456595ec3c9393411c36a5600c5d6b2ff73,935d2cf23b84f14a8b56dca8254a39f571a722da4c74a71b3913e30531ee768d,jmuben-417,treino_auxiliar,1,
jmuben,jmuben,418,data/raw/jmuben/Leaf rust/1 (126).jpg,8,ferrugem,128,128,85b1468b63edcd5ad79d865158174b6eecab75df0a203e8c585d28e491708c62,955521e1eb159ab82cd5ba695fa5b18554a89b5e70bac51954e5e2276119d9cb,jmuben-418,treino_auxiliar,1,
jmuben,jmuben,419,data/raw/jmuben/Leaf rust/1 (127).jpg,8,ferrugem,128,128,4125ad11c939d4d58ad24323f340183d05ab0ef1cbdf00637a4b8fe1989bb540,83701e853e1bf24864f0b4959d4f63574ec2c33c36ad9d2b634c89dc32cedd83,jmuben-419,treino_auxiliar,1,
jmuben,jmuben,420,data/raw/jmuben/Leaf rust/1 (128).jpg,8,ferrugem,128,128,a5b98f7b8717c4f65751adec1e8bceb04276627d76a164f4266b82c3b0862dc7,83df7ee837f7e0297e8097e370900b49e8f8930261f81a5f8f40727c4d2b37a4,jmuben-420,treino_auxiliar,0,acima_do_limite_da_classe
jmuben,jmuben,421,data/raw/jmuben/Leaf rust/1 (129).jpg,8,ferrugem,128,128,05026e4378eb307cd10ddf3d8a8998a72b9227590186e4c7041a0521e91cfd11,82d77e6837f7e02c7ed286f334900bc9682c93a361b95a138fc0727e4f4033be,jmuben-420,treino_auxiliar,0,acima_do_limite_da_classe
jmuben,jmuben,422,data/raw/jmuben/Leaf rust/1 (13).jpg,8,ferrugem,128,128,20bbce226ae6000685c5225277519d50236e94c2d57aa412827f00ceeefe4933,82a47af927479742d28b68b42d5135cf9632e3cb78e13eb91bc485764daae8a4,jmuben-422,treino_auxiliar,1,
jmuben,jmuben,423,data/raw/jmuben/Leaf rust/1 (130).jpg,8,ferrugem,128,128,8a762b314cd919b423975b00e943f2e4380dc7c876a28990075c6caee95146a6,94c81ca25aa5f2744997f21ace82b91e5063ae40ef0ff54aad58ad736deaf109,jmuben-423,treino_auxiliar,0,acima_do_limite_da_classe
jmuben,jmuben,424,data/raw/jmuben/Leaf rust/1 (131).jpg,8,ferrugem,128,128,830d8fe952e881e3c24b1fc6502a64d23424dbfd985a58318b561f2dcd016950,87ff7a8c3c53c0f47c2b9d09616e1c3143849475678d74e19e2ce58b5ab8740f,jmuben-424,treino_auxiliar,1,
jmuben,jmuben,425,data/raw/jmuben/Leaf rust/1 (132).jpg,8,ferrugem,128,128,f05799400eb9e0caf73d5992822bf60e68b183261519003e4b3c5fb1050eec04,81ff7a863f58e0f77c289f68616b1f9441e2941d63c41478af26a1a94aae57a9,jmuben-424,treino_auxiliar,0,grupo_ja_representado
jmuben,jmuben,426,data/raw/jmuben/Leaf rust/1 (133).jpg,8,ferrugem,128,128,866bae081a9fe75e33cc359c9982e80177b0e0ddaa93d542b5bff4bc805628aa,87ff7a8c3c5bc0f47c0b9d01616e1c3143c49c75638d71f19e2ee5835aac560b,jmuben-424,treino_auxiliar,0,grupo_ja_representado
jmuben,jmuben,427,data/raw/jmuben/Leaf rust/1 (134).jpg,8,ferrugem,128,128,54018614c956f6fc1a7f7ba8c37c49f3dc85a28bb567b1123dcce568507e238a,86d75f7a27b7e10c6af6c6db36960679680697a1343c5ea180dcb2034f586a97,jmuben-420,treino_auxiliar,0,acima_do_limite_da_classe
jmuben,jmuben,428,data/raw/jmuben/Leaf rust/1 (135).jpg,8,ferrugem,128,128,dbb0a9e2a638f6f88d8ce3e544166652b652135c688a85ef151c2e77efc1c0c6,80f77ef827a7e0486ea784f7349406db782c97ab703a5f83a1d9b0464ad152b6,jmuben-420,treino_auxiliar,0,acima_do_limite_da_classe
jmuben,jmuben,429,data/raw/jmuben/Leaf rust/1 (136).jpg,8,ferrugem,128,128,fdf425d2e49f6e0df086db7a71058f26fe7b6e5bf69c82157a08b837b9110067,877f4fb2124fb4d03dd9c10736e0112f6790c92d92d13b44c253bb6097db7572,jmuben-429,treino_auxiliar,1,
jmuben,jmuben,430,data/raw/jmuben/Leaf rust/1 (137).jpg,8,ferrugem,128,128,30a27553bcff0e73b091e54b0dfb2bbb769e46c8c28a495be5ee9568094b2532,81ff7be72f58e0174ea885ed2d2b8fbe706a9f0421e79c1ca1a2809d4ea652d8,jmuben-424,treino_auxiliar,0,grupo_ja_representado
jmuben,jmuben,431,data/raw/jmuben/Leaf rust/1 (138).jpg,8,ferrugem,128,128,015aaa3d487f7ff8ee437ea39b9bcf3f5fdbedd6d4bdec70483c10c7d2933642,81fd7af72f6de0516e8a87fc3c210f9f60bb9e0821635c0e8f12b4f88c1747a8,jmuben-424,treino_auxiliar,0,grupo_ja_representado
jmuben,jmuben,432,data/raw/jmuben/Leaf rust/1 (139).jpg,8,ferrugem,128,128,f47ca671a59ab0ebb439e322962c70b068840864d090de68b5b77eb3a76be040,80ff7af22765e0586ead87f734b406d7680d978e3071550395b9b48e8e5162bc,jmuben-420,treino_auxiliar,0,acima_do_limite_da_classe
jmuben,jmuben,433,data/raw/jmuben/Leaf rust/1 (14).jpg,8,ferrugem,128,128,9abb43ea96a0b0fb5bd91131fa6517adc8e0a894a27e5ced8f9060f3eb80a732,82a47ab92d4f3716d3684aaf6a302bdd75e69d32439ec0ca642b6a893ac4555f,jmuben-388,treino_auxiliar,1,
jmuben,jmuben,434,data/raw/jmuben/Leaf rust/1 (140).jpg,8,ferrugem,128,128,1c64e0ce62e1be2f77bf4b0853b3e27cce98dd18d8706b8ad69801af2bffddb4,81ff7ae72f59e0534e8885ec2d2b0fb6707b9e0021e79c1ca5a2a0bd4ea656e8,jmuben-424,treino_auxiliar,0,grupo_ja_representado
jmuben,jmuben,435,data/raw/jmuben/Leaf rust/1 (141).jpg,8,ferrugem,128,128,5b14f125907058e7ba2ff28a70d3b75745f1221880386f59fafb18d7e323156b,81ff3ae7af4de0514eae84a53c20c2f7f8099762717bdf12a1f08e166aa0da0d,jmuben-435,treino_auxiliar,0,grupo_ja_representado
jmuben,jmuben,436,data/raw/jmuben/Leaf rust/1 (142).jpg,8,ferrugem,128,128,2eb74316f2d54da8ca87d662580d6dd178d9c2ffa2f50c20bfd075894c3cc38b,8f555b6d15b3b10429b6c379340a17fb6c2ac3f3910e7e93c4ecb21796a4225e,jmuben-436,treino_auxiliar,1,
jmuben,jmuben,437,data/raw/jmuben/Leaf rust/1 (143).jpg,8,ferrugem,128,128,71fe49b6490499d10b16df5e70463d8209cf4d318cf34f268896361abc2d532f,8f573f7aa7b7f10442f3d41a36d6c84cdaa4918c7ea1c1cd3a174b5868179da0,jmuben-437,treino_auxiliar,1,
jmuben,jmuben,438,data/raw/jmuben/Leaf rust/1 (144).jpg,8,ferrugem,128,128,b507db033d1e13ec1fc2d94cd5e82aa60902e05828da24ecbd32c3122146cfba,84df5ada3fff912438484ba5c14b7da497db6838768685dbb0548e036bd862a6,jmuben-438,treino_auxiliar,0,acima_do_limite_da_classe
jmuben,jmuben,439,data/raw/jmuben/Leaf rust/1 (145).jpg,8,ferrugem,128,128,2362f46c4d5b4d0c32e5054cdeea6a6e03298ec78040e56be025c26bc46bcb93,8fd55b6f15bbb1012db6c3f1b40d17d9652e6353816e3e1343a8508e9eb094ae,jmuben-436,treino_auxiliar,0,grupo_ja_representado
jmuben,jmuben,440,data/raw/jmuben/Leaf rust/1 (146).jpg,8,ferrugem,128,128,73d44a3a31038f9e13842e339e22511b159b930d4bf41cc9ed0df11ecc184e89,8f754b2f16ff94913da749d2c90536d0916c7c07c371a5263f5145fc614b4e98,jmuben-440,treino_auxiliar,0,grupo_ja_representado
jmuben,jmuben,441,data/raw/jmuben/Leaf rust/1 (147).jpg,8,ferrugem,128,128,d73be0ca249e39c245905c6d75d09e20d75d20302c3327dd8e7b3f3cc86684b5,8df75a5a15bf9104392cc3e5c90837b785596c06c3c3a95f3e0349d87a97dd22,jmuben-441,treino_auxiliar,0,acima_do_limite_da_classe
jmuben,jmuben,442,data/raw/jmuben/Leaf rust/1 (148).jpg,8,ferrugem,128,128,838b98d5ecde00a464686be30965b65db2e2259cc666ab4ac6c38040c1c89cb8,87554a2f16ff94d03d2768dac9243ed293747c875379c426bf0147b4616f6858,jmuben-440,treino_auxiliar,0,grupo_ja_representado
jmuben,jmuben,443,data/raw/jmuben/Leaf rust/1 (149).jpg,8,ferrugem,128,128,e5b581d83f959fff5c07e3a9408f40da628af954361afe93902bec79a84b7c47,87754a2f16ff90913d2769d2c9243ed1937c74865371c466bd03a734416f6a59,jmuben-440,treino_auxiliar,1,
jmuben,jmuben,444,data/raw/jmuben/Leaf rust/1 (15).jpg,8,ferrugem,128,128,e250b6925943eb65eb602bb4464c2980a6ce224c42413a350840bb052b623f95,98c54c72e77171bc4e2823b7ccb932cc99d362493966a7b15a964273d98c26f3,jmuben-389,treino_auxiliar,0,acima_do_limite_da_classe
jmuben,jmuben,445,data/raw/jmuben/Leaf rust/1 (150).jpg,8,ferrugem,128,128,9c0bcb7f4ea9cacb8e8467b2081034e2f9159fdce1eba191dcf52ad50ef95de4,8ff55b2f15bfb1013da6c1f0bc0d16d1252c6f5381603d034fb941ce3a919dae,jmuben-436,treino_auxiliar,0,grupo_ja_representado
jmuben,jmuben,446,data/raw/jmuben/Leaf rust/1 (151).jpg,8,ferrugem,128,128,b6109f070a2727174b545ac8164d267874c6232c3be6ef935f684f01f20b9a7d,8775b4d53f2f2d26bd20c124c91f137e2ad87e193c83e4a244f747be8e986a48,jmuben-446,treino_auxiliar,0,acima_do_limite_da_classe
jmuben,jmuben,447,data/raw/jmuben/Leaf rust/1 (152).jpg,8,ferrugem,128,128,7263b0d2cf4312a8ce3149a365548462acab5bb70787479203ba1666306a0cb3,877f4ba712ff90c83da060dbc9173ec0917e3e87537cc036bd00879e65a37548,jmuben-440,treino_auxiliar,0,grupo_ja_representado
jmuben,jmuben,448,data/raw/jmuben/Leaf rust/1 (153).jpg,8,ferrugem,128,128,d48a547d959280aaf37e58678750491a510babc2a563b3b4106c212ecb7e8323,87754a2a3fff94dbbd052c92c934ec859bd081ad7c964af1c0aeba038eb0916e,jmuben-448,treino_auxiliar,0,grupo_ja_representado
jmuben,jmuben,449,data/raw/jmuben/Leaf rust/1 (154).jpg,8,ferrugem,128,128,a234ce062429daba2c50bc2bdd022837cc6afb931434d35fa89d6c8b2c5aa6ef,83ff28af787a63aa87519c2778ed62d442a15e939c78d8c66384a75d4c58b50b,jmuben-449,treino_auxiliar,0,acima_do_limite_da_classe
jmuben,jmuben,450,data/raw/jmuben/Leaf rust/1 (155).jpg,8,ferrugem,128,128,a229137136cdd07d72676dfe75d88a0010e473dbf7b98b1f15982536804847e2,81ff275b3fe66a92a05194b782de169c96087c89706b62f3db124f069c5ed94c,jmuben-450,treino_auxiliar,0,grupo_ja_representado
jmuben,jmuben,451,data/raw/jmuben/Leaf rust/1 (156).jpg,8,ferrugem,128,128,8d0806b2c45fdcd03654d82fecaac365d138b5cc1baadbf515ccfc953cca24b8,99d03d7df63352f33f22d2142e66e0e0771cce6333c9c4cccc66e98c61dcec01,jmuben-451,treino_auxiliar,0,acima_do_limite_da_classe
jmuben,jmuben,452,data/raw/jmuben/Leaf rust/1 (157).jpg,8,ferrugem,128,128,94557bcbe7aea25f92bbcc1e4601dcb3ec9d42da38d65385dbff45d2812e9d01,986b3794f30c2a3d67e36632646647442cece0c82fdcb8c2c719ccf8a4d3d99e,jmuben-452,treino_auxiliar,0,acima_do_limite_da_classe
jmuben,jmuben,453,data/raw/jmuben/Leaf rust/1 (158).jpg,8,ferrugem,128,128,b369fa5d55aaef9157885108cb25f5778edfc479c9f45cfed5c3ac21db5a87be,9a0b2eaee5a4a125b5285a946a59a95995ab69af5aacb9a552b736d65a546694,jmuben-453,treino_auxiliar,0,grupo_ja_representado
jmuben,jmuben,454,data/raw/jmuben/Leaf rust/1 (159).jpg,8,ferrugem,128,128,c7e49b7a857f1834f26b24de9aa222c23c5398a73140a2c582a60ff25f093488,89e25baad552cc4d6b459299d49625af733a6ad274c49928ccda95b74b1994b6,jmuben-454,treino_auxiliar,0,acima_do_limite_da_classe
jmuben,jmuben,455,data/raw/jmuben/Leaf rust/1 (16).jpg,8,ferrugem,128,128,a85a73812f0c39d404c598f66d5664790c3d71c7f2fcf8b5cec0f4279ba6c42a,868872e62e7d9655d3b068ab2a2025d89c67c7b461df746237b88fcd4d57610d,jmuben-455,treino_auxiliar,0,grupo_ja_representado
jmuben,jmuben,456,data/raw/jmuben/Leaf rust/1 (160).jpg,8,ferrugem,128,128,5d755d692c3ac552252e22e668184738b35412fa0f798bfeb26600ee0bf88c78,901c7bac4f0c8bf5996073fea0fc5c633283cc70e029a67bb63fc6936453f00b,jmuben-456,treino_auxiliar,1,
jmuben,jmuben,457,data/raw/jmuben/Leaf rust/1 (161).jpg,8,ferrugem,128,128,bd82b1ddd51be492f2ae9d7cd96b338f5fec49fd78489398ccec6a78ce41f8d1,930d29f1aaadd91b2326f4567ada64c934bb2ca2859bd6ddf2543a2812aa4b76,jmuben-457,treino_auxiliar,0,acima_do_limite_da_classe
jmuben,jmuben,458,data/raw/jmuben/Leaf rust/1 (162).jpg,8,ferrugem,128,128,44459232d9c6a8fb76d21d5ec06047b1f119926e2b6e23a67bc816c16800d3c3,9ba5393da295cd4d2924f1365a566b5640894c932dea6d8bc4d67191bed595a9,jmuben-458,treino_auxiliar,0,grupo_ja_representado
jmuben,jmuben,459,data/raw/jmuben/Leaf rust/1 (163).jpg,8,ferrugem,128,128,08df4ea52fc06890e2845403237f79ec993932d456902ad4711e97813c0d4cdb,88fa6b57172d6cedc916b2504ceb114ff60c96b16162aed631d5c60a7157cea4,jmuben-459,treino_auxiliar,0,acima_do_limite_da_classe
jmuben,jmuben,460,data/raw/jmuben/Leaf rust/1 (164).jpg,8,ferrugem,128,128,de801685ab4f2752f88f3128d361df1d66e0ea74f2b7c8f353dae804a8c2ffdb,8c04d8fb7dbd6e1d321e912b8cb4e236abb339a4392a2965a345e357124b526f,jmuben-460,treino_auxiliar,0,grupo_ja_representado
jmuben,jmuben,461,data/raw/jmuben/Leaf rust/1 (165).jpg,8,ferrugem,128,128,b69f1ec301d27e3723df99c64421f3e8421c869b3a10d0074a8194f728a0a159,850d718b39d968e2b2d11b0749bf64e1420f1dfffbc01c2fa47cc96d6496827c,jmuben-461,treino_auxiliar,0,acima_do_limite_da_classe
jmuben,jmuben,462,data/raw/jmuben/Leaf rust/1 (166).jpg,8,ferrugem,128,128,2999ebd8d96d6371a69ce1005fea177222a5c870845c9fd6e53d185f70130489,8c2d245d598b93f636366ea58cb1794ac72252de7124c69529691cd2a37feda4,jmuben-462,treino_auxiliar,0,acima_do_limite_da_classe
jmuben,jmuben,463,data/raw/jmuben/Leaf rust/1 (167).jpg,8,ferrugem,128,128,9daeaed0b15765880720d68c747cf21ad22c30fa51bce77a0505649cfc44ff4b,8c06271c59c993ba365a68f09d9979ebc65b504e6cb487453d28c2dfa93476ea,jmuben-463,treino_auxiliar,0,grupo_ja_representado
jmuben,jmuben,464,data/raw/jmuben/Leaf rust/1 (168).jpg,8,ferrugem,128,128,af172330331cc209c40891fd4e51cf459acce0c4219fe9db0ca19dc559ff478a,8e1627065cf591ea331b6e528c9c39e9ebb9c34b392ac6df29251eab0349ad94,jmuben-464,treino_auxiliar,0,grupo_ja_representado
jmuben,jmuben,465,data/raw/jmuben/Leaf rust/1 (169).jpg,8,ferrugem,128,128,7f57728541c8da05b07f5bdf52e024ddea66d0cd4c598f32148494828aff6f36,8c04253c59cb93ba2e5268e195897b6bc65e316eecb587453caac2dfad2456ca,jmuben-463,treino_auxiliar,1,
jmuben,jmuben,466,data/raw/jmuben/Leaf rust/1 (17).jpg,8,ferrugem,128,128,17165f46e1e03110349a5621b46f37ba13af8245b1b9d205b41264d46632c90a,82a17ab92f4fb744d3da4aac6a3029cf14259716c1cef4627eb9ba8d35558538,jmuben-388,treino_auxiliar,0,grupo_ja_representado
jmuben,jmuben,467,data/raw/jmuben/Leaf rust/1 (170).jpg,8,ferrugem,128,128,b9fdcdbef399d94b4c827fa0a960e1b08543dee3f8d7631d82fca4c3060b1122,8e02272e58e193ab365b6e7495cd79a9c34b58622cb687453cb8c24bad3656eb,jmuben-463,treino_auxiliar,0,grupo_ja_representado
jmuben,jmuben,468,data/raw/jmuben/Leaf rust/1 (171).jpg,8,ferrugem,128,128,3ed93ea0e1418b903c1c8c835564a57273f825730f07d7f153a965ae0e027ef8,8e02272e58e993ab265b6cf495ed69a1c34f7c22a49687643cb8c243adb652ef,jmuben-463,treino_auxiliar,0,grupo_ja_representado
jmuben,jmuben,469,data/raw/jmuben/Leaf rust/1 (172).jpg,8,ferrugem,128,128,8f8bb368df2028bf8fcbcf9223db6adbe71a88759c8aeaa895d42dfdcc50b1a1,88e92c59590a970436f57caf09237b16ce469695715dcca02a5b5db682faed2d,jmuben-469,treino_auxiliar,0,acima_do_limite_da_classe
jmuben,jmuben,470,data/raw/jmuben/Leaf rust/1 (173).jpg,8,ferrugem,128,128,3267374a108b437a031e4c48ec86947780959adf76a247417cde4b0a4cbe3f96,851d719a39c260a6b2170b3e6df0e2c79b74bec0507ea5f0d3817496b24b7d87,jmuben-470,treino_auxiliar,0,grupo_ja_representado
jmuben,jmuben,471,data/raw/jmuben/Leaf rust/1 (174).jpg,8,ferrugem,128,128,849992c1e4cb75b25cecf608f320cf199ab6799e520f975f1c76a38da0978fc0,852cd2b05b52d7e4cda2e64237555335c9953bbd288d58ab7c2a99dcc1ccccd4,jmuben-471,treino_auxiliar,1,
jmuben,jmuben,472,data/raw/jmuben/Leaf rust/1 (175).jpg,8,ferrugem,128,128,d22a10700103865b34e55a437794ae20cc39f922219ace1749397f113ba50d76,88e92c71510297143ef5488f89327b54ce6412d5696fceb2395fd5b4a26bfd05,jmuben-469,treino_auxiliar,0,acima_do_limite_da_classe
jmuben,jmuben,473,data/raw/jmuben/Leaf rust/1 (176).jpg,8,ferrugem,128,128,c715108ab8e07e1c6e20f09f7bf944d42be8f3b9db091b13373b2a5339aad1db,872c2f4f5b42325bcd6259ab3335264a88a9d352d8edca978554391a2c73dcde,jmuben-473,treino_auxiliar,0,acima_do_limite_da_classe
jmuben,jmuben,474,data/raw/jmuben/Leaf rust/1 (177).jpg,8,ferrugem,128,128,a398af3434fca796cd41bec2699da445de0ae02fcf9eb16a8ce666ae66a19c1a,8196699c5663247a790ada710aedf4b69d4c6b15c9511ca77352c46c6bd0f52f,jmuben-474,treino_auxiliar,0,acima_do_limite_da_classe
jmuben,jmuben,475,data/raw/jmuben/Leaf rust/1 (178).jpg,8,ferrugem,128,128,687ff531da8fceac4f75e1b346809a7dedd69585373375249b24d0555a4048ad,81c228ce563d248d7da8cb542257dcda09ae63589cad72f1c52f6af27925cea3,jmuben-475,treino_auxiliar,1,
jmuben,jmuben,476,data/raw/jmuben/Leaf rust/1 (179).jpg,8,ferrugem,128,128,3c5a4cb131dd92ccee27a796461e9d127b21a34e24103998198c50fa304c03ab,a55872f9ca1dc43a6c2a06aa1ebe76afa08ea356a357a155b557921ab2929735,jmuben-476,treino_auxiliar,0,acima_do_limite_da_classe
jmuben,jmuben,477,data/raw/jmuben/Leaf rust/1 (18).jpg,8,ferrugem,128,128,2ebab97ca3fcd72480dbfb9a5582c6609d0dad7c243dbc4f6cc3e8f19a203b8e,91114ccee66711bb0739f3936a58494e71af70a620def4685cad1af7283b7e05,jmuben-477,treino_auxiliar,0,acima_do_limite_da_classe
jmuben,jmuben,478,data/raw/jmuben/Leaf rust/1 (180).jpg,8,ferrugem,128,128,afd585968a5428703b723933aa0549ea5fe93ad9bfe9dd044c1dddfdec31d67f,80333adc5d1574aad28fbbd46d0a97e66a2985c4b2324ccf24659d1e71e9aeb4,jmuben-478,treino_auxiliar,1,
jmuben,jmuben,479,data/raw/jmuben/Leaf rust/1 (181).jpg,8,ferrugem,128,128,7b598206737dc994f40e11db9cd5c8508d0e22b0385453e6e6cf48399db08de3,82d33b286686c92d6ec2460d397233928b4d35a256955bdaa46ead8fe1997e5e,jmuben-479,treino_auxiliar,0,grupo_ja_representado
jmuben,jmuben,480,data/raw/jmuben/Leaf rust/1 (182).jpg,8,ferrugem,128,128,76e85fdfd95a5e3f6fb7afb03ae672fb786e27c40c0b22928b35fc5fa67d3fb8,8b062cf8736fccc973264bdd9ca2b155c4ab5a4e0a35ac92b5dd566b29b409d4,jmuben-480,treino_auxiliar,0,acima_do_limite_da_classe
jmuben,jmuben,481,data/raw/jmuben/Leaf rust/1 (183).jpg,8,ferrugem,128,128,787eda863ba5b139b5847977c327ebc9c05777a27f1114fa7bdbbb57e7d5f981,8a2c2df762d89d02727dcba2b84de3e2551272ab0d66a59556ca58472ba9d4de,jmuben-481,treino_auxiliar,0,acima_do_limite_da_classe
jmuben,jmuben,482,data/raw/jmuben/Leaf rust/1 (184).jpg,8,ferrugem,128,128,29aff254792185fd341b07a0ad33a6021457ff5471f71f7ebb702f601bb939ab,82f339886697e93d66c24605397aa38a8d5576b256d4e96aa4678d997a585e66,jmuben-479,treino_auxiliar,0,grupo_ja_representado
jmuben,jmuben,483,data/raw/jmuben/Leaf rust/1 (185).jpg,8,ferrugem,128,128,2d4c4dfdb5d5baf74599d0aa31d011bff4ca599d9f0de84b9aca5aa5f8e6b719,8a793d8c6693e93466ea46063979a38a9d5552ba4d44a92ba7445cdc6b6ad3b3,jmuben-479,treino_auxiliar,0,grupo_ja_representado
jmuben,jmuben,484,data/raw/jmuben/Leaf rust/1 (186).jpg,8,ferrugem,128,128,b424e407b814498d3c52e2d1d1287529f07c1b3579f63d5586a3430c94828b9e,8476dd7c795c7aac6cae394693d616c20d4a8b5d0273876365c549c9d18abe36,jmuben-484,treino_auxiliar,0,acima_do_limite_da_classe
jmuben,jmuben,485,data/raw/jmuben/Leaf rust/1 (187).jpg,8,ferrugem,128,128,23fbea58ab0bd7760c41c7d70ed356a3aba5db2f2e873c31ec7599ea5c8c6309,85ee261b7a8a7b55835779cc643115de56a4e2694b3add8d6747b6365032510b,jmuben-485,treino_auxiliar,0,grupo_ja_representado
jmuben,jmuben,486,data/raw/jmuben/Leaf rust/1 (188).jpg,8,ferrugem,128,128,5639cb88cd6c6cd8b75fb2c44e87653ff57af1bdc56e598fd2cd90f2ec687644,925c337721c9c65dbf13347a5b420dd0763463a52cbdd9516b6a2e65dd94c149,jmuben-486,treino_auxiliar,0,acima_do_limite_da_classe
jmuben,jmuben,487,data/raw/jmuben/Leaf rust/1 (189).jpg,8,ferrugem,128,128,692ddf3182be9eb3ea260578e8731d7bee1b8862e01d892838f0d1f22a56d5e4,8482263f693dfc4979cf5f1c2dd5d6a13baac5fa1f40915c4f83f15287a5e001,jmuben-487,treino_auxiliar,0,grupo_ja_representado
jmuben,jmuben,488,data/raw/jmuben/Leaf rust/1 (19).jpg,8,ferrugem,128,128,6f70e8de0a14a0a402e8514466d62815719ae8c39ef14d56bc3d7d7bd4ded581,98c44e73e339189ca386f8cc6d6f4db174b27a993861d4375ad60b583f0c4f52,jmuben-488,treino_auxiliar,0,acima_do_limite_da_classe
jmuben,jmuben,489,data/raw/jmuben/Leaf rust/1 (190).jpg,8,ferrugem,128,128,487d32d4271521bf50a8ebda6de8a6b79f66bd6d4c3b70ad86ad7b9c6cbe2e34,915835827b5286da3af5d12540af263f81e51b1b34f977436c6a6b89ce6279e4,jmuben-489,treino_auxiliar,0,grupo_ja_representado
jmuben,jmuben,490,data/raw/jmuben/Leaf rust/1 (191).jpg,8,ferrugem,128,128,b4bfb3c63288fe3ae6627503096fa165934774186bd5576e69671d11072fdee8,915b3d077a54849f3ab5f36d44aa2eb28ded1b5014fa4140446a6899ef3ed9ec,jmuben-489,treino_auxiliar,1,
jmuben,jmuben,491,data/raw/jmuben/Leaf rust/1 (192).jpg,8,ferrugem,128,128,041c8686810423ea3dfbeb0aaf645044710635772f1a81c25d054f47a9b4c035,9156c2a072157b683aad4c9555aad11d8fc8e5ef3df2bcba44589e64ea740636,jmuben-491,treino_auxiliar,1,
jmuben,jmuben,492,data/raw/jmuben/Leaf rust/1 (193).jpg,8,ferrugem,128,128,d13763e9fd731ad778fcc3812b5e35bfc3d03d27a47296d9f53c051ea2114b2d,927a336e65d1f65db73360ea4b9224b4422509b9b42d43e2ec8c91915f79eaab,jmuben-492,treino_auxiliar,0,grupo_ja_representado
jmuben,jmuben,493,data/raw/jmuben/Leaf rust/1 (194).jpg,8,ferrugem,128,128,5faf148ff12b1be53d53df5c6d33b2b27c14032c7ba9f281020ff81e429e4274,915b35267b52d4591a95b364d0ad6aa3a5759be50a3b95f557024eea22998e6a,jmuben-493,treino_auxiliar,1,
jmuben,jmuben,494,data/raw/jmuben/Leaf rust/1 (195).jpg,8,ferrugem,128,128,652bc90f3f6830e093a71de991c1a7af708ef62614504243a57e2804b385d203,980436936daddc27c2693d2bd299ca522b4c3606e47badf6bf4a94abd198ce03,jmuben-494,treino_auxiliar,0,grupo_ja_representado
jmuben,jmuben,495,data/raw/jmuben/Leaf rust/1 (196).jpg,8,ferrugem,128,128,ee631d4c2a0641c449b97b68661ceba1d7d57b80ac22244d5be044089aa7b01a,982d36b26da9d824c6493d6a919bdaa36a5d260470336df5ab56bc6bd198ce13,jmuben-494,treino_auxiliar,0,grupo_ja_representado
jmuben,jmuben,496,data/raw/jmuben/Leaf rust/1 (197).jpg,8,ferrugem,128,128,17d2ceec46534f507bdcc8b4e55bd31d0b205c78150f2228fa42459e091934f0,912936b7794bd82cc6db395ad3b2daa42e992404e0f6ab45ae5615cac7311cee,jmuben-496,treino_auxiliar,1,
jmuben,jmuben,497,data/raw/jmuben/Leaf rust/1 (198).jpg,8,ferrugem,128,128,2e6c376d86e0f68277eadabdd76bf71bd816430024043bf994c88e703e6b0158,84f1bc67142b73a861ee947ab3e6ec4e262893edd8c56943254d9f2cca300bde,jmuben-497,treino_auxiliar,0,acima_do_limite_da_classe
jmuben,jmuben,498,data/raw/jmuben/Leaf rust/1 (199).jpg,8,ferrugem,128,128,7f10f84bd9f2104f9a8676118c9b9cb1e0fc753d61a8581296d518d0c941bc44,842e16a157adf9e7dc239b2e69e2670e19cafc88258d93d36f58606036a4eb99,jmuben-498,treino_auxiliar,0,grupo_ja_representado
jmuben,jmuben,499,data/raw/jmuben/Leaf rust/1 (2).jpeg,8,ferrugem,128,128,15b89ff49901199552a383aa653151201942f657f26a9de365ffe45504108791,808c3ff77840dbcf801296bb3d60c10d7bffc3007cdfd0aa51a5d7f13102c67c,jmuben-499,treino_auxiliar,0,acima_do_limite_da_classe
jmuben,jmuben,500,data/raw/jmuben/Leaf rust/1 (2).jpg,8,ferrugem,128,128,0e25a3646e24339d701eed8442f6bc07a030acea6b09d8c95c26d33cd6561a6a,82a07ab92fc7b754d3da4aa06ab869cd3c259715c1c5c4726cbaba857ad5931c,jmuben-388,treino_auxiliar,0,grupo_ja_representado
jmuben,jmuben,501,data/raw/jmuben/Leaf rust/1 (20).jpg,8,ferrugem,128,128,8a350b56102039ae2bf7700b1669e60008f94054a818fd4724b72c37ac95538e,99804c67e73319bda31cf8c82f6e31a730b41ad31c6d5eb52b53a118778c55ea,jmuben-501,treino_auxiliar,1,
jmuben,jmuben,502,data/raw/jmuben/Leaf rust/1 (200).jpg,8,ferrugem,128,128,62b9e3b36c081ad4f77a19af728b5bb9369ee55e6c3e9afc76137a9c63f6dd48,845c49df16bc8c6264f32bf69bb9239c2625fc80da721187606dcb5bdf953426,jmuben-502,treino_auxiliar,0,acima_do_limite_da_classe
jmuben,jmuben,503,data/raw/jmuben/Leaf rust/1 (201).jpg,8,ferrugem,128,128,df3ba693ffe03a4cc2b2b508065dce39660bd69332a9e30c74d28ea7635e1fec,8603696513db873c7e382079999c18c727937ee6cd3d51e830d16526c546bbcf,jmuben-503,treino_auxiliar,0,acima_do_limite_da_classe
jmuben,jmuben,504,data/raw/jmuben/Leaf rust/1 (202).jpg,8,ferrugem,128,128,9ecfc308e6f3ef478810536379e26cf97d8f9c4f6c0ebbfe4845fab318e9262f,847d5dce3aee86aa9167c2a16c25fab454b26dd65b1b675648e09898b6165c69,jmuben-504,treino_auxiliar,0,acima_do_limite_da_classe
jmuben,jmuben,505,data/raw/jmuben/Leaf rust/1 (203).jpg,8,ferrugem,128,128,3d65e7d9541fd924e8e196cef99c07c22cedfa101ad08677e887a2c719e75d53,94765cee1ae7862b8171e2b16c94dad24cda2b4713196572c8e8be9b36335c69,jmuben-504,treino_auxiliar,0,acima_do_limite_da_classe
jmuben,jmuben,506,data/raw/jmuben/Leaf rust/1 (204).jpg,8,ferrugem,128,128,96f24429621150a8e21ae428fe4529f4567a2cea5fad5431a039c319d4db4e56,81d1262e3b88db339f5c79116c6a0f56f5a596725a38498b4fcd2664a2b5c397,jmuben-506,treino_auxiliar,0,grupo_ja_representado
jmuben,jmuben,507,data/raw/jmuben/Leaf rust/1 (205).jpg,8,ferrugem,128,128,afe9ed2e7d667ea215a444a2838e13fb572b335d139dd1b60caf0961815060c0,8315f33e723e0d3a9eb28d514bd5c555e35a5b7654ceac834c349269a1ca399a,jmuben-507,treino_auxiliar,0,acima_do_limite_da_classe
jmuben,jmuben,508,data/raw/jmuben/Leaf rust/1 (206).jpg,8,ferrugem,128,128,b6604164575302a21519dad2da74071cb0a8ae0355700ac990dff0201ba20848,8328f26c767c2936b4268d224baac7b5e3755ae475ceed9658259269a0d529bc,jmuben-508,treino_auxiliar,0,acima_do_limite_da_classe
jmuben,jmuben,509,data/raw/jmuben/Leaf rust/1 (207).jpg,8,ferrugem,128,128,823fc9aaea4af6e4b079e7ddf894bf4129ac9ee8ffea9bd477902466bacbbb96,83280d93767df4c99d26325d4baa180a72f5ad32f59ab7da5a63592829b4e8c5,jmuben-509,treino_auxiliar,0,acima_do_limite_da_classe
jmuben,jmuben,510,data/raw/jmuben/Leaf rust/1 (208).jpg,8,ferrugem,128,128,abc03f9b79c3246a9c449e5a00079caf1a64951614f9201aaf25d97e7ab87373,83892df2726d9ca2635c4b8b9d5ae7555cac5a74ac13b5da92695da42996d445,jmuben-510,treino_auxiliar,0,grupo_ja_representado
jmuben,jmuben,511,data/raw/jmuben/Leaf rust/1 (209).jpg,8,ferrugem,128,128,7e8b2078125f8e963a9e866a172c53e729ae1a91311faca168f68f8f11e7977b,817c7b3e3d02c1fb389e8d44161a9e1e7368b6d683c130ebb037c17a1ecde10f,jmuben-511,treino_auxiliar,0,grupo_ja_representado
jmuben,jmuben,512,data/raw/jmuben/Leaf rust/1 (21).jpg,8,ferrugem,128,128,96a25a4248e8487c3c412f324474a4a4be00fb713bcbf4753dd180ac3385a6f9,99884c67e73319bb271cf1906f5c4de370a6719220cbb46a5ea54af32e197a55,jmuben-477,treino_auxiliar,0,acima_do_limite_da_classe
jmuben,jmuben,513,data/raw/jmuben/Leaf rust/1 (210).jpg,8,ferrugem,128,128,470adddc689a5168435d0e95dad89ca8a4ea8e06689b3816e752ceb37f371b44,811745493be135ffd2beba005c5270be727d9279cdac1a343c50f19ae00d1f5e,jmuben-513,treino_auxiliar,0,acima_do_limite_da_classe
jmuben,jmuben,514,data/raw/jmuben/Leaf rust/1 (211).jpg,8,ferrugem,128,128,fd30ab0149b8a163f83547450f9ac73ff2f9eaece645103b06c74340d90050f3,8c654b6669a6bd962d95872c134a14d9807bb9356a4d6d277d32b70d76d6340b,jmuben-514,treino_auxiliar,0,acima_do_limite_da_classe
jmuben,jmuben,515,data/raw/jmuben/Leaf rust/1 (212).jpg,8,ferrugem,128,128,b5d6a293b2d3948e958c27b6dbe344e5afbab1f40fc7c2a2d06eb2480110ee36,81156b913ffdc03d38408df627ea8f43652e32dbc1fa22efbe10e01a1e6f9816,jmuben-515,treino_auxiliar,0,acima_do_limite_da_classe
jmuben,jmuben,516,data/raw/jmuben/Leaf rust/1 (213).jpg,8,ferrugem,128,128,e97d0bf45b521e1cfffae510c2956d1ed424ebae185be22c6a9488dcbe8ff017,80d22d354a4deea639ac52b5da59c0b455b5f07a3765594d05b9de5a9740e49e,jmuben-516,treino_auxiliar,0,acima_do_limite_da_classe
jmuben,jmuben,517,data/raw/jmuben/Leaf rust/1 (214).jpg,8,ferrugem,128,128,f50708462a74c3e4fc2d20c063460dca43a205c671bccbcb64eacaa3c4d43251,85d5648a6a4e9716262958dc5c9a3b30d5d19eed699d624644e394ec39be3357,jmuben-517,treino_auxiliar,0,grupo_ja_representado
jmuben,jmuben,518,data/raw/jmuben/Leaf rust/1 (215).jpg,8,ferrugem,128,128,52e04d3f6b212061dce2fc74df1b745ad72a7027026488a7aee848c7c1a741cb,81d5458a6ace9e14272fa24f4cdc3a3873319666ada9eb194b32d64c4cec79b9,jmuben-518,treino_auxiliar,0,acima_do_limite_da_classe
jmuben,jmuben,519,data/raw/jmuben/Leaf rust/1 (216).jpg,8,ferrugem,128,128,a531ee3a5c243919bd15ae09a85b792d2a1691fb298d70ba6e33b96ee58e832e,8515491a6e9896f1246ba6db599110e74367948d888be9336a7c54eccddb35af,jmuben-519,treino_auxiliar,0,grupo_ja_representado
jmuben,jmuben,520,data/raw/jmuben/Leaf rust/1 (217).jpg,8,ferrugem,128,128,9ac230baa44879d30b49e816c475b9b081b6a8e36e9eeb45dc8b12831b565155,81153ef5691aad6b5821db93a64a52effc98542c6f22912e76ccb329cd9bd218,jmuben-520,treino_auxiliar,1,
jmuben,jmuben,521,data/raw/jmuben/Leaf rust/1 (218).jpg,8,ferrugem,128,128,6aa4a6d3f7d1154f7d9b5383a980ce74d7f212764e37a744f3d2646ec3b6d8b1,901737f67e36c25e66413d3a1b58c4cd83bddb2330db0676412dc1b36ccc5c3c,jmuben-521,treino_auxiliar,0,grupo_ja_representado
jmuben,jmuben,522,data/raw/jmuben/Leaf rust/1 (219).jpg,8,ferrugem,128,128,c9ee8b3a8a3d938de083c363fe1e86dd7f64a630ea6d33faa5f8a272bdf83f55,817c3705746d9ec0e69ee8463b71589b85b3c64ff11e25b47ec98762e31c6813,jmuben-522,treino_auxiliar,1,
jmuben,jmuben,523,data/raw/jmuben/Leaf rust/1 (22).jpg,8,ferrugem,128,128,2e74c99192bbdc5fe99e37630de301c9badb0e674d66d3c01bc1e7ce7724f8c8,81ca6c27391d86abcf66e5b83767132e46f2d921be3b3ac8705cc1a1ca6692dc,jmuben-523,treino_auxiliar,0,acima_do_limite_da_classe
jmuben,jmuben,524,data/raw/jmuben/Leaf rust/1 (220).jpg,8,ferrugem,128,128,38c8728f2213b2f052a4ed3d4c1d85a5a805d9d128bf4e0e4fb33c15a14c3b56,803437a46265ced4e6cff9721b504c9b87abc26e71962ef44f69c162699c4cf1,jmuben-522,treino_auxiliar,0,grupo_ja_representado
jmuben,jmuben,525,data/raw/jmuben/Leaf rust/1 (221).jpg,8,ferrugem,128,128,ed2a6b97dda70c874e805c3248ed084c9bb10d4c7335b1fa5da9a01767c97ef3,817c370564ed9ed0e69ee8463b71489b85b3c64ff1162db57ec98762c11c6893,jmuben-522,treino_auxiliar,0,grupo_ja_representado
jmuben,jmuben,526,data/raw/jmuben/Leaf rust/1 (222).jpg,8,ferrugem,128,128,748bf2e8fab6b0ec0c44c2a00d01b71d2c8f5333e25b68feb88f60add8692292,803fc05a33a5f7db17fc3970f4647c997e44de603eb071124b0b3e2d6c18e30e,jmuben-526,treino_auxiliar,0,acima_do_limite_da_classe
jmuben,jmuben,527,data/raw/jmuben/Leaf rust/1 (223).jpg,8,ferrugem,128,128,ba76bb77991f165ca88a2e3968034f1b2a1b5fd04fa243100745bdadc421f0bc,85154cb822d9946527eb59971866b726f5983be9677036dc3127b3317a244dd3,jmuben-527,treino_auxiliar,0,acima_do_limite_da_classe
jmuben,jmuben,528,data/raw/jmuben/Leaf rust/1 (224).jpg,8,ferrugem,128,128,9f8600760a17f39a5e2b051e0a5973a5f3aa09a4221c0bd54d0fd22e83793943,8515488a6ec89655246da2cb59d31267c32694cbabe16fb14e5c54fe85db33ae,jmuben-519,treino_auxiliar,0,grupo_ja_representado
jmuben,jmuben,529,data/raw/jmuben/Leaf rust/1 (225).jpg,8,ferrugem,128,128,51c479c5b31dc6524b786d4f2847053fa3713bcd9d984f13de85c4c069c073f1,843549336cb394cb2dcaa3d659a512ecc26c9592bb0a6e265e91b59cbf427769,jmuben-529,treino_auxiliar,0,acima_do_limite_da_classe
jmuben,jmuben,530,data/raw/jmuben/Leaf rust/1 (226).jpg,8,ferrugem,128,128,32240e241df408ade45a020d51702745648ced65a0ab7e702c095cc219acfae5,8117499d3fa1d4bef008bc4145fe22698f512da63e83e50b43ef1ee5f990e5a1,jmuben-530,treino_auxiliar,0,grupo_ja_representado
jmuben,jmuben,531,data/raw/jmuben/Leaf rust/1 (227).jpg,8,ferrugem,128,128,af0971cd10241544795e0a365235b566e859ef9e4116a4a5b78878777af84e15,8c66496669a6959e2dd4a7a4536916d9c07bbd377a4e6e073c13b7042656744b,jmuben-514,treino_auxiliar,0,acima_do_limite_da_classe
jmuben,jmuben,532,data/raw/jmuben/Leaf rust/1 (228).jpg,8,ferrugem,128,128,3cdbf39cca2793a0c7317b233f6fc9b9ae937bbe22d53a64d5d59621d3b8e98d,904518fe941a46f7c013e8241d268eb3e66775d8fb9bbec46677d128eca864d4,jmuben-532,treino_auxiliar,0,grupo_ja_representado
jmuben,jmuben,533,data/raw/jmuben/Leaf rust/1 (229).jpg,8,ferrugem,128,128,328565b6526b23f967ce1800fa27bbaf47b5493ecc2f785a62869cee1b888ca2,85b133aea3404dc906c9e2f4f8d61c7fc803ff69f64dbfa26db32680035c692a,jmuben-533,treino_auxiliar,0,grupo_ja_representado
jmuben,jmuben,534,data/raw/jmuben/Leaf rust/1 (23).jpg,8,ferrugem,128,128,6e41c9199f0da4542a17067af64e0c325fdf27bb4e7fc2a8a4b73f5f3e2ea2bc,822f39b11beec9f7283dcc003fb107bcc1d732ec4cc2f9223211c777363b360e,jmuben-534,treino_auxiliar,1,
jmuben,jmuben,535,data/raw/jmuben/Leaf rust/1 (230).jpg,8,ferrugem,128,128,47e7bacd6fc74299504ac9f15c5146a91459594335b3b05de52b812a0a2a2057,9361358bccdc766ce87343d3c3710f9dc71c0d7671d88f41eb1387c09e0e271c,jmuben-535,treino_auxiliar,0,acima_do_limite_da_classe
jmuben,jmuben,536,data/raw/jmuben/Leaf rust/1 (231).jpg,8,ferrugem,128,128,053b995bc9880587e4814898bc763214c9c8f01e3d81f3abdf52652c00737e54,83312ce5667362bd5cc2c72586965d4e5c96b31a25dc6b7349dcf69834696994,jmuben-536,treino_auxiliar,1,
jmuben,jmuben,537,data/raw/jmuben/Leaf rust/1 (232).jpg,8,ferrugem,128,128,cba60ebef5f5a592643e736bc1b349f2c45534977cd94736df0100a942f34120,961c377ed9361d93705399f93998c3dc298cd13ee4f09a5c65648f9338e34261,jmuben-537,treino_auxiliar,0,acima_do_limite_da_classe
jmuben,jmuben,538,data/raw/jmuben/Leaf rust/1 (233).jpg,8,ferrugem,128,128,daea7a42ed1b59a307e7683f7fc4e74552016897859be73b9c90df48360d016b,8dfc7c8c49e49b01733f43735a32aeb6b6a2b6a65de58165ad45a50dd40a526a,jmuben-538,treino_auxiliar,0,acima_do_limite_da_classe
jmuben,jmuben,539,data/raw/jmuben/Leaf rust/1 (234).jpg,8,ferrugem,128,128,65c86f170fc7a15dfa28ff971892d48bcdcb2706f484ccf2e9d6a51a5e98bd5d,83966ba66c409c6b74e3e1a7b3a6cb4e5e5ae65c31914d39cdb392269224d36a,jmuben-539,treino_auxiliar,0,acima_do_limite_da_classe
jmuben,jmuben,540,data/raw/jmuben/Leaf rust/1 (235).jpg,8,ferrugem,128,128,3d9e7d33bf0ba29842cfffedfc9b2110cd26d37429e330157430b88903cc7edf,8dfc6c984be0b303733f4b70aeb6aca434e4d54d494dac5d760a529a5ad26b91,jmuben-540,treino_auxiliar,0,acima_do_limite_da_classe
jmuben,jmuben,541,data/raw/jmuben/Leaf rust/1 (236).jpg,8,ferrugem,128,128,ae4a9062a89c4c9e760900229923ff9430bb2866ec0a9d3f475b1ee59970978d,81d12bd3661c8e2c7478e8d1b1834b6f6b6ea65e5c9c4f9dcf399333d826c024,jmuben-541,treino_auxiliar,0,grupo_ja_representado
jmuben,jmuben,542,data/raw/jmuben/Leaf rust/1 (237).jpg,8,ferrugem,128,128,6e47b2756446694e79cb8fdfff1e11bd7a9bd80c0967bf898e5a28caffde2c83,84f12e51d36d3976e194b3827b33c7313a31f760cc8798c36e0e9d2431ce4ece,jmuben-542,treino_auxiliar,0,acima_do_limite_da_classe
jmuben,jmuben,543,data/raw/jmuben/Leaf rust/1 (238).jpg,8,ferrugem,128,128,ef80c7577da94e593feb6d4d3d1d148bc6706b6d4ec9fea573b2a853f724e348,933034d0ccce3637f5318479e3e8c1ea6386c30f0c3b70fe07e4f198e3f89ee0,jmuben-543,treino_auxiliar,1,
jmuben,jmuben,544,data/raw/jmuben/Leaf rust/1 (239).jpg,8,ferrugem,128,128,aacade449691f69e496da5c9becddea8aef4d20eb420814c7747c019a09c30b7,8d0cd143f6928d25e72bc992f64d7793349c76e519397ac208734ced4f316691,jmuben-544,treino_auxiliar,0,acima_do_limite_da_classe
jmuben,jmuben,545,data/raw/jmuben/Leaf rust/1 (24).jpg,8,ferrugem,128,128,84b583cae9982e29c745914a7fc91b5062c9ef6625264a0b5e6ca97a4e93575f,94961b3fbf19a5b45e0a07da61d15807590788cdf181e5e1ad65d682b56b5bb1,jmuben-545,treino_auxiliar,0,acima_do_limite_da_classe
jmuben,jmuben,546,data/raw/jmuben/Leaf rust/1 (240).jpg,8,ferrugem,128,128,cc7d0ec8e4c7b005eb447e58faa314650a578ebc210794817c480fc3b4b2a148,8b5d3929d4a534a66396ee666626fe16cada74986c889a95e631c84b9999e699,jmuben-546,treino_auxiliar,1,
jmuben,jmuben,547,data/raw/jmuben/Leaf rust/1 (241).jpg,8,ferrugem,128,128,e2e94e10e723e32cbb5c6fbb6e2f1df4acfaa0d3870a1936942fa03b56015797,895d392964b59cb57092c916a1323735f632cb77132be5e34ae7b0dae71344a2,jmuben-547,treino_auxiliar,1,
jmuben,jmuben,548,data/raw/jmuben/Leaf rust/1 (242).jpg,8,ferrugem,128,128,80a9199e6669520f3ad8738f9e80a11d71553b07dfe0644f88298f0b877244c8,84e33cd7624b9f4d606dc594339d734ee4950b32727167789a21f3d34e12dc23,jmuben-548,treino_auxiliar,0,grupo_ja_representado
jmuben,jmuben,549,data/raw/jmuben/Leaf rust/1 (243).jpg,8,ferrugem,128,128,4da5bd7618b84aeefd171a495ed9c6acc4d8c86b1ff288af7a017a667f235b7f,85443dae62969ed478dacdd1a52b3391ff1bc9b81b29e6b04a61b44ab35846b9,jmuben-548,treino_auxiliar,0,grupo_ja_representado
jmuben,jmuben,550,data/raw/jmuben/Leaf rust/1 (244).jpg,8,ferrugem,128,128,23689c54a823eedebc0bb8c38c314b2b68d9bc67a4da6f08a92573a66b98fec2,81453dac60a49e9438de49d4dc4b81fe3e95e49a0d90935bb530cbb71cb8f9ce,jmuben-550,treino_auxiliar,1,
jmuben,jmuben,551,data/raw/jmuben/Leaf rust/1 (245).jpg,8,ferrugem,128,128,86759adc746cedcbf79c516a4635f4060929e6546e17ef0cc898bb76294795a5,849253486a593cb41f2d9f84cf741fde1b5a8c9b66cf321b98cd1f344c5c2366,jmuben-551,treino_auxiliar,0,grupo_ja_representado
jmuben,jmuben,552,data/raw/jmuben/Leaf rust/1 (246).jpg,8,ferrugem,128,128,bbc7c5a5461ead35c75296a3883953169bd9bbff1bd4ebb77fa3d12af05959e1,84915b2e6a496c961e299f8996d4dffb1b4e0a1b8cc7672f72c39ba50e304ec8,jmuben-552,treino_auxiliar,0,grupo_ja_representado
jmuben,jmuben,553,data/raw/jmuben/Leaf rust/1 (247).jpg,8,ferrugem,128,128,3c32504638595871a1dc28d581c4c072c101d1886217b0560c0f64b656475d2f,84a23c97625b9f4b3869c5d5b49923dc7f8ccdac18b472716e5cb361338c6398,jmuben-548,treino_auxiliar,0,grupo_ja_representado
jmuben,jmuben,554,data/raw/jmuben/Leaf rust/1 (248).jpg,8,ferrugem,128,128,b98688a983c173e9e598366e8d38b8b140adcbd199756321fcf5a5d1ab656f3b,85862da662d29e5a3859c5c9bc9923d97f99cda919b0f2b36e700a69b3496399,jmuben-548,treino_auxiliar,0,grupo_ja_representado
jmuben,jmuben,555,data/raw/jmuben/Leaf rust/1 (249).jpg,8,ferrugem,128,128,526deae71b15572cc3aeed2253b4be0e0ce5cb7c805ebe3cfb15863d881a7005,84833cd7624b9f49786dc5d4339c7bdcf584c9bc3a3066790f74b32573884e18,jmuben-548,treino_auxiliar,0,grupo_ja_representado
jmuben,jmuben,556,data/raw/jmuben/Leaf rust/1 (25).jpg,8,ferrugem,128,128,eb7aeff0dd696914a3a47fdb551ad93e246464e71a0f289b2c18bb2ad2e762c5,936472449625a4c51c3370b287de4dae4bf6934c6b3d8966d74dad2d6768548d,jmuben-556,treino_auxiliar,0,acima_do_limite_da_classe
jmuben,jmuben,557,data/raw/jmuben/Leaf rust/1 (250).jpg,8,ferrugem,128,128,31b74f7c81020e5abfea13f5792eae2c64b494040666222e9fb4923fce770c88,85863da662529f5a3869c5cdbc9923dd7f99cd8c19b4f2036e782a61b3686398,jmuben-548,treino_auxiliar,0,grupo_ja_representado
jmuben,jmuben,558,data/raw/jmuben/Leaf rust/1 (251).jpg,8,ferrugem,128,128,6fd04d0bbe3f82767a76845b3817acd3ba9af89f99173be9a6fb3761722f4bd9,949f2d966ff6fea53349d89bd0a3337217b0c68e7224f0b9cde540e71d201f00,jmuben-558,treino_auxiliar,0,acima_do_limite_da_classe
jmuben,jmuben,559,data/raw/jmuben/Leaf rust/1 (252).jpg,8,ferrugem,128,128,6228bdeaf6efaf64a98ef5fdbdc6f3ddc51f2951fee418c8be626ab02717d881,85843dd6725b9e5961e9e781333cf360e42652667647cd6fb006e396cc26b166,jmuben-559,treino_auxiliar,1,
jmuben,jmuben,560,data/raw/jmuben/Leaf rust/1 (253).jpg,8,ferrugem,128,128,ef70cc3e6693861e0f7da79c2359c34e2f130ff19a153897b849a66b84c71fa5,8656399968ce62615a8ad56a96791f3959c9d135b36965954d66cd3454b5356c,jmuben-560,treino_auxiliar,1,
jmuben,jmuben,561,data/raw/jmuben/Leaf rust/1 (254).jpg,8,ferrugem,128,128,0245fcb617eb13e2eb714d7b78025ce79441be76dc0b4d8e3a1cc438bd71bfca,94812d966bf6dba43b6cd883d0a9337b17d9c786720488a9c07770771fb81fc2,jmuben-558,treino_auxiliar,0,acima_do_limite_da_classe
jmuben,jmuben,562,data/raw/jmuben/Leaf rust/1 (255).jpg,8,ferrugem,128,128,49dbe9703f1ee21c195c2b011929fd8c56d1450313834936287d44978660574f,96583f70c9b36cdbeadd0f9cc61e0e6644638ccf390ea7961878e4691cb230e3,jmuben-562,treino_auxiliar,0,acima_do_limite_da_classe
jmuben,jmuben,563,data/raw/jmuben/Leaf rust/1 (256).jpg,8,ferrugem,128,128,bec11979ba15cfaaf72fe7d0ee8bb28e280b060907d6fe5324d8a750e254c1c3,96583770d9b33dd3e0dd8b9cce1c864c4e62c6e30a4f630f0f96d87cc60c9e1c,jmuben-563,treino_auxiliar,0,acima_do_limite_da_classe
jmuben,jmuben,564,data/raw/jmuben/Leaf rust/1 (257).jpg,8,ferrugem,128,128,5f36b3f55b28125069db9ca66eb8ad285533b2a2725a2b6611f80d8670f39363,960d373fd9b31d99744998fc29c6d3ce2dc6d39fe6788e78622087c938316070,jmuben-537,treino_auxiliar,0,acima_do_limite_da_classe
jmuben,jmuben,565,data/raw/jmuben/Leaf rust/1 (258).jpg,8,ferrugem,128,128,0fb6b989884bebc92287b1f2271c29b7b952a6740937bafb2c08cb6f62c54605,94d12f64db266c92c2d90fa9ce188c4c4ce68cd13b3ca73618fde4699f3c31ce,jmuben-562,treino_auxiliar,0,acima_do_limite_da_classe
jmuben,jmuben,566,data/raw/jmuben/Leaf rust/1 (259).jpg,8,ferrugem,128,128,0891b2187ed49c9c89fc4d4a5837fadb56ff1f35958591d56d272c0ea64e20af,96583738d9b33dd3e0dd8bdcc61c86444e23c663094f73870e9ed87cc60c9e9c,jmuben-563,treino_auxiliar,0,acima_do_limite_da_classe
jmuben,jmuben,567,data/raw/jmuben/Leaf rust/1 (26).jpg,8,ferrugem,128,128,b98921830cd6197337db326e7e4198065c64b4f094170193d48e09681867f178,93640dcaadf7b64d4f1843f470a26b404da64d2aad696a3db499b529da1c94f9,jmuben-567,treino_auxiliar,0,acima_do_limite_da_classe
jmuben,jmuben,568,data/raw/jmuben/Leaf rust/1 (260).jpg,8,ferrugem,128,128,9b59713a86cd02928f6d31bc4847b341f66ab49493bb0a68905eba3e5535e3e8,9307359fccd8276ce0730fd3c7010f1966388d6539c1e24f1e37f23e1edc3838,jmuben-568,treino_auxiliar,0,grupo_ja_representado
jmuben,jmuben,569,data/raw/jmuben/Leaf rust/1 (261).jpg,8,ferrugem,128,128,57b4daefaf7630cd2dd3d5e8a1695756f12f95f83124136867d399eb22734723,9307359fccec2764e17307d3c7140e1c7e3c0ce138c1861f3e1f707e1cfc703a,jmuben-568,treino_auxiliar,0,grupo_ja_representado
jmuben,jmuben,570,data/raw/jmuben/Leaf rust/1 (262).jpg,8,ferrugem,128,128,411e6ac4077d85da03a60b3e4d867d386f43032df6099b86f6d943edc02b31fb,970735bfc99934ece0668dd6c747c7570e39c6780de071810749de22e7069e87,jmuben-570,treino_auxiliar,0,acima_do_limite_da_classe
jmuben,jmuben,571,data/raw/jmuben/Leaf rust/1 (263).jpg,8,ferrugem,128,128,fb5ecfb82804e252f4295bb596f7adcd8172b38e47754e245c6f794de31e0e12,91dd4988e631ce62e58cbe00f1cbf0bc3f98f1813f70783f3e60a7d60e820fc3,jmuben-571,treino_auxiliar,1,
jmuben,jmuben,572,data/raw/jmuben/Leaf rust/1 (264).jpg,8,ferrugem,128,128,7c8c2a0f5c37070e8a37dc88456dc0cb109348b9e9773e030deb79eb46b93277,84c5c595bb324766a246d979376984e971b98696b6d4d98a257a986a2399b5e9,jmuben-572,treino_auxiliar,0,grupo_ja_representado
jmuben,jmuben,573,data/raw/jmuben/Leaf rust/1 (265).jpg,8,ferrugem,128,128,f09398545aeaee63a19f0742643ddc01ef2aaeaddbe25d7327374e84c0de51ff,8df679ff06bfd68d7e80a140c176894a318a6d9866c11e65366da475cda69986,jmuben-573,treino_auxiliar,0,acima_do_limite_da_classe
jmuben,jmuben,574,data/raw/jmuben/Leaf rust/1 (266).jpg,8,ferrugem,128,128,2a2e949b788f144ff3d59da2d8691eb8a9e5dac98715efb5eb74179dbec8e09c,81d12bdb662c0e2c7058a9d199c74f2f6225b4de589ace9cb37993334ca564ed,jmuben-541,treino_auxiliar,1,
jmuben,jmuben,575,data/raw/jmuben/Leaf rust/1 (267).jpg,8,ferrugem,128,128,2d96ba11eca1210ae3eeec52980c8ecd8a6f879ef92323e03d2e2e517f821edf,91d129db762e8e267e3ae05ab8d189e14f25e325344e588e6ed4a3599b1bd9a1,jmuben-575,treino_auxiliar,0,grupo_ja_representado
jmuben,jmuben,576,data/raw/jmuben/Leaf rust/1 (268).jpg,8,ferrugem,128,128,2c13396fe11bfdabaa908bade8c5f32dddba2641b61e5899bbe48dc30dc49b33,865e49bb6ac413367111e1ddc78e8e7319cc319ec674b3838636b61c3873b3cc,jmuben-576,treino_auxiliar,0,acima_do_limite_da_classe
jmuben,jmuben,577,data/raw/jmuben/Leaf rust/1 (269).jpg,8,ferrugem,128,128,78e3c708d8ed8d944ad1e50e39a7721f2c0b039232307d3c8c9eb07168ea222f,83346f246c431cfb63a78334931c4e5a665ba5a15da3cea2b6c6964c49da6d9b,jmuben-577,treino_auxiliar,1,
jmuben,jmuben,578,data/raw/jmuben/Leaf rust/1 (27).jpg,8,ferrugem,128,128,e3c5e839d243018cf098aeb7476a1ec8aa7e26766b28a417fd8d069b59df2fcc,96d90d55a59ed67243c9b8549e51a4f5b61f13298e0b5bca6d24ba539d285be0,jmuben-578,treino_auxiliar,0,grupo_ja_representado
jmuben,jmuben,579,data/raw/jmuben/Leaf rust/1 (270).jpg,8,ferrugem,128,128,30f2545fbecb623ed0c61b506d79bc15d6ce76e0c9563f426934db6f6286a10f,900023efce388f0ff0f0e03407efef00e03f0fa8483edfaab020133ff2fef4b2,jmuben-579,treino_auxiliar,0,grupo_ja_representado
jmuben,jmuben,580,data/raw/jmuben/Leaf rust/1 (271).jpg,8,ferrugem,128,128,04b125f2f675233695f128fc47da856f37f9bd59b7c9b31cacd5fba6bb0c7672,8ef674de68f49b80392f61295911eb55ae55b253169bd9a28cb2a522b7a694a6,jmuben-580,treino_auxiliar,0,acima_do_limite_da_classe
jmuben,jmuben,581,data/raw/jmuben/Leaf rust/1 (272).jpg,8,ferrugem,128,128,24d489e0b3e0e879bdca521816d0e7a8eda84fd557d5a5226ab78c80e6d5f32b,900063cfcc398f1ef0c3e03407ffef00e03f8fc0487edbfb9a2010371bfff0a2,jmuben-579,treino_auxiliar,0,grupo_ja_representado
jmuben,jmuben,582,data/raw/jmuben/Leaf rust/1 (273).jpg,8,ferrugem,128,128,eea6c3d2ce0aa453d7ea8808ff7cd02a88928ebf4c2b69df09fdf7990e60b8bd,89560ade9ada3bcaaf4aa93826a954a354ab7445e5a5dfc670154d5d5845a3d5,jmuben-582,treino_auxiliar,0,acima_do_limite_da_classe
jmuben,jmuben,583,data/raw/jmuben/Leaf rust/1 (274).jpg,8,ferrugem,128,128,7ad6a94e1fab89d6226646a1eb376f5b6eac98d3d992bdf9282e771533a947b5,905167cecc738f1cf0c7c02917efef03e0fe0f0248fedae8902912af13fef021,jmuben-579,treino_auxiliar,0,grupo_ja_representado
jmuben,jmuben,584,data/raw/jmuben/Leaf rust/1 (275).jpg,8,ferrugem,128,128,404fb06ba9f24acebdd90292e5c9064f1e20ec66f029c66cc699299a49c9b60e,9b091aa3b2a576a5ee35aa552ac7e54e554c55477558cd6af61c806e7fc050ca,jmuben-582,treino_auxiliar,0,acima_do_limite_da_classe
jmuben,jmuben,585,data/raw/jmuben/Leaf rust/1 (276).jpg,8,ferrugem,128,128,d8549a9dd0e95c7b4d28be6e46a3ed6c012b26e9daaa207b98af880dbbf22fea,89570a5e9adb23a9a72d283d56a154a35748b5458dd51f462555cd45a383afee,jmuben-585,treino_auxiliar,0,acima_do_limite_da_classe
jmuben,jmuben,586,data/raw/jmuben/Leaf rust/1 (277).jpg,8,ferrugem,128,128,bcb8d179fe08efad3495344d0e6e4a96f93452b13f6322036098bb661920656a,89440af5b2963292af5aab722ce354aa55aa554fe12fcfc6f04505757d559235,jmuben-582,treino_auxiliar,0,acima_do_limite_da_classe
jmuben,jmuben,587,data/raw/jmuben/Leaf rust/1 (278).jpg,8,ferrugem,128,128,1cf095b5a82a08c306ae9e5538cb5ebaad32609cd5df9e1c1ab5b8adafef5216,89440abdb2943296af1aab522ae3d4ea55aa55aa710fccabffc600737dd15465,jmuben-582,treino_auxiliar,0,acima_do_limite_da_classe
jmuben,jmuben,588,data/raw/jmuben/Leaf rust/1 (279).jpg,8,ferrugem,128,128,3215c328e360d387fdf2d73b4fd5ccfd468e4ff1daf00a6fde3acb49bc480018,94441d7df44a354ae8aa8aaa2ebb89b146d6995364e59b53e06687b26e6a93b5,jmuben-588,treino_auxiliar,0,acima_do_limite_da_classe
jmuben,jmuben,589,data/raw/jmuben/Leaf rust/1 (28).jpg,8,ferrugem,128,128,3247769739685bd10ab9b73718e64065b12d1710d7071e7083d71574bf77ad60,a9563e878f7d036ae3cfb187d8004fe05fe7c870ac3c001c3c0a7e0ebce3c6f1,jmuben-589,treino_auxiliar,1,
jmuben,jmuben,590,data/raw/jmuben/Leaf rust/1 (280).jpg,8,ferrugem,128,128,1e2a655ef486efa94a176effe7ece3dfd0b3113c450389199bd4010bfbdbcc96,8b451ab5b29432b6ae1eaa522be3d4eb552a55e2750bcdabf70c00667dd85847,jmuben-582,treino_auxiliar,0,acima_do_limite_da_classe
jmuben,jmuben,591,data/raw/jmuben/Leaf rust/1 (281).jpg,8,ferrugem,128,128,b00edaeeb811a027894f62bdf5fe120c8566ad3fed8b6e3aef8b50444c17e0d4,81450cfdb29558957396ce1cab54aa51aa55a9660ef2334e00732fdfdc39a39e,jmuben-591,treino_auxiliar,0,grupo_ja_representado
jmuben,jmuben,592,data/raw/jmuben/Leaf rust/1 (282).jpg,8,ferrugem,128,128,4b1b82809cbde7005ddae12f49843806e1c002a1b7f540726802503775d64e4b,825a0dd2f30a91aa752a5538dd7172299da7b6b0a9308eaffe11b0ed2f39f884,jmuben-592,treino_auxiliar,0,acima_do_limite_da_classe
jmuben,jmuben,593,data/raw/jmuben/Leaf rust/1 (283).jpg,8,ferrugem,128,128,5d2033fa111aabbed7bc927fb44480efd7aa97ff4c83c0cc40dd28125927db68,82591996f22891aa772cdd39d871a251b8a6a20889e73e8df83723ce7e73d8ce,jmuben-593,treino_auxiliar,0,acima_do_limite_da_classe
jmuben,jmuben,594,data/raw/jmuben/Leaf rust/1 (284).jpg,8,ferrugem,128,128,ebe8ce6dd77f8cafef866f4a973c4f1c6648a7b244878b9b95e9dede26900b86,81654cfdb2a55c957297ce8e73168b5caa51a9478cb83bd6b43023dfdc7d1005,jmuben-591,treino_auxiliar,0,grupo_ja_representado
jmuben,jmuben,595,data/raw/jmuben/Leaf rust/1 (285).jpg,8,ferrugem,128,128,45ea702756abd31710f1e34c00a8d019b7b5bfeb14a92632ba541bea2d674727,82590dd3e30a91ce518a7728ddba77695d71b6ef761081e64fb8f83280fa2721,jmuben-595,treino_auxiliar,0,acima_do_limite_da_classe
jmuben,jmuben,596,data/raw/jmuben/Leaf rust/1 (286).jpg,8,ferrugem,128,128,fd1ee96f79229218012c62bcb860971727322dce8a052cb8b5c4e6f122cc6994,86b61badee3d939513196753d96564d75b4695d87424a1cd5f10f86e91812647,jmuben-596,treino_auxiliar,0,grupo_ja_representado
jmuben,jmuben,597,data/raw/jmuben/Leaf rust/1 (287).jpg,8,ferrugem,128,128,4269624b0d27ec219f4cb63a793abf89a141b3863c4d69e149002aed39054f5a,94cdc4bb16c9162c4b646f3668e42f965c6c63d26f6b6b505f6a292035296d3e,jmuben-597,treino_auxiliar,0,grupo_ja_representado
jmuben,jmuben,598,data/raw/jmuben/Leaf rust/1 (288).jpg,8,ferrugem,128,128,864f937c0518e364c3b940b5782a6cf8a2d2b72db8f6abfe088eae7c53493920,90006eff0f55b0020efd4197f0aa2ebc45afd570387f8f8e4954602b2b969f75,jmuben-598,treino_auxiliar,1,
jmuben,jmuben,599,data/raw/jmuben/Leaf rust/1 (289).jpg,8,ferrugem,128,128,878fcf2a0c981ee15008701dff983718f425012039d22eb0b05399388df1b7ff,91515bb9fa8bfab9fc09ef8c4de965f64c35a494659454963496e2da120a32c9,jmuben-599,treino_auxiliar,1,
jmuben,jmuben,600,data/raw/jmuben/Leaf rust/1 (29).jpg,8,ferrugem,128,128,1993b813fd02beb1be251e4df04c890041c546d0b2f2ea1bfd5845c859aa27df,94961b59a594d4e243dbb8d19c04a5fcf61a4b5b4a1d53822965fee0d5295afc,jmuben-600,treino_auxiliar,0,acima_do_limite_da_classe
jmuben,jmuben,601,data/raw/jmuben/Leaf rust/1 (290).jpg,8,ferrugem,128,128,27021756e8fc9a44e6cca6e61090d6b68f8c07c8861e423d07561216fe39c20e,8de9cd7910fe123e5e45efc12f0309cb5b2bea3563f401ecd128f5292f810fc4,jmuben-601,treino_auxiliar,0,acima_do_limite_da_classe
jmuben,jmuben,602,data/raw/jmuben/Leaf rust/1 (291).jpg,8,ferrugem,128,128,eacecb3876eb31e794af3a31602559a8aa2fee7d2275a8872b925072c30d9145,90016ede0558b2ad0e5ff080bebd059a55a0b57eaa55c3f2742cb3e59d55d4b4,jmuben-602,treino_auxiliar,0,grupo_ja_representado
jmuben,jmuben,603,data/raw/jmuben/Leaf rust/1 (292).jpg,8,ferrugem,128,128,5811efa30586ecb6eeeadb1c8f1320436bc74af3d837e0e5df800758e13857de,8dc3360c10feef435067317a2e07d6251f1a0f8562f5d53b01fd2a947c2bd0fc,jmuben-603,treino_auxiliar,0,grupo_ja_representado
jmuben,jmuben,604,data/raw/jmuben/Leaf rust/1 (293).jpg,8,ferrugem,128,128,a0deb174be00f4ca639aab621bb94350339f635a4be998175ddb160b0124510a,80107de21efea5df1ca0c52835673f61c35ce2473eab862960cb647f3e3d805e,jmuben-604,treino_auxiliar,0,grupo_ja_representado
jmuben,jmuben,605,data/raw/jmuben/Leaf rust/1 (294).jpg,8,ferrugem,128,128,dcf0979174b5dd85b6c1e0102458e298418a247db6300e5e1ed0507e1798b93f,90006eff0b57b0ca0ebdf5af35388d7fd1402a500aaec3457469bf8e9957c52a,jmuben-605,treino_auxiliar,1,
jmuben,jmuben,606,data/raw/jmuben/Leaf rust/1 (295).jpg,8,ferrugem,128,128,dad4497aa8723cc8fc48df1062d5e8270735db4a63d3f1bcd685a7464f54da6a,80007c021feca5ff1daec560215f3e42c2d1ea9e3dab9c1a43ce655f3e2b8cdc,jmuben-604,treino_auxiliar,0,grupo_ja_representado
jmuben,jmuben,607,data/raw/jmuben/Leaf rust/1 (296).jpg,8,ferrugem,128,128,1da20cb9a99642405f215cb7d15008a509c779d1c572135c6ccc3439e0947ce9,80147fea1afea1151ea2c7baf5173d60c15cc24728f19e0c8ae9e0437fb8beaa,jmuben-604,treino_auxiliar,1,
jmuben,jmuben,608,data/raw/jmuben/Leaf rust/1 (297).jpg,8,ferrugem,128,128,f8f85b95ae08425718d7910bbfac53cc7d8e8248a8a5e8c199cbd7f67fba12ad,80117f421efea11f1ca24f38f1373d62d97cc24728e79e3d8aa8c0c76e21beac,jmuben-604,treino_auxiliar,0,grupo_ja_representado
jmuben,jmuben,609,data/raw/jmuben/Leaf rust/1 (298).jpg,8,ferrugem,128,128,b0120532c9c0cb50e91e96503562d6c11198793ce7baac978610faab780a2c59,802078051fa9a7f81d2f5c63e37d394f1a43c2987bae3cdb1c16c39c6d763d41,jmuben-609,treino_auxiliar,1,
jmuben,jmuben,610,data/raw/jmuben/Leaf rust/1 (299).jpg,8,ferrugem,128,128,28c582533384654eb703d37f72f2f99ef87b0b98ff97d625d772d424a6848773,80116f401feaa25f30911ea2439be0873da295bcd77ee1c365753f181bfcc457,jmuben-610,treino_auxiliar,0,grupo_ja_representado
jmuben,jmuben,611,data/raw/jmuben/Leaf rust/1 (3).jpeg,8,ferrugem,128,128,1202aa5e2f24a00e5db95c90742be018d0e8c0b20d3d612993cfb161daee4bd1,a0cc7a38c213ffcc2f319d64ff5cf830f474274c1a03875e81f7b9027645b893,jmuben-386,treino_auxiliar,0,acima_do_limite_da_classe
jmuben,jmuben,612,data/raw/jmuben/Leaf rust/1 (3).jpg,8,ferrugem,128,128,2b83ba305b833a3737d500ff6c66725486ea8de59d2238f189abda649b835055,928819e6e4577768d831667f03256cb3729474b666913b48277bb10966e6d373,jmuben-612,treino_auxiliar,1,
jmuben,jmuben,613,data/raw/jmuben/Leaf rust/1 (30).jpg,8,ferrugem,128,128,6c30ae00d21260bc880873fe2962a7b522f4f0fbba0c360ed18ee3edb4595591,a6710b62cc6646cee3ad79a03cf4bdf14de1b8f92478a81c7c16fc076ca10ee4,jmuben-613,treino_auxiliar,0,acima_do_limite_da_classe
jmuben,jmuben,614,data/raw/jmuben/Leaf rust/1 (300).jpg,8,ferrugem,128,128,0ff2ba7e65cddba650816fa6d776eaca4a3f346c5a98023fa21caa5a240a1a57,80116f6a1efba25538c10eea419ff4803da3953ec70b60f375543f9c9a7fc451,jmuben-610,treino_auxiliar,0,grupo_ja_representado
jmuben,jmuben,615,data/raw/jmuben/Leaf rust/1 (301).jpg,8,ferrugem,128,128,811d59075a6af0d8100e7e9f833b893a128890ec6db65fbc5366e7d09b94d9e3,800078011febe760195bc24723d93a9fc2a2e5b83f1e9cf5c39de9ac387f81ad,jmuben-615,treino_auxiliar,1,
jmuben,jmuben,616,data/raw/jmuben/Leaf rust/1 (302).jpg,8,ferrugem,128,128,9d82525fea14c86ad339a4ad55bf3a32ee8180be177ed09ef7df741a5758eed3,90420f3d6ebff12861110a7f72fac0c12e9e6578cfa32e3bc0780fd7652a9ed0,jmuben-616,treino_auxiliar,0,acima_do_limite_da_classe
jmuben,jmuben,617,data/raw/jmuben/Leaf rust/1 (303).jpg,8,ferrugem,128,128,26b86e31f480ea7af40a95cc94f70546865259822db56dcca15ee71328080486,80116e401feae25f38975ea2433ae0873d229578de5ee3c661753f219afcc457,jmuben-610,treino_auxiliar,0,grupo_ja_representado
jmuben,jmuben,618,data/raw/jmuben/Leaf rust/1 (304).jpg,8,ferrugem,128,128,ff85867d5cfa6107ecd9e56ca1e823872f85f0a9ac643889b9009b23c48006b8,89cd4eccc6703a314699708e0dab314dc3cc3915c63df1e3c79e31c61cf163e7,jmuben-618,treino_auxiliar,0,acima_do_limite_da_classe
jmuben,jmuben,619,data/raw/jmuben/Leaf rust/1 (305).jpg,8,ferrugem,128,128,3916280606e72a576fa1ee14944379172bdbf014c6b037f39e6e92a593cf27d9,89994ed9d6737193458c216c3a59c25c1ca68662b3c73a7c9ce7ce72c71cb8f0,jmuben-619,treino_auxiliar,0,acima_do_limite_da_classe
jmuben,jmuben,620,data/raw/jmuben/Leaf rust/1 (306).jpg,8,ferrugem,128,128,72e215ef19b74114d817e30be40b23e039bcf85b64e83b16155f06463ed77a8f,b6a23018bf5dd166f8b29b99cd4efe9292b96f2de1d798d62124c01d1b4fe004,jmuben-620,treino_auxiliar,0,acima_do_limite_da_classe
jmuben,jmuben,621,data/raw/jmuben/Leaf rust/1 (307).jpg,8,ferrugem,128,128,c078aeac6cdab5157f64f36c7a1f31930c308f8d06ec7b61d98e5a948fc09611,9bed59aca4d97665a2b6349ad41a339bc6ab7247c9d1ce48666633190cc58ce6,jmuben-621,treino_auxiliar,0,grupo_ja_representado
jmuben,jmuben,622,data/raw/jmuben/Leaf rust/1 (308).jpg,8,ferrugem,128,128,a7d5d0743c21327a7ce06ca93fa2166765a9ee7c2b97c3cad798e7f3105af640,9fd61b72ed267c992569a13f82ed363d84dd72199a64649b22631262999926e7,jmuben-622,treino_auxiliar,0,acima_do_limite_da_classe
jmuben,jmuben,623,data/raw/jmuben/Leaf rust/1 (309).jpg,8,ferrugem,128,128,1645331390cef307c945b48170ca9459fd612ed37dd9f4a4339ad5da1a037b77,ab4f1ca096bbccccaf4784a9e7dca376996922d8d8068d46b0c9ebb48597f04c,jmuben-623,treino_auxiliar,0,grupo_ja_representado
jmuben,jmuben,624,data/raw/jmuben/Leaf rust/1 (31).jpg,8,ferrugem,128,128,004f48f4b13f88f873c5fa064eea94ef8686dbbf6da2da1f868a4918c158822c,a2a23563fc8f1cbfec67867783e4087e30338431d8199e0cf7c833cf23e63872,jmuben-624,treino_auxiliar,0,acima_do_limite_da_classe
jmuben,jmuben,625,data/raw/jmuben/Leaf rust/1 (310).jpg,8,ferrugem,128,128,714d512cc869fda8b738fbd21f2c95944740976159ed17d15ed7753809d4e765,9fe759a4e48c776dcf362292d4a6941a399986ba32c69c9798c9ce6333192719,jmuben-625,treino_auxiliar,0,grupo_ja_representado
jmuben,jmuben,626,data/raw/jmuben/Leaf rust/1 (311).jpg,8,ferrugem,128,128,d881a96340344344a58c4ee72309c82a5dd572a42239a12943ea2d54931d457d,a966e10f96dd12b9b531bf22030667de065d21ed07298da24f1ac1557af5f325,jmuben-626,treino_auxiliar,1,
jmuben,jmuben,627,data/raw/jmuben/Leaf rust/1 (312).jpg,8,ferrugem,128,128,6bf4263b432283f75280986db30be23becc53419f2322335a70976c69440505b,a9231edd92dcec22b539d4d461ab993194641243df8307a47956478b1aa56bff,jmuben-627,treino_auxiliar,0,acima_do_limite_da_classe
jmuben,jmuben,628,data/raw/jmuben/Leaf rust/1 (313).jpg,8,ferrugem,128,128,c61cfe9467232eb346901d54c54c3806cae07ca4e7a3b117e822abc5bc65175f,ac915d5e934aea21b595954ee22be0a58cdcfc133123fc4c87d49c3bfd29862c,jmuben-628,treino_auxiliar,0,acima_do_limite_da_classe
jmuben,jmuben,629,data/raw/jmuben/Leaf rust/1 (314).jpg,8,ferrugem,128,128,965367d1868dbcc8497ce9fc8953188975d11bef51b899b393c3926130fe8151,ac941747d223f794174a6a210fd4476b63e0efce3033fd2c865cd43bc0ecc9f0,jmuben-629,treino_auxiliar,1,
jmuben,jmuben,630,data/raw/jmuben/Leaf rust/1 (315).jpg,8,ferrugem,128,128,86ca5ac2a5b40a3fd43999434e2a762a5fd4bc21d46c7a07a7e2ee411382456e,a9a35d51965ccaeaed239555e6cae3ab9c91f8b4234ed80b8f851064f94a84db,jmuben-628,treino_auxiliar,0,acima_do_limite_da_classe
jmuben,jmuben,631,data/raw/jmuben/Leaf rust/1 (316).jpg,8,ferrugem,128,128,39f6cc8795aa4f8937e59f8ae248463f89677c6d5ebba34e8cf6df1fa8e05b7b,9ff748b6cc8626ecdd246733194b66d2cc33326bcd8c673833266513318ccce3,jmuben-631,treino_auxiliar,0,acima_do_limite_da_classe
jmuben,jmuben,632,data/raw/jmuben/Leaf rust/1 (317).jpg,8,ferrugem,128,128,2c42e54f9694d666c35612918e4aa2943b5eafda3e7217ba442988d739325884,8f734893dcc3a24c58b667b359a9256ae353c6333a65ccd3e70ccc226739318e,jmuben-632,treino_auxiliar,1,
jmuben,jmuben,633,data/raw/jmuben/Leaf rust/1 (318).jpg,8,ferrugem,128,128,c6b32b6fb2c6a7fa56689664ea3ee981b670fdd819b70adec62a68cd56bc6ca1,85534727f317196e52662af31f91d1a30be9661df270388731739e18c3c37993,jmuben-633,treino_auxiliar,0,acima_do_limite_da_classe
jmuben,jmuben,634,data/raw/jmuben/Leaf rust/1 (319).jpg,8,ferrugem,128,128,6f15127272934655f109dc96b33c195c5e37b96959af6a6614d664c983e05e55,9ee4a612a49389b40ad6cd69909b6db5331b73123244b6ffc7639c3333326667,jmuben-634,treino_auxiliar,1,
jmuben,jmuben,635,data/raw/jmuben/Leaf rust/1 (32).jpg,8,ferrugem,128,128,af73329e694d6c2e54d56b3d1afeec6814c6a6b1faf063c2b12e4ab8e8388aca,a2b13539de830e9fe63183f850b77c1df698c08efbc203e731f720f03158b90d,jmuben-635,treino_auxiliar,0,acima_do_limite_da_classe
jmuben,jmuben,636,data/raw/jmuben/Leaf rust/1 (320).jpg,8,ferrugem,128,128,03592d91cf71898b8902e7dfccd576e2b75457ad3fb08c8fa667aba1517a110a,85464e4cd33251995286b8b79d3bc31b1cb1d571398f0d1ac7e3cb99718e38f1,jmuben-636,treino_auxiliar,0,grupo_ja_representado
jmuben,jmuben,637,data/raw/jmuben/Leaf rust/1 (321).jpg,8,ferrugem,128,128,98c555219cd3ad570b1c57e11c874d6e5554fa147860bb6ca784966531d477c0,a3487006b4a6cd91e85cbfaec19fe755916e029b17b5d17d8d1b0399c8750fc8,jmuben-637,treino_auxiliar,0,grupo_ja_representado
jmuben,jmuben,638,data/raw/jmuben/Leaf rust/1 (322).jpg,8,ferrugem,128,128,266be75f81372c2f82bb67ae32ee7c098bcae9a02369512cb0c878f88ff5ac02,9ecd59a9a5b776de0ae432b6909a12423232cccd731dc967666665393336d998,jmuben-638,treino_auxiliar,0,grupo_ja_representado
jmuben,jmuben,639,data/raw/jmuben/Leaf rust/1 (323).jpg,8,ferrugem,128,128,7f06781e824560109d1d1af9c3736d85a09baf6304056734fe5889ac54f72538,9fcd5bc9cdf36452c84d2fa531bc8da133349f3284cc369999ac92a6cc986666,jmuben-639,treino_auxiliar,0,grupo_ja_representado
jmuben,jmuben,640,data/raw/jmuben/Leaf rust/1 (324).jpg,8,ferrugem,128,128,4b438146d17eb761a8e6746e2563c493024042825308c5c757842e4c6eaeafa2,a8b15d50965eeaa3e5b59518c66ae1ad9191fc90336e9849cdd59472f820e6ed,jmuben-628,treino_auxiliar,0,acima_do_limite_da_classe
jmuben,jmuben,641,data/raw/jmuben/Leaf rust/1 (325).jpg,8,ferrugem,128,128,e963c85afbdebb186119b286c9f86a0421457d333171b89d9a59db12e2b84d36,9ecd5bed8db96453d84b6e643bb44cadd9cc7311c9316666339824249332cdcc,jmuben-641,treino_auxiliar,0,grupo_ja_representado
jmuben,jmuben,642,data/raw/jmuben/Leaf rust/1 (326).jpg,8,ferrugem,128,128,6de187f73a1d0457ae6ec28f4565163e7814919e178866d76b7cfa330ed9ccc9,9fe65baecdbc2689d96d6f643b566695c4e670425998cd2332586d4c33329909,jmuben-642,treino_auxiliar,0,acima_do_limite_da_classe
jmuben,jmuben,643,data/raw/jmuben/Leaf rust/1 (327).jpg,8,ferrugem,128,128,7769ba100ccafce19edc50705c8c3a249d2931254731f38d46c28873336632f7,9eed5beccdb9664bd84d6f643b96c4b599e433138930266633982ca69113cccc,jmuben-641,treino_auxiliar,0,grupo_ja_representado
jmuben,jmuben,644,data/raw/jmuben/Leaf rust/1 (328).jpg,8,ferrugem,128,128,265c859957077276cfb5ad653d162c78b7d35431460d4543d143f7bc0c337acb,acd44dfe932bea35e5d495cac32b6230e0c48ecf30b13835cd5687789c39b6a4,jmuben-644,treino_auxiliar,0,acima_do_limite_da_classe
jmuben,jmuben,645,data/raw/jmuben/Leaf rust/1 (329).jpg,8,ferrugem,128,128,326bae4c8661009d36b63b5cd3fd2e8ab26f490a2e872110eb7e43406f56b5b5,830403649f61c9c9e8c2a1512cd12cdbfd8754ceccc39d937b0f860ddd9b17eb,jmuben-645,treino_auxiliar,0,acima_do_limite_da_classe
jmuben,jmuben,646,data/raw/jmuben/Leaf rust/1 (33).jpg,8,ferrugem,128,128,ab36b406639279593829007a1a012bf09f5777f5ac577eef9e1268aeff2e59b1,b7553326b4f2853bfb1379d4c63d5e05cfa043f600fd4ea6872b007f001de1c9,jmuben-646,treino_auxiliar,0,acima_do_limite_da_classe
jmuben,jmuben,647,data/raw/jmuben/Leaf rust/1 (330).jpg,8,ferrugem,128,128,9aafc8aba79a44bc9286900edf5fe5eb1d10050a170720ce609f01f459243ff9,800b2bfe1cbbb01d337d33fa37c6e70d270f265e2ef02ec11fc01ac713c44ec1,jmuben-647,treino_auxiliar,0,acima_do_limite_da_classe
jmuben,jmuben,648,data/raw/jmuben/Leaf rust/1 (331).jpg,8,ferrugem,128,128,807e76e5eb6563d3277c7f55c138eb72d8b5e8ac433a41fadad7d558b737766b,80170fda1c2a746c6bf8352b8957b2a44d68d2b72dabb2502da592a363a5dadf,jmuben-648,treino_auxiliar,0,acima_do_limite_da_classe
jmuben,jmuben,649,data/raw/jmuben/Leaf rust/1 (332).jpg,8,ferrugem,128,128,89494959230aa22d93c1648c41b778e35a34315b5bd12e633235c098683e770d,800563a80ffd91e63d089c1bca361e151c3f98781dc2af239ed39e2f3b0f1c7d,jmuben-649,treino_auxiliar,0,acima_do_limite_da_classe
jmuben,jmuben,650,data/raw/jmuben/Leaf rust/1 (333).jpg,8,ferrugem,128,128,c8270bc5c6b4fafb61ab75e44d8e71a4e6fcfc22e97bbede9f8d9d755a799956,84021d774fec7c0951f7fa1b3ce91e94f320783fa7113cf71c02c2f83d03e383,jmuben-650,treino_auxiliar,0,acima_do_limite_da_classe
jmuben,jmuben,651,data/raw/jmuben/Leaf rust/1 (334).jpg,8,ferrugem,128,128,b6baebdac784822380631f28a33c1a7d2aaa85effb22ef8a72179586dc862d99,801f628a4fc993e465863c0bea5f8e371e1d8e3f58781ddc653ec7d0cea0e306,jmuben-651,treino_auxiliar,0,grupo_ja_representado
jmuben,jmuben,652,data/raw/jmuben/Leaf rust/1 (335).jpg,8,ferrugem,128,128,07079dd38430feeda774ab0c6e0e7865ed79614a814a9b4a7f695965a4c9e7b9,8080368466f5e80b98089e85714540f40af78fd7b5127c3b7d3b60ffd0cde7dd,jmuben-652,treino_auxiliar,1,
jmuben,jmuben,653,data/raw/jmuben/Leaf rust/1 (336).jpg,8,ferrugem,128,128,6d826a97f23cbf37966b94e39abfe017db5158ef945b1d3afd9fe33f3fcfd3e3,807f1d444f83601f43e4f8763dca1435f1e3787a2e2739e8869773f0331ec2e4,jmuben-653,treino_auxiliar,0,acima_do_limite_da_classe
jmuben,jmuben,654,data/raw/jmuben/Leaf rust/1 (337).jpg,8,ferrugem,128,128,2750ea112ca185bea0ddc7dcdd47b702092d5b4374f8b37d8ec32bdb3c6a5aed,818236c07ef5e86f98089ea4b74140524af78fd5ad41bc3b782b64bbdac5e65c,jmuben-652,treino_auxiliar,0,grupo_ja_representado
jmuben,jmuben,655,data/raw/jmuben/Leaf rust/1 (338).jpg,8,ferrugem,128,128,b170440be46fd1dccfab47a73d8dcb9d01518ee01bb7305bc63c9a9d1426d844,802c343e7c0bc08bb2c6984a809f43ae5f8f9a2faa7ee9fc715579fd129286b2,jmuben-655,treino_auxiliar,1,
jmuben,jmuben,656,data/raw/jmuben/Leaf rust/1 (339).jpg,8,ferrugem,128,128,2ed9525d711b9a14c26b1f3a6971ff898697912b058a0e0e62d092394bf315f1,8016c97f7ee0171f987163dfe044bc2a0be070efac578394792a9f40d2dd59aa,jmuben-656,treino_auxiliar,0,grupo_ja_representado
jmuben,jmuben,657,data/raw/jmuben/Leaf rust/1 (34).jpg,8,ferrugem,128,128,f22d60fd08e4602189829e504f1d02732d259b52a68f6125e3f7e7d5d4d3b556,a59534b49e5290da76eb1f3907c606d2460873c7c0f3367a136cdd320e9e96cf,jmuben-657,treino_auxiliar,0,acima_do_limite_da_classe
jmuben,jmuben,658,data/raw/jmuben/Leaf rust/1 (340).jpg,8,ferrugem,128,128,68bcd65563962b86856310d4160777b28d8559c63854217832f2c143836083ef,93837c2d6668941f582dcefa9bb5ab90ff977e70df80f8c39b80a4090a07193c,jmuben-658,treino_auxiliar,0,grupo_ja_representado
jmuben,jmuben,659,data/raw/jmuben/Leaf rust/1 (341).jpg,8,ferrugem,128,128,0dfffd1361c8287d82241864f72088143fd400c34a05506990590e8dee96ec12,80eb343fd81f839fb2dc88fa4fb87f1db875a9e0638046120c308cb7acfd3a51,jmuben-659,treino_auxiliar,0,acima_do_limite_da_classe
jmuben,jmuben,660,data/raw/jmuben/Leaf rust/1 (342).jpg,8,ferrugem,128,128,fe7176181ec60eb3901c3ba3a0eb212fb03831d034a0907c4b4b9add749133ed,9f837629c6a698adcb80bb05ec5602e6c39f28768f71ffd3fb01ac02a03cc4c7,jmuben-660,treino_auxiliar,1,
jmuben,jmuben,661,data/raw/jmuben/Leaf rust/1 (343).jpg,8,ferrugem,128,128,87762ac1df7122dea9a65861a070035718c22780b103c22d34769a7dabe65e47,97837429669a98afcb90bba1fa1c546252e0c18f287e0e2c00f7dbdb4fcb3b38,jmuben-661,treino_auxiliar,0,acima_do_limite_da_classe
jmuben,jmuben,662,data/raw/jmuben/Leaf rust/1 (344).jpg,8,ferrugem,128,128,69de1e87ccac8c987ee457ad3f246d71aa891856144fc7d6cd2e5bb717464a5a,933373bbd70912ae9443a9715b8ae5763a48e8a366629e920dacbc46b4b7e551,jmuben-662,treino_auxiliar,0,acima_do_limite_da_classe
jmuben,jmuben,663,data/raw/jmuben/Leaf rust/1 (345).jpg,8,ferrugem,128,128,00e246c03b35c839a77f450b84c70a718770e936b4608851c86e3830326f8d86,9ffd3a609695c41b4f89b0a9d92864f54746b5bd241167e2a94e3c5c6a3ad1c3,jmuben-663,treino_auxiliar,0,acima_do_limite_da_classe
jmuben,jmuben,664,data/raw/jmuben/Leaf rust/1 (346).jpg,8,ferrugem,128,128,963238753bd899b9c7b8a5e149ef61736fc65b42cc44024776766173fcbee60b,93b41b33b2d557cd06a69caf4c94633c94e7364ee13aa5723ba270ecca392b41,jmuben-664,treino_auxiliar,0,acima_do_limite_da_classe
jmuben,jmuben,665,data/raw/jmuben/Leaf rust/1 (347).jpg,8,ferrugem,128,128,e4cb767be3f77a605e030423302ca7c9ff920b5d825ebaebc3cf1814292d5503,a5b61a2cc7c1c49a8a32fbafc3209e96a342d79ba2df3dd1a336314cb05d44d3,jmuben-665,treino_auxiliar,0,acima_do_limite_da_classe
jmuben,jmuben,666,data/raw/jmuben/Leaf rust/1 (348).jpg,8,ferrugem,128,128,f3727b8a020f2d45be7df06481464f7cc1bd9a5abec7cab982344f9b2f20a8f8,91df19999a6af344406ab2379ca16a45619ddd551dc27ac6d45cd75825e17473,jmuben-666,treino_auxiliar,1,
jmuben,jmuben,667,data/raw/jmuben/Leaf rust/1 (349).jpg,8,ferrugem,128,128,b1568b037787801f7f302d8299acd6f97a6302ae5019eef2ea3e673d5b0c96f7,966d5c7fe02c3c1f72028d5775827acb2bc0edd9c52ce2aea15c653c833cb2a4,jmuben-667,treino_auxiliar,0,acima_do_limite_da_classe
jmuben,jmuben,668,data/raw/jmuben/Leaf rust/1 (35).jpg,8,ferrugem,128,128,5ec0089076f7a7fa1461bca50db14b0218cd4ce7abc7c3a22196b68925cb1b2d,b08a0af2de26e05fcc443c6e2635d735599cbb940806cb336987bf9b0f6ecc85,jmuben-668,treino_auxiliar,0,grupo_ja_representado
jmuben,jmuben,669,data/raw/jmuben/Leaf rust/1 (350).jpg,8,ferrugem,128,128,bd2f2246ba10c1a6d7720176a9d75442d261a413e52b96174cdfdc7df0106afa,93971b99925451c522b79ca54ed6711ed4d036c2f00eb53a2babf0afce1d2b68,jmuben-664,treino_auxiliar,0,acima_do_limite_da_classe
jmuben,jmuben,670,data/raw/jmuben/Leaf rust/1 (351).jpg,8,ferrugem,128,128,e8e2f307fc0b4006dcc7cb25ece8127576b7f286d8a40c8cebd32c75ed8e8813,8076627c29fdbabbfb3374d07669f907fc4c19265ed5fb6028a34f006b80c145,jmuben-670,treino_auxiliar,0,grupo_ja_representado
jmuben,jmuben,671,data/raw/jmuben/Leaf rust/1 (352).jpg,8,ferrugem,128,128,d301370dbd0c4bb0a4d4a39b717c77311240979bec4596d9be0ad95fb066fbcc,933b739d5446ae14688fee2716a835bab5e0f8a9e33b518ed2707174e187e403,jmuben-671,treino_auxiliar,0,acima_do_limite_da_classe
jmuben,jmuben,672,data/raw/jmuben/Leaf rust/1 (353).jpg,8,ferrugem,128,128,4b4b82466858f267c3aeea5f59f7063f36bd4eaae335fdd72be865842d851e80,80fc6ae97bb8f6b672247d83f04af93f78d81f2cde83ab440c465603c38a8578,jmuben-672,treino_auxiliar,0,acima_do_limite_da_classe
jmuben,jmuben,673,data/raw/jmuben/Leaf rust/1 (354).jpg,8,ferrugem,128,128,e6f758e51f7618928da52f4bec7a28f5072fd5c742ee2da75a410edf8651f09c,877b3aff1fceb404476c45c3b6ccb1183d356565cbc4889d3e19629890d3906f,jmuben-673,treino_auxiliar,0,grupo_ja_representado
jmuben,jmuben,674,data/raw/jmuben/Leaf rust/1 (355).jpg,8,ferrugem,128,128,938bffcd3c3662a5c767cb002e46262f8b931d5f7843f4cf5f3a1c62d9a43e34,88e86ee97b20f6f472257d93f05af93f70d911687c83e3491c4e5e07d603845a,jmuben-672,treino_auxiliar,0,acima_do_limite_da_classe
jmuben,jmuben,675,data/raw/jmuben/Leaf rust/1 (356).jpg,8,ferrugem,128,128,fb845722fc0da445a34a539346d477556c2414935f2ec2af3ce31225c84dfb02,8f7f32fe1fdea00156684547d688b1113d206567d7cd898c1c1966b1f39392de,jmuben-673,treino_auxiliar,0,grupo_ja_representado
jmuben,jmuben,676,data/raw/jmuben/Leaf rust/1 (357).jpg,8,ferrugem,128,128,fa5f36510deadaa344b5ff4d53fcde0785d28443485983d86114129295d7c945,807664746bdc89fff33b1bb046f8f321ec91f84829a65e49f1d490cf24173992,jmuben-676,treino_auxiliar,0,grupo_ja_representado
jmuben,jmuben,677,data/raw/jmuben/Leaf rust/1 (358).jpg,8,ferrugem,128,128,0f311480cc489367ee38400c1f4479760ef8d63a94c8e4e3c452652a3d0a5285,92f9645f4e21f1b0ea1e1cd623cd166fa225dc32fa157af32e83bc088d31ca69,jmuben-677,treino_auxiliar,0,acima_do_limite_da_classe
jmuben,jmuben,678,data/raw/jmuben/Leaf rust/1 (359).jpg,8,ferrugem,128,128,3e8c20c43bac47d01fb4dd88282622a1e073f136ff6ed5ae7c088691561b78df,970463803c609e62a9e654207311bcdff733be90577c5bb1be6c879e23c64d52,jmuben-678,treino_auxiliar,0,acima_do_limite_da_classe
jmuben,jmuben,679,data/raw/jmuben/Leaf rust/1 (36).jpg,8,ferrugem,128,128,cbf8cea7850706c3c1f46a925f7d88c99ee67a2d154540284bd31d61e0f6abd9,8b7b04aac577f6da46e41a6be872ce3b363ba28f5289f9301a8891d8728efa30,jmuben-679,treino_auxiliar,0,grupo_ja_representado
jmuben,jmuben,680,data/raw/jmuben/Leaf rust/1 (360).jpg,8,ferrugem,128,128,729e7bcd240c6b07af10300e1a733b926691ec4457900f11e144797a7552cc84,9052403e7226ec1f9b1d264f3deaaba780b7c3f64d42787b1e0b9479dc686e50,jmuben-680,treino_auxiliar,1,
jmuben,jmuben,681,data/raw/jmuben/Leaf rust/1 (361).jpg,8,ferrugem,128,128,39ffa2b0546965e597e066ae0834edc956597257e15381c6994b044be8b89dd6,8076627c2bfdbebbfb3a34d07649f903fc48192e5e91f354aca20e007fa0c24d,jmuben-670,treino_auxiliar,0,grupo_ja_representado
jmuben,jmuben,682,data/raw/jmuben/Leaf rust/1 (362).jpg,8,ferrugem,128,128,5a4f738ee7fe8f863e06612562f0c100a14d273866e570091ec1ca4e1b4ec5dd,919971cc5546a657688feb17aa0716bbb4ee9ce4a638a18f80e2167859bec665,jmuben-682,treino_auxiliar,0,acima_do_limite_da_classe
jmuben,jmuben,683,data/raw/jmuben/Leaf rust/1 (363).jpg,8,ferrugem,128,128,a4256e087aecd99eb1f18d3cdcec3c01bdef0fd94f61ab6d476ce75a63a5606d,966d4c31e02c3e3d7602ae279d1253d33a807afa0d517de3dac3bae26851e95a,jmuben-683,treino_auxiliar,0,grupo_ja_representado
jmuben,jmuben,684,data/raw/jmuben/Leaf rust/1 (364).jpg,8,ferrugem,128,128,c0ddfc114d27398539b9d6ee41395d2b025eda4e1d237fd26c44e8b0a9d25692,98550dc69b6b507223188e97477871c1d55f127a5e63d78b20adfeb8cae03237,jmuben-684,treino_auxiliar,0,grupo_ja_representado
jmuben,jmuben,685,data/raw/jmuben/Leaf rust/1 (365).jpg,8,ferrugem,128,128,0ccd95f734cfbeb75c2a50f384cb36defa9dede6b690949035e798f5025d6fb5,93134c826313b5823bf2ab9085a9dee80aad3b5c396717a922cb8bd91b5c3f2f,jmuben-685,treino_auxiliar,0,acima_do_limite_da_classe
jmuben,jmuben,686,data/raw/jmuben/Leaf rust/1 (366).jpg,8,ferrugem,128,128,aeacd44a3ffea2bbc4345d99c88c82c292364d665a3a5c3d4476b1ca4a4a2a61,8076532cf087c9f127cb6de2c305ccd57ec17c0ba3a1c7b779164a1e9c2afc48,jmuben-686,treino_auxiliar,0,grupo_ja_representado
jmuben,jmuben,687,data/raw/jmuben/Leaf rust/1 (367).jpg,8,ferrugem,128,128,92c40a5a4ef8b21d6a2f20a1880ae51c39f9bf7ebc82bdf8799894eb926bddb3,92264d1ee222ad173f82eb178d02d58b178a3ab32b5d3f2e0796db9232b37e50,jmuben-687,treino_auxiliar,1,
jmuben,jmuben,688,data/raw/jmuben/Leaf rust/1 (368).jpg,8,ferrugem,128,128,7da51d7af0d4abf03d4c40c07a9d812bc02a40a56b92deb76c963b21ee21189d,8076532cdccd0fd93dc0f83cd6147dd0b12897b4785438589fe8ffe023b59b24,jmuben-688,treino_auxiliar,0,grupo_ja_representado
jmuben,jmuben,689,data/raw/jmuben/Leaf rust/1 (369).jpg,8,ferrugem,128,128,b23114162de20471d2d6ab39ed5723c35f2d2e37090db8e8d3578f43fd48fbeb,96495b7dc04c2a3d740e6e2e8c05f516160772a00a973d405fbfb7a436e7ee93,jmuben-689,treino_auxiliar,0,acima_do_limite_da_classe
jmuben,jmuben,690,data/raw/jmuben/Leaf rust/1 (37).jpg,8,ferrugem,128,128,12c504b46a0c3aea14d8ff298f447fc1d14f42b3a0fc9e4181d5550f02407ecc,8d3d06b5f7fef2bc42761960e010db1c328eb9c658e8c9520ac7d0637e538d79,jmuben-690,treino_auxiliar,1,
jmuben,jmuben,691,data/raw/jmuben/Leaf rust/1 (370).jpg,8,ferrugem,128,128,bd26966ba3652b0f51e46ed64b7113cd45e4bdfb14802da08937f9fda609447b,9d560c6399a9522babdece48753dd468d3053a1dd7f5a0c53816cbfe25323c82,jmuben-691,treino_auxiliar,0,grupo_ja_representado
jmuben,jmuben,692,data/raw/jmuben/Leaf rust/1 (371).jpg,8,ferrugem,128,128,04bb8d90e8711b8def75c72cdff133c953bc37f9d3870e93b4d8f3eefd7ddee4,93334d87e233ad071ee2eb90a593d490d5aadeb838557d6d34866fe390911ad1,jmuben-692,treino_auxiliar,1,
jmuben,jmuben,693,data/raw/jmuben/Leaf rust/1 (372).jpg,8,ferrugem,128,128,9b8503d227fd61bd182be02922e074fdb9c7f28473f10a6904a39ad9036b21c6,80dc527ff9888b822f9fe90f803afc87781be168872d602d2a3d99c7f4526fb0,jmuben-693,treino_auxiliar,0,grupo_ja_representado
jmuben,jmuben,694,data/raw/jmuben/Leaf rust/1 (373).jpg,8,ferrugem,128,128,cdf3e4ba607bdae2f4ad8913453c91180f30c4da567df5ddc6c27779e2ab9148,8c015997de70896e207cecbdc3d0d65a7feea884c1d17dd26bc38e99d7256440,jmuben-694,treino_auxiliar,0,acima_do_limite_da_classe
jmuben,jmuben,695,data/raw/jmuben/Leaf rust/1 (374).jpg,8,ferrugem,128,128,b793af05323edfb1988b75e64ccb60f1c0dff97f29bb48b5d93502b18c5827f0,9c570c7399a8782baad6cb50610dd47cd3083a19d7f9b2a53a85caef313d36a8,jmuben-691,treino_auxiliar,1,
jmuben,jmuben,696,data/raw/jmuben/Leaf rust/1 (375).jpg,8,ferrugem,128,128,1938ef4959067fbc821bf831e2ff7c7f8d773565000cf57f0b8adf9941ed2a6e,9d560cf399a15ca969af8ad28b0228ffecfac5c6281a5f7ac1e824015cc5ce6f,jmuben-696,treino_auxiliar,0,grupo_ja_representado
jmuben,jmuben,697,data/raw/jmuben/Leaf rust/1 (376).jpg,8,ferrugem,128,128,d67c6f964969af9f9eb2f496a11673c6b75ea67392276e2b63eed12442eb34cd,93581a68b5676727647cb9c73d8e623cc8680fc9719a9c396f3064e39d0f5728,jmuben-697,treino_auxiliar,1,
jmuben,jmuben,698,data/raw/jmuben/Leaf rust/1 (377).jpg,8,ferrugem,128,128,a53de94548a0626f5c64870e6a5f5e661dd862b87eef1af5c554acbf90495936,93491e60b5b7679484dc99874c30c2739d837516c8770fc623ce9d792db1e4e3,jmuben-698,treino_auxiliar,0,acima_do_limite_da_classe
jmuben,jmuben,699,data/raw/jmuben/Leaf rust/1 (378).jpg,8,ferrugem,128,128,b4afd749bb9ca3b463b75737848434f9d5ccd26a2c174c6e035c53c88b9820db,b24c08dbf319c266ac22ccdbcb48e945d8969b12be71bc469d98bf113303f37a,jmuben-699,treino_auxiliar,0,acima_do_limite_da_classe
jmuben,jmuben,700,data/raw/jmuben/Leaf rust/1 (379).jpg,8,ferrugem,128,128,2194ccfcae1b5f028b42e171c327ed44892d6aa696f3cfd20ce965c519f273a7,ada51357e4ccc5845c97fb509ccd4d29c925f2e48c98e49147e3cb07da5d52c9,jmuben-700,treino_auxiliar,0,acima_do_limite_da_classe
jmuben,jmuben,701,data/raw/jmuben/Leaf rust/1 (38).jpg,8,ferrugem,128,128,520eead06d3bdadb177a4ab0a00a3784a8bbc6c238cd4e0e5ff242cb1ad5e8dc,8b3d736df8411c41e68d02e1c8f833ce5863cf39330ff90c0723f7392b8cf8c3,jmuben-701,treino_auxiliar,0,grupo_ja_representado
jmuben,jmuben,702,data/raw/jmuben/Leaf rust/1 (380).jpg,8,ferrugem,128,128,f8c0b63df0a2d80d918983387baacaa66dbd1cd3a960dd2b15b26bf27cb5e0e3,ad2916fce598cc3ddba6d3529defc3ecc214349091e2634dbbc1b1936596a520,jmuben-702,treino_auxiliar,0,grupo_ja_representado
jmuben,jmuben,703,data/raw/jmuben/Leaf rust/1 (381).jpg,8,ferrugem,128,128,c77ddb32c2fece7fda2a585c447e0f152716d7fb0ed5ad21f0eee36eeff6ec4e,aa5234f9cb24cc72d82bd2c49b54dfc0c65ba5339d6443493e9293c673bc2f34,jmuben-703,treino_auxiliar,1,
jmuben,jmuben,704,data/raw/jmuben/Leaf rust/1 (382).jpg,8,ferrugem,128,128,41066e6171da8e7dae4163312830aae2aada5e1e62b3dc10c6a2e8bd80bad9a8,a94a17fdcdb0cc2ed3a5d2569ddbd6c8809135b583667299b3c6e1a6ad15c061,jmuben-704,treino_auxiliar,0,acima_do_limite_da_classe
jmuben,jmuben,705,data/raw/jmuben/Leaf rust/1 (383).jpg,8,ferrugem,128,128,81b6aadac865fcae5f649239898eaa669eadd24c170ba50fd48cdf02a0823122,a5a41307e4cdc6854ed2f95bcd69cca5cb35c34696cbc4994703cb26ca3ffa40,jmuben-700,treino_auxiliar,0,acima_do_limite_da_classe
jmuben,jmuben,706,data/raw/jmuben/Leaf rust/1 (384).jpg,8,ferrugem,128,128,9d8f20741905d919b1e80c36aee59f0ad4846ded4c447e9821e5a0825afe694e,ad29163ee5d8c41d5ca4f2929d424cabcb6fc20c9e94cdb246268f6c9a78dac7,jmuben-706,treino_auxiliar,0,acima_do_limite_da_classe
jmuben,jmuben,707,data/raw/jmuben/Leaf rust/1 (385).jpg,8,ferrugem,128,128,cc1229d29cdac91902ac954c573cae2c8c4e86b9c978d5a7e6ef144f00a7a36a,a94b16fde591cc385d2df2b09a464dfaca6ac209bc95cd36452cce5d9260d28f,jmuben-706,treino_auxiliar,0,acima_do_limite_da_classe
jmuben,jmuben,708,data/raw/jmuben/Leaf rust/1 (386).jpg,8,ferrugem,128,128,204c656bdae538178135ac647f695d3ad430ca1e6942a5168fbc0a642cb4455e,b6c919bef710c27d4b64bda2c493aa19cccbe89d533ec262736e408ec9e8c9a2,jmuben-708,treino_auxiliar,1,
jmuben,jmuben,709,data/raw/jmuben/Leaf rust/1 (387).jpg,8,ferrugem,128,128,a31949833fc9e25633fbe0f769ed517984273d800373ffae11e14268f382401d,95e758fedf5fcea919103604e4d2cb6b41b02fb1a8d0da4074a9646d886ddbb4,jmuben-709,treino_auxiliar,0,acima_do_limite_da_classe
jmuben,jmuben,710,data/raw/jmuben/Leaf rust/1 (388).jpg,8,ferrugem,128,128,36d2aad2b30c5a41f19a26a6c4877ad625df24836871cbc5d266ae820d97229c,87583a4795eaf7164528a671bbde3d9e2734e0e488cb2e8c639af5d899332483,jmuben-710,treino_auxiliar,0,acima_do_limite_da_classe
jmuben,jmuben,711,data/raw/jmuben/Leaf rust/1 (389).jpg,8,ferrugem,128,128,a3ef5f8201a86b7ceb39f3ca60aafafec3f0932b6cb2e8108522b2b998866626,83cd5e341db32dca4a49f26945a741df3782e970459c398d3c2ca6b3b14fa1e3,jmuben-711,treino_auxiliar,0,acima_do_limite_da_classe
jmuben,jmuben,712,data/raw/jmuben/Leaf rust/1 (39).jpg,8,ferrugem,128,128,55d4d14607d411f3387c97be270a037bd1fecc827665ff7f22ad61ae5d778172,81c81ee4ff1d631741a591a85ebe128ff882fee00a73eb7f29fba91f2c029d00,jmuben-712,treino_auxiliar,0,acima_do_limite_da_classe
jmuben,jmuben,713,data/raw/jmuben/Leaf rust/1 (390).jpg,8,ferrugem,128,128,152eb03f107cadafdd982e992c47a6d9fe0dc157a2552b5db6260237a87e7008,9e1c5be7b1e72fec5aef33bc65a4281c038aa15e5b584bef4e2bf24216310243,jmuben-713,treino_auxiliar,0,grupo_ja_representado
jmuben,jmuben,714,data/raw/jmuben/Leaf rust/1 (391).jpg,8,ferrugem,128,128,727fc9f219f807add906eb8de5958c2bad59ccb249b7f11714fceea9fce08458,928a21db338ddc30e51b6ec2957aa4bd50e7be405e3889cf4a9ef5445eb70319,jmuben-714,treino_auxiliar,0,acima_do_limite_da_classe
jmuben,jmuben,715,data/raw/jmuben/Leaf rust/1 (392).jpg,8,ferrugem,128,128,ca66b380ee1f1499fd8dbd29b80a8aa509a4d033dff20c535df790a03ca7363b,95aa309f9d301af5e39550aa67eb0ef742d71f04fe1060d748b6c3c02796cd1e,jmuben-715,treino_auxiliar,1,
jmuben,jmuben,716,data/raw/jmuben/Leaf rust/1 (393).jpg,8,ferrugem,128,128,576312243048e035fb3a9ee77ae804cc3b93e0272392a1082d434a730208ce04,8dcc389979d86d2c9e0ae8e6acccf48ed3a84f15c9735ce3e0c6a5e4d6189835,jmuben-716,treino_auxiliar,0,acima_do_limite_da_classe
jmuben,jmuben,717,data/raw/jmuben/Leaf rust/1 (394).jpg,8,ferrugem,128,128,c594e39321becc871287634947b3d1deec96c40ed1c7fdee55433cd5ffb3a3ba,821d6faa7813ba75b7e0e0401fc187063e5c6c212c53f807b85ff8bee45fc48e,jmuben-717,treino_auxiliar,1,
jmuben,jmuben,718,data/raw/jmuben/Leaf rust/1 (395).jpg,8,ferrugem,128,128,0c121930ee5cc574282b8fe216b06145939d43b07e9caf259e1066f59c7375b3,8cf73bc479baa5556d2485e3fb48d9340b07de707b24922e7348f6086e9838c7,jmuben-718,treino_auxiliar,0,acima_do_limite_da_classe
jmuben,jmuben,719,data/raw/jmuben/Leaf rust/1 (396).jpg,8,ferrugem,128,128,f80fdc57ddfe7f5283783dd56fb297cc78a8a91813d3fde6a1ec2bfda79e14b1,9fb7423f80bfbd40508069bfdb609623e7777b69404b126e2bd069f4934a149b,jmuben-719,treino_auxiliar,0,acima_do_limite_da_classe
jmuben,jmuben,720,data/raw/jmuben/Leaf rust/1 (397).jpg,8,ferrugem,128,128,6c7933b00f8142c480ff5c8dd5d7cc9c809815af762110a06512d062135c06a6,96f252fea6299529a6ad1c5a394be548cc36c2d69872d4f346b4587419d3762b,jmuben-720,treino_auxiliar,0,acima_do_limite_da_classe
jmuben,jmuben,721,data/raw/jmuben/Leaf rust/1 (398).jpg,8,ferrugem,128,128,42ee210a65882dc48d974c724e45109e4ea438aab7eb16e69231a09095f333c9,924b76d2ca63d901c041639bc53659f603330effc5bb9e326f582e49a09bcc79,jmuben-721,treino_auxiliar,0,acima_do_limite_da_classe
jmuben,jmuben,722,data/raw/jmuben/Leaf rust/1 (399).jpg,8,ferrugem,128,128,5ffeded1378057322c290f5751bceffa0194a169de5ff6052697b44c2a57ab08,a55d6255ca6cf304c647874bcfd0ce1887c18ecfbc10d83ecc6c9c99d4fac9e0,jmuben-722,treino_auxiliar,0,grupo_ja_representado
jmuben,jmuben,723,data/raw/jmuben/Leaf rust/1 (4).jpeg,8,ferrugem,128,128,28917c3f23b1e612fdbe0c08e65913b3a2f78ea909dc62f35e6968ee27da6cbb,8ee5331a64c1fc958de40c6ae39b1ef17586881f1b71c6f27e8e807343992567,jmuben-723,treino_auxiliar,1,
jmuben,jmuben,724,data/raw/jmuben/Leaf rust/1 (4).jpg,8,ferrugem,128,128,fb736900284c3458bf3d84dd110061b01327ccbee484cf8470533b36b0f1559e,82a47ab92ccf3717d35a508f4a306b9971e59d35031ec9c665726eb93a8478d5,jmuben-388,treino_auxiliar,0,grupo_ja_representado
jmuben,jmuben,725,data/raw/jmuben/Leaf rust/1 (40).jpg,8,ferrugem,128,128,092d302fcef8af65be58a1868755ead020c2f9cdd95b3e13ea91515b8048c439,81480ee4ff1d2317410591a85dbc028df087fea01ee2cb7e6aefa97f2a5bcd12,jmuben-712,treino_auxiliar,0,acima_do_limite_da_classe
jmuben,jmuben,726,data/raw/jmuben/Leaf rust/1 (400).jpg,8,ferrugem,128,128,d5368f8eaa91f163b1ec03ae8772b271b84fd681689c8bccdd618d74f64da424,a55562afc2e9f200c65f87ddcf81da718e8b9c9e1c10d074cc599cbfdde0c141,jmuben-722,treino_auxiliar,1,
jmuben,jmuben,727,data/raw/jmuben/Leaf rust/1 (401).jpg,8,ferrugem,128,128,7035dc91b476cdd1d69f81c341bd4d4f5c218c680ce0da9984b7183665d58e39,83d03c8f6d07c9f71a2dfa1f84bc2784d92f0f6cec59c34a13f7a440506f25b8,jmuben-727,treino_auxiliar,0,acima_do_limite_da_classe
jmuben,jmuben,728,data/raw/jmuben/Leaf rust/1 (402).jpg,8,ferrugem,128,128,111d643814a6ef40c4e58b4fcbc192bace6d02773562ebe60df4bdb8fb0b4a15,9ffa3beeda8ede8a718281120803c4af15bec977877f087563db81f062f081d4,jmuben-728,treino_auxiliar,0,acima_do_limite_da_classe
jmuben,jmuben,729,data/raw/jmuben/Leaf rust/1 (403).jpg,8,ferrugem,128,128,04a6b556b3bc558b99e120a5fa954a4743fdf63c16de4490adf2a484de2daf20,8fff7af7cac11c846100831e723f913f633ef6f67ce4c6802611e4a1641cf079,jmuben-729,treino_auxiliar,0,acima_do_limite_da_classe
jmuben,jmuben,730,data/raw/jmuben/Leaf rust/1 (404).jpg,8,ferrugem,128,128,a52b66ac9463059a24ed270afbc5a6919d232c0519a45c537f7dd7dc84dcab07,817c37a4e580c9873bf4d60d34bee990472da64cd83926dafe0509dbdfd98a50,jmuben-730,treino_auxiliar,0,acima_do_limite_da_classe
jmuben,jmuben,731,data/raw/jmuben/Leaf rust/1 (405).jpg,8,ferrugem,128,128,46adaf2bc517427eeb5cd7fd3c7da1dd7db51b875b055fa726d566a38d583eb7,87823d5aed1e8f7a7e3bc0f6250bfa6e0c56e4a791c42da5f830bb20f8248cb4,jmuben-731,treino_auxiliar,0,acima_do_limite_da_classe
jmuben,jmuben,732,data/raw/jmuben/Leaf rust/1 (406).jpg,8,ferrugem,128,128,154f86ff2bbeeb30926433fdf960b2696188f67224149218f728a86abf84e100,94c41224f210e4262caed1bfbb56a67d70b8b19dcf73b1bbc1cfaf13c0b8e012,jmuben-732,treino_auxiliar,0,grupo_ja_representado
jmuben,jmuben,733,data/raw/jmuben/Leaf rust/1 (407).jpg,8,ferrugem,128,128,152a9fdd2431f52fe520992bdbbeffc3f595fbee962b2cd90ad1fc32281f653f,94cc2c47871734c603c3d907de2245dcbd20db11d2fdbc358f2fca03ded0a6bc,jmuben-733,treino_auxiliar,1,
jmuben,jmuben,734,data/raw/jmuben/Leaf rust/1 (408).jpg,8,ferrugem,128,128,d3c54612208be67450c9bebc189adf0cd90411f19c01dc13d2973c443d7dd369,82ed4144d4b006f6718bba698d29dd27669eb6aedc8d9ea7a8e6a173eb08681c,jmuben-734,treino_auxiliar,0,grupo_ja_representado
jmuben,jmuben,735,data/raw/jmuben/Leaf rust/1 (409).jpg,8,ferrugem,128,128,dacb3ca4accfdd95e35bd5288301050818b4a89f23a90a7257c491fbd70b522a,82344176d29e027b78cdab340cbcddb82687b307ddc71ed1ae729198edea6c82,jmuben-735,treino_auxiliar,0,acima_do_limite_da_classe
jmuben,jmuben,736,data/raw/jmuben/Leaf rust/1 (41).jpg,8,ferrugem,128,128,a2167d9726579f96c80a48b33dc80acef9bb72905cdf314c7bd2f3851aafc7a8,83511cc9fc57f6b26e54035fa9e64f600efeab3d611ba1078f3fdd971c048110,jmuben-736,treino_auxiliar,0,acima_do_limite_da_classe
jmuben,jmuben,737,data/raw/jmuben/Leaf rust/1 (410).jpg,8,ferrugem,128,128,309c936f66045d8d22e629eaa5525d97f9cc5025e051474e2570720a83bd3b9f,a3166032d293620978acaf369c86dfb822459f71def08e58b418a9afedf3b650,jmuben-737,treino_auxiliar,0,acima_do_limite_da_classe
jmuben,jmuben,738,data/raw/jmuben/Leaf rust/1 (411).jpg,8,ferrugem,128,128,a0406b324ce350d121cb55723342ecf4d7b6476f488ca2a0b93de31ef021c960,a2744130d4d687137043fbdd22639817ddba448c293ab12ef18f6ff77690961d,jmuben-738,treino_auxiliar,0,acima_do_limite_da_classe
jmuben,jmuben,739,data/raw/jmuben/Leaf rust/1 (412).jpg,8,ferrugem,128,128,5576df1b70f48dfc00fddd8b3f42ec18ed52c85a8ff08e79dc85271e3b22e918,82f541e4d2b0067679c9b9210c24d9336e1e32dddd46dc9fad73c17b63196c16,jmuben-734,treino_auxiliar,0,grupo_ja_representado
jmuben,jmuben,740,data/raw/jmuben/Leaf rust/1 (413).jpg,8,ferrugem,128,128,23b67db85ffd69e01c18e27f95728ecfdf3085aec04ddaafac70aa96f35336b6,82e941e5d7b0067671dafb610469d921e64b2238fe4cd48daee695678b71ed84,jmuben-734,treino_auxiliar,0,grupo_ja_representado
jmuben,jmuben,741,data/raw/jmuben/Leaf rust/1 (414).jpg,8,ferrugem,128,128,ea6a482394b7b2e70863be9029986f8ba3058df4c0a531fb6de218dbc61513c6,86c84f8d50af9e8463c8f31bae6c9dcd996ee49aa6f1b151d039fdf0bc0c8142,jmuben-741,treino_auxiliar,0,grupo_ja_representado
jmuben,jmuben,742,data/raw/jmuben/Leaf rust/1 (415).jpg,8,ferrugem,128,128,acb04d1ed709850b8eebba8090dfc7935b97862b3afb5fb77fc229a4934e8056,82e5be9ad4b0798970c904de246466cefd22d966b26c2b733e96411991fb741f,jmuben-742,treino_auxiliar,0,acima_do_limite_da_classe
jmuben,jmuben,743,data/raw/jmuben/Leaf rust/1 (416).jpg,8,ferrugem,128,128,5577d9a2a9899b5c3912ae7446e456a26fde95ce96785da6053a87f089d1989a,859a429ad5628de973a5f2ad0993934fda4c0764a2c7c27776335838b5e49ec5,jmuben-743,treino_auxiliar,0,acima_do_limite_da_classe
jmuben,jmuben,744,data/raw/jmuben/Leaf rust/1 (417).jpg,8,ferrugem,128,128,da465f1807a490e2cb4b3b6194844b767f40508bd9c9f0931c8c6fb332d32c03,95df68d88e752597049c1356b06ccc217d999877dba3b5eb28698b78d21e8887,jmuben-744,treino_auxiliar,1,
jmuben,jmuben,745,data/raw/jmuben/Leaf rust/1 (418).jpg,8,ferrugem,128,128,c6b5ef88aeba8dec8f9441d68e6d94198687303c52f77f2df67e2046748cdb22,95df6c998e64259c031cf244dc614f07f94c9aa377a80868cfd873962f85e778,jmuben-745,treino_auxiliar,0,grupo_ja_representado
jmuben,jmuben,746,data/raw/jmuben/Leaf rust/1 (419).jpg,8,ferrugem,128,128,b4b44779b05d18b52a5a7d842b0647f79b3e1750e2c35a9b3d2af2d4f8f7a8a7,a268792f9da72a490b7d0779b1a385dc236208b2dc28f67a3f18efc4666636c6,jmuben-746,treino_auxiliar,1,
jmuben,jmuben,747,data/raw/jmuben/Leaf rust/1 (42).jpg,8,ferrugem,128,128,706dca7ad8dcebcb83c2d6d8be2d041f4c4e2bf596e28686c032a2337d6dc78f,80b746fbf3c470885c938e5d4b75bd7c6d1f810c24a2b42616efd7d71416f112,jmuben-747,treino_auxiliar,0,acima_do_limite_da_classe
jmuben,jmuben,748,data/raw/jmuben/Leaf rust/1 (420).jpg,8,ferrugem,128,128,8cc90a591df4fd7e5482c290b92d07ed830abd934c989b94f240b3925e0f6bda,82cb45cbd52846f673d36242094ad97366d22678d5883c8cbde7bb5b4bc86d89,jmuben-734,treino_auxiliar,0,grupo_ja_representado
jmuben,jmuben,749,data/raw/jmuben/Leaf rust/1 (421).jpg,8,ferrugem,128,128,7343c26103186e8049ebed51212bd319e0573225704271be7a229c43ef8150f8,95df68918eec2596059f3254fc415f07f9599a4553a710698e69c35d1b86cfa1,jmuben-745,treino_auxiliar,0,grupo_ja_representado
jmuben,jmuben,750,data/raw/jmuben/Leaf rust/1 (422).jpg,8,ferrugem,128,128,6eb9e060e58d49de56c5392a31b3e72023a1221da7398c0820599ad5c3bd7f6b,95917cdf8e6e2d1b0dc961a3ba4792a9340aae4acac9fad610f1c43b34dc1f2c,jmuben-750,treino_auxiliar,0,acima_do_limite_da_classe
jmuben,jmuben,751,data/raw/jmuben/Leaf rust/1 (423).jpg,8,ferrugem,128,128,e513205af326b5528ffaea06c1e1887733f6fa8d35fb23cd210b19427536a4ec,868a4d5add28846d519df3b1a6cf9158db476687a277d1f3c01165acb41e9476,jmuben-751,treino_auxiliar,0,grupo_ja_representado
jmuben,jmuben,752,data/raw/jmuben/Leaf rust/1 (424).jpg,8,ferrugem,128,128,14d74cc8da822730d90045057b30c5bbcf75c6c84ddfa7489e48ca8c1bc361e6,8692b22dd568fb1a73971d3b8040249866875f8ef51843e7bcee65adcbd11664,jmuben-752,treino_auxiliar,0,acima_do_limite_da_classe
jmuben,jmuben,753,data/raw/jmuben/Leaf rust/1 (425).jpg,8,ferrugem,128,128,42ed00a5c927a5a6ba84ae9ede342e2c2c3e4906dcf57f7053e53652822dc3d1,82c945e9d5bd467670da73500060d97366f3221ad47a728c2ef7bc038b5a6bfc,jmuben-734,treino_auxiliar,0,grupo_ja_representado
jmuben,jmuben,754,data/raw/jmuben/Leaf rust/1 (426).jpg,8,ferrugem,128,128,45c0e68cbc3ccd8e203dac290e390fc0db8a3f9c59145f8243377f7af5a841f5,86d2b72dd55a7b93518d0855248c6485ddc3555e8ae32dee43f90af7bc433898,jmuben-754,treino_auxiliar,1,
jmuben,jmuben,755,data/raw/jmuben/Leaf rust/1 (427).jpg,8,ferrugem,128,128,b2c085861a511453372b1f1d905eca83a35cf0f61631a7dc767d23c2711d9c6b,86cb45cbd5a986657197729226ce9961df672237a273d11866983caeb0769e70,jmuben-751,treino_auxiliar,0,grupo_ja_representado
jmuben,jmuben,756,data/raw/jmuben/Leaf rust/1 (428).jpg,8,ferrugem,128,128,d0f0bdd6f2f1fca205858ece7d317345b00df7b3da90e6c1bc1fa9f8650e0609,a31b641bd2c3c38c7824b9a63730dc876a8f39e71586faf26b7013da9fa68984,jmuben-756,treino_auxiliar,0,acima_do_limite_da_classe
jmuben,jmuben,757,data/raw/jmuben/Leaf rust/1 (429).jpg,8,ferrugem,128,128,21bd9f02de448de79452808f748f2b698c1f351216152d0d46a9b04b86615c3f,86ca474ad52306c47392f24f0dcf9167ec0626f399cbd0b9bcdd9944cb524f0d,jmuben-757,treino_auxiliar,0,grupo_ja_representado
jmuben,jmuben,758,data/raw/jmuben/Leaf rust/1 (43).jpg,8,ferrugem,128,128,8d78698e05270fc1352054d3fce59fd9d97c73f2befce483a0865e6e58bb4cdb,81aa1ac67c25d98ab6ba6d93520c80c9b9877e3434f897328d5d568a1f939d77,jmuben-758,treino_auxiliar,0,acima_do_limite_da_classe
jmuben,jmuben,759,data/raw/jmuben/Leaf rust/1 (430).jpg,8,ferrugem,128,128,34548a2212e967899ad83fcfc224c802b66521717f1584a11fa7c643be0c19a7,a32c79229cb32ee90b25435db0f986cc237808b3cebdc43b1f88cfcdeb031ac7,jmuben-746,treino_auxiliar,0,grupo_ja_representado
jmuben,jmuben,760,data/raw/jmuben/Leaf rust/1 (431).jpg,8,ferrugem,128,128,846efc243405237247d42c65fd8ecfd198be4207c2f15fc7070954eb9e3dabde,80786f4543a77018b28ed5e18f3d098f2e6ef3469919d18c2cc54fc65e7bf1b0,jmuben-760,treino_auxiliar,0,acima_do_limite_da_classe
jmuben,jmuben,761,data/raw/jmuben/Leaf rust/1 (432).jpg,8,ferrugem,128,128,a7238d91b3104f4223bd90acfeafd275035d73266a0212a2e5438ca7c99b92e9,80fc71722f8b1a0fbf547c3814a55ad2334b2b8bd32dcfb4ce128d19cdf98464,jmuben-761,treino_auxiliar,0,acima_do_limite_da_classe
jmuben,jmuben,762,data/raw/jmuben/Leaf rust/1 (433).jpg,8,ferrugem,128,128,ed9e34e0ebf9bef1c6f9149db6aa865172a548c2222db528cd73ddfcedaceae8,955639da27a9be074cadd0f839c7c58e133c8e58f3985273da430bf6314a6e44,jmuben-762,treino_auxiliar,0,grupo_ja_representado
jmuben,jmuben,763,data/raw/jmuben/Leaf rust/1 (434).jpg,8,ferrugem,128,128,dd48fd707852e1cd0213150a4f550084f02d856eadce04729e7feb43f0045e3d,81c36c196f28f1f3a61899cc7f737398e2c7d33c99a26c997846f0f82466b641,jmuben-763,treino_auxiliar,0,grupo_ja_representado
jmuben,jmuben,764,data/raw/jmuben/Leaf rust/1 (435).jpg,8,ferrugem,128,128,3fa0f46af1b5a2c063f3f6a59b0cbadf2b96279c55944cdfb9d2e69cd8ab391d,8719787168fee1d3f366953ed28dca61655634afa6c69b1c59a827a90311996a,jmuben-764,treino_auxiliar,0,acima_do_limite_da_classe
jmuben,jmuben,765,data/raw/jmuben/Leaf rust/1 (436).jpg,8,ferrugem,128,128,bd97a46a396245a82e556851db1719fa17421e43ab3d2db9bc104c88d35d687c,996513a18c9370a83746e0e241ca5f4fb55cba985a9a4ef8748694b2bfeb292f,jmuben-765,treino_auxiliar,1,
jmuben,jmuben,766,data/raw/jmuben/Leaf rust/1 (437).jpg,8,ferrugem,128,128,a68db83797a4fb1fbbf26840598707b20689f3c3b33676ad0c7e6148866ee38a,9ce47bce7bb9e72de61ab9c1956210ba6a056d10ad99963b1a53615264ae926d,jmuben-766,treino_auxiliar,0,acima_do_limite_da_classe
jmuben,jmuben,767,data/raw/jmuben/Leaf rust/1 (438).jpg,8,ferrugem,128,128,1f7ec49b0a430caf357be76a491a39306d593b3dee0ba8469272681f693874e1,a451347ff30c64225ce6b4476be94aed8c70f85263d48f38fc2983872b917a3b,jmuben-767,treino_auxiliar,0,acima_do_limite_da_classe
jmuben,jmuben,768,data/raw/jmuben/Leaf rust/1 (439).jpg,8,ferrugem,128,128,29b0db5db91d38324754089a9cbb0d8a23819f010c77dca6fafbcc802985539c,a45617389cc3e1d86a854abdf6891c2f6bc0719686dafe16303969e82d6f6b85,jmuben-768,treino_auxiliar,0,acima_do_limite_da_classe
jmuben,jmuben,769,data/raw/jmuben/Leaf rust/1 (44).jpg,8,ferrugem,128,128,99abd07351c6640dac6af7a9c56880875a1cf5a25293e76e0df099264a8a35a8,815016c87d43f6906ea6421cb2c6f96456608ff6423e69da236da97b423fed67,jmuben-769,treino_auxiliar,0,acima_do_limite_da_classe
jmuben,jmuben,770,data/raw/jmuben/Leaf rust/1 (440).jpg,8,ferrugem,128,128,d451c6e1d2190ce86ef2ae59a5809f9363353004a1073ab832faa6d7030cf29e,97c753abc236b8c4581c6ac93dd34a8b2d5196ab6b60e5aa9a71656a16ed491e,jmuben-770,treino_auxiliar,0,acima_do_limite_da_classe
jmuben,jmuben,771,data/raw/jmuben/Leaf rust/1 (441).jpg,8,ferrugem,128,128,ad5805cc4317fd2e2b8a5096f5a867e89cb94dc735b20f6d662f7a6656666b3b,9957ce35c3ab74779c0f4e436e00274cb304c9ca4dc764e734e1b2715a315bb9,jmuben-771,treino_auxiliar,1,
jmuben,jmuben,772,data/raw/jmuben/Leaf rust/1 (442).jpg,8,ferrugem,128,128,3b081c651723773b2aadc931085a397d17ad8b8ba0eb470a1a5e16cf0bd83b2e,b0422668c64f9cfd91c7a61c48e0d303a6f165996a7fdecc2d11db26545dad33,jmuben-772,treino_auxiliar,0,acima_do_limite_da_classe
jmuben,jmuben,773,data/raw/jmuben/Leaf rust/1 (443).jpg,8,ferrugem,128,128,a9b2065aa1f56735685c340fd1a6411ba585a184fcaa6e2c5d2f3cc475f6bcb1,995b30ac8b9687067412677e5e5031ef6e6ccce1335e6ce0198eb63149cf9659,jmuben-773,treino_auxiliar,0,grupo_ja_representado
jmuben,jmuben,774,data/raw/jmuben/Leaf rust/1 (444).jpg,8,ferrugem,128,128,a70d4a3f748b61fc5f28aff21ead2f4b50293f06f7c9fa328a848ed4b190fe03,89853aaf67e2e57766099e9c59f49952590a51c1b23741eae02f3de1b338db22,jmuben-774,treino_auxiliar,0,acima_do_limite_da_classe
jmuben,jmuben,775,data/raw/jmuben/Leaf rust/1 (445).jpg,8,ferrugem,128,128,b441946e012cbec0e102aa2b4c52103e0fa50c47c682db3f537707f99e36918a,88923d73690de00f45692fdefca6d1bd19885b42421bd67173c914b525add177,jmuben-775,treino_auxiliar,0,acima_do_limite_da_classe
jmuben,jmuben,776,data/raw/jmuben/Leaf rust/1 (446).jpg,8,ferrugem,128,128,db5a3baa9635fed3e95fa2cbed5eabd9fe45a79affb2ea27c5ee3d74b0b7238f,8970399176295987f16c63c18e5f361e696aa6a3ec6c77c3c352c84e2897ccf8,jmuben-776,treino_auxiliar,0,acima_do_limite_da_classe
jmuben,jmuben,777,data/raw/jmuben/Leaf rust/1 (447).jpg,8,ferrugem,128,128,619a3d3efb1b7c489256e3d5e23332afa0df31900b4989f93f02033052ffaa6c,88553fd572aaf02a670547d65ad48c5f9f0e5ce89a561f68c12fcc812e7cd12a,jmuben-777,treino_auxiliar,0,acima_do_limite_da_classe
jmuben,jmuben,778,data/raw/jmuben/Leaf rust/1 (448).jpg,8,ferrugem,128,128,7e066c349be3c730fd5df9ccf3d163f8fac16ee4ddad294a13063e03072f0e03,93b97a8443f7af0c3c0b817c6c28c2513a57d63a5c4cf02d4b51c7935dacc9f5,jmuben-778,treino_auxiliar,0,grupo_ja_representado
jmuben,jmuben,779,data/raw/jmuben/Leaf rust/1 (449).jpg,8,ferrugem,128,128,3afd27debf02f7b965ccfe5d7954ae24cc768e6fa0a0814b7705fe8153937ccf,8a123d756a8ff00a057c2a87dd3791ac1fd2425066393fdb3489a5a771768f72,jmuben-779,treino_auxiliar,1,
jmuben,jmuben,780,data/raw/jmuben/Leaf rust/1 (45).jpg,8,ferrugem,128,128,2e30742ab64ffcaebc8d0cbb8fc812bc9590d1d2e591b0607d1c4b05cbff8f39,8787638e30b859a5a95c656866bd7338c9d89a55517aceb3c139d18ced475856,jmuben-780,treino_auxiliar,0,grupo_ja_representado
jmuben,jmuben,781,data/raw/jmuben/Leaf rust/1 (450).jpg,8,ferrugem,128,128,f3d6b4f5115c156d16a6dbc33f9ad17ca15e03607f314623ab98a1ef7a4ce209,809237726df53a0ed021556963d86e42667746993e6b61d938ede5b5308cc4f7,jmuben-781,treino_auxiliar,0,acima_do_limite_da_classe
jmuben,jmuben,782,data/raw/jmuben/Leaf rust/1 (451).jpg,8,ferrugem,128,128,e10397c472fdcb6b170e48845c29e94128a95b8b926f56361d923bd97ad53e41,88c577ea747287dc99f6b95a750160b52f1e4c891a50c94a29a1377c52af6ed5,jmuben-782,treino_auxiliar,1,
jmuben,jmuben,783,data/raw/jmuben/Leaf rust/1 (452).jpg,8,ferrugem,128,128,6983c986273ba231245a453ff92e7d92226b2e5ad1776c2da5ffec0e8a814501,8c5533ba502a85551f59bc0931b77212a35966e50f6bddab6d343d4bd8a3236c,jmuben-783,treino_auxiliar,0,acima_do_limite_da_classe
jmuben,jmuben,784,data/raw/jmuben/Leaf rust/1 (453).jpg,8,ferrugem,128,128,cbf022429c3548eefce2058cccb7d798f5cb6bd1bb104c5724dae820477a2381,89c534fa9f1e682d46819efeb122673f4e92d363322a16dcc9413bf4ca8258e7,jmuben-784,treino_auxiliar,0,acima_do_limite_da_classe
jmuben,jmuben,785,data/raw/jmuben/Leaf rust/1 (454).jpg,8,ferrugem,128,128,5bef396d93e60a3a8b5bae7bfdcc6761cbb464d026dbe7c55c08507a97b48057,b4c0dbc0e7373703b5e09bf058354ba30bf08cfaad7d9681b814d23b8fd88b26,jmuben-785,treino_auxiliar,0,acima_do_limite_da_classe
jmuben,jmuben,786,data/raw/jmuben/Leaf rust/1 (455).jpg,8,ferrugem,128,128,c95067ec83ca727e9729c23ca41a50189ae755fa5590820dddcfae425e1cbbcd,80be2f485ab6d50b2e461ce3913ac8156be24a66795b6a2a3d638fd2565eda66,jmuben-786,treino_auxiliar,1,
jmuben,jmuben,787,data/raw/jmuben/Leaf rust/1 (456).jpg,8,ferrugem,128,128,0eac9de776441c13aa084f55a77f1e91ecffe3b15a7f977fe0703dc36b6c30ed,8f0b68f974038755c6ef31642ab23c18af1dba138fb4146043dcd32d27b77e43,jmuben-787,treino_auxiliar,1,
jmuben,jmuben,788,data/raw/jmuben/Leaf rust/1 (457).jpg,8,ferrugem,128,128,68f70493d03a57a4a1db109c57b8ea3c1d58845642e03ce5c25dca228246819d,8a196ce186468366317285da43ce29f23aba9ea35cad778f750f7c151d1d0717,jmuben-788,treino_auxiliar,0,acima_do_limite_da_classe
jmuben,jmuben,789,data/raw/jmuben/Leaf rust/1 (458).jpg,8,ferrugem,128,128,2b254da22327380c11d0a0b82c67d880ac83eef493d5e22b407394522b37b82b,8a331b388644cc994db23df5782b2bc4438dd42f0b6662377f3883c3383ff1f1,jmuben-789,treino_auxiliar,0,grupo_ja_representado
jmuben,jmuben,790,data/raw/jmuben/Leaf rust/1 (459).jpg,8,ferrugem,128,128,5c21db649c2b514b0781340a97e9ba8869cebf73752aefcc8594e05975859bbb,94b107c7a797131f66cb6b1242e81cd392f9b696a075e19f23664dc43b0e6237,jmuben-790,treino_auxiliar,0,grupo_ja_representado
jmuben,jmuben,791,data/raw/jmuben/Leaf rust/1 (46).jpg,8,ferrugem,128,128,2b660428ee8ca63828e1d8950619ffdd345addeedc91728a170c207b30c35bbc,91dd3b33eb26f66621f2b6b8c64739de0ff0cfe331accc3123c066407ed03089,jmuben-791,treino_auxiliar,1,
jmuben,jmuben,792,data/raw/jmuben/Leaf rust/1 (460).jpg,8,ferrugem,128,128,520aa4eed44fe0807fe9ca563c5b241e76f404465307e43165cbc813ee345ec9,8e151159a558d8384d4e62662da025fdb3cb31ce5f2f0cd95a6e09a7ec5c876d,jmuben-792,treino_auxiliar,0,acima_do_limite_da_classe
jmuben,jmuben,793,data/raw/jmuben/Leaf rust/1 (461).jpg,8,ferrugem,128,128,3b77fdc0040f220c98885b840b6d1e45df06abf93cf19f22f5df84c02f5f8203,833225776b50d2ac450862d6d4a7993219ce3d60c3677e6965f16d8b76d14f93,jmuben-793,treino_auxiliar,1,
jmuben,jmuben,794,data/raw/jmuben/Leaf rust/1 (462).jpg,8,ferrugem,128,128,903c74e8d69fedc19dfe44ab6678f3b010ca82b0c6405c2df2c31afa38757a5c,83d0396a156ab3ccd8df95667b22d14d2c795b80cfa8426e5b310af5eccd6a45,jmuben-794,treino_auxiliar,0,acima_do_limite_da_classe
jmuben,jmuben,795,data/raw/jmuben/Leaf rust/1 (463).jpg,8,ferrugem,128,128,e28332773f9763f804d75cea5a25f7a017fa7ac5f417fcddb987b5ff24f15ac7,88ea548a2d78ca5c76a7fb2fc6c3bc9c1399f1d5773172276206edc140cc1959,jmuben-795,treino_auxiliar,0,grupo_ja_representado
jmuben,jmuben,796,data/raw/jmuben/Leaf rust/1 (464).jpg,8,ferrugem,128,128,932131d077928930a3e8646b5e7ddabce0881c98db046bb10342e2554884b6e2,8224fb992d558d1e90be68963b51cc667c0b199ec2cec7dc67f1b2e560899569,jmuben-796,treino_auxiliar,0,acima_do_limite_da_classe
jmuben,jmuben,797,data/raw/jmuben/Leaf rust/1 (465).jpg,8,ferrugem,128,128,5c713431677e6e81dfa8d28b0b4d1e00a9a23aa584ba648b7acf1d083cdbba0d,9bff3d7dcbce3f86612d5c09707a6e2278d39e055cacbae8504973183490a391,jmuben-797,treino_auxiliar,0,acima_do_limite_da_classe
jmuben,jmuben,798,data/raw/jmuben/Leaf rust/1 (466).jpg,8,ferrugem,128,128,535dc25552d06d51f7f732345e2cc68e364232df8543efe6acf9015f1c501d0e,852f3a687966e516b69a71826ed04aca4b358cb872879cb34e9c8ed37454b5ce,jmuben-798,treino_auxiliar,0,grupo_ja_representado
jmuben,jmuben,799,data/raw/jmuben/Leaf rust/1 (467).jpg,8,ferrugem,128,128,9dc6d20f267092792314e338ae118b9d8341f3fbb97cddd4e7094269506e54ae,9e91259dba0012ef7d234ad0665d4a4873ef3b13cc79dd0c46ceaf6d47c54468,jmuben-799,treino_auxiliar,0,acima_do_limite_da_classe
jmuben,jmuben,800,data/raw/jmuben/Leaf rust/1 (468).jpg,8,ferrugem,128,128,93a4192f1e0533f5ecf9dca7f1f707cc6de4ea40dd4a8c0c5ff226250eb4aeb0,acd253a7e4e28d134b40c6dc7d362e4d8c999ce86fc57a5c52ce128835a9af0f,jmuben-800,treino_auxiliar,1,
jmuben,jmuben,801,data/raw/jmuben/Leaf rust/1 (469).jpg,8,ferrugem,128,128,832686aa77824f722b0d838350fd2b02f9d33ff223d0ce30176b2a051be6561a,866a50baf446cdeb2363b6402db6c064799939fc798d841c6d98eb2b4a0db63f,jmuben-801,treino_auxiliar,0,acima_do_limite_da_classe
jmuben,jmuben,802,data/raw/jmuben/Leaf rust/1 (47).jpg,8,ferrugem,128,128,4626080c6c47cae557bcfdc67477c9d0ea233726fa9a5fb2940ececbbbdc778b,94d813c9996f9d06e3d2a3996e00a62f79231c524aa4cda73f23992e645be773,jmuben-802,treino_auxiliar,0,acima_do_limite_da_classe
jmuben,jmuben,803,data/raw/jmuben/Leaf rust/1 (470).jpg,8,ferrugem,128,128,24299e6f86888f5cbc6d3da0dc5884b5a39cb89864d1ca0edc0a827f96aa5b1a,aa456b35d931e6c2ea303617a9c735fc2f701af60f15a9d50d70079b55c332d2,jmuben-803,treino_auxiliar,0,acima_do_limite_da_classe
jmuben,jmuben,804,data/raw/jmuben/Leaf rust/1 (471).jpg,8,ferrugem,128,128,1373b61996c28f22f8b02afc71f231d1116cf2b59be114b2ad4fade5b28a9f0d,b283397ddaac953a0b56faa7275c92950d8a69196de93b8f1529c3413d0b1e4e,jmuben-804,treino_auxiliar,0,grupo_ja_representado
jmuben,jmuben,805,data/raw/jmuben/Leaf rust/1 (472).jpg,8,ferrugem,128,128,65daf6290707ed0db7d3a6d9a1c860a07bd452b2c230e7d0fbe0aaf307c3ccf5,a151699fdd9de065698837f8b86815ca8b5c0d53a8de149a27c5506c797dce87,jmuben-805,treino_auxiliar,0,acima_do_limite_da_classe
jmuben,jmuben,806,data/raw/jmuben/Leaf rust/1 (473).jpg,8,ferrugem,128,128,4459a4ee09d2bbceb5f14dd82121d637f74157da09b76098ad42098136ea13a2,a1514d8fd26453c297364b87e384b421030f897f349f52bcd87cff9862723a7c,jmuben-806,treino_auxiliar,0,acima_do_limite_da_classe
jmuben,jmuben,807,data/raw/jmuben/Leaf rust/1 (474).jpg,8,ferrugem,128,128,2e7b2a8b4e420e015e1204459bf5518c47511c40b3484dfb38f474607b486222,90556f53b1dc63a449ebb91da02508fe79d094c2ec90a95d97eb74b985671762,jmuben-807,treino_auxiliar,0,grupo_ja_representado
jmuben,jmuben,808,data/raw/jmuben/Leaf rust/1 (475).jpg,8,ferrugem,128,128,e5f0a483671ac25d561b05f273659a14c7e8737c480e052f815a5cb45a0f62af,89d573eaa5169f1e784066094ebf5ad8d0e1f16e26e8965dc8402bf5f35c4e06,jmuben-808,treino_auxiliar,0,acima_do_limite_da_classe
jmuben,jmuben,809,data/raw/jmuben/Leaf rust/1 (476).jpg,8,ferrugem,128,128,a789779053e6150246279ccccec54e0fb083b0dd7582874a2f352ed18c927c09,92056e38cf11b04fb39660f94df7594f5378b299c6b32d02ac4609f03b15ea3f,jmuben-809,treino_auxiliar,0,acima_do_limite_da_classe
jmuben,jmuben,810,data/raw/jmuben/Leaf rust/1 (477).jpg,8,ferrugem,128,128,6198c51115f4167845b6f582910cc121fbc32bb89bc1cfa2d0722b5bf5587d9d,81bc5b1abf67d25c3e3c1353414c07b3c373c2ace066e0ef709d383b383330e7,jmuben-810,treino_auxiliar,0,acima_do_limite_da_classe
jmuben,jmuben,811,data/raw/jmuben/Leaf rust/1 (478).jpg,8,ferrugem,128,128,f4acb60cb7669e40e242425099030b02ddcc9cd89c917d536759992c6d33d1eb,964c2d66a5939a314a993ead604b4ff9384261f65f603c4b7364cc07397f66c5,jmuben-811,treino_auxiliar,1,
jmuben,jmuben,812,data/raw/jmuben/Leaf rust/1 (479).jpg,8,ferrugem,128,128,47567d4889be0b30effe665e46d2524e1077762d964d2fb5b6b29c19fccdd233,9f3d3927d1de8d716c0954f209c1577c0502b514bdf1b7d99a4f8b683925bb10,jmuben-812,treino_auxiliar,0,acima_do_limite_da_classe
jmuben,jmuben,813,data/raw/jmuben/Leaf rust/1 (48).jpg,8,ferrugem,128,128,6c44220af6ccc14925f35da5b83f242b7cb7cd531a2796a4dcd4a83e79ed9bdc,90cc3b998b39f7464a67297231bcc775dd2331a6dc148c3f31c66636c712349b,jmuben-813,treino_auxiliar,1,
jmuben,jmuben,814,data/raw/jmuben/Leaf rust/1 (480).jpg,8,ferrugem,128,128,6144d1fbf7272106519a5a3c4622d3deb1b2812ef8c3ed28a0d6766e8e3b77a9,889a66793fa9a74df037962f970b88696168496e8e258e27c70ac31f6e1bcf09,jmuben-814,treino_auxiliar,0,grupo_ja_representado
jmuben,jmuben,815,data/raw/jmuben/Leaf rust/1 (481).jpg,8,ferrugem,128,128,d2f7f19a71ae3c7e77c66e9479ab4c3a244001b644d6d605185c63dddeaf0e46,88d572f9d55b9e8fb92267014effda50d820f23516ae9694dd4229e8b174ce42,jmuben-808,treino_auxiliar,0,acima_do_limite_da_classe
jmuben,jmuben,816,data/raw/jmuben/Leaf rust/1 (482).jpg,8,ferrugem,128,128,ccd8a9a1e11c03b3bfb8cbd59b10ca9d83a8f5daae81bec7591e3a01e7eb2247,88553493bf076ae05edeb90123d51adad12627de894233bdb69c99fcb9649852,jmuben-816,treino_auxiliar,0,acima_do_limite_da_classe
jmuben,jmuben,817,data/raw/jmuben/Leaf rust/1 (483).jpg,8,ferrugem,128,128,12512da0ffcd23bd214e0e9aee2dad38d86fc5974265dd602053f836324ae9b6,b4c426bee33cd4e2f580663e59bab4458b995229adcd296d1ec4a5330e4ad3d9,jmuben-817,treino_auxiliar,0,acima_do_limite_da_classe
jmuben,jmuben,818,data/raw/jmuben/Leaf rust/1 (484).jpg,8,ferrugem,128,128,7cbfe9bb5738a4fe8c6573fa41d9980f5dccc8faefb7c2829d7816559d57be37,911139ebf0e05e28b36c0ef5980ca455695dd3b969975b3b5ea96d6d063c2694,jmuben-818,treino_auxiliar,0,acima_do_limite_da_classe
jmuben,jmuben,819,data/raw/jmuben/Leaf rust/1 (485).jpg,8,ferrugem,128,128,4b82036db6f12e49d42e731dd9b54725e601d8f0bf91e2842c1d493b75c278d0,91157fa9b1ef31f64cb11c0eb108a4576d6f7968d6d96457ad561336b21c8681,jmuben-819,treino_auxiliar,0,acima_do_limite_da_classe
jmuben,jmuben,820,data/raw/jmuben/Leaf rust/1 (486).jpg,8,ferrugem,128,128,d299a6dc75ee0c6789dfb99fe64253cb7ab6f8bfd8026841ead3dfe291ce0818,90156f02b9ce33c44ca11c2eb118a4f72ddf5968d2db4682ed5e8dc77a7ca495,jmuben-819,treino_auxiliar,0,acima_do_limite_da_classe
jmuben,jmuben,821,data/raw/jmuben/Leaf rust/1 (487).jpg,8,ferrugem,128,128,535fc947669d354ae8e3b50bf189619a53cafd1d72fec374e28ebf75a935e614,990567f8b87968d84c8ab181e17c6d2a5bacd3da6d9389b14b1d6ce14db87d0a,jmuben-821,treino_auxiliar,0,acima_do_limite_da_classe
jmuben,jmuben,822,data/raw/jmuben/Leaf rust/1 (488).jpg,8,ferrugem,128,128,1c027d34af8d601fecaa3ec895307ec15858a52e6811f323fc6a99de0a644efd,99c33381fa380c3c55c792ddbb1429f7e40a5bc06a567e2154b956aaa76ea95c,jmuben-822,treino_auxiliar,0,acima_do_limite_da_classe
jmuben,jmuben,823,data/raw/jmuben/Leaf rust/1 (489).jpg,8,ferrugem,128,128,82ac9c19ad21e15e7fba9600d8aae38dbb53a4b19bfa833b417adf1fb863f8f1,95c132c8fe3e5503d1e7ba146df1e2a85fc2033796b581efa96a99525a917621,jmuben-823,treino_auxiliar,0,acima_do_limite_da_classe
jmuben,jmuben,824,data/raw/jmuben/Leaf rust/1 (49).jpg,8,ferrugem,128,128,16925ee473d8468549f866e9e98d89ea225a9cbcb0f99a0d545595fdb2357a39,949c1bc99927e7d2e2b96f04562b59324676c1a5241a704f66dd57e45ca6da33,jmuben-824,treino_auxiliar,0,grupo_ja_representado
jmuben,jmuben,825,data/raw/jmuben/Leaf rust/1 (490).jpg,8,ferrugem,128,128,935e724398681b02c37fbae11f54dbb48264b1cea2e689a36bdf3b03f8603a32,99c0cf07de1edaaed0c1616b693a02355bd694ea94a9bb75274e56ba88b12956,jmuben-825,treino_auxiliar,1,
jmuben,jmuben,826,data/raw/jmuben/Leaf rust/1 (491).jpg,8,ferrugem,128,128,6e9f68be00acff3d985ceafabc7c1215d259814b9b52c4d5923f9a93c0fa9958,987f304fdf820578d46c0b96690adc6b6b516394d4af47eaa5728955989c72ae,jmuben-826,treino_auxiliar,0,acima_do_limite_da_classe
jmuben,jmuben,827,data/raw/jmuben/Leaf rust/1 (492).jpg,8,ferrugem,128,128,8573c9b95a1953002d3775b028501db253fd7ab435c19ef7572adced6379b4b8,87f310e05afc88bbd22dd59fa543dd30d9872245a86a288ad6ed458bcd9ab16e,jmuben-827,treino_auxiliar,0,acima_do_limite_da_classe
jmuben,jmuben,828,data/raw/jmuben/Leaf rust/1 (493).jpg,8,ferrugem,128,128,0e1b8fb0f93332ddc58ba624593248b3e5d45c304be9a59b3138adfc7bd16beb,9dc133c1fa388c3a55e3d1ef9a142d75a43dbcc8694a6b02da50529556b9762f,jmuben-828,treino_auxiliar,0,acima_do_limite_da_classe
jmuben,jmuben,829,data/raw/jmuben/Leaf rust/1 (494).jpg,8,ferrugem,128,128,0f40d9249370ecca7ecc37f19f1b6e67d9da1228830488a4e87c584062459898,98f830fedf072f55f05097882320ad5b98d76ac4ba30ddbb5519675c2b46a923,jmuben-829,treino_auxiliar,0,acima_do_limite_da_classe
jmuben,jmuben,830,data/raw/jmuben/Leaf rust/1 (495).jpg,8,ferrugem,128,128,dbb59af6015b78b6b50e7d8a3ed5a29be4d1d66e8604e55b377b803d0c8ea38b,8f9a637c4182d0e7d4e93615b6366b367137f93b331f348d4b4e3490d8c064d9,jmuben-830,treino_auxiliar,0,acima_do_limite_da_classe
jmuben,jmuben,831,data/raw/jmuben/Leaf rust/1 (496).jpg,8,ferrugem,128,128,1301a0d3f79edb583d3f696dd5e890ca13d768803b8e1639e91805c3c79c9055,81005d12fcc2629daf7d99f870fa94731c251c0d4b024fd2c7c0c7d9c77dcd9e,jmuben-831,treino_auxiliar,0,acima_do_limite_da_classe
jmuben,jmuben,832,data/raw/jmuben/Leaf rust/1 (497).jpg,8,ferrugem,128,128,d195054ca5d13b6a05027ec620e89d3d4ce2dd3eb3f3184cfffc4c904f7c8a83,80005c2af88063dc0ffc9df96afb8e370c164f0a43c9e3f990f6903e183f39df,jmuben-832,treino_auxiliar,0,acima_do_limite_da_classe
jmuben,jmuben,833,data/raw/jmuben/Leaf rust/1 (498).jpg,8,ferrugem,128,128,89405f7cb71734e933d233a93641186c2f46d6d5de84dc7089dce3fe9ba0c505,805508ffafbf52abc828153e9357d051a6bce52ce96249523a9cb295b6a9b96a,jmuben-833,treino_auxiliar,0,acima_do_limite_da_classe
jmuben,jmuben,834,data/raw/jmuben/Leaf rust/1 (499).jpg,8,ferrugem,128,128,09b474f0e9222f28d059f02d80765d1d53c6d0cf697620a87f82674ea241fce7,8ae6e585207d6c3ccb1b463f3395d30e218d7b8c764ed8c633e6f9492090facc,jmuben-834,treino_auxiliar,0,acima_do_limite_da_classe
jmuben,jmuben,835,data/raw/jmuben/Leaf rust/1 (5).jpeg,8,ferrugem,128,128,9c955b39736316e52c36775da31546258971b15fb3ba2bdcc3275d9c1fd7844b,90236c985bf0f6c3c0373b6ec4ccbd916836daccf48b8d364ccd5ba75029a64e,jmuben-835,treino_auxiliar,0,acima_do_limite_da_classe
jmuben,jmuben,836,data/raw/jmuben/Leaf rust/1 (5).jpg,8,ferrugem,128,128,522255e51cf333fed02f876cbe64463bf02418e81a66b6ec75fb12efddf34231,9511739919efccec2c58c348b9444dc6f293925b6d4de47633136d1d53cfd320,jmuben-836,treino_auxiliar,0,acima_do_limite_da_classe
jmuben,jmuben,837,data/raw/jmuben/Leaf rust/1 (50).jpg,8,ferrugem,128,128,238aca5b102855be094ad66b340b587b0ca6fe16c9edc263e8b18d5a9177216e,91d93b368a66e64c5a4cab75b721c44c313c203dccb66684779fee52b9ba22c9,jmuben-837,treino_auxiliar,0,grupo_ja_representado
jmuben,jmuben,838,data/raw/jmuben/Leaf rust/1 (500).jpg,8,ferrugem,128,128,38d747ee5b45359d8809f04aacded096df11d4867bcd193742537da6a3464849,80015865f084653a8f7a33f073f5b4f7385f185b5a155fa40f82c7e28d53ccbb,jmuben-838,treino_auxiliar,0,acima_do_limite_da_classe
jmuben,jmuben,839,data/raw/jmuben/Leaf rust/1 (501).jpg,8,ferrugem,128,128,42015b04eb374f8e7f42c2003b8582bdca2cf24a7334127e92d9ff524fa36eaf,8000786c75804ffa9bf271ef9c4e1e1a5e8047a0a7fab4f7387d338c36c4b5c3,jmuben-839,treino_auxiliar,0,grupo_ja_representado
jmuben,jmuben,840,data/raw/jmuben/Leaf rust/1 (502).jpg,8,ferrugem,128,128,e339276c90e0af1e508431ea14a7df51665557bc94672a26b45d82d8da9f182a,80015844f0804ff99fd511ff8c6f8f1dc392a7d2b5e9b07b78760987e683cd51,jmuben-840,treino_auxiliar,0,acima_do_limite_da_classe
jmuben,jmuben,841,data/raw/jmuben/Leaf rust/1 (503).jpg,8,ferrugem,128,128,f4801d1a177f5f02a8ee301c1dbb13ca78cc542fde340765c55be0c92ae6b069,81115d4467998fff91ffc42faf0973d2bcef1c2d4a1287819479187e0b87c503,jmuben-841,treino_auxiliar,0,acima_do_limite_da_classe
jmuben,jmuben,842,data/raw/jmuben/Leaf rust/1 (504).jpg,8,ferrugem,128,128,548649d93947ff3faff1b6c2b514d86795407cc932fdc05db1753a2f8d13cba3,8055f7102fbfa954c828eaa3d2572f6ca4b81ad7e943b6ab389c4d5aa62966a5,jmuben-842,treino_auxiliar,0,acima_do_limite_da_classe
jmuben,jmuben,843,data/raw/jmuben/Leaf rust/1 (505).jpg,8,ferrugem,128,128,4ed5bfaed9082ecf9f9ba07aef91116eb64bacde9d770378f38eb8205841e180,882179e467ba8fff90c5cc0ae390f1f4b86b5a0e4f80c7fa947f190f11438d2b,jmuben-843,treino_auxiliar,0,acima_do_limite_da_classe
jmuben,jmuben,844,data/raw/jmuben/Leaf rust/1 (506).jpg,8,ferrugem,128,128,05d6c14254de7d47b590bef6f31a29a4bcfc1a79cc2eecfe1be473a6107a0fbe,9ab509422d4a8ebdf75b37c8e05cec511fa2014ef88df6a4e3fb18731e406b89,jmuben-844,treino_auxiliar,0,acima_do_limite_da_classe
jmuben,jmuben,845,data/raw/jmuben/Leaf rust/1 (507).jpg,8,ferrugem,128,128,0c9e0cfe16abe508f66fa22e09d042821706f49da64e46e4bb73bab46118f718,81105d5267dd8fff90ffc42faf0873dab4ff1c2d4b03c7d096fd107e09860201,jmuben-841,treino_auxiliar,0,acima_do_limite_da_classe
jmuben,jmuben,846,data/raw/jmuben/Leaf rust/1 (508).jpg,8,ferrugem,128,128,f46ec522a764e4c447df6e8596662af28da830b288d3bbfc06162173a054ffb8,91005d1afcc262de8ffe19fe70fb9e300c264f844bc9c7f8c3f4d23c840f2947,jmuben-832,treino_auxiliar,0,acima_do_limite_da_classe
jmuben,jmuben,847,data/raw/jmuben/Leaf rust/1 (509).jpg,8,ferrugem,128,128,8c157070403fbf0389e4af4e823416756517e1576708a28930af36f9c8d99453,8b8d8b4581492bebe1eb876f0f6ab501e00140b81ab41bf26ae7cfcf1f163c37,jmuben-847,treino_auxiliar,0,grupo_ja_representado
jmuben,jmuben,848,data/raw/jmuben/Leaf rust/1 (51).jpg,8,ferrugem,128,128,6de7c30e7119b8b136981289118f83c8f6603ceda14fea88052215baf5dc271a,959113db996dec04e2f26a2b663e536b18f4d2addd2b245a51d066d15f0d18bc,jmuben-824,treino_auxiliar,0,grupo_ja_representado
jmuben,jmuben,849,data/raw/jmuben/Leaf rust/1 (510).jpg,8,ferrugem,128,128,62f5cd09a5a4610495f1f8fe27f05e2b1bf187ec78f15d3e7301102553c62ed3,955508f7f6995aa8c5aa376be05526945923594b161ee295c5613d7eb8d6a334,jmuben-849,treino_auxiliar,0,grupo_ja_representado
jmuben,jmuben,850,data/raw/jmuben/Leaf rust/1 (511).jpg,8,ferrugem,128,128,3767bebdf8cda30e1c65122824cb11f5d5ea7f1b0300422854f1c788b883b8fb,895a46ae79754c6aaf5486e9c3b0e599d32c9981bdc53d973a4976d2e1893145,jmuben-850,treino_auxiliar,0,acima_do_limite_da_classe
jmuben,jmuben,851,data/raw/jmuben/Leaf rust/1 (512).jpg,8,ferrugem,128,128,3e96b18d7af5e601e0d831ea61ed412523f48f1333a7dc4094d372aefa295aec,81d10baaee2056aac9ef3555b2d4e5b62d2bc34e5b54389134b9c72e4d4a59d5,jmuben-851,treino_auxiliar,0,acima_do_limite_da_classe
jmuben,jmuben,852,data/raw/jmuben/Leaf rust/1 (52).jpg,8,ferrugem,128,128,a7c791cb512bae44612be39990819ee1f47736c39607372785b8a2566b046bac,919b58825768ea512c8349936f64c76d89186fda6279ca459dee7497e3918b66,jmuben-852,treino_auxiliar,0,grupo_ja_representado
jmuben,jmuben,853,data/raw/jmuben/Leaf rust/1 (53).jpg,8,ferrugem,128,128,4f65b703b97afb12325de51866bfc4f0749b591c496a9ec1e2d9d3430c451f17,959113db996cec34e6f27c3954e851625cc4d72a3d5276d2d1c116ced92cd0e6,jmuben-824,treino_auxiliar,0,grupo_ja_representado
jmuben,jmuben,854,data/raw/jmuben/Leaf rust/1 (54).jpg,8,ferrugem,128,128,9423872f6eb2b3885449c963fb33f044cf997fe95fa3dacaad44766d4b3d3018,919b5d825360ead527924982676cc26d89046ffae239de641dee7491e394936f,jmuben-852,treino_auxiliar,0,grupo_ja_representado
jmuben,jmuben,855,data/raw/jmuben/Leaf rust/1 (55).jpg,8,ferrugem,128,128,10ee537da87d0d6d14b48c0a2e32674ca1541fc5ffb729aa72fbd5709b392a5e,959113db994de484e2f26c3b54fe5965c4ecd72a2dd272d044c1974ed92cc666,jmuben-824,treino_auxiliar,0,grupo_ja_representado
jmuben,jmuben,856,data/raw/jmuben/Leaf rust/1 (56).jpg,8,ferrugem,128,128,767bcaa173c956991158c2def983901adfe153fec4f5fb73d0a7d41069d5f3cf,91b37766ba44e4195ad9ab65a763cc4c31792029cca6679d6417ece631322eda,jmuben-837,treino_auxiliar,0,grupo_ja_representado
jmuben,jmuben,857,data/raw/jmuben/Leaf rust/1 (57).jpg,8,ferrugem,128,128,ad2a2e532212d7b2f8de1e0adfee5db993cd1651eb6049b30f9470bc533ecdc2,9591139b994dec24e3f26a3b6439536218f5d2acdd2b24d271d066c7df0d18bc,jmuben-824,treino_auxiliar,0,grupo_ja_representado
jmuben,jmuben,858,data/raw/jmuben/Leaf rust/1 (58).jpg,8,ferrugem,128,128,ccb412a0cab96ad0a316a63d4c431f901bd6f4662323c5dd8f24e48dc9eb11f9,8e669540f1bbcd115dd86c2c0e66cf60c0b99b1bf94971e3326e3e8f0f9688d8,jmuben-858,treino_auxiliar,0,grupo_ja_representado
jmuben,jmuben,859,data/raw/jmuben/Leaf rust/1 (59).jpg,8,ferrugem,128,128,f1dda95e8fd343893ab994964f52b2e4d4f157294279a46eed9f10daf0f56c6b,ad5d36afb296cd1acc895995971a1234cc656aa96d28d6f138d316c96d196ce8,jmuben-859,treino_auxiliar,0,acima_do_limite_da_classe
jmuben,jmuben,860,data/raw/jmuben/Leaf rust/1 (6).jpeg,8,ferrugem,128,128,0e82e426f1b6482edd2ad1f7c44536f69fbeca95d1be7c7b247f9b1ad1b643e3,a1cd7a3ac013fe8c27310f23ffccbf5a5873f430e5c97a237618c4ac8970274c,jmuben-860,treino_auxiliar,0,acima_do_limite_da_classe
jmuben,jmuben,861,data/raw/jmuben/Leaf rust/1 (6).jpg,8,ferrugem,128,128,6e497609acbc9869da86be580304539dd09dcfbad1933c61baf30a77c6a941ed,833173cc74bab487e5c459686b381ae3d49af9926db40935b62d1f2b6d1a6156,jmuben-861,treino_auxiliar,0,acima_do_limite_da_classe
jmuben,jmuben,862,data/raw/jmuben/Leaf rust/1 (60).jpg,8,ferrugem,128,128,2325e339e2e454b9c1614e2d920e37c7ffc958251041153ba35a8bf90905c101,acf461699f5a831601d72dec9afc963b6c26fe28f29d69928241a4e12cf59857,jmuben-862,treino_auxiliar,0,grupo_ja_representado
jmuben,jmuben,863,data/raw/jmuben/Leaf rust/1 (61).jpg,8,ferrugem,128,128,b7163d630171b5becbea518cdf5658e0f12bd1db06a608134d8f1ab683e51046,ad5d356db2a7dbd2cc1a64c169cd249b739cd51492d7290bc70d6d196ca53344,jmuben-863,treino_auxiliar,0,grupo_ja_representado
jmuben,jmuben,864,data/raw/jmuben/Leaf rust/1 (62).jpg,8,ferrugem,128,128,f2f61cb79b62df1554636c001993ed985cad3da68537f90feae8d03c5ab6d443,97b276ec8acdc0935a91a347adc38d993171a1efcdac66116cb4b8c433368cda,jmuben-837,treino_auxiliar,1,
jmuben,jmuben,865,data/raw/jmuben/Leaf rust/1 (63).jpg,8,ferrugem,128,128,fb07a125eb057ba71b1a73ea2eb49da46f25cdbd72d0ce1554a6d5812f3fe752,9511ed649b5817d2e6a69dc56c39ad9918e52956dd2ad20b43d39b692619e656,jmuben-865,treino_auxiliar,0,acima_do_limite_da_classe
jmuben,jmuben,866,data/raw/jmuben/Leaf rust/1 (64).jpg,8,ferrugem,128,128,a03ec63669c3427915b499abcffd7428cb038c45edbfb7e0cb02fc9be2e9940e,93b6581d66dfe881233ec358e6c981f179b472ea981f3d8c643692933dd86097,jmuben-866,treino_auxiliar,0,acima_do_limite_da_classe
jmuben,jmuben,867,data/raw/jmuben/Leaf rust/1 (65).jpg,8,ferrugem,128,128,67fad5b969ea10615fb76cc1cf8abeb479cbaf05ac3bc939edb1dec397b42781,b505ede9bbd83792e6868d8d6ce0ac3b198928d4d948d26ac39793739e18ae16,jmuben-865,treino_auxiliar,0,acima_do_limite_da_classe
jmuben,jmuben,868,data/raw/jmuben/Leaf rust/1 (66).jpg,8,ferrugem,128,128,8d1a2b668bb1e61e56fad13c2a21046e73cdbc7c9f6f6a76c06a2ca7bd4b967f,8ac2492da1122eb2ee692cd113dd6a61b5b54852d4ad6ade758b53e9f982956e,jmuben-868,treino_auxiliar,0,acima_do_limite_da_classe
jmuben,jmuben,869,data/raw/jmuben/Leaf rust/1 (67).jpg,8,ferrugem,128,128,ce4b234b76c4a661fd54ec8e5ec4b206e605ebf25d1ba8dd423046985c3f5a88,92431a778d928fb8f42cb80635fba3e228d63fa53925c95935da9dd90cc8ab0e,jmuben-869,treino_auxiliar,0,acima_do_limite_da_classe
jmuben,jmuben,870,data/raw/jmuben/Leaf rust/1 (68).jpg,8,ferrugem,128,128,de10c9d163cea48f22d8d18c9fc0390707f2ed8bcc1483047845a54f4ba4a734,9e3c1ce3f4cf718cbe20bb74e18f1e3de1a1c40b3c6dc3e13e0f610453333e09,jmuben-870,treino_auxiliar,0,acima_do_limite_da_classe
jmuben,jmuben,871,data/raw/jmuben/Leaf rust/1 (69).jpg,8,ferrugem,128,128,d5b723cb968f4b5c5c9417d95e96b5c120f0f7e2012fc5392cc7bf32c724d5ad,96471ae69d30ddd9e16db94627e3ab842c943f294953ccdaa7988c85264ce3ae,jmuben-869,treino_auxiliar,0,acima_do_limite_da_classe
jmuben,jmuben,872,data/raw/jmuben/Leaf rust/1 (7).jpeg,8,ferrugem,128,128,1f74ecb4ba0ac1835a08cc8cd87c9ac136aa80edb1499aa9507be60684f821a8,8eb6258f2679f1d50e6af04b361c9f63e10e133966a7b92c511925c6ec32da4d,jmuben-872,treino_auxiliar,1,
jmuben,jmuben,873,data/raw/jmuben/Leaf rust/1 (7).jpg,8,ferrugem,128,128,cda644eb53f3ec99dcb59ded069b698f3ceeaf3df4c16b8f79ff6c0a4057ac52,919018cee66373334cff2728d0927219cbd6225b9d6c55b14ac5eb532389eae7,jmuben-873,treino_auxiliar,0,acima_do_limite_da_classe
jmuben,jmuben,874,data/raw/jmuben/Leaf rust/1 (70).jpg,8,ferrugem,128,128,42e4d3e11ec9e7e2eedfb7b843f79f9e742468d498b2cb5ab59335bb3cc6c62e,922fad2d824bc096dc95761335e0a940ad44a931a1ddea7d6b6bf2a955ac7cb2,jmuben-874,treino_auxiliar,1,
jmuben,jmuben,875,data/raw/jmuben/Leaf rust/1 (71).jpg,8,ferrugem,128,128,1f7988ddb54dbb3481ad421238ee07d7cb087d88c71323e63c6357dbd9d7f264,933019188ecd46aef1a2bca336bca85924513fb66d4dcc6d90ce8e6e27e2f4d1,jmuben-875,treino_auxiliar,0,acima_do_limite_da_classe
jmuben,jmuben,876,data/raw/jmuben/Leaf rust/1 (72).jpg,8,ferrugem,128,128,e9d64947672490b4fc1c4567ca2d322fb567549cef77963e619d478e87e97060,9d3c1ce7f1ce738cba71611d0c0928e040470efcc3f1381a83f19ffde8c45e37,jmuben-876,treino_auxiliar,0,acima_do_limite_da_classe
jmuben,jmuben,877,data/raw/jmuben/Leaf rust/1 (73).jpg,8,ferrugem,128,128,0732484ff296f283c82a9abafd4cf21a5e7f231d4b9b7540453b2e6df8abecba,964712e79d328db8c46dd80c657bb36220f4372f3b2bc8d2715a99bb1cd18b1c,jmuben-869,treino_auxiliar,0,acima_do_limite_da_classe
jmuben,jmuben,878,data/raw/jmuben/Leaf rust/1 (74).jpg,8,ferrugem,128,128,eb7d479c2a737a7678b19c35bde37f7e3f84114f0ce356ea40127908f87dbd73,92ad52d2824b3f29dcb509ec372256bca0475eeaa1dd15026bab8d55d62ca37d,jmuben-878,treino_auxiliar,0,grupo_ja_representado
jmuben,jmuben,879,data/raw/jmuben/Leaf rust/1 (75).jpg,8,ferrugem,128,128,9542799d94c3c0b94afde2b2458db132eb938e411ade194e81aa4a53eaca8f2b,933019188ecf46aef2a2bca3363cb9fd345337946d04cc6db0ae8c6c2f62f1c3,jmuben-875,treino_auxiliar,0,acima_do_limite_da_classe
jmuben,jmuben,880,data/raw/jmuben/Leaf rust/1 (76).jpg,8,ferrugem,128,128,5cbe823f1672da7f66fdba600d93e2e7b0409a321477944328e435e2acc18294,9aa5425aa96d7db481d637a2d617a940c2bda112feab82de868a2bafdc92836d,jmuben-880,treino_auxiliar,0,grupo_ja_representado
jmuben,jmuben,881,data/raw/jmuben/Leaf rust/1 (77).jpg,8,ferrugem,128,128,2a4ba483c315df7d9949c7cf3604b4f57d2574cce80adbbdea3a3b7d8ef20f10,93605b318c998eef56a6d8a2540ab3acb87b865333b63d906935f185d8dd0f6c,jmuben-881,treino_auxiliar,0,acima_do_limite_da_classe
jmuben,jmuben,882,data/raw/jmuben/Leaf rust/1 (78).jpg,8,ferrugem,128,128,4c0d2fd4f7d93b87087b809c3a606d8eafb9ff7968d180451fc0c5564ef34535,966a52958b5afd2981a52745d4b8aa57d7e2ab67fc4c8ff884157bd2ad044740,jmuben-882,treino_auxiliar,0,grupo_ja_representado
jmuben,jmuben,883,data/raw/jmuben/Leaf rust/1 (79).jpg,8,ferrugem,128,128,6b854d18139034ac1f3580bab951236a14e25e8f72fa322d24979a757107151a,86610c4ddb98d3bb07f789e603f7e6e2ed1cc30d66c7088f2d61a4d1191b5a72,jmuben-883,treino_auxiliar,1,
jmuben,jmuben,884,data/raw/jmuben/Leaf rust/1 (8).jpeg,8,ferrugem,128,128,8071336101c146d58aab8201171c74e941c03e90ee7e654e48067c5d4145a0dc,85423e5f3398d7a5d2a285cb7d0981f83b03c28f0ef8f9d3212f87e0fc1c9a0f,jmuben-884,treino_auxiliar,0,grupo_ja_representado
jmuben,jmuben,885,data/raw/jmuben/Leaf rust/1 (8).jpg,8,ferrugem,128,128,5de3697dc344ce06c246cc6aa108129c894e8e79cafd5821969826990a979715,91cc18c6e65773785873672f89a664b1b38c66927a592f4ab11b64e6d27724cc,jmuben-885,treino_auxiliar,0,acima_do_limite_da_classe
jmuben,jmuben,886,data/raw/jmuben/Leaf rust/1 (80).jpg,8,ferrugem,128,128,c521e3671476773914281a2ab1ae54c26cac28528da8dd1d3272e75ef59cc562,8ad2492da1122fb2ee69acd512d57ae8b5bd4a52d4af4a9c758c56e95082d5ae,jmuben-868,treino_auxiliar,0,acima_do_limite_da_classe
jmuben,jmuben,887,data/raw/jmuben/Leaf rust/1 (81).jpg,8,ferrugem,128,128,320878d0f85e7106d12d184dd24ad03a5c35da1cd9edb3c65963ddc41b093b25,92431a778d928df9f42cf806257bb3f228d63f256939c8d935598dd94e44e10e,jmuben-869,treino_auxiliar,0,acima_do_limite_da_classe
jmuben,jmuben,888,data/raw/jmuben/Leaf rust/1 (82).jpg,8,ferrugem,128,128,821b70a3c38454973496da3d1e431e541456a4d2f778f75a830758a223fd5b82,92ad52d28b697d2dc1b42166d6bca85597e20175e5227bed85147be8a9736ca2,jmuben-888,treino_auxiliar,1,
jmuben,jmuben,889,data/raw/jmuben/Leaf rust/1 (83).jpg,8,ferrugem,128,128,42276546ea08d8cfed2f647aaea0ff51639d568a66a0c5449fc13433fe539417,933059188cd986ef57a6dca35628b3bdb85b96d039964d58782fd1840c6e0fee,jmuben-881,treino_auxiliar,0,acima_do_limite_da_classe
jmuben,jmuben,890,data/raw/jmuben/Leaf rust/1 (84).jpg,8,ferrugem,128,128,0faddb72f2205e2056bc99c523f6998911ac545b1fc71ac7b68d06bfd5e27e8a,986339cca999f3336d33b48ff293c6383943e64cc76d3071e72e94043866e333,jmuben-890,treino_auxiliar,0,grupo_ja_representado
jmuben,jmuben,891,data/raw/jmuben/Leaf rust/1 (85).jpg,8,ferrugem,128,128,f6b8f35df9b9afa808ea280a5ddded32bfaee752295a42e22b88b40142ffcd67,94dc1aec9925cd52e25b2b8426865aa90c5ac297cdb5360ff8cf665877661e96,jmuben-891,treino_auxiliar,1,
jmuben,jmuben,892,data/raw/jmuben/Leaf rust/1 (86).jpg,8,ferrugem,128,128,cd92fe504b69e26fe98c41967c2cbae74376a443b4957d57274874820f7c16aa,92411ab78d98674cb8062ff3aa844e85c328cade36a6eab4623fdbb94ed8e11e,jmuben-892,treino_auxiliar,0,acima_do_limite_da_classe
jmuben,jmuben,893,data/raw/jmuben/Leaf rust/1 (87).jpg,8,ferrugem,128,128,b5120f71bd388096459150175dddf58a5ae727330f2987e0ca443f07e16e8829,92601b318d9f572cb9222c79a3f9a8d327a4c94d464bb3baeef13327a0b80b7c,jmuben-893,treino_auxiliar,0,acima_do_limite_da_classe
jmuben,jmuben,894,data/raw/jmuben/Leaf rust/1 (88).jpg,8,ferrugem,128,128,22420a77e2f45864a0a5142aa889728c0cb8c398d4dc5878a942fbfba334753f,96471aee9d30cd51f04db9c427c6bba42c2feb5bc89016d1bd85624ca36c3ce6,jmuben-869,treino_auxiliar,0,acima_do_limite_da_classe
jmuben,jmuben,895,data/raw/jmuben/Leaf rust/1 (89).jpg,8,ferrugem,128,128,0661fe5c17abff375fb738b6855606295a8ef0998a7963e9e3c5f5149e5938d6,94cc1aee9d21e553e3592f842688593a8e56cbb52498b24f667d67625d965a33,jmuben-824,treino_auxiliar,0,grupo_ja_representado
jmuben,jmuben,896,data/raw/jmuben/Leaf rust/1 (9).jpeg,8,ferrugem,128,128,1a143e311a9f80182df9b1eeabded8c381c41ff82342e0652532a19901677f90,96681df3e36ec4747d9dd4b049f14e9171cf62d93768ccc78c641b9998027166,jmuben-896,treino_auxiliar,0,grupo_ja_representado
jmuben,jmuben,897,data/raw/jmuben/Leaf rust/1 (9).jpg,8,ferrugem,128,128,1843d75d15c43d35d3faa017b6d42c50645e4e8ac3b1ecf36252b423d619ab03,98cf5c72e77171bc4c3823a7ccbb769c90936659396ea529d0a44633d58c26e3,jmuben-389,treino_auxiliar,0,acima_do_limite_da_classe
jmuben,jmuben,898,data/raw/jmuben/Leaf rust/1 (90).jpg,8,ferrugem,128,128,dcfeb2d683812d858cbb24a5476596a0fd3bc0acb81e9a2c454cae3cc9066e8f,949013cb994fed94e2fa6e09662f59720ef4d3ab2c33f65a66d12644192cd267,jmuben-824,treino_auxiliar,1,
jmuben,jmuben,899,data/raw/jmuben/Leaf rust/1 (91).jpg,8,ferrugem,128,128,4ca70f9c35612199ef93310654fe13840d8a4ec110cb8344e3fe73beacc919f6,92411a378d9a45ddf004b9f627fbaaf62d85bb29c8da174b8dd06e44a126b4b3,jmuben-899,treino_auxiliar,0,acima_do_limite_da_classe
jmuben,jmuben,900,data/raw/jmuben/Leaf rust/1 (92).jpg,8,ferrugem,128,128,c51280343f7d58a5179c8083cce8e11fdb7627b699529bd64a02f76e7cca2230,96471ae79d308df9f04db9e42762b3a42dad3b2bc8d2c4d89dd10c85a34ce1e6,jmuben-869,treino_auxiliar,0,acima_do_limite_da_classe
jmuben,jmuben,901,data/raw/jmuben/Leaf rust/1 (93).jpg,8,ferrugem,128,128,32752d90e64bf537103c29ca7cffc97d5f1337095c4909825e3ed7ca75729d4f,949c1aec9925e552e2d92f847689593a4a56c3a5249a734f66dd73645da65a33,jmuben-824,treino_auxiliar,0,grupo_ja_representado
jmuben,jmuben,902,data/raw/jmuben/Leaf rust/1 (94).jpg,8,ferrugem,128,128,8a94c8b71152206fd34930013d12e2e84a5c9437a39abd64cd46a07011d1b80d,92411a338d9f07dff50cfc042578b3f624b73729e9ba48cb919b0cd80f4dc98e,jmuben-869,treino_auxiliar,0,acima_do_limite_da_classe
jmuben,jmuben,903,data/raw/jmuben/Leaf rust/1 (95).jpg,8,ferrugem,128,128,33cb66c0849fc87cb35436664193980fc6ffae0627af99961266c3cc555f2441,84410c5bd39917b787e68bcc27d3ed50621d458e38973977e1b69b3254e499a5,jmuben-903,treino_auxiliar,1,
jmuben,jmuben,904,data/raw/jmuben/Leaf rust/1 (96).jpg,8,ferrugem,128,128,92a4efc89d93a0f57ed8bb95361904dfb8d22b1484d3989622c55e9655b1d828,964152e78d368fb84659d80c5c5fd749f0f684d63725bb256066b32eb0b23e61,jmuben-904,treino_auxiliar,0,acima_do_limite_da_classe
jmuben,jmuben,905,data/raw/jmuben/Leaf rust/1 (97).jpg,8,ferrugem,128,128,c168318943a2f4c55eb90d0090015d6f9a0906d3091dffaadb519c6fa38698ab,92605a318d9b06cfd726dd825528b33ba053b6b239b4e8b1712fd89d0e7c0bee,jmuben-881,treino_auxiliar,0,acima_do_limite_da_classe
jmuben,jmuben,906,data/raw/jmuben/Leaf rust/1 (98).jpg,8,ferrugem,128,128,11d42311200264bf410d7a4570d15e18a413eddbe28ae3a9594a4a268afd779b,95b81699994f9905cdf493f2e9c4a68de70b3c512650d35966e7934c192c5eb6,jmuben-390,treino_auxiliar,0,grupo_ja_representado
jmuben,jmuben,907,data/raw/jmuben/Leaf rust/1 (99).jpg,8,ferrugem,128,128,0eaed847b212557453296c38ea53ae5d6d540c705466763033788d7d2b61b644,964752ee99249db0445bd809cc7fc453e1d0c4b4376dbf65606ce26cf16634e3,jmuben-904,treino_auxiliar,0,acima_do_limite_da_classe
jmuben,jmuben,908,data/raw/jmuben/Leaf rust/2 (10).jpeg,8,ferrugem,128,128,f65a66c6b224f0342a5c899a2750154d78c20872be9fbef2770c55462c39a660,a7326331d69db75ac55c369472c99d8ab091b4dc495b4b1ed50db70aae633d01,jmuben-387,treino_auxiliar,0,acima_do_limite_da_classe
jmuben,jmuben,909,data/raw/jmuben/Leaf rust/2 (1000).jpg,8,ferrugem,128,128,c3561dcf95a7e2db1b69c8dc4e6a0811044b8bba78b292247af43841c163133a,99c33381fa380c3c55c792ddbb1429f7e40a5bc06a567e2154b956aaa76ea95c,jmuben-822,treino_auxiliar,0,acima_do_limite_da_classe
jmuben,jmuben,910,data/raw/jmuben/Leaf rust/2 (1001).jpg,8,ferrugem,128,128,0259f968679b533b0c2c67adf44bc79022902b772556d1b8d1f9c2b7d12e4490,95c132c8fe3e5503d1e7ba146df1e2a85fc2033796b581efa96a99525a917621,jmuben-823,treino_auxiliar,0,acima_do_limite_da_classe
jmuben,jmuben,911,data/raw/jmuben/Leaf rust/2 (1002).jpg,8,ferrugem,128,128,93f2f2c3cf7af6f51f94228f3dc1fbfd03c941762e5ee7498c309af01e45af0d,99c0cf07de1edaaed0c1616b693a02355bd694ea94a9bb75274e56ba88b12956,jmuben-825,treino_auxiliar,0,grupo_ja_representado
jmuben,jmuben,912,data/raw/jmuben/Leaf rust/2 (1003).jpg,8,ferrugem,128,128,cb4c143e445f8e51694481ca09b13ce45938f3fee1c33796e79e84badd452723,987f304fdf820578d46c0b96690adc6b6b516394d4af47eaa5728955989c72ae,jmuben-826,treino_auxiliar,0,acima_do_limite_da_classe
jmuben,jmuben,913,data/raw/jmuben/Leaf rust/2 (1004).jpg,8,ferrugem,128,128,28cc8ff0662f318cffa13548e2924afb7a366f568a9d33ff6477db861fe22ac2,87f310e05afc88bbd22dd59fa543dd30d9872245a86a288ad6ed458bcd9ab16e,jmuben-827,treino_auxiliar,0,acima_do_limite_da_classe
jmuben,jmuben,914,data/raw/jmuben/Leaf rust/2 (1005).jpg,8,ferrugem,128,128,3c68311db24be33a078e157bbe274ddaeec6a0e15284eadf68d7e63c6d040405,9dc133c1fa388c3a55e3d1ef9a142d75a43dbcc8694a6b02da50529556b9762f,jmuben-828,treino_auxiliar,0,acima_do_limite_da_classe
jmuben,jmuben,915,data/raw/jmuben/Leaf rust/2 (1006).jpg,8,ferrugem,128,128,f6aff38fd3169656511fb96e332c0450d04c3ec14f5234973e2a01abdd4f0c9a,98f830fedf072f55f05097882320ad5b98d76ac4ba30ddbb5519675c2b46a923,jmuben-829,treino_auxiliar,0,acima_do_limite_da_classe
jmuben,jmuben,916,data/raw/jmuben/Leaf rust/2 (1007).jpg,8,ferrugem,128,128,1430bf48d45db59ec31c4bf73a1f863506c4655b7b30707f480d19122cf8e024,8f9a637c4182d0e7d4e93615b6366b367137f93b331f348d4b4e3490d8c064d9,jmuben-830,treino_auxiliar,0,acima_do_limite_da_classe
jmuben,jmuben,917,data/raw/jmuben/Leaf rust/2 (1008).jpg,8,ferrugem,128,128,187bf5be529a44089d2783b303b09f5647a243440c87758e3dcab05632571f01,81005d12fcc2629daf7d99f870fa94731c251c0d4b024fd2c7c0c7d9c77dcd9e,jmuben-831,treino_auxiliar,0,acima_do_limite_da_classe
jmuben,jmuben,918,data/raw/jmuben/Leaf rust/2 (1009).jpg,8,ferrugem,128,128,a926ad8903197801d903717c7a07693e7ea32118404bc4ab81c659ca3300286d,80005c2af88063dc0ffc9df96afb8e370c164f0a43c9e3f990f6903e183f39df,jmuben-832,treino_auxiliar,0,acima_do_limite_da_classe
jmuben,jmuben,919,data/raw/jmuben/Leaf rust/2 (1010).jpg,8,ferrugem,128,128,1fad4aa8608029ba2038a2e845aedeb1493ce95c54b1d59b7a85cf273bf5fcf5,805508ffafbf52abc828153e9357d051a6bce52ce96249523a9cb295b6a9b96a,jmuben-833,treino_auxiliar,0,acima_do_limite_da_classe
jmuben,jmuben,920,data/raw/jmuben/Leaf rust/2 (1011).jpg,8,ferrugem,128,128,70eea864807d74ef1ff706cf6649b7daeba546b4967fc19be6f2f4d3c1aa7b0c,8ae6e585207d6c3ccb1b463f3395d30e218d7b8c764ed8c633e6f9492090facc,jmuben-834,treino_auxiliar,0,acima_do_limite_da_classe
jmuben,jmuben,921,data/raw/jmuben/Leaf rust/2 (1012).jpg,8,ferrugem,128,128,51f2979b571ed0d1aff76895137582e3eb1b30b352f0a6fa6df7abb5b0891acc,80015865f084653a8f7a33f073f5b4f7385f185b5a155fa40f82c7e28d53ccbb,jmuben-838,treino_auxiliar,0,acima_do_limite_da_classe
jmuben,jmuben,922,data/raw/jmuben/Leaf rust/2 (1013).jpg,8,ferrugem,128,128,61404d7676700a1ea7e62bfca2a0a9073ec85a0a156d2c9da946b4c347a56a4d,8000786c75804ffa9bf271ef9c4e1e1a5e8047a0a7fab4f7387d338c36c4b5c3,jmuben-839,treino_auxiliar,1,
jmuben,jmuben,923,data/raw/jmuben/Leaf rust/2 (1014).jpg,8,ferrugem,128,128,de5ff8b70eb08578310136596086ca941440824563be8be5f0887956d2ea88da,80015844f0804ff99fd511ff8c6f8f1dc392a7d2b5e9b07b78760987e683cd51,jmuben-840,treino_auxiliar,0,acima_do_limite_da_classe
jmuben,jmuben,924,data/raw/jmuben/Leaf rust/2 (1015).jpg,8,ferrugem,128,128,88a16c20b101b1da5063277743969ee5424c733c16df4e5be46bb68da8bb1500,81115d4467998fff91ffc42faf0973d2bcef1c2d4a1287819479187e0b87c503,jmuben-841,treino_auxiliar,0,acima_do_limite_da_classe
jmuben,jmuben,925,data/raw/jmuben/Leaf rust/2 (1016).jpg,8,ferrugem,128,128,e6e0584e6f650b8cc5b7709ae7afa0f7c41166eb14c326508c2ab57cd8622444,8055f7102fbfa954c828eaa3d2572f6ca4b81ad7e943b6ab389c4d5aa62966a5,jmuben-842,treino_auxiliar,0,acima_do_limite_da_classe
jmuben,jmuben,926,data/raw/jmuben/Leaf rust/2 (1017).jpg,8,ferrugem,128,128,5f1fc46a9cd60f5379907be4423b4fb2ff75659fbc54ac72939fb42d2d692efe,882179e467ba8fff90c5cc0ae390f1f4b86b5a0e4f80c7fa947f190f11438d2b,jmuben-843,treino_auxiliar,0,acima_do_limite_da_classe
jmuben,jmuben,927,data/raw/jmuben/Leaf rust/2 (1018).jpg,8,ferrugem,128,128,9d7bb1f86cc96e145c890ed6faee393decb68c77149ac4a03e0a1e5b58707d24,9ab509422d4a8ebdf75b37c8e05cec511fa2014ef88df6a4e3fb18731e406b89,jmuben-844,treino_auxiliar,0,acima_do_limite_da_classe
jmuben,jmuben,928,data/raw/jmuben/Leaf rust/2 (1019).jpg,8,ferrugem,128,128,3cc095a1c4a362b4dfccbf21bbdcb229ff46abdbbb131347cfa0d0b5efb70dca,81105d5267dd8fff90ffc42faf0873dab4ff1c2d4b03c7d096fd107e09860201,jmuben-841,treino_auxiliar,0,acima_do_limite_da_classe
jmuben,jmuben,929,data/raw/jmuben/Leaf rust/2 (1020).jpg,8,ferrugem,128,128,109a18ecc91b7768cde35f48c0e26127e9c539b698cf01bea3ce782cfb559c12,91005d1afcc262de8ffe19fe70fb9e300c264f844bc9c7f8c3f4d23c840f2947,jmuben-832,treino_auxiliar,0,acima_do_limite_da_classe
jmuben,jmuben,930,data/raw/jmuben/Leaf rust/2 (1021).jpg,8,ferrugem,128,128,0c0bdeabde603bfae9717a533f37b7e1aef19acd8b34f28c7dac336428f4c42f,8b8d8b4581492bebe1eb876f0f6ab501e00140b81ab41bf26ae7cfcf1f163c37,jmuben-847,treino_auxiliar,1,
jmuben,jmuben,931,data/raw/jmuben/Leaf rust/2 (1022).jpg,8,ferrugem,128,128,300c187c004e18aea41703d4c25a8b1507717d7e7f18931911f0b17028d8491b,955508f7f6995aa8c5aa376be05526945923594b161ee295c5613d7eb8d6a334,jmuben-849,treino_auxiliar,1,
jmuben,jmuben,932,data/raw/jmuben/Leaf rust/2 (1023).jpg,8,ferrugem,128,128,2513aeca531a4471478e6bedd8fe51b59af375d8419ba0941b1128cc883aaca0,895a46ae79754c6aaf5486e9c3b0e599d32c9981bdc53d973a4976d2e1893145,jmuben-850,treino_auxiliar,0,acima_do_limite_da_classe
jmuben,jmuben,933,data/raw/jmuben/Leaf rust/2 (1024).jpg,8,ferrugem,128,128,269ed9bc781f18c3217692a00c9312d46a77b416582c3d90404939ddd97453a8,81d10baaee2056aac9ef3555b2d4e5b62d2bc34e5b54389134b9c72e4d4a59d5,jmuben-851,treino_auxiliar,0,acima_do_limite_da_classe
jmuben,jmuben,934,data/raw/jmuben/Leaf rust/2 (11).jpeg,8,ferrugem,128,128,10077b72fc870672c43c2ed4efb30615f7a932a068b8de7a9837e2edaea6af90,808c3ff77840dbcf801296bb3d60c10d7bffc3007cdfd0aa51a5d7f13102c67c,jmuben-499,treino_auxiliar,0,acima_do_limite_da_classe
jmuben,jmuben,935,data/raw/jmuben/Leaf rust/2 (13).jpeg,8,ferrugem,128,128,eff6e8634aeda9fe426b148f92a506f479f51b6a93d1dd3525251773ffa01255,8ee5331a64c1fc958de40c6ae39b1ef17586881f1b71c6f27e8e807343992567,jmuben-723,treino_auxiliar,0,grupo_ja_representado
jmuben,jmuben,936,data/raw/jmuben/Leaf rust/2 (14).jpeg,8,ferrugem,128,128,a2e7f3d48f8dccd7c76e3e3b8d8b56849dad1710514fe33fa93acb4596fe74d0,90236c985bf0f6c3c0373b6ec4ccbd916836daccf48b8d364ccd5ba75029a64e,jmuben-835,treino_auxiliar,0,acima_do_limite_da_classe
jmuben,jmuben,937,data/raw/jmuben/Leaf rust/2 (15).jpeg,8,ferrugem,128,128,b2d5b99a7ab86ff917b1cd2885f5361f8e301c667e296f645ef4bb8f3def176d,a1cd7a3ac013fe8c27310f23ffccbf5a5873f430e5c97a237618c4ac8970274c,jmuben-860,treino_auxiliar,0,acima_do_limite_da_classe
jmuben,jmuben,938,data/raw/jmuben/Leaf rust/2 (16).jpeg,8,ferrugem,128,128,e3e24de12fbac87bdd10c5e925ce554cebda078389c6c3aad719d06dc1c20ad2,8eb6258f2679f1d50e6af04b361c9f63e10e133966a7b92c511925c6ec32da4d,jmuben-872,treino_auxiliar,0,grupo_ja_representado
jmuben,jmuben,939,data/raw/jmuben/Leaf rust/2 (17).jpeg,8,ferrugem,128,128,5715bad9d3c6b69eed5c1c33e0d1a77f4467eeafeac121d6da8d2075d4f2d1e6,85423e5f3398d7a5d2a285cb7d0981f83b03c28f0ef8f9d3212f87e0fc1c9a0f,jmuben-884,treino_auxiliar,1,
jmuben,jmuben,940,data/raw/jmuben/Leaf rust/2 (18).jpeg,8,ferrugem,128,128,8f10b62e971e24747cf25c2b7c3525f5b946b47810a59eeebd6268cf7ddd8f92,96681df3e36ec4747d9dd4b049f14e9171cf62d93768ccc78c641b9998027166,jmuben-896,treino_auxiliar,1,
jmuben,jmuben,941,data/raw/jmuben/Leaf rust/2 (513).jpg,8,ferrugem,128,128,4f3daaa1410075e9323282a430610da5887168aa88d9eb4088d3e7aefe41b190,84a078ba2ec7b755d3d650a84ab069cb3c65073fc9c5cd744d123eae7ab1931c,jmuben-388,treino_auxiliar,0,grupo_ja_representado
jmuben,jmuben,942,data/raw/jmuben/Leaf rust/2 (514).jpg,8,ferrugem,128,128,d071c0bc4a2bdf7517dbbe8e562d39448bc06fe9e1c9096ecc6a60806ee43d58,82a07ab92fc7b754d3da4aa06ab869cd3c259715c1c5c4726cbaba857ad5931c,jmuben-388,treino_auxiliar,0,grupo_ja_representado
jmuben,jmuben,943,data/raw/jmuben/Leaf rust/2 (515).jpg,8,ferrugem,128,128,a742164d3e24ff7f7a6a20fc2148cc9dfc734a132fb640b6e493e9c7655dbd97,928819e6e4577768d831667f03256cb3729474b666913b48277bb10966e6d373,jmuben-612,treino_auxiliar,0,grupo_ja_representado
jmuben,jmuben,944,data/raw/jmuben/Leaf rust/2 (516).jpg,8,ferrugem,128,128,14c2b0f15c4665b0d777207fe7e6a4e50ce72b30ca3cce8c7edd4c8461cb2c27,82a47ab92ccf3717d35a508f4a306b9971e59d35031ec9c665726eb93a8478d5,jmuben-388,treino_auxiliar,0,grupo_ja_representado
jmuben,jmuben,945,data/raw/jmuben/Leaf rust/2 (517).jpg,8,ferrugem,128,128,3c6bb521b74643d896be8682df015523c80bbb8ee5632becca0a68171bb1c3c5,9511739919efccec2c58c348b9444dc6f293925b6d4de47633136d1d53cfd320,jmuben-836,treino_auxiliar,0,acima_do_limite_da_classe
jmuben,jmuben,946,data/raw/jmuben/Leaf rust/2 (518).jpg,8,ferrugem,128,128,7a782a6c8b04b24005657bc84f6523fed95815e8b6e813b022af0c631747a453,833173cc74bab487e5c459686b381ae3d49af9926db40935b62d1f2b6d1a6156,jmuben-861,treino_auxiliar,0,acima_do_limite_da_classe
jmuben,jmuben,947,data/raw/jmuben/Leaf rust/2 (519).jpg,8,ferrugem,128,128,e7336d250e30b87e1a7398de8c44c94b8e3237af84b1f144ea911254c7172f3b,919018cee66373334cff2728d0927219cbd6225b9d6c55b14ac5eb532389eae7,jmuben-873,treino_auxiliar,0,acima_do_limite_da_classe
jmuben,jmuben,948,data/raw/jmuben/Leaf rust/2 (520).jpg,8,ferrugem,128,128,1e35140b9c20456b24dcdda79b80e453a4114f996d1c49b204e86ce72d6ccbc1,91cc18c6e65773785873672f89a664b1b38c66927a592f4ab11b64e6d27724cc,jmuben-885,treino_auxiliar,0,acima_do_limite_da_classe
jmuben,jmuben,949,data/raw/jmuben/Leaf rust/2 (521).jpg,8,ferrugem,128,128,741a16509e63d8bcb95efd7a306cc3ca893dc5fafe5f57e457391695637ef79d,98cf5c72e77171bc4c3823a7ccbb769c90936659396ea529d0a44633d58c26e3,jmuben-389,treino_auxiliar,0,acima_do_limite_da_classe
jmuben,jmuben,950,data/raw/jmuben/Leaf rust/2 (522).jpg,8,ferrugem,128,128,e56d0aaee59916e2f23cdcc9bbf243cebada8e4df7a788b9542c5e8e38a86f33,98654c3ae738599e4e0c2392ccdd7247d8c9636c3927b794dad26219ddc636b1,jmuben-389,treino_auxiliar,0,acima_do_limite_da_classe
jmuben,jmuben,951,data/raw/jmuben/Leaf rust/2 (523).jpg,8,ferrugem,128,128,c25e8c1a07c4decdf1c7eb9a42550af0e903cb8ab16ba7930f0d4432b4fd1832,82a47a9d2ccd35179768d0cf4a30eb9969e53c751736c9ce8562652a4aa93ae7,jmuben-388,treino_auxiliar,0,grupo_ja_representado
jmuben,jmuben,952,data/raw/jmuben/Leaf rust/2 (524).jpg,8,ferrugem,128,128,eac0d0eb3d53c83a68d619676e273097f778167e0a491a8f3bc4f7915eb6a41d,82b07a9c2c653512d36b5aa36a38ebcd7c669e10139ec9e2453b6cad7ad57c50,jmuben-388,treino_auxiliar,0,grupo_ja_representado
jmuben,jmuben,953,data/raw/jmuben/Leaf rust/2 (525).jpg,8,ferrugem,128,128,f917e46a93ee4acad302b0f7ede96bb30769583180e2eb9e8e727a8849223901,82a47af927479742d28b68b42d5135cf9632e3cb78e13eb91bc485764daae8a4,jmuben-422,treino_auxiliar,0,grupo_ja_representado
jmuben,jmuben,954,data/raw/jmuben/Leaf rust/2 (526).jpg,8,ferrugem,128,128,4525171e389e49eac8ea8de528e07afec8c24f559093f9c1a4aac9ea4be43693,82a47ab92d4f3716d3684aaf6a302bdd75e69d32439ec0ca642b6a893ac4555f,jmuben-388,treino_auxiliar,0,grupo_ja_representado
jmuben,jmuben,955,data/raw/jmuben/Leaf rust/2 (527).jpg,8,ferrugem,128,128,98af873a5afbaba19679076384b7e83dc8a4cd8ee03d3027cc1cda117fc86a36,98c54c72e77171bc4e2823b7ccb932cc99d362493966a7b15a964273d98c26f3,jmuben-389,treino_auxiliar,0,acima_do_limite_da_classe
jmuben,jmuben,956,data/raw/jmuben/Leaf rust/2 (528).jpg,8,ferrugem,128,128,557cbbb52afba4e294e0d51a695782cbc043586cc958775bf5d361e5fd22dbe6,868872e62e7d9655d3b068ab2a2025d89c67c7b461df746237b88fcd4d57610d,jmuben-455,treino_auxiliar,1,
jmuben,jmuben,957,data/raw/jmuben/Leaf rust/2 (529).jpg,8,ferrugem,128,128,c5216e8323c2173ed7e9f018276d21fd29d90aece2c24cf136b4c214406623a2,82a17ab92f4fb744d3da4aac6a3029cf14259716c1cef4627eb9ba8d35558538,jmuben-388,treino_auxiliar,0,grupo_ja_representado
jmuben,jmuben,958,data/raw/jmuben/Leaf rust/2 (530).jpg,8,ferrugem,128,128,d9f197f52fa1372debec4148ce03a2fb4322a2b675932b68f50ecb14142c8568,91114ccee66711bb0739f3936a58494e71af70a620def4685cad1af7283b7e05,jmuben-477,treino_auxiliar,0,acima_do_limite_da_classe
jmuben,jmuben,959,data/raw/jmuben/Leaf rust/2 (531).jpg,8,ferrugem,128,128,b10a565968dc205f26b7fb8ce31042eabe6163a62a4636a09a98555ed73dd47a,98c44e73e339189ca386f8cc6d6f4db174b27a993861d4375ad60b583f0c4f52,jmuben-488,treino_auxiliar,0,acima_do_limite_da_classe
jmuben,jmuben,960,data/raw/jmuben/Leaf rust/2 (532).jpg,8,ferrugem,128,128,0e214c27dc74f29534e32398063a036fe957d8f85d3797a0b7b4f89ed3c32faf,99804c67e73319bda31cf8c82f6e31a730b41ad31c6d5eb52b53a118778c55ea,jmuben-501,treino_auxiliar,0,grupo_ja_representado
jmuben,jmuben,961,data/raw/jmuben/Leaf rust/2 (533).jpg,8,ferrugem,128,128,f6ab58c9741f9ab151de6b1d6c6e177de666f114441c8b2a704dc84538dbb349,99884c67e73319bb271cf1906f5c4de370a6719220cbb46a5ea54af32e197a55,jmuben-477,treino_auxiliar,0,acima_do_limite_da_classe
jmuben,jmuben,962,data/raw/jmuben/Leaf rust/2 (534).jpg,8,ferrugem,128,128,6d47a431a588cc2d0fa391d7558ac03f61a1afd0fb629ecfb556dcba89f209cc,81ca6c27391d86abcf66e5b83767132e46f2d921be3b3ac8705cc1a1ca6692dc,jmuben-523,treino_auxiliar,0,acima_do_limite_da_classe
jmuben,jmuben,963,data/raw/jmuben/Leaf rust/2 (535).jpg,8,ferrugem,128,128,71c26c40d89af852afa66ff1bea1a1758553342a3a32851bef439affc41df674,822f39b11beec9f7283dcc003fb107bcc1d732ec4cc2f9223211c777363b360e,jmuben-534,treino_auxiliar,0,grupo_ja_representado
jmuben,jmuben,964,data/raw/jmuben/Leaf rust/2 (536).jpg,8,ferrugem,128,128,a360a97b1c12df176fb870824ca4a4e1e626023acb29b2e7c2fcfb648ff9164c,94961b3fbf19a5b45e0a07da61d15807590788cdf181e5e1ad65d682b56b5bb1,jmuben-545,treino_auxiliar,0,acima_do_limite_da_classe
jmuben,jmuben,965,data/raw/jmuben/Leaf rust/2 (537).jpg,8,ferrugem,128,128,535c0aed58e5591aceb62d7e29ecaa40bfbbd00ceafd5e964f475b0e38142d20,936472449625a4c51c3370b287de4dae4bf6934c6b3d8966d74dad2d6768548d,jmuben-556,treino_auxiliar,0,acima_do_limite_da_classe
jmuben,jmuben,966,data/raw/jmuben/Leaf rust/2 (538).jpg,8,ferrugem,128,128,5ebbcca59bad7e04f34a7d8896624ca2f90370563681ea36b0d112ac5abed287,93640dcaadf7b64d4f1843f470a26b404da64d2aad696a3db499b529da1c94f9,jmuben-567,treino_auxiliar,0,acima_do_limite_da_classe
jmuben,jmuben,967,data/raw/jmuben/Leaf rust/2 (539).jpg,8,ferrugem,128,128,326bf6838aa3710251e248f8c99eb205b001664e9f10abdf9af90def061ecee9,96d90d55a59ed67243c9b8549e51a4f5b61f13298e0b5bca6d24ba539d285be0,jmuben-578,treino_auxiliar,1,
jmuben,jmuben,968,data/raw/jmuben/Leaf rust/2 (540).jpg,8,ferrugem,128,128,ad950bce98118bd3235e68a0a01de4421e4dcf081550f878e39af13ce02e97a0,a9563e878f7d036ae3cfb187d8004fe05fe7c870ac3c001c3c0a7e0ebce3c6f1,jmuben-589,treino_auxiliar,0,grupo_ja_representado
jmuben,jmuben,969,data/raw/jmuben/Leaf rust/2 (541).jpg,8,ferrugem,128,128,4d598e1dd52100812ded6ab538d1e627906425679fd60180a76c7a61efaca273,94961b59a594d4e243dbb8d19c04a5fcf61a4b5b4a1d53822965fee0d5295afc,jmuben-600,treino_auxiliar,0,acima_do_limite_da_classe
jmuben,jmuben,970,data/raw/jmuben/Leaf rust/2 (542).jpg,8,ferrugem,128,128,0575798f54b77908ec97dbaa38a7d1dbf3165b78a66ec16d6fc8bdc479f053dc,a6710b62cc6646cee3ad79a03cf4bdf14de1b8f92478a81c7c16fc076ca10ee4,jmuben-613,treino_auxiliar,0,acima_do_limite_da_classe
jmuben,jmuben,971,data/raw/jmuben/Leaf rust/2 (543).jpg,8,ferrugem,128,128,6bbcacb57b05648c436f98258681e11a5b81baf786e76bfa412c707a71d66aed,a2a23563fc8f1cbfec67867783e4087e30338431d8199e0cf7c833cf23e63872,jmuben-624,treino_auxiliar,0,acima_do_limite_da_classe
jmuben,jmuben,972,data/raw/jmuben/Leaf rust/2 (544).jpg,8,ferrugem,128,128,0168f32fe7c41f6443a899fd4b5940c44f911c3d24192b38cf166d9aaccceb50,a2b13539de830e9fe63183f850b77c1df698c08efbc203e731f720f03158b90d,jmuben-635,treino_auxiliar,0,acima_do_limite_da_classe
jmuben,jmuben,973,data/raw/jmuben/Leaf rust/2 (545).jpg,8,ferrugem,128,128,2bfd5fb95483b6218765f070ef225e2cf140c2f1b6ccfee845d22aead004bd41,b7553326b4f2853bfb1379d4c63d5e05cfa043f600fd4ea6872b007f001de1c9,jmuben-646,treino_auxiliar,0,acima_do_limite_da_classe
jmuben,jmuben,974,data/raw/jmuben/Leaf rust/2 (546).jpg,8,ferrugem,128,128,2e6980160068b6fc21f3393a750e65cfaae2cfc8cfac6690480166a9155c83ee,a59534b49e5290da76eb1f3907c606d2460873c7c0f3367a136cdd320e9e96cf,jmuben-657,treino_auxiliar,0,acima_do_limite_da_classe
jmuben,jmuben,975,data/raw/jmuben/Leaf rust/2 (547).jpg,8,ferrugem,128,128,3b881603ee21a2ed871d39da10ca6c2b4402e3b5824dbabd79c9fb4fa0596267,b08a0af2de26e05fcc443c6e2635d735599cbb940806cb336987bf9b0f6ecc85,jmuben-668,treino_auxiliar,1,
jmuben,jmuben,976,data/raw/jmuben/Leaf rust/2 (548).jpg,8,ferrugem,128,128,569f3fa1f16fc18cfa1f3a24f0af7c3be41666ffa01e3e553f3900fbe52498c5,8b7b04aac577f6da46e41a6be872ce3b363ba28f5289f9301a8891d8728efa30,jmuben-679,treino_auxiliar,1,
jmuben,jmuben,977,data/raw/jmuben/Leaf rust/2 (549).jpg,8,ferrugem,128,128,2fade60c3d90ec9bcf0155caf9152c62e1830a16e0315784381dfa35ab88de0b,8d3d06b5f7fef2bc42761960e010db1c328eb9c658e8c9520ac7d0637e538d79,jmuben-690,treino_auxiliar,0,grupo_ja_representado
jmuben,jmuben,978,data/raw/jmuben/Leaf rust/2 (550).jpg,8,ferrugem,128,128,5e79ecb7157bbadffc78edf90258629f6b8df2fc5e96b51b28ece8b62e1a53c9,8b3d736df8411c41e68d02e1c8f833ce5863cf39330ff90c0723f7392b8cf8c3,jmuben-701,treino_auxiliar,1,
jmuben,jmuben,979,data/raw/jmuben/Leaf rust/2 (551).jpg,8,ferrugem,128,128,eb1e88003bedc9c3db99533017445f45e67070a18ed88be4603308b3cf47efaa,81c81ee4ff1d631741a591a85ebe128ff882fee00a73eb7f29fba91f2c029d00,jmuben-712,treino_auxiliar,0,acima_do_limite_da_classe
jmuben,jmuben,980,data/raw/jmuben/Leaf rust/2 (552).jpg,8,ferrugem,128,128,c5eb47119ffcf7a99e2a4326b8bfed69a46aafdbcbeb933b62e0e20563205fd3,81480ee4ff1d2317410591a85dbc028df087fea01ee2cb7e6aefa97f2a5bcd12,jmuben-712,treino_auxiliar,0,acima_do_limite_da_classe
jmuben,jmuben,981,data/raw/jmuben/Leaf rust/2 (553).jpg,8,ferrugem,128,128,f8e253b0140eb3e705da05e88cd14815383dd61a2cdbf64b07db33262d38edc1,83511cc9fc57f6b26e54035fa9e64f600efeab3d611ba1078f3fdd971c048110,jmuben-736,treino_auxiliar,0,acima_do_limite_da_classe
jmuben,jmuben,982,data/raw/jmuben/Leaf rust/2 (554).jpg,8,ferrugem,128,128,7e8f91fd18b14ba8d994d2ef8c7d5f4234ac78d48e0cd3434d63785a56e499fb,80b746fbf3c470885c938e5d4b75bd7c6d1f810c24a2b42616efd7d71416f112,jmuben-747,treino_auxiliar,0,acima_do_limite_da_classe
jmuben,jmuben,983,data/raw/jmuben/Leaf rust/2 (555).jpg,8,ferrugem,128,128,d595cb995cbe34bf7050a3d9eb712cdc760e10576ff66bd8af67200b3e7e5b33,81aa1ac67c25d98ab6ba6d93520c80c9b9877e3434f897328d5d568a1f939d77,jmuben-758,treino_auxiliar,0,acima_do_limite_da_classe
jmuben,jmuben,984,data/raw/jmuben/Leaf rust/2 (556).jpg,8,ferrugem,128,128,40379c79e768f1be93105c76c1be3d99883c2cf8b966c4421ad7f894f8a97f8d,815016c87d43f6906ea6421cb2c6f96456608ff6423e69da236da97b423fed67,jmuben-769,treino_auxiliar,0,acima_do_limite_da_classe
jmuben,jmuben,985,data/raw/jmuben/Leaf rust/2 (557).jpg,8,ferrugem,128,128,4bb0d6aa9938d6e4de2e3034c4af51f1a9ae1b7a4c8b48d3f34fbfbcd0722a57,8787638e30b859a5a95c656866bd7338c9d89a55517aceb3c139d18ced475856,jmuben-780,treino_auxiliar,1,
jmuben,jmuben,986,data/raw/jmuben/Leaf rust/2 (558).jpg,8,ferrugem,128,128,f393a0b54ccee072ab27938a971f2a9ccd7dcc9f5c030902a8f979848bc0687b,91dd3b33eb26f66621f2b6b8c64739de0ff0cfe331accc3123c066407ed03089,jmuben-791,treino_auxiliar,0,grupo_ja_representado
jmuben,jmuben,987,data/raw/jmuben/Leaf rust/2 (559).jpg,8,ferrugem,128,128,3f4a6f1d5a10b77669ef187b8c66420c2a46e9558a135d40e385f2f84db97985,94d813c9996f9d06e3d2a3996e00a62f79231c524aa4cda73f23992e645be773,jmuben-802,treino_auxiliar,0,acima_do_limite_da_classe
jmuben,jmuben,988,data/raw/jmuben/Leaf rust/2 (560).jpg,8,ferrugem,128,128,bfc3a1886af0f1c3a5ae9c86341d8c580ee0aa18df5d408387e6d162fba82d0a,90cc3b998b39f7464a67297231bcc775dd2331a6dc148c3f31c66636c712349b,jmuben-813,treino_auxiliar,0,grupo_ja_representado
jmuben,jmuben,989,data/raw/jmuben/Leaf rust/2 (561).jpg,8,ferrugem,128,128,f57513ea77a3d0c8a1d96badcb2f8109e0bd295039628019234bac2ea63875ca,949c1bc99927e7d2e2b96f04562b59324676c1a5241a704f66dd57e45ca6da33,jmuben-824,treino_auxiliar,0,grupo_ja_representado
jmuben,jmuben,990,data/raw/jmuben/Leaf rust/2 (562).jpg,8,ferrugem,128,128,174d71ebad80a84c74e2ff8d5dfdbfd19c34a13d9f5bef3741c347ac235116ce,91d93b368a66e64c5a4cab75b721c44c313c203dccb66684779fee52b9ba22c9,jmuben-837,treino_auxiliar,0,grupo_ja_representado
jmuben,jmuben,991,data/raw/jmuben/Leaf rust/2 (563).jpg,8,ferrugem,128,128,147b60015558fe5df0c55fe332cdd9c5557a74f4ca1a05e697889285487f7cb0,959113db996dec04e2f26a2b663e536b18f4d2addd2b245a51d066d15f0d18bc,jmuben-824,treino_auxiliar,0,grupo_ja_representado
jmuben,jmuben,992,data/raw/jmuben/Leaf rust/2 (564).jpg,8,ferrugem,128,128,7556a75506e65c9ac44c26c0419afe7bcbe89ecc9c1b13909c62857953d3f389,919b58825768ea512c8349936f64c76d89186fda6279ca459dee7497e3918b66,jmuben-852,treino_auxiliar,0,grupo_ja_representado
jmuben,jmuben,993,data/raw/jmuben/Leaf rust/2 (565).jpg,8,ferrugem,128,128,59eb382806caf82559fcca77d1280b30a8d2e840560529a3f0a630e1c3510826,959113db996cec34e6f27c3954e851625cc4d72a3d5276d2d1c116ced92cd0e6,jmuben-824,treino_auxiliar,0,grupo_ja_representado
jmuben,jmuben,994,data/raw/jmuben/Leaf rust/2 (566).jpg,8,ferrugem,128,128,e719c9f862cff014c55ca116fe1f9a13aa89ce8e9e8443a02cfbddc4caec3afe,919b5d825360ead527924982676cc26d89046ffae239de641dee7491e394936f,jmuben-852,treino_auxiliar,1,
jmuben,jmuben,995,data/raw/jmuben/Leaf rust/2 (567).jpg,8,ferrugem,128,128,c4aa6fe79eff54c5d1a79505742bb0e12a9de40f18c75bd530597e11031a4b43,959113db994de484e2f26c3b54fe5965c4ecd72a2dd272d044c1974ed92cc666,jmuben-824,treino_auxiliar,0,grupo_ja_representado
jmuben,jmuben,996,data/raw/jmuben/Leaf rust/2 (568).jpg,8,ferrugem,128,128,7de968fb925cb7167e15eede5506ffa004730fa1fb499ae52ca1c6c77db46c9a,91b37766ba44e4195ad9ab65a763cc4c31792029cca6679d6417ece631322eda,jmuben-837,treino_auxiliar,0,grupo_ja_representado
jmuben,jmuben,997,data/raw/jmuben/Leaf rust/2 (569).jpg,8,ferrugem,128,128,67a1ea56e547b4d5669239834235da7912e2d128352498c252877f57d8ff69d5,9591139b994dec24e3f26a3b6439536218f5d2acdd2b24d271d066c7df0d18bc,jmuben-824,treino_auxiliar,0,grupo_ja_representado
jmuben,jmuben,998,data/raw/jmuben/Leaf rust/2 (570).jpg,8,ferrugem,128,128,c6845405d960625c185399129f3117f57fb2576de606821147ba3c7a3fd13a0d,8e669540f1bbcd115dd86c2c0e66cf60c0b99b1bf94971e3326e3e8f0f9688d8,jmuben-858,treino_auxiliar,1,
jmuben,jmuben,999,data/raw/jmuben/Leaf rust/2 (571).jpg,8,ferrugem,128,128,8a71134ae9b768bcc3759c0b83012117a4530627c08b34b18c958e08b6f9a176,ad5d36afb296cd1acc895995971a1234cc656aa96d28d6f138d316c96d196ce8,jmuben-859,treino_auxiliar,0,acima_do_limite_da_classe
jmuben,jmuben,1000,data/raw/jmuben/Leaf rust/2 (572).jpg,8,ferrugem,128,128,c950714a3a5e308d78e154b826bb253c52201f49a4fbba9010c0dc745f75e38a,acf461699f5a831601d72dec9afc963b6c26fe28f29d69928241a4e12cf59857,jmuben-862,treino_auxiliar,1,
jmuben,jmuben,1001,data/raw/jmuben/Leaf rust/2 (573).jpg,8,ferrugem,128,128,370b08d1571c06f422f06921dcdbd4e8d2d47e6ec781a67e76519d0feb1a5a32,ad5d356db2a7dbd2cc1a64c169cd249b739cd51492d7290bc70d6d196ca53344,jmuben-863,treino_auxiliar,1,
jmuben,jmuben,1002,data/raw/jmuben/Leaf rust/2 (574).jpg,8,ferrugem,128,128,d344bea426833b198db989d21fe4a58e30d4479ae7cdd921552dbd25ad337c96,97b276ec8acdc0935a91a347adc38d993171a1efcdac66116cb4b8c433368cda,jmuben-837,treino_auxiliar,0,grupo_ja_representado
jmuben,jmuben,1003,data/raw/jmuben/Leaf rust/2 (575).jpg,8,ferrugem,128,128,30b63afb7dc5fc013d78bd18a7a1e416b84e33c4200f7e754bbc7097011231df,9511ed649b5817d2e6a69dc56c39ad9918e52956dd2ad20b43d39b692619e656,jmuben-865,treino_auxiliar,0,acima_do_limite_da_classe
jmuben,jmuben,1004,data/raw/jmuben/Leaf rust/2 (576).jpg,8,ferrugem,128,128,9dfa143aee59d385dd3850497f1d891e556d5b652a87f1c9084d77deb2c252b9,93b6581d66dfe881233ec358e6c981f179b472ea981f3d8c643692933dd86097,jmuben-866,treino_auxiliar,0,acima_do_limite_da_classe
jmuben,jmuben,1005,data/raw/jmuben/Leaf rust/2 (577).jpg,8,ferrugem,128,128,5f8028501c8b887440adcdcfb36391dc864a099d62e5d00ce4c1b9a2af7df625,b505ede9bbd83792e6868d8d6ce0ac3b198928d4d948d26ac39793739e18ae16,jmuben-865,treino_auxiliar,0,acima_do_limite_da_classe
jmuben,jmuben,1006,data/raw/jmuben/Leaf rust/2 (578).jpg,8,ferrugem,128,128,8c2adf3542e0554f95d440d6974a2de1ae65f930c83c228b545b5f789d21c938,8ac2492da1122eb2ee692cd113dd6a61b5b54852d4ad6ade758b53e9f982956e,jmuben-868,treino_auxiliar,0,acima_do_limite_da_classe
jmuben,jmuben,1007,data/raw/jmuben/Leaf rust/2 (579).jpg,8,ferrugem,128,128,505c7d8c2401c024c86b72835aafbd3e2dc62780471419497f5ef0c98c56f9db,92431a778d928fb8f42cb80635fba3e228d63fa53925c95935da9dd90cc8ab0e,jmuben-869,treino_auxiliar,0,acima_do_limite_da_classe
jmuben,jmuben,1008,data/raw/jmuben/Leaf rust/2 (580).jpg,8,ferrugem,128,128,2d618a56d64e0e530aebbc820ffecbcf148d41aa8b0b8b8e5fec1b720c0c2bfa,9e3c1ce3f4cf718cbe20bb74e18f1e3de1a1c40b3c6dc3e13e0f610453333e09,jmuben-870,treino_auxiliar,0,acima_do_limite_da_classe
jmuben,jmuben,1009,data/raw/jmuben/Leaf rust/2 (581).jpg,8,ferrugem,128,128,c2eeb2c9d0a6e3c0c3dbc86855cbc1ca0e9494ec131f9dfd1fcef26126555e57,96471ae69d30ddd9e16db94627e3ab842c943f294953ccdaa7988c85264ce3ae,jmuben-869,treino_auxiliar,0,acima_do_limite_da_classe
jmuben,jmuben,1010,data/raw/jmuben/Leaf rust/2 (582).jpg,8,ferrugem,128,128,8324d183b247f81f71821312521745939733ff8411e16495bfbf8c05477c9bfa,922fad2d824bc096dc95761335e0a940ad44a931a1ddea7d6b6bf2a955ac7cb2,jmuben-874,treino_auxiliar,0,grupo_ja_representado
jmuben,jmuben,1011,data/raw/jmuben/Leaf rust/2 (583).jpg,8,ferrugem,128,128,d8554a0a090f1914107fb3d90d5035a330f2274df265710ffa281127859d1a71,933019188ecd46aef1a2bca336bca85924513fb66d4dcc6d90ce8e6e27e2f4d1,jmuben-875,treino_auxiliar,0,acima_do_limite_da_classe
jmuben,jmuben,1012,data/raw/jmuben/Leaf rust/2 (584).jpg,8,ferrugem,128,128,d2dc575f44ce05cadc5f96b20a8d7ee52c942070c41531fcc93a7ec1ff12f33f,9d3c1ce7f1ce738cba71611d0c0928e040470efcc3f1381a83f19ffde8c45e37,jmuben-876,treino_auxiliar,0,acima_do_limite_da_classe
jmuben,jmuben,1013,data/raw/jmuben/Leaf rust/2 (585).jpg,8,ferrugem,128,128,325316808126fa01f0a1f1530c1e6439015406ff7040083002676d8098f98b29,964712e79d328db8c46dd80c657bb36220f4372f3b2bc8d2715a99bb1cd18b1c,jmuben-869,treino_auxiliar,0,acima_do_limite_da_classe
jmuben,jmuben,1014,data/raw/jmuben/Leaf rust/2 (586).jpg,8,ferrugem,128,128,00bed8cc7621fa3dda526093fe88769914d8fce5060d89c3ed135eac975ca0d2,92ad52d2824b3f29dcb509ec372256bca0475eeaa1dd15026bab8d55d62ca37d,jmuben-878,treino_auxiliar,1,
jmuben,jmuben,1015,data/raw/jmuben/Leaf rust/2 (587).jpg,8,ferrugem,128,128,c680cb627d273c583daa5062ea35e64adb0c8ebdce30a966f458120b98e1c87c,933019188ecf46aef2a2bca3363cb9fd345337946d04cc6db0ae8c6c2f62f1c3,jmuben-875,treino_auxiliar,0,acima_do_limite_da_classe
jmuben,jmuben,1016,data/raw/jmuben/Leaf rust/2 (588).jpg,8,ferrugem,128,128,e2c7824b9e58aa62c39d3c6d73f698d842ae045b890982c44b5a2d3cbb27a5ee,9aa5425aa96d7db481d637a2d617a940c2bda112feab82de868a2bafdc92836d,jmuben-880,treino_auxiliar,1,
jmuben,jmuben,1017,data/raw/jmuben/Leaf rust/2 (589).jpg,8,ferrugem,128,128,f37416fc7b7b67ad21fa6f18f59fc5ca478cd982c75c3429452e221fdaf25c95,93605b318c998eef56a6d8a2540ab3acb87b865333b63d906935f185d8dd0f6c,jmuben-881,treino_auxiliar,0,acima_do_limite_da_classe
jmuben,jmuben,1018,data/raw/jmuben/Leaf rust/2 (590).jpg,8,ferrugem,128,128,1e522e8a9a9634753f112639cc0f8e459b79d28d116d1c5cbdcce5cdeefd00d5,966a52958b5afd2981a52745d4b8aa57d7e2ab67fc4c8ff884157bd2ad044740,jmuben-882,treino_auxiliar,1,
jmuben,jmuben,1019,data/raw/jmuben/Leaf rust/2 (591).jpg,8,ferrugem,128,128,4983ad46d27896a7946c8ba8c9a0c90605a593c441e4d871567a88109cfc7fe4,86610c4ddb98d3bb07f789e603f7e6e2ed1cc30d66c7088f2d61a4d1191b5a72,jmuben-883,treino_auxiliar,0,grupo_ja_representado
jmuben,jmuben,1020,data/raw/jmuben/Leaf rust/2 (592).jpg,8,ferrugem,128,128,129e5aeee19abced40f16ba3f32c6784254c350b4145b0d6c9849d8824e1a853,8ad2492da1122fb2ee69acd512d57ae8b5bd4a52d4af4a9c758c56e95082d5ae,jmuben-868,treino_auxiliar,0,acima_do_limite_da_classe
jmuben,jmuben,1021,data/raw/jmuben/Leaf rust/2 (593).jpg,8,ferrugem,128,128,bd252ae599de2d0374dcabdc431faca64d04f5db434b839bde1fe546b42f1f44,92431a778d928df9f42cf806257bb3f228d63f256939c8d935598dd94e44e10e,jmuben-869,treino_auxiliar,0,acima_do_limite_da_classe
jmuben,jmuben,1022,data/raw/jmuben/Leaf rust/2 (594).jpg,8,ferrugem,128,128,7f637d4b9d3562e0c6c75698cccf83d3a7ee01a51a1ecf0fa20ec2682d2d7531,92ad52d28b697d2dc1b42166d6bca85597e20175e5227bed85147be8a9736ca2,jmuben-888,treino_auxiliar,0,grupo_ja_representado
jmuben,jmuben,1023,data/raw/jmuben/Leaf rust/2 (595).jpg,8,ferrugem,128,128,812a965a00e5e53a8db3848f9ecef8ff02ab3b996c03fd863f1525c3279d952e,933059188cd986ef57a6dca35628b3bdb85b96d039964d58782fd1840c6e0fee,jmuben-881,treino_auxiliar,0,acima_do_limite_da_classe
jmuben,jmuben,1024,data/raw/jmuben/Leaf rust/2 (596).jpg,8,ferrugem,128,128,23a47a036ae8fa31631ac789296e1b92d2ab0dbca75806ce4995cb9c78bf3adc,986339cca999f3336d33b48ff293c6383943e64cc76d3071e72e94043866e333,jmuben-890,treino_auxiliar,1,
jmuben,jmuben,1025,data/raw/jmuben/Leaf rust/2 (597).jpg,8,ferrugem,128,128,bbb2111f129012dca8f4b816d41d9cb30f6a7de7d9bb029fcfca22a0342c7b5f,94dc1aec9925cd52e25b2b8426865aa90c5ac297cdb5360ff8cf665877661e96,jmuben-891,treino_auxiliar,0,grupo_ja_representado
jmuben,jmuben,1026,data/raw/jmuben/Leaf rust/2 (598).jpg,8,ferrugem,128,128,d912b5dc2c3328313a065157bc1f32656d4eebc33a9673268146f8965a91c87a,92411ab78d98674cb8062ff3aa844e85c328cade36a6eab4623fdbb94ed8e11e,jmuben-892,treino_auxiliar,0,acima_do_limite_da_classe
jmuben,jmuben,1027,data/raw/jmuben/Leaf rust/2 (599).jpg,8,ferrugem,128,128,40ac613f6c27bc670c876e07b9b14e09117ca7d19eef733ac0127f3326ece453,92601b318d9f572cb9222c79a3f9a8d327a4c94d464bb3baeef13327a0b80b7c,jmuben-893,treino_auxiliar,0,acima_do_limite_da_classe
jmuben,jmuben,1028,data/raw/jmuben/Leaf rust/2 (600).jpg,8,ferrugem,128,128,a847250140b286b5fe472d5b92ae76e32da476dc612994914fd2e919f8c4a487,96471aee9d30cd51f04db9c427c6bba42c2feb5bc89016d1bd85624ca36c3ce6,jmuben-869,treino_auxiliar,0,acima_do_limite_da_classe
jmuben,jmuben,1029,data/raw/jmuben/Leaf rust/2 (601).jpg,8,ferrugem,128,128,aa2594cc3ec409271198bc9430932974639eaf35f54364fdeb682818ae264a1d,94cc1aee9d21e553e3592f842688593a8e56cbb52498b24f667d67625d965a33,jmuben-824,treino_auxiliar,0,grupo_ja_representado
jmuben,jmuben,1030,data/raw/jmuben/Leaf rust/2 (602).jpg,8,ferrugem,128,128,c98b5041fafdbb3f8ff99e3a8ac84c583fee04a39f0b07733658670ccc77d849,949013cb994fed94e2fa6e09662f59720ef4d3ab2c33f65a66d12644192cd267,jmuben-824,treino_auxiliar,0,grupo_ja_representado
jmuben,jmuben,1031,data/raw/jmuben/Leaf rust/2 (603).jpg,8,ferrugem,128,128,48aff368a7236c12c449f9ad11b424fe6a0d2049baf8944e796c979bc457377f,92411a378d9a45ddf004b9f627fbaaf62d85bb29c8da174b8dd06e44a126b4b3,jmuben-899,treino_auxiliar,0,acima_do_limite_da_classe
jmuben,jmuben,1032,data/raw/jmuben/Leaf rust/2 (604).jpg,8,ferrugem,128,128,5e848806f5496be3182390c8bdade7b12e816a84ba24be247e7653aa10db16f0,96471ae79d308df9f04db9e42762b3a42dad3b2bc8d2c4d89dd10c85a34ce1e6,jmuben-869,treino_auxiliar,0,acima_do_limite_da_classe
jmuben,jmuben,1033,data/raw/jmuben/Leaf rust/2 (605).jpg,8,ferrugem,128,128,a5d90e92c56949c8c39ca650ce00c5c12a253bd448240f1209235f62dd3c3398,949c1aec9925e552e2d92f847689593a4a56c3a5249a734f66dd73645da65a33,jmuben-824,treino_auxiliar,0,grupo_ja_representado
jmuben,jmuben,1034,data/raw/jmuben/Leaf rust/2 (606).jpg,8,ferrugem,128,128,5977939243f70b948c62dfb0fdb190831a57380799b1e5917fd06f31287ae18a,92411a338d9f07dff50cfc042578b3f624b73729e9ba48cb919b0cd80f4dc98e,jmuben-869,treino_auxiliar,0,acima_do_limite_da_classe
jmuben,jmuben,1035,data/raw/jmuben/Leaf rust/2 (607).jpg,8,ferrugem,128,128,78ff2ababc1d8aa494b8d8f88405608975e601caeaf129e70695a5bbc6d63206,84410c5bd39917b787e68bcc27d3ed50621d458e38973977e1b69b3254e499a5,jmuben-903,treino_auxiliar,0,grupo_ja_representado
jmuben,jmuben,1036,data/raw/jmuben/Leaf rust/2 (608).jpg,8,ferrugem,128,128,7969935609f8611fede9a703bb76b1ce1e9f208da8771a8ba3d31beb6b479d19,964152e78d368fb84659d80c5c5fd749f0f684d63725bb256066b32eb0b23e61,jmuben-904,treino_auxiliar,0,acima_do_limite_da_classe
jmuben,jmuben,1037,data/raw/jmuben/Leaf rust/2 (609).jpg,8,ferrugem,128,128,d1c63c89f072ebfbf306a9445cb538fcee78fb114a86202a74b9c0d6cca4124f,92605a318d9b06cfd726dd825528b33ba053b6b239b4e8b1712fd89d0e7c0bee,jmuben-881,treino_auxiliar,0,acima_do_limite_da_classe
jmuben,jmuben,1038,data/raw/jmuben/Leaf rust/2 (610).jpg,8,ferrugem,128,128,6234b3e3f12ca4906b8f718938a39676ab0c65aa12929e11f0a12d6d681f9dc2,95b81699994f9905cdf493f2e9c4a68de70b3c512650d35966e7934c192c5eb6,jmuben-390,treino_auxiliar,0,grupo_ja_representado
jmuben,jmuben,1039,data/raw/jmuben/Leaf rust/2 (611).jpg,8,ferrugem,128,128,17b7d13214bf9b5c8ac882a15d8b851b11145cf6809faff851aef20b543aeb15,964752ee99249db0445bd809cc7fc453e1d0c4b4376dbf65606ce26cf16634e3,jmuben-904,treino_auxiliar,0,acima_do_limite_da_classe
jmuben,jmuben,1040,data/raw/jmuben/Leaf rust/2 (612).jpg,8,ferrugem,128,128,1680e863b703ac34ee4ab23492aa2b4976f90cc424cdabf7554a839461e3442e,949c56c8996d9d05ccf2d07be9d4a6d5e3a93d58264afb5862d1a344198c3cbe,jmuben-390,treino_auxiliar,1,
jmuben,jmuben,1041,data/raw/jmuben/Leaf rust/2 (613).jpg,8,ferrugem,128,128,9e0f7f551d38fcbb11acc6021481fb837cc668407dd55e615c7a52a6d6c5553b,8d407308f2f385af3b5de0fbc7828c3a8fd01b0d3c29d862981fb1f064e974e7,jmuben-391,treino_auxiliar,0,acima_do_limite_da_classe
jmuben,jmuben,1042,data/raw/jmuben/Leaf rust/2 (614).jpg,8,ferrugem,128,128,042f9d8218c2ec7449c1e4a55cec4367043b707098e6c24d16865482c6c9029e,878169ff59b7b740469e17e92da3282d7bda2795dc008d6db9413180711bbda3,jmuben-392,treino_auxiliar,0,acima_do_limite_da_classe
jmuben,jmuben,1043,data/raw/jmuben/Leaf rust/2 (615).jpg,8,ferrugem,128,128,fe3314b2387e63d5b388baa8508fe1f6113de468fd5628c16888e221901ccd26,84027bf4b30cd49815e2f80ec0f5c785cdef4fda0686cf3f8d48988d76be103e,jmuben-393,treino_auxiliar,0,grupo_ja_representado
jmuben,jmuben,1044,data/raw/jmuben/Leaf rust/2 (616).jpg,8,ferrugem,128,128,c405fd0587910e324b66a013ff86f8d7cfa7fb11f38831b40d503d668b6d15c6,980017bfc449ed811b32b7777e855b003323bcc1f495322b157fe05fe32e037d,jmuben-394,treino_auxiliar,1,
jmuben,jmuben,1045,data/raw/jmuben/Leaf rust/2 (617).jpg,8,ferrugem,128,128,d038f99c36e9afdb7a1c90452b82bd59b375380b7791b064c901f1ba4ed76d8f,99086070f4a4efdc1d7938c76384527b61c32dc6d39412a30f4feccf75bf1710,jmuben-395,treino_auxiliar,0,grupo_ja_representado
jmuben,jmuben,1046,data/raw/jmuben/Leaf rust/2 (618).jpg,8,ferrugem,128,128,07be1c48aceb48a12ae58442be79dc8c303f6d7f26a3675f6ec17bb491ec9c83,84756f817b4aa81d42e29fa1363d8d7959403f0326bff02a5a8c99bfc86ce5c3,jmuben-396,treino_auxiliar,0,acima_do_limite_da_classe
jmuben,jmuben,1047,data/raw/jmuben/Leaf rust/2 (619).jpg,8,ferrugem,128,128,9a0afde26ecfb9992a855d9c5bcf4766c83aff5f3eb71ba026ec4c8ea3348642,84a5667e191ec18a78fcb94404638d6a76839b9c77808f834f7c5cd16f6e19e3,jmuben-397,treino_auxiliar,0,acima_do_limite_da_classe
jmuben,jmuben,1048,data/raw/jmuben/Leaf rust/2 (620).jpg,8,ferrugem,128,128,5ea659d861699377d67ed69e929ffd1ead5d8c259ff8956bce99091d0c16e3a5,925573901deae8e568159d73753a868776bc994419eb126ec3a1a44d46eb25af,jmuben-398,treino_auxiliar,0,grupo_ja_representado
jmuben,jmuben,1049,data/raw/jmuben/Leaf rust/2 (621).jpg,8,ferrugem,128,128,00a21ce3ae247128d95e563252c5b8a8633ac0327f114a2b393a0cbf032b315a,854064e813b5c30eb890b84f0dde9d44363e9f396d9fca5c788271bf754b912e,jmuben-399,treino_auxiliar,0,acima_do_limite_da_classe
jmuben,jmuben,1050,data/raw/jmuben/Leaf rust/2 (622).jpg,8,ferrugem,128,128,7d130225b41004fc228fda5428732482159e6ff4e2359dc9c2cdf1b534a0ff5f,850866e813b5c30e7880b84f0dee9d42763797396d9fca5c69c079bf376c91a4,jmuben-399,treino_auxiliar,0,acima_do_limite_da_classe
jmuben,jmuben,1051,data/raw/jmuben/Leaf rust/2 (623).jpg,8,ferrugem,128,128,c1d68372aacfdd0fa4e75146218173801b6476299be1fe0802c518a28106a773,855164e812b5c32f7381b01d29de9d54640e9633773f0fbe4c4159b67e5d9586,jmuben-399,treino_auxiliar,0,acima_do_limite_da_classe
jmuben,jmuben,1052,data/raw/jmuben/Leaf rust/2 (624).jpg,8,ferrugem,128,128,e3b2b71676200915cc786fd506d5ea1760776d6b7afae0940b2170a2950dcac7,850864e81bb5c30e78c0b84f0dee9d4276279739671f8a9e6c40799f7f6d91a2,jmuben-399,treino_auxiliar,0,acima_do_limite_da_classe
jmuben,jmuben,1053,data/raw/jmuben/Leaf rust/2 (625).jpg,8,ferrugem,128,128,84a0dbf3ead16061a9a7a9b59d9cc43e48610956699eb908130d27ed0383c24d,8508646e3a35c39f62f8ba5578470dfa644792b2172d37870f2dadb04a1d0f77,jmuben-404,treino_auxiliar,0,acima_do_limite_da_classe
jmuben,jmuben,1054,data/raw/jmuben/Leaf rust/2 (626).jpg,8,ferrugem,128,128,0aa4b0a76fb7b3223c9ec6e69be4aeb6ca98399dc0645fcb0f4abecd0744ac9d,850864683a35c31f63e8ba1578cf0dfa6c4792b217383797873d8db04a1d4e7f,jmuben-404,treino_auxiliar,0,acima_do_limite_da_classe
jmuben,jmuben,1055,data/raw/jmuben/Leaf rust/2 (627).jpg,8,ferrugem,128,128,a7b5aa268a81750f4234429015742fc0412a0f36d9c3730c297f5fef7f57cc88,854864e83ab5c33f63a0b21170cf0dde6dc790a6176937970f7d0da04a176e5f,jmuben-404,treino_auxiliar,0,acima_do_limite_da_classe
jmuben,jmuben,1056,data/raw/jmuben/Leaf rust/2 (628).jpg,8,ferrugem,128,128,72f510a5d2a6f692e953118fce70e0b11620e03f680b82095de6afcdf387f361,8d556d9e16cac670f3aeb0f31b019cca75e91cc668211aa6713fb6a22c13977c,jmuben-407,treino_auxiliar,0,acima_do_limite_da_classe
jmuben,jmuben,1057,data/raw/jmuben/Leaf rust/2 (629).jpg,8,ferrugem,128,128,96817aad7d254625315e56b13e5a9b1a4687f7545aee6740de8086da27a61076,851964ca3af1c3376383b21171dd19ca4dcca0ae9661362fd7bc0e6d48b74a7d,jmuben-404,treino_auxiliar,0,acima_do_limite_da_classe
jmuben,jmuben,1058,data/raw/jmuben/Leaf rust/2 (630).jpg,8,ferrugem,128,128,b4aad9990888cfcc6ee79f3b3ccfc9a12b0a91907f2315c76488ae72ac5c8bfb,854864681b35c3a372d0b9456dcf8dfe7687923877370a1f4f6858926e4e9da2,jmuben-399,treino_auxiliar,0,acima_do_limite_da_classe
jmuben,jmuben,1059,data/raw/jmuben/Leaf rust/2 (631).jpg,8,ferrugem,128,128,f6efe92cec9a3c79ccd0752c344153ad671cf8397c53fc1b93390dd11adad66b,851166c31235c32eb091b85c1ddc9c61763e1e73689e8af97083b3d937c993af,jmuben-399,treino_auxiliar,0,acima_do_limite_da_classe
jmuben,jmuben,1060,data/raw/jmuben/Leaf rust/2 (632).jpg,8,ferrugem,128,128,277c521954a2f439fe1cbe18148b54cd5fa8d2b154947d4532960abbc17b1925,8d75166a398ae9b74e59f931e4ee9b121ae595dd5b21252d05ad8c402cd348fe,jmuben-412,treino_auxiliar,1,
jmuben,jmuben,1061,data/raw/jmuben/Leaf rust/2 (633).jpg,8,ferrugem,128,128,9c560c7ff605a0b29beab8e40d20071ca62f1b06789f13e093b82da4655d6ba6,85556cca3af1c33f63a2b231720f19de49dde88e91693582b19fa77d91a2e019,jmuben-404,treino_auxiliar,0,acima_do_limite_da_classe
jmuben,jmuben,1062,data/raw/jmuben/Leaf rust/2 (634).jpg,8,ferrugem,128,128,6d22635e78ed255260fae3b798c15593f11986f7f569dfbd6974ba5fedd8406c,953531eb219bcd686ab0aac5558ecce19a9c669d32c645ac6e7c89675ad69b14,jmuben-414,treino_auxiliar,0,acima_do_limite_da_classe
jmuben,jmuben,1063,data/raw/jmuben/Leaf rust/2 (635).jpg,8,ferrugem,128,128,4d85200f30050596b727bd4588fc2152e9f0accd109df1adc3847df44e192739,941439d521cbed2e6a54b247568ada703a9e62575a2345349b5b49d31b9fd5ac,jmuben-415,treino_auxiliar,0,grupo_ja_representado
jmuben,jmuben,1064,data/raw/jmuben/Leaf rust/2 (636).jpg,8,ferrugem,128,128,5064e67aefd9f50690a1f98d06fc38741e28d8f98e887309eec54d14cf16113b,87451a1b38ad90f666d24bc775abbd4022742d9c4ad462df9985b66c7c9ec166,jmuben-416,treino_auxiliar,0,acima_do_limite_da_classe
jmuben,jmuben,1065,data/raw/jmuben/Leaf rust/2 (637).jpg,8,ferrugem,128,128,3bff3c98d2cfd5cef65f611ed5a7fcf3af0757cfb880193542dd96d319179f1f,935d2cf23b84f14a8b56dca8254a39f571a722da4c74a71b3913e30531ee768d,jmuben-417,treino_auxiliar,0,grupo_ja_representado
jmuben,jmuben,1066,data/raw/jmuben/Leaf rust/2 (638).jpg,8,ferrugem,128,128,fd98c8f2721527271758bff972e5c1b8646bcf57aa12f267e95c3170e2f827ab,955521e1eb159ab82cd5ba695fa5b18554a89b5e70bac51954e5e2276119d9cb,jmuben-418,treino_auxiliar,0,grupo_ja_representado
jmuben,jmuben,1067,data/raw/jmuben/Leaf rust/2 (639).jpg,8,ferrugem,128,128,171191093e6cce80042edc90ca6a9e1ddf9840b9f7c4dfafaece70eab41b19ea,83701e853e1bf24864f0b4959d4f63574ec2c33c36ad9d2b634c89dc32cedd83,jmuben-419,treino_auxiliar,0,grupo_ja_representado
jmuben,jmuben,1068,data/raw/jmuben/Leaf rust/2 (640).jpg,8,ferrugem,128,128,d0609aa8abd12557f98a9b3bf5623fdf816098a4112b5956891510cb956296b9,83df7ee837f7e0297e8097e370900b49e8f8930261f81a5f8f40727c4d2b37a4,jmuben-420,treino_auxiliar,0,acima_do_limite_da_classe
jmuben,jmuben,1069,data/raw/jmuben/Leaf rust/2 (641).jpg,8,ferrugem,128,128,44231c12733a1d2614bed52f4d0eb885d617df7dcc3cc83779c8641c68f161a2,82d77e6837f7e02c7ed286f334900bc9682c93a361b95a138fc0727e4f4033be,jmuben-420,treino_auxiliar,0,acima_do_limite_da_classe
jmuben,jmuben,1070,data/raw/jmuben/Leaf rust/2 (642).jpg,8,ferrugem,128,128,df15e85cf78d07addcd9194736f1cbfbeb97ec197aacdb177e73c06a15e31f26,94c81ca25aa5f2744997f21ace82b91e5063ae40ef0ff54aad58ad736deaf109,jmuben-423,treino_auxiliar,0,acima_do_limite_da_classe
jmuben,jmuben,1071,data/raw/jmuben/Leaf rust/2 (643).jpg,8,ferrugem,128,128,48ba9719b4d42a86cb0c90c87a65d1a0445ba839ba73ceee5b1706b189ca1047,87ff7a8c3c53c0f47c2b9d09616e1c3143849475678d74e19e2ce58b5ab8740f,jmuben-424,treino_auxiliar,0,grupo_ja_representado
jmuben,jmuben,1072,data/raw/jmuben/Leaf rust/2 (644).jpg,8,ferrugem,128,128,6151b67f0c43e5e276259cb9fe55bbc2db38f7e402dab26f360a24e8f2d62f76,81ff7a863f58e0f77c289f68616b1f9441e2941d63c41478af26a1a94aae57a9,jmuben-424,treino_auxiliar,0,grupo_ja_representado
jmuben,jmuben,1073,data/raw/jmuben/Leaf rust/2 (645).jpg,8,ferrugem,128,128,42a37a735e50ee51f46fa427c287fe6533be424353f698976105da8cdbb31ba8,87ff7a8c3c5bc0f47c0b9d01616e1c3143c49c75638d71f19e2ee5835aac560b,jmuben-424,treino_auxiliar,0,grupo_ja_representado
jmuben,jmuben,1074,data/raw/jmuben/Leaf rust/2 (646).jpg,8,ferrugem,128,128,a529cf84a79393679cd4ee17f5b4a766c5261fc5b319b15b662bdcafcded15bc,86d75f7a27b7e10c6af6c6db36960679680697a1343c5ea180dcb2034f586a97,jmuben-420,treino_auxiliar,0,acima_do_limite_da_classe
jmuben,jmuben,1075,data/raw/jmuben/Leaf rust/2 (647).jpg,8,ferrugem,128,128,51179884061d6f7620ae5ca911dda5658f10ce97c11a1f8fd835699b86a4ced1,80f77ef827a7e0486ea784f7349406db782c97ab703a5f83a1d9b0464ad152b6,jmuben-420,treino_auxiliar,0,acima_do_limite_da_classe
jmuben,jmuben,1076,data/raw/jmuben/Leaf rust/2 (648).jpg,8,ferrugem,128,128,505c648612253e6ba792f346b6f8dad76d62707308e02ae0d7700063f799f298,877f4fb2124fb4d03dd9c10736e0112f6790c92d92d13b44c253bb6097db7572,jmuben-429,treino_auxiliar,0,grupo_ja_representado
jmuben,jmuben,1077,data/raw/jmuben/Leaf rust/2 (649).jpg,8,ferrugem,128,128,d8c318f06a988a563fb478dc03c3315e7f2c3b0889921df056de9a0321b0ad42,81ff7be72f58e0174ea885ed2d2b8fbe706a9f0421e79c1ca1a2809d4ea652d8,jmuben-424,treino_auxiliar,0,grupo_ja_representado
jmuben,jmuben,1078,data/raw/jmuben/Leaf rust/2 (650).jpg,8,ferrugem,128,128,ae2d8532b4ff1af7cffbe35a58cb0eb93c9e5eea778be87c50d3f95bd8216837,81fd7af72f6de0516e8a87fc3c210f9f60bb9e0821635c0e8f12b4f88c1747a8,jmuben-424,treino_auxiliar,0,grupo_ja_representado
jmuben,jmuben,1079,data/raw/jmuben/Leaf rust/2 (651).jpg,8,ferrugem,128,128,d6f53a7cc9f260c716cbbdec41257608c8562931c56cd287288a5c217ea0b426,80ff7af22765e0586ead87f734b406d7680d978e3071550395b9b48e8e5162bc,jmuben-420,treino_auxiliar,0,acima_do_limite_da_classe
jmuben,jmuben,1080,data/raw/jmuben/Leaf rust/2 (652).jpg,8,ferrugem,128,128,c1ad395e0004376ff19b99b5624b4422a7dfd5794d2b0646bfe66ad43f121f63,81ff7ae72f59e0534e8885ec2d2b0fb6707b9e0021e79c1ca5a2a0bd4ea656e8,jmuben-424,treino_auxiliar,0,grupo_ja_representado
jmuben,jmuben,1081,data/raw/jmuben/Leaf rust/2 (653).jpg,8,ferrugem,128,128,c340bf0d54b7a62ba93a45c22686645666f985d6748d13858ffbd1644c0037dd,81ff3ae7af4de0514eae84a53c20c2f7f8099762717bdf12a1f08e166aa0da0d,jmuben-435,treino_auxiliar,1,
jmuben,jmuben,1082,data/raw/jmuben/Leaf rust/2 (654).jpg,8,ferrugem,128,128,5f6e188b795cfd91b9e2298effb830805357d56677b7f9ecf85796dd96fdca25,8f555b6d15b3b10429b6c379340a17fb6c2ac3f3910e7e93c4ecb21796a4225e,jmuben-436,treino_auxiliar,0,grupo_ja_representado
jmuben,jmuben,1083,data/raw/jmuben/Leaf rust/2 (655).jpg,8,ferrugem,128,128,a93d82aa22286f05536fdf2fe30f4290e6d1c0efc38d1f9c32143361525ba4e5,8f573f7aa7b7f10442f3d41a36d6c84cdaa4918c7ea1c1cd3a174b5868179da0,jmuben-437,treino_auxiliar,0,grupo_ja_representado
jmuben,jmuben,1084,data/raw/jmuben/Leaf rust/2 (656).jpg,8,ferrugem,128,128,f364287e793780cc1c9291c2665e0f4a8df2d72de5884ef1671725b9bba014cb,84df5ada3fff912438484ba5c14b7da497db6838768685dbb0548e036bd862a6,jmuben-438,treino_auxiliar,0,acima_do_limite_da_classe
jmuben,jmuben,1085,data/raw/jmuben/Leaf rust/2 (657).jpg,8,ferrugem,128,128,2001297a32a73be3da7d23ba506a0da289ee50d87b0fff539483a9076b50fbaf,8fd55b6f15bbb1012db6c3f1b40d17d9652e6353816e3e1343a8508e9eb094ae,jmuben-436,treino_auxiliar,0,grupo_ja_representado
jmuben,jmuben,1086,data/raw/jmuben/Leaf rust/2 (658).jpg,8,ferrugem,128,128,4a05c978634876363bbf58ad2b91df452fbaf96cb61a3fb1567c888b0ecd4b83,8f754b2f16ff94913da749d2c90536d0916c7c07c371a5263f5145fc614b4e98,jmuben-440,treino_auxiliar,0,grupo_ja_representado
jmuben,jmuben,1087,data/raw/jmuben/Leaf rust/2 (659).jpg,8,ferrugem,128,128,24044ce8e2e48e58111bbd96d3efabaaa37abd23dbdd0f86d436092bd911b193,8df75a5a15bf9104392cc3e5c90837b785596c06c3c3a95f3e0349d87a97dd22,jmuben-441,treino_auxiliar,0,acima_do_limite_da_classe
jmuben,jmuben,1088,data/raw/jmuben/Leaf rust/2 (660).jpg,8,ferrugem,128,128,2c7a40c48b89c60b172efa4127ae433d786c4295358e1a05aac8f8b8c76e55e0,87554a2f16ff94d03d2768dac9243ed293747c875379c426bf0147b4616f6858,jmuben-440,treino_auxiliar,0,grupo_ja_representado
jmuben,jmuben,1089,data/raw/jmuben/Leaf rust/2 (661).jpg,8,ferrugem,128,128,8aa22f3515086c76c49810e6532359d6b18b6bc08fcf96fb2d2ec3512489c031,87754a2f16ff90913d2769d2c9243ed1937c74865371c466bd03a734416f6a59,jmuben-440,treino_auxiliar,0,grupo_ja_representado
jmuben,jmuben,1090,data/raw/jmuben/Leaf rust/2 (662).jpg,8,ferrugem,128,128,827c990fdf23bf33a7af4efc78a0fefd0cc7c7a698b4a6c069972106b64b64df,8ff55b2f15bfb1013da6c1f0bc0d16d1252c6f5381603d034fb941ce3a919dae,jmuben-436,treino_auxiliar,0,grupo_ja_representado
jmuben,jmuben,1091,data/raw/jmuben/Leaf rust/2 (663).jpg,8,ferrugem,128,128,1bf72b764a35cd16f5673490ba18418971ed1d3fc0ba9cf4af407067d8292edd,8775b4d53f2f2d26bd20c124c91f137e2ad87e193c83e4a244f747be8e986a48,jmuben-446,treino_auxiliar,0,acima_do_limite_da_classe
jmuben,jmuben,1092,data/raw/jmuben/Leaf rust/2 (664).jpg,8,ferrugem,128,128,afee2093fbe5a0fd599854f6d5688d9aa93d684039035e8c395d95b826f6da89,877f4ba712ff90c83da060dbc9173ec0917e3e87537cc036bd00879e65a37548,jmuben-440,treino_auxiliar,0,grupo_ja_representado
jmuben,jmuben,1093,data/raw/jmuben/Leaf rust/2 (665).jpg,8,ferrugem,128,128,461b923b3ad0973819898cb444794d5437970f9f00c80fe51077485ec8f18f3e,87754a2a3fff94dbbd052c92c934ec859bd081ad7c964af1c0aeba038eb0916e,jmuben-448,treino_auxiliar,1,
jmuben,jmuben,1094,data/raw/jmuben/Leaf rust/2 (666).jpg,8,ferrugem,128,128,e36d9d669bc3503d4547417eb067d94c8b9579aec81cdf1e3a4c81e17af3f360,83ff28af787a63aa87519c2778ed62d442a15e939c78d8c66384a75d4c58b50b,jmuben-449,treino_auxiliar,0,acima_do_limite_da_classe
jmuben,jmuben,1095,data/raw/jmuben/Leaf rust/2 (667).jpg,8,ferrugem,128,128,98260b5b46b1853038db2e650de4472ed59229ff5009351e7eb699353ed003ed,81ff275b3fe66a92a05194b782de169c96087c89706b62f3db124f069c5ed94c,jmuben-450,treino_auxiliar,1,
jmuben,jmuben,1096,data/raw/jmuben/Leaf rust/2 (668).jpg,8,ferrugem,128,128,393b13b0c2a29d9d7032c0a7f7ecc0a39fb627ed71d652d341b9b778834473fb,99d03d7df63352f33f22d2142e66e0e0771cce6333c9c4cccc66e98c61dcec01,jmuben-451,treino_auxiliar,0,acima_do_limite_da_classe
jmuben,jmuben,1097,data/raw/jmuben/Leaf rust/2 (669).jpg,8,ferrugem,128,128,90f36807a80cf3a4626f11264524ddea475509cb340d891d90e9882e32a4fbd2,986b3794f30c2a3d67e36632646647442cece0c82fdcb8c2c719ccf8a4d3d99e,jmuben-452,treino_auxiliar,0,acima_do_limite_da_classe
jmuben,jmuben,1098,data/raw/jmuben/Leaf rust/2 (670).jpg,8,ferrugem,128,128,2dff10dfb5c23c7562690743f65368ab419f43ff99db4c265a8bbe31fd94e41a,9a0b2eaee5a4a125b5285a946a59a95995ab69af5aacb9a552b736d65a546694,jmuben-453,treino_auxiliar,1,
jmuben,jmuben,1099,data/raw/jmuben/Leaf rust/2 (671).jpg,8,ferrugem,128,128,30a6189baf19c1b22e7a0821d41bef2d5aaeb2b874c730c9249f2a24d943fed7,89e25baad552cc4d6b459299d49625af733a6ad274c49928ccda95b74b1994b6,jmuben-454,treino_auxiliar,0,acima_do_limite_da_classe
jmuben,jmuben,1100,data/raw/jmuben/Leaf rust/2 (672).jpg,8,ferrugem,128,128,eabf038a9126ded91e88c5d50be77e5af583dc36479e0d52ae438fbd0d752ecb,901c7bac4f0c8bf5996073fea0fc5c633283cc70e029a67bb63fc6936453f00b,jmuben-456,treino_auxiliar,0,grupo_ja_representado
jmuben,jmuben,1101,data/raw/jmuben/Leaf rust/2 (673).jpg,8,ferrugem,128,128,e4c57a46394d3ff3d59108c349528665f1a02fb4bfa13365c32475d33c5a46e1,930d29f1aaadd91b2326f4567ada64c934bb2ca2859bd6ddf2543a2812aa4b76,jmuben-457,treino_auxiliar,0,acima_do_limite_da_classe
jmuben,jmuben,1102,data/raw/jmuben/Leaf rust/2 (674).jpg,8,ferrugem,128,128,230acdfe1a4c77765a46336d10d806bc75b574220c63afbdee7292e35f9d59fe,9ba5393da295cd4d2924f1365a566b5640894c932dea6d8bc4d67191bed595a9,jmuben-458,treino_auxiliar,1,
jmuben,jmuben,1103,data/raw/jmuben/Leaf rust/2 (675).jpg,8,ferrugem,128,128,c2080cb8c106d4f9e1820bb0414ffd32286a0633cb48b37759e7206c40d47cb9,88fa6b57172d6cedc916b2504ceb114ff60c96b16162aed631d5c60a7157cea4,jmuben-459,treino_auxiliar,0,acima_do_limite_da_classe
jmuben,jmuben,1104,data/raw/jmuben/Leaf rust/2 (676).jpg,8,ferrugem,128,128,e18fd3048aae61402412d8de27d5d4097e905da970d54aa8b985d979c17a037f,8c04d8fb7dbd6e1d321e912b8cb4e236abb339a4392a2965a345e357124b526f,jmuben-460,treino_auxiliar,1,
jmuben,jmuben,1105,data/raw/jmuben/Leaf rust/2 (677).jpg,8,ferrugem,128,128,7cdea69fd1fc4c8de912a9638422d413042ce885f2d1e86b7b100410b7109bdd,850d718b39d968e2b2d11b0749bf64e1420f1dfffbc01c2fa47cc96d6496827c,jmuben-461,treino_auxiliar,0,acima_do_limite_da_classe
jmuben,jmuben,1106,data/raw/jmuben/Leaf rust/2 (678).jpg,8,ferrugem,128,128,c99617c44a94df8dcb2f18419fe7c32df54d5a4c01362b54bdd01afd43f71dd7,8c2d245d598b93f636366ea58cb1794ac72252de7124c69529691cd2a37feda4,jmuben-462,treino_auxiliar,0,acima_do_limite_da_classe
jmuben,jmuben,1107,data/raw/jmuben/Leaf rust/2 (679).jpg,8,ferrugem,128,128,02485824d4d0dad1cdf62213e63081f0476e97160aaf017ef08671a49ab39521,8c06271c59c993ba365a68f09d9979ebc65b504e6cb487453d28c2dfa93476ea,jmuben-463,treino_auxiliar,0,grupo_ja_representado
jmuben,jmuben,1108,data/raw/jmuben/Leaf rust/2 (680).jpg,8,ferrugem,128,128,2bb41f0a585ffe6a9b3bb3d7d8c7b7d4eb8c0dc5a076e79d1fc061941fa58e8f,8e1627065cf591ea331b6e528c9c39e9ebb9c34b392ac6df29251eab0349ad94,jmuben-464,treino_auxiliar,1,
jmuben,jmuben,1109,data/raw/jmuben/Leaf rust/2 (681).jpg,8,ferrugem,128,128,cb73426f123b0b9fc5759048fa39d7f3b470b6c0f747c598292321bae4e49b6d,8c04253c59cb93ba2e5268e195897b6bc65e316eecb587453caac2dfad2456ca,jmuben-463,treino_auxiliar,0,grupo_ja_representado
jmuben,jmuben,1110,data/raw/jmuben/Leaf rust/2 (682).jpg,8,ferrugem,128,128,35a1c1d0d9bd27762111289ca376a35c9cf6026b6382eaa9f81edc03484f1592,8e02272e58e193ab365b6e7495cd79a9c34b58622cb687453cb8c24bad3656eb,jmuben-463,treino_auxiliar,0,grupo_ja_representado
jmuben,jmuben,1111,data/raw/jmuben/Leaf rust/2 (683).jpg,8,ferrugem,128,128,5ff4993b72705d77e37346d1f5163c0ed9e730837a9fad607f769b079378a5bd,8e02272e58e993ab265b6cf495ed69a1c34f7c22a49687643cb8c243adb652ef,jmuben-463,treino_auxiliar,0,grupo_ja_representado
jmuben,jmuben,1112,data/raw/jmuben/Leaf rust/2 (684).jpg,8,ferrugem,128,128,48b9f3a8a29998977122540d40499c5f81d83224d7ee78f40ae33ea27940bafa,88e92c59590a970436f57caf09237b16ce469695715dcca02a5b5db682faed2d,jmuben-469,treino_auxiliar,0,acima_do_limite_da_classe
jmuben,jmuben,1113,data/raw/jmuben/Leaf rust/2 (685).jpg,8,ferrugem,128,128,85bbe2fd2e1beb35e8df493f40885bd7164fb66e564ebc3c53dbbead2fa2ca5c,851d719a39c260a6b2170b3e6df0e2c79b74bec0507ea5f0d3817496b24b7d87,jmuben-470,treino_auxiliar,1,
jmuben,jmuben,1114,data/raw/jmuben/Leaf rust/2 (686).jpg,8,ferrugem,128,128,4dbeed04267e8b01943b97b133360c55b41cf8ad1d6fac19190affb445e1eed6,852cd2b05b52d7e4cda2e64237555335c9953bbd288d58ab7c2a99dcc1ccccd4,jmuben-471,treino_auxiliar,0,grupo_ja_representado
jmuben,jmuben,1115,data/raw/jmuben/Leaf rust/2 (687).jpg,8,ferrugem,128,128,d7487d6a01a30c6e4d3b26f433e3f56e573122685a8016ad880fee4dce560272,88e92c71510297143ef5488f89327b54ce6412d5696fceb2395fd5b4a26bfd05,jmuben-469,treino_auxiliar,0,acima_do_limite_da_classe
jmuben,jmuben,1116,data/raw/jmuben/Leaf rust/2 (688).jpg,8,ferrugem,128,128,56fa45bf228042ed8c5054c8f823e9f3783e7b85c05266ce6eecdbc855d7ec74,872c2f4f5b42325bcd6259ab3335264a88a9d352d8edca978554391a2c73dcde,jmuben-473,treino_auxiliar,0,acima_do_limite_da_classe
jmuben,jmuben,1117,data/raw/jmuben/Leaf rust/2 (689).jpg,8,ferrugem,128,128,82f7da8cb6539144e403d797c35449f9b4533a9e0ec17562830690d45eb76fd9,8196699c5663247a790ada710aedf4b69d4c6b15c9511ca77352c46c6bd0f52f,jmuben-474,treino_auxiliar,0,acima_do_limite_da_classe
jmuben,jmuben,1118,data/raw/jmuben/Leaf rust/2 (690).jpg,8,ferrugem,128,128,9772a71efe080089d21975a36fd4ee616a90f87efdbf49a20282ade203c3f8df,81c228ce563d248d7da8cb542257dcda09ae63589cad72f1c52f6af27925cea3,jmuben-475,treino_auxiliar,0,grupo_ja_representado
jmuben,jmuben,1119,data/raw/jmuben/Leaf rust/2 (691).jpg,8,ferrugem,128,128,c00ac639535ebf06f90180912c2bfc122da7c3801af175abc2dcdc7aff17cf22,a55872f9ca1dc43a6c2a06aa1ebe76afa08ea356a357a155b557921ab2929735,jmuben-476,treino_auxiliar,0,acima_do_limite_da_classe
jmuben,jmuben,1120,data/raw/jmuben/Leaf rust/2 (692).jpg,8,ferrugem,128,128,110ae75e8fffc3436e5cf9e5c166bbdf66922c4c60c65e942a3d2c282d597033,80333adc5d1574aad28fbbd46d0a97e66a2985c4b2324ccf24659d1e71e9aeb4,jmuben-478,treino_auxiliar,0,grupo_ja_representado
jmuben,jmuben,1121,data/raw/jmuben/Leaf rust/2 (693).jpg,8,ferrugem,128,128,d4cd1a33126c3f31dccf69e907bce3f14722c4fb5cd051acb78d21a2e5af2e16,82d33b286686c92d6ec2460d397233928b4d35a256955bdaa46ead8fe1997e5e,jmuben-479,treino_auxiliar,0,grupo_ja_representado
jmuben,jmuben,1122,data/raw/jmuben/Leaf rust/2 (694).jpg,8,ferrugem,128,128,4eeff2b432e57a420aa209e66fe28141ab4e75a1a4cd65cda0bf189ba44c0369,8b062cf8736fccc973264bdd9ca2b155c4ab5a4e0a35ac92b5dd566b29b409d4,jmuben-480,treino_auxiliar,0,acima_do_limite_da_classe
jmuben,jmuben,1123,data/raw/jmuben/Leaf rust/2 (695).jpg,8,ferrugem,128,128,64c350f2d11e035f95ca3761c2829d4b5c9dd96ca9bafc39e998ae95cef596e1,8a2c2df762d89d02727dcba2b84de3e2551272ab0d66a59556ca58472ba9d4de,jmuben-481,treino_auxiliar,0,acima_do_limite_da_classe
jmuben,jmuben,1124,data/raw/jmuben/Leaf rust/2 (696).jpg,8,ferrugem,128,128,34ecf54adfc6bdd1352261fb7ed83105ca0058663254b6f1ae7226c976bbc453,82f339886697e93d66c24605397aa38a8d5576b256d4e96aa4678d997a585e66,jmuben-479,treino_auxiliar,1,
jmuben,jmuben,1125,data/raw/jmuben/Leaf rust/2 (697).jpg,8,ferrugem,128,128,40547d582b5bfaa9d5e0da01bad4bcbfa67a66ff8f03384f8c41c8a49d15eea7,8a793d8c6693e93466ea46063979a38a9d5552ba4d44a92ba7445cdc6b6ad3b3,jmuben-479,treino_auxiliar,0,grupo_ja_representado
jmuben,jmuben,1126,data/raw/jmuben/Leaf rust/2 (698).jpg,8,ferrugem,128,128,d6cc38d2a8a51112e39a3ef4f60083cd93647592061cbc6de2b200ce7639f2c9,8476dd7c795c7aac6cae394693d616c20d4a8b5d0273876365c549c9d18abe36,jmuben-484,treino_auxiliar,0,acima_do_limite_da_classe
jmuben,jmuben,1127,data/raw/jmuben/Leaf rust/2 (699).jpg,8,ferrugem,128,128,1c4e985e3595f4743b4cf14ca27401671f5b7c454111bc86b895271bbaf3d9c2,85ee261b7a8a7b55835779cc643115de56a4e2694b3add8d6747b6365032510b,jmuben-485,treino_auxiliar,1,
jmuben,jmuben,1128,data/raw/jmuben/Leaf rust/2 (700).jpg,8,ferrugem,128,128,c5342febfc10e379289c341ff26d778375052d2d52a5e01b2b1a2841cec6e099,925c337721c9c65dbf13347a5b420dd0763463a52cbdd9516b6a2e65dd94c149,jmuben-486,treino_auxiliar,0,acima_do_limite_da_classe
jmuben,jmuben,1129,data/raw/jmuben/Leaf rust/2 (701).jpg,8,ferrugem,128,128,dc86a79383b3248ccdc1deb42e78e1226012eff43b30720418ad4a4357e7c467,8482263f693dfc4979cf5f1c2dd5d6a13baac5fa1f40915c4f83f15287a5e001,jmuben-487,treino_auxiliar,1,
jmuben,jmuben,1130,data/raw/jmuben/Leaf rust/2 (702).jpg,8,ferrugem,128,128,c994a9ab78dabf3b9a3972c747a0eb53fdf4c3192ab6de6f8c30d627c7d19c56,915835827b5286da3af5d12540af263f81e51b1b34f977436c6a6b89ce6279e4,jmuben-489,treino_auxiliar,0,grupo_ja_representado
jmuben,jmuben,1131,data/raw/jmuben/Leaf rust/2 (703).jpg,8,ferrugem,128,128,020df42c6ed2a3f6a48c6665e4eb5efad86689d6f371b6421b130d9fe17f25a4,915b3d077a54849f3ab5f36d44aa2eb28ded1b5014fa4140446a6899ef3ed9ec,jmuben-489,treino_auxiliar,0,grupo_ja_representado
jmuben,jmuben,1132,data/raw/jmuben/Leaf rust/2 (704).jpg,8,ferrugem,128,128,cf33001acb20818b18c299517dea5f8e5ce716f92ec53f0a9d7b3ac8c7d4074f,9156c2a072157b683aad4c9555aad11d8fc8e5ef3df2bcba44589e64ea740636,jmuben-491,treino_auxiliar,0,grupo_ja_representado
jmuben,jmuben,1133,data/raw/jmuben/Leaf rust/2 (705).jpg,8,ferrugem,128,128,3f9a7e5f90317c820f7da41dd905d93302a1deaa69ec439462286adf1219c3b8,927a336e65d1f65db73360ea4b9224b4422509b9b42d43e2ec8c91915f79eaab,jmuben-492,treino_auxiliar,1,
jmuben,jmuben,1134,data/raw/jmuben/Leaf rust/2 (706).jpg,8,ferrugem,128,128,5fb4b25e3e1cac8c1e31e3da1bd51f06940e55ee4d2f6fd0da4faab4413a88bf,915b35267b52d4591a95b364d0ad6aa3a5759be50a3b95f557024eea22998e6a,jmuben-493,treino_auxiliar,0,grupo_ja_representado
jmuben,jmuben,1135,data/raw/jmuben/Leaf rust/2 (707).jpg,8,ferrugem,128,128,43d98d820f4d257f57f7d014b27ad9570aa177906992807ba4ac54cd22315b7c,980436936daddc27c2693d2bd299ca522b4c3606e47badf6bf4a94abd198ce03,jmuben-494,treino_auxiliar,1,
jmuben,jmuben,1136,data/raw/jmuben/Leaf rust/2 (708).jpg,8,ferrugem,128,128,c1ab25596f7e63e7c4f731f634bd9cdec956b672d103d1ca29605ba1f528bcbb,982d36b26da9d824c6493d6a919bdaa36a5d260470336df5ab56bc6bd198ce13,jmuben-494,treino_auxiliar,0,grupo_ja_representado
jmuben,jmuben,1137,data/raw/jmuben/Leaf rust/2 (709).jpg,8,ferrugem,128,128,d7316b26230dd765dfb621118970d847b6d938439508b8a0314fbaa9e096342f,912936b7794bd82cc6db395ad3b2daa42e992404e0f6ab45ae5615cac7311cee,jmuben-496,treino_auxiliar,0,grupo_ja_representado
jmuben,jmuben,1138,data/raw/jmuben/Leaf rust/2 (710).jpg,8,ferrugem,128,128,c14019433b8e4e9cb937cc76c1d08007fd18382603fe2c9b500e05e128158f2c,84f1bc67142b73a861ee947ab3e6ec4e262893edd8c56943254d9f2cca300bde,jmuben-497,treino_auxiliar,0,acima_do_limite_da_classe
jmuben,jmuben,1139,data/raw/jmuben/Leaf rust/2 (711).jpg,8,ferrugem,128,128,a593c17f7393e31c420e982969abe616fbfc85fe311f06444e8a5f9cf88d529d,842e16a157adf9e7dc239b2e69e2670e19cafc88258d93d36f58606036a4eb99,jmuben-498,treino_auxiliar,1,
jmuben,jmuben,1140,data/raw/jmuben/Leaf rust/2 (712).jpg,8,ferrugem,128,128,ecaf41a2455860de753755f66cd8d2b3b5fdc380d2f927b84543259ed2fb6be2,845c49df16bc8c6264f32bf69bb9239c2625fc80da721187606dcb5bdf953426,jmuben-502,treino_auxiliar,0,acima_do_limite_da_classe
jmuben,jmuben,1141,data/raw/jmuben/Leaf rust/2 (713).jpg,8,ferrugem,128,128,f79fca0d031659d00f7f02fbd4aed8939fa9c76eba2bfafaa1858656b6d9efc0,8603696513db873c7e382079999c18c727937ee6cd3d51e830d16526c546bbcf,jmuben-503,treino_auxiliar,0,acima_do_limite_da_classe
jmuben,jmuben,1142,data/raw/jmuben/Leaf rust/2 (714).jpg,8,ferrugem,128,128,284a36f43a93d5fb4484c21b7b457e5c090a8ac699829da0f97cb775cfabc015,847d5dce3aee86aa9167c2a16c25fab454b26dd65b1b675648e09898b6165c69,jmuben-504,treino_auxiliar,0,acima_do_limite_da_classe
jmuben,jmuben,1143,data/raw/jmuben/Leaf rust/2 (715).jpg,8,ferrugem,128,128,be1115219fc0b9d6be611e63104b16e26eb97fa752f9c64a1d3575801c70d752,94765cee1ae7862b8171e2b16c94dad24cda2b4713196572c8e8be9b36335c69,jmuben-504,treino_auxiliar,0,acima_do_limite_da_classe
jmuben,jmuben,1144,data/raw/jmuben/Leaf rust/2 (716).jpg,8,ferrugem,128,128,e0a46f15573c64a6d17b508893be27a63f95731f0adcfea38dd4903160796557,81d1262e3b88db339f5c79116c6a0f56f5a596725a38498b4fcd2664a2b5c397,jmuben-506,treino_auxiliar,1,
jmuben,jmuben,1145,data/raw/jmuben/Leaf rust/2 (717).jpg,8,ferrugem,128,128,2242e90041732a0137323588e1d56a49435b9b6ec9e7727b354fe7c242eb42f2,8315f33e723e0d3a9eb28d514bd5c555e35a5b7654ceac834c349269a1ca399a,jmuben-507,treino_auxiliar,0,acima_do_limite_da_classe
jmuben,jmuben,1146,data/raw/jmuben/Leaf rust/2 (718).jpg,8,ferrugem,128,128,efbc94d1f33da078ab48248496bd904c26eef3f8038c3145259535a114074478,8328f26c767c2936b4268d224baac7b5e3755ae475ceed9658259269a0d529bc,jmuben-508,treino_auxiliar,0,acima_do_limite_da_classe
jmuben,jmuben,1147,data/raw/jmuben/Leaf rust/2 (719).jpg,8,ferrugem,128,128,c5445257202faa4a8376a331ec7896e793a4c29440de853d9ee7c88ecf731e58,83280d93767df4c99d26325d4baa180a72f5ad32f59ab7da5a63592829b4e8c5,jmuben-509,treino_auxiliar,0,acima_do_limite_da_classe
jmuben,jmuben,1148,data/raw/jmuben/Leaf rust/2 (720).jpg,8,ferrugem,128,128,d3a3ae689227d72d1d2dd64f2fcf17a4b62e8573a1893a4b987d82ca891360fc,83892df2726d9ca2635c4b8b9d5ae7555cac5a74ac13b5da92695da42996d445,jmuben-510,treino_auxiliar,1,
jmuben,jmuben,1149,data/raw/jmuben/Leaf rust/2 (721).jpg,8,ferrugem,128,128,f5ea60a1113a2388b8c36beb944b5f17e4da55d2adefcc1452e6851798228434,817c7b3e3d02c1fb389e8d44161a9e1e7368b6d683c130ebb037c17a1ecde10f,jmuben-511,treino_auxiliar,1,
jmuben,jmuben,1150,data/raw/jmuben/Leaf rust/2 (722).jpg,8,ferrugem,128,128,0bbb47181d503c2cfe755e368171281b181e597ccc75a9427ee88d50bdaf3d25,811745493be135ffd2beba005c5270be727d9279cdac1a343c50f19ae00d1f5e,jmuben-513,treino_auxiliar,0,acima_do_limite_da_classe
jmuben,jmuben,1151,data/raw/jmuben/Leaf rust/2 (723).jpg,8,ferrugem,128,128,1e61b2edf248b8ae730f5405cf0e48cdd4b8a06aa4a99dbeda1acf7fc90b68c6,8c654b6669a6bd962d95872c134a14d9807bb9356a4d6d277d32b70d76d6340b,jmuben-514,treino_auxiliar,0,acima_do_limite_da_classe
jmuben,jmuben,1152,data/raw/jmuben/Leaf rust/2 (724).jpg,8,ferrugem,128,128,6cb4637b48fe12d9c08580e9a7b0aa5f2f1c3895eed81dba4a35e6dfaa83e9b9,81156b913ffdc03d38408df627ea8f43652e32dbc1fa22efbe10e01a1e6f9816,jmuben-515,treino_auxiliar,0,acima_do_limite_da_classe
jmuben,jmuben,1153,data/raw/jmuben/Leaf rust/2 (725).jpg,8,ferrugem,128,128,00fdd118cde69ce56602d5dde4f52ab707f6964ec12f0648f04b5bfeba6a5d96,80d22d354a4deea639ac52b5da59c0b455b5f07a3765594d05b9de5a9740e49e,jmuben-516,treino_auxiliar,0,acima_do_limite_da_classe
jmuben,jmuben,1154,data/raw/jmuben/Leaf rust/2 (726).jpg,8,ferrugem,128,128,236e77cbcf03b20b39647a9ec7ea072e136d5b74a63b27770fa580bc272ac25e,85d5648a6a4e9716262958dc5c9a3b30d5d19eed699d624644e394ec39be3357,jmuben-517,treino_auxiliar,1,
jmuben,jmuben,1155,data/raw/jmuben/Leaf rust/2 (727).jpg,8,ferrugem,128,128,8fa57b8d51209967e5931ad36449540322056d4e53e9e83a805d7d7061ab4865,81d5458a6ace9e14272fa24f4cdc3a3873319666ada9eb194b32d64c4cec79b9,jmuben-518,treino_auxiliar,0,acima_do_limite_da_classe
jmuben,jmuben,1156,data/raw/jmuben/Leaf rust/2 (728).jpg,8,ferrugem,128,128,3f4165704795e8928456ca317142e1927cdbae89a0bab5e33ec6f7e0b147034b,8515491a6e9896f1246ba6db599110e74367948d888be9336a7c54eccddb35af,jmuben-519,treino_auxiliar,0,grupo_ja_representado
jmuben,jmuben,1157,data/raw/jmuben/Leaf rust/2 (729).jpg,8,ferrugem,128,128,ccdc710a64e4f453fe2391e2d04e3a8fcf4a15087b7a01612ac181f3d19afad6,81153ef5691aad6b5821db93a64a52effc98542c6f22912e76ccb329cd9bd218,jmuben-520,treino_auxiliar,0,grupo_ja_representado
jmuben,jmuben,1158,data/raw/jmuben/Leaf rust/2 (730).jpg,8,ferrugem,128,128,aeb0fe57b241e643d7cd613e96c4eab9d3dbc7c138b89dfbc34d517c706e430e,901737f67e36c25e66413d3a1b58c4cd83bddb2330db0676412dc1b36ccc5c3c,jmuben-521,treino_auxiliar,1,
jmuben,jmuben,1159,data/raw/jmuben/Leaf rust/2 (731).jpg,8,ferrugem,128,128,d9b8a44b35f8f4e80d1830f49610f25044a5facd97b279b23d255a2c0b1b8175,817c3705746d9ec0e69ee8463b71589b85b3c64ff11e25b47ec98762e31c6813,jmuben-522,treino_auxiliar,0,grupo_ja_representado
jmuben,jmuben,1160,data/raw/jmuben/Leaf rust/2 (732).jpg,8,ferrugem,128,128,6369dc238681fac0d6229c950711f432b6fb1e39e9797e3f90ad776a91ddabb9,803437a46265ced4e6cff9721b504c9b87abc26e71962ef44f69c162699c4cf1,jmuben-522,treino_auxiliar,0,grupo_ja_representado
jmuben,jmuben,1161,data/raw/jmuben/Leaf rust/2 (733).jpg,8,ferrugem,128,128,2678bbb3a8b503a0ad95678cce867d30e0875a34e545ad19c1ab26af6c201989,817c370564ed9ed0e69ee8463b71489b85b3c64ff1162db57ec98762c11c6893,jmuben-522,treino_auxiliar,0,grupo_ja_representado
jmuben,jmuben,1162,data/raw/jmuben/Leaf rust/2 (734).jpg,8,ferrugem,128,128,da5809d7df973b828a561122d108d559e51fbffb047d22b505199c7601ca0274,803fc05a33a5f7db17fc3970f4647c997e44de603eb071124b0b3e2d6c18e30e,jmuben-526,treino_auxiliar,0,acima_do_limite_da_classe
jmuben,jmuben,1163,data/raw/jmuben/Leaf rust/2 (735).jpg,8,ferrugem,128,128,9a1677b58aa32b97ff22393fbae9868fca14c18a078dd9c52e518aec600e0b37,85154cb822d9946527eb59971866b726f5983be9677036dc3127b3317a244dd3,jmuben-527,treino_auxiliar,0,acima_do_limite_da_classe
jmuben,jmuben,1164,data/raw/jmuben/Leaf rust/2 (736).jpg,8,ferrugem,128,128,de4b7854d7984a31a618abc47d98a5909efa6eedaa56df17a73a0820f0442e6e,8515488a6ec89655246da2cb59d31267c32694cbabe16fb14e5c54fe85db33ae,jmuben-519,treino_auxiliar,1,
jmuben,jmuben,1165,data/raw/jmuben/Leaf rust/2 (737).jpg,8,ferrugem,128,128,7a63693ef5ffbadd13ec19f35fde00d28040440e6c8040cfb8de428ffc711937,843549336cb394cb2dcaa3d659a512ecc26c9592bb0a6e265e91b59cbf427769,jmuben-529,treino_auxiliar,0,acima_do_limite_da_classe
jmuben,jmuben,1166,data/raw/jmuben/Leaf rust/2 (738).jpg,8,ferrugem,128,128,7cddba75fd14f42722b2679c24f4544771a997db62671f69fff487441b9dfbbb,8117499d3fa1d4bef008bc4145fe22698f512da63e83e50b43ef1ee5f990e5a1,jmuben-530,treino_auxiliar,1,
jmuben,jmuben,1167,data/raw/jmuben/Leaf rust/2 (739).jpg,8,ferrugem,128,128,71a8d6dec6aa74104952d4f1eac846f2a8a3eb3fdf3981eb2120184f544ed6e4,8c66496669a6959e2dd4a7a4536916d9c07bbd377a4e6e073c13b7042656744b,jmuben-514,treino_auxiliar,0,acima_do_limite_da_classe
jmuben,jmuben,1168,data/raw/jmuben/Leaf rust/2 (740).jpg,8,ferrugem,128,128,d4881f2a682175fa2bcdfd42bb59bd3d2bc0856992c6c7f57f9cef977e809353,904518fe941a46f7c013e8241d268eb3e66775d8fb9bbec46677d128eca864d4,jmuben-532,treino_auxiliar,1,
jmuben,jmuben,1169,data/raw/jmuben/Leaf rust/2 (741).jpg,8,ferrugem,128,128,ca8b9a5800f986f6e0a19a7ade413bd0fae213d030be029c3bad4adfca1e2b96,85b133aea3404dc906c9e2f4f8d61c7fc803ff69f64dbfa26db32680035c692a,jmuben-533,treino_auxiliar,1,
jmuben,jmuben,1170,data/raw/jmuben/Leaf rust/2 (742).jpg,8,ferrugem,128,128,84cc39b5bdf26cd30ba73475281250fdec34cc919ea1a7f05baa0d86ab49e8ba,9361358bccdc766ce87343d3c3710f9dc71c0d7671d88f41eb1387c09e0e271c,jmuben-535,treino_auxiliar,0,acima_do_limite_da_classe
jmuben,jmuben,1171,data/raw/jmuben/Leaf rust/2 (743).jpg,8,ferrugem,128,128,6a709e9ab32b35fbdfb1a6cc0ed9c400f4caaaadbf3eee9fe6d68506cc531753,83312ce5667362bd5cc2c72586965d4e5c96b31a25dc6b7349dcf69834696994,jmuben-536,treino_auxiliar,0,grupo_ja_representado
jmuben,jmuben,1172,data/raw/jmuben/Leaf rust/2 (744).jpg,8,ferrugem,128,128,3511d297bab3df69d5be9e331cf0c49fecc11f065f76af0347600236f1d769ce,961c377ed9361d93705399f93998c3dc298cd13ee4f09a5c65648f9338e34261,jmuben-537,treino_auxiliar,0,acima_do_limite_da_classe
jmuben,jmuben,1173,data/raw/jmuben/Leaf rust/2 (745).jpg,8,ferrugem,128,128,4b97bd4bc3b6bb32a46fab29ef0f053a791f4d79b930a6ad4e780ef69ba1fbf0,8dfc7c8c49e49b01733f43735a32aeb6b6a2b6a65de58165ad45a50dd40a526a,jmuben-538,treino_auxiliar,0,acima_do_limite_da_classe
jmuben,jmuben,1174,data/raw/jmuben/Leaf rust/2 (746).jpg,8,ferrugem,128,128,b51ed3daec789e44fd8fa36758c16c26231f3001402c895b68865467a68135a0,83966ba66c409c6b74e3e1a7b3a6cb4e5e5ae65c31914d39cdb392269224d36a,jmuben-539,treino_auxiliar,0,acima_do_limite_da_classe
jmuben,jmuben,1175,data/raw/jmuben/Leaf rust/2 (747).jpg,8,ferrugem,128,128,501e7c4fc3fd42e5741ed33ed6e05fcc4a239ed98cda4104d03459c8f0d8275a,8dfc6c984be0b303733f4b70aeb6aca434e4d54d494dac5d760a529a5ad26b91,jmuben-540,treino_auxiliar,0,acima_do_limite_da_classe
jmuben,jmuben,1176,data/raw/jmuben/Leaf rust/2 (748).jpg,8,ferrugem,128,128,68d72b4633de18a5826f6b0734913d90428ecf78421b8c03a302f8e77f6d4e8f,81d12bd3661c8e2c7478e8d1b1834b6f6b6ea65e5c9c4f9dcf399333d826c024,jmuben-541,treino_auxiliar,0,grupo_ja_representado
jmuben,jmuben,1177,data/raw/jmuben/Leaf rust/2 (749).jpg,8,ferrugem,128,128,2ac3891b3cf7b2d810baa301916197d20df3ddf68abe9561d94e81035edb3c1e,84f12e51d36d3976e194b3827b33c7313a31f760cc8798c36e0e9d2431ce4ece,jmuben-542,treino_auxiliar,0,acima_do_limite_da_classe
jmuben,jmuben,1178,data/raw/jmuben/Leaf rust/2 (750).jpg,8,ferrugem,128,128,56c80ecfd951cc7308d92fbc8e6e5b5ae31d17d052e57fb49ac0459685e0e9cc,933034d0ccce3637f5318479e3e8c1ea6386c30f0c3b70fe07e4f198e3f89ee0,jmuben-543,treino_auxiliar,0,grupo_ja_representado
jmuben,jmuben,1179,data/raw/jmuben/Leaf rust/2 (751).jpg,8,ferrugem,128,128,76ae31a65ddf045f832b5143fc6125bbf0fb82a4f452fc731c4ccdf2e1fa533a,8d0cd143f6928d25e72bc992f64d7793349c76e519397ac208734ced4f316691,jmuben-544,treino_auxiliar,0,acima_do_limite_da_classe
jmuben,jmuben,1180,data/raw/jmuben/Leaf rust/2 (752).jpg,8,ferrugem,128,128,32e52216d35f6a0c072b6e4133deebfd180dc36d68c85a422895f9d402080399,8b5d3929d4a534a66396ee666626fe16cada74986c889a95e631c84b9999e699,jmuben-546,treino_auxiliar,0,grupo_ja_representado
jmuben,jmuben,1181,data/raw/jmuben/Leaf rust/2 (753).jpg,8,ferrugem,128,128,fd938984dfdab821fb51d5a3c33c8dcc036fd0201da620d935ecb1d2cd9844b9,895d392964b59cb57092c916a1323735f632cb77132be5e34ae7b0dae71344a2,jmuben-547,treino_auxiliar,0,grupo_ja_representado
jmuben,jmuben,1182,data/raw/jmuben/Leaf rust/2 (754).jpg,8,ferrugem,128,128,b1e2197de4dabc359773c5f8b5de7919929560c482b9d76458918afc7035e12d,84e33cd7624b9f4d606dc594339d734ee4950b32727167789a21f3d34e12dc23,jmuben-548,treino_auxiliar,0,grupo_ja_representado
jmuben,jmuben,1183,data/raw/jmuben/Leaf rust/2 (755).jpg,8,ferrugem,128,128,1243cc0b429ed8803c18cce58a3140cc280e8153cb416e465187635ab3adbfd0,85443dae62969ed478dacdd1a52b3391ff1bc9b81b29e6b04a61b44ab35846b9,jmuben-548,treino_auxiliar,0,grupo_ja_representado
jmuben,jmuben,1184,data/raw/jmuben/Leaf rust/2 (756).jpg,8,ferrugem,128,128,854dc8ce5a8d92b31323ca3ea184211833016cf4fe64c93fc63f96a43ce7c438,81453dac60a49e9438de49d4dc4b81fe3e95e49a0d90935bb530cbb71cb8f9ce,jmuben-550,treino_auxiliar,0,grupo_ja_representado
jmuben,jmuben,1185,data/raw/jmuben/Leaf rust/2 (757).jpg,8,ferrugem,128,128,a3991f1be666e115875a13ff7390cf86f216b7fc798102a13ee87138c850abfa,849253486a593cb41f2d9f84cf741fde1b5a8c9b66cf321b98cd1f344c5c2366,jmuben-551,treino_auxiliar,1,
jmuben,jmuben,1186,data/raw/jmuben/Leaf rust/2 (758).jpg,8,ferrugem,128,128,68ebd7f6e00720113816aaab43dafe74faba46ac51d959e837941083623c1515,84915b2e6a496c961e299f8996d4dffb1b4e0a1b8cc7672f72c39ba50e304ec8,jmuben-552,treino_auxiliar,1,
jmuben,jmuben,1187,data/raw/jmuben/Leaf rust/2 (759).jpg,8,ferrugem,128,128,103294c6af88e2c4221423ce67fb2435ac8d1376177be373873ec9e8660dde57,84a23c97625b9f4b3869c5d5b49923dc7f8ccdac18b472716e5cb361338c6398,jmuben-548,treino_auxiliar,0,grupo_ja_representado
jmuben,jmuben,1188,data/raw/jmuben/Leaf rust/2 (760).jpg,8,ferrugem,128,128,17ab099d9a0bd9e1ac124023417ef142ca90653459bd517e77696b2925ca27d7,85862da662d29e5a3859c5c9bc9923d97f99cda919b0f2b36e700a69b3496399,jmuben-548,treino_auxiliar,1,
jmuben,jmuben,1189,data/raw/jmuben/Leaf rust/2 (761).jpg,8,ferrugem,128,128,01062411f797cfc244f3425896f19f3369866deadc2d73439d06d729f251a3cd,84833cd7624b9f49786dc5d4339c7bdcf584c9bc3a3066790f74b32573884e18,jmuben-548,treino_auxiliar,0,grupo_ja_representado
jmuben,jmuben,1190,data/raw/jmuben/Leaf rust/2 (762).jpg,8,ferrugem,128,128,27b13826e77f313f43d0f16a8381bc4897b8d6c47016c63f7ebdcfde5c13100e,85863da662529f5a3869c5cdbc9923dd7f99cd8c19b4f2036e782a61b3686398,jmuben-548,treino_auxiliar,0,grupo_ja_representado
jmuben,jmuben,1191,data/raw/jmuben/Leaf rust/2 (763).jpg,8,ferrugem,128,128,222527ac4df95631eeef8cc74e6ee8fe18080de6530e8795f49a4bfca3c68775,949f2d966ff6fea53349d89bd0a3337217b0c68e7224f0b9cde540e71d201f00,jmuben-558,treino_auxiliar,0,acima_do_limite_da_classe
jmuben,jmuben,1192,data/raw/jmuben/Leaf rust/2 (764).jpg,8,ferrugem,128,128,48693130186c7d3d8b53b033a3dd4db5a5131aacd212565cdb27f66d855d087c,85843dd6725b9e5961e9e781333cf360e42652667647cd6fb006e396cc26b166,jmuben-559,treino_auxiliar,0,grupo_ja_representado
jmuben,jmuben,1193,data/raw/jmuben/Leaf rust/2 (765).jpg,8,ferrugem,128,128,3f4d8fb1970e828210d536e2e8549ccb2a3431b43798af70dc15d3430b7ff8c8,8656399968ce62615a8ad56a96791f3959c9d135b36965954d66cd3454b5356c,jmuben-560,treino_auxiliar,0,grupo_ja_representado
jmuben,jmuben,1194,data/raw/jmuben/Leaf rust/2 (766).jpg,8,ferrugem,128,128,2faedd538bb2fdcbe43863ea7547c14d971bc4d961a9e52a380a7f4db54b9ed1,94812d966bf6dba43b6cd883d0a9337b17d9c786720488a9c07770771fb81fc2,jmuben-558,treino_auxiliar,0,acima_do_limite_da_classe
jmuben,jmuben,1195,data/raw/jmuben/Leaf rust/2 (767).jpg,8,ferrugem,128,128,386467a6754b4f0077e3172c4d41c757b4aec02a241379b05cf7f84b93ad8238,96583f70c9b36cdbeadd0f9cc61e0e6644638ccf390ea7961878e4691cb230e3,jmuben-562,treino_auxiliar,0,acima_do_limite_da_classe
jmuben,jmuben,1196,data/raw/jmuben/Leaf rust/2 (768).jpg,8,ferrugem,128,128,313cf9741bc3b88d7dc0319e9ed94023d367eb5aafac307198243ac318b638e8,96583770d9b33dd3e0dd8b9cce1c864c4e62c6e30a4f630f0f96d87cc60c9e1c,jmuben-563,treino_auxiliar,0,acima_do_limite_da_classe
jmuben,jmuben,1197,data/raw/jmuben/Leaf rust/2 (769).jpg,8,ferrugem,128,128,35bdd0644bb7d1b1b207f7ebe686d554dac77528dd8451ae915eb7029bc7bb60,960d373fd9b31d99744998fc29c6d3ce2dc6d39fe6788e78622087c938316070,jmuben-537,treino_auxiliar,0,acima_do_limite_da_classe
jmuben,jmuben,1198,data/raw/jmuben/Leaf rust/2 (770).jpg,8,ferrugem,128,128,664583f436f5103c571252004d80bf0e1294ad0ea8c031ac9d195f833d3fc51e,94d12f64db266c92c2d90fa9ce188c4c4ce68cd13b3ca73618fde4699f3c31ce,jmuben-562,treino_auxiliar,0,acima_do_limite_da_classe
jmuben,jmuben,1199,data/raw/jmuben/Leaf rust/2 (771).jpg,8,ferrugem,128,128,dc7e4a21e2b663564ee7fa07012314b3b93fdfc29e3a97101e7919d36629b82e,96583738d9b33dd3e0dd8bdcc61c86444e23c663094f73870e9ed87cc60c9e9c,jmuben-563,treino_auxiliar,0,acima_do_limite_da_classe
jmuben,jmuben,1200,data/raw/jmuben/Leaf rust/2 (772).jpg,8,ferrugem,128,128,e22ab154542ee77b0c69cb1e2a1c1f028ed052f0f40cce59d5c8ad295bb2a4ad,9307359fccd8276ce0730fd3c7010f1966388d6539c1e24f1e37f23e1edc3838,jmuben-568,treino_auxiliar,1,
jmuben,jmuben,1201,data/raw/jmuben/Leaf rust/2 (773).jpg,8,ferrugem,128,128,2a2c1c55ef60e14b2d65454036136a4514bb3f3072066edbda7de0527f4a8f83,9307359fccec2764e17307d3c7140e1c7e3c0ce138c1861f3e1f707e1cfc703a,jmuben-568,treino_auxiliar,0,grupo_ja_representado
jmuben,jmuben,1202,data/raw/jmuben/Leaf rust/2 (774).jpg,8,ferrugem,128,128,688acb43f230c23d250ef15fc15722cfb65fcf52a348bccbf1e53d422e864ebf,970735bfc99934ece0668dd6c747c7570e39c6780de071810749de22e7069e87,jmuben-570,treino_auxiliar,0,acima_do_limite_da_classe
jmuben,jmuben,1203,data/raw/jmuben/Leaf rust/2 (775).jpg,8,ferrugem,128,128,bccd77630afd4e1d4b890de142c2aa3c5a6cb098334d5293205c0d758ef9d4b0,91dd4988e631ce62e58cbe00f1cbf0bc3f98f1813f70783f3e60a7d60e820fc3,jmuben-571,treino_auxiliar,0,grupo_ja_representado
jmuben,jmuben,1204,data/raw/jmuben/Leaf rust/2 (776).jpg,8,ferrugem,128,128,e17b12b1261056eec22c4143d3a27dcd971764bb312625dfa71ef446d099b16f,84c5c595bb324766a246d979376984e971b98696b6d4d98a257a986a2399b5e9,jmuben-572,treino_auxiliar,1,
jmuben,jmuben,1205,data/raw/jmuben/Leaf rust/2 (777).jpg,8,ferrugem,128,128,34c38252256baacb87731fe1059040377efbebcd0597cc24a6310d820fa027a6,8df679ff06bfd68d7e80a140c176894a318a6d9866c11e65366da475cda69986,jmuben-573,treino_auxiliar,0,acima_do_limite_da_classe
jmuben,jmuben,1206,data/raw/jmuben/Leaf rust/2 (778).jpg,8,ferrugem,128,128,38011d857115cf277f0b7c2c7b85596a4abbf61a1cb8272227955561af71b69e,81d12bdb662c0e2c7058a9d199c74f2f6225b4de589ace9cb37993334ca564ed,jmuben-541,treino_auxiliar,0,grupo_ja_representado
jmuben,jmuben,1207,data/raw/jmuben/Leaf rust/2 (779).jpg,8,ferrugem,128,128,cca008932e762b2e8554d0d9308dc657ef91ac59a30bb9431e966b7fd680eb67,91d129db762e8e267e3ae05ab8d189e14f25e325344e588e6ed4a3599b1bd9a1,jmuben-575,treino_auxiliar,1,
jmuben,jmuben,1208,data/raw/jmuben/Leaf rust/2 (780).jpg,8,ferrugem,128,128,b8257c025a65837b0023e4a59e486363b6ad1f204ef26f71ff94e31884802ae1,865e49bb6ac413367111e1ddc78e8e7319cc319ec674b3838636b61c3873b3cc,jmuben-576,treino_auxiliar,0,acima_do_limite_da_classe
jmuben,jmuben,1209,data/raw/jmuben/Leaf rust/2 (781).jpg,8,ferrugem,128,128,77f6100bb20b9dabee3bf423ad23b234ae7a4663e23f4601ccaa4c0c02276387,83346f246c431cfb63a78334931c4e5a665ba5a15da3cea2b6c6964c49da6d9b,jmuben-577,treino_auxiliar,0,grupo_ja_representado
jmuben,jmuben,1210,data/raw/jmuben/Leaf rust/2 (782).jpg,8,ferrugem,128,128,ee7dcf22142f5fd2f99a8d356bc9ac6876496fc0451454845d6762886722b1ea,900023efce388f0ff0f0e03407efef00e03f0fa8483edfaab020133ff2fef4b2,jmuben-579,treino_auxiliar,0,grupo_ja_representado
jmuben,jmuben,1211,data/raw/jmuben/Leaf rust/2 (783).jpg,8,ferrugem,128,128,f21eb72efe0cd75da9201a33071c1271902713e6d0c949c38e9b3575bc999538,8ef674de68f49b80392f61295911eb55ae55b253169bd9a28cb2a522b7a694a6,jmuben-580,treino_auxiliar,0,acima_do_limite_da_classe
jmuben,jmuben,1212,data/raw/jmuben/Leaf rust/2 (784).jpg,8,ferrugem,128,128,f224ecb8b15080568a6599ede1454628f1f5d9302638a10cb2c8b44195bca88a,900063cfcc398f1ef0c3e03407ffef00e03f8fc0487edbfb9a2010371bfff0a2,jmuben-579,treino_auxiliar,1,
jmuben,jmuben,1213,data/raw/jmuben/Leaf rust/2 (785).jpg,8,ferrugem,128,128,263a31dd83fefe2c867d66ec9230e61847d8b7c073334ab6b1a562f9940a2c85,89560ade9ada3bcaaf4aa93826a954a354ab7445e5a5dfc670154d5d5845a3d5,jmuben-582,treino_auxiliar,0,acima_do_limite_da_classe
jmuben,jmuben,1214,data/raw/jmuben/Leaf rust/2 (786).jpg,8,ferrugem,128,128,d74399979790564f66ae3fdfae589f9c76e165d9d72be69b05928e8c9e1481a1,905167cecc738f1cf0c7c02917efef03e0fe0f0248fedae8902912af13fef021,jmuben-579,treino_auxiliar,0,grupo_ja_representado
jmuben,jmuben,1215,data/raw/jmuben/Leaf rust/2 (787).jpg,8,ferrugem,128,128,780eec13be6f7905ed285c986d534555718701472d5fc935a8c1596012ac7d12,9b091aa3b2a576a5ee35aa552ac7e54e554c55477558cd6af61c806e7fc050ca,jmuben-582,treino_auxiliar,0,acima_do_limite_da_classe
jmuben,jmuben,1216,data/raw/jmuben/Leaf rust/2 (788).jpg,8,ferrugem,128,128,3d374599f030c6c557646f4450b9c2f1e3ae64993ec5ec27d81b2e5979f50004,89570a5e9adb23a9a72d283d56a154a35748b5458dd51f462555cd45a383afee,jmuben-585,treino_auxiliar,0,acima_do_limite_da_classe
jmuben,jmuben,1217,data/raw/jmuben/Leaf rust/2 (789).jpg,8,ferrugem,128,128,2742227926347906eea0b17e07adc90ca0c956fdf3f43ba6a4051a0236d009d6,89440af5b2963292af5aab722ce354aa55aa554fe12fcfc6f04505757d559235,jmuben-582,treino_auxiliar,0,acima_do_limite_da_classe
jmuben,jmuben,1218,data/raw/jmuben/Leaf rust/2 (790).jpg,8,ferrugem,128,128,8646f1899717bbf072ecda1a2a77922b3ed5eed005d193f447fb386e82fa311e,89440abdb2943296af1aab522ae3d4ea55aa55aa710fccabffc600737dd15465,jmuben-582,treino_auxiliar,0,acima_do_limite_da_classe
jmuben,jmuben,1219,data/raw/jmuben/Leaf rust/2 (791).jpg,8,ferrugem,128,128,214cc987b130f3188f2660bdf5d0b0f73056b28b527bcf1336fad9af9832c672,94441d7df44a354ae8aa8aaa2ebb89b146d6995364e59b53e06687b26e6a93b5,jmuben-588,treino_auxiliar,0,acima_do_limite_da_classe
jmuben,jmuben,1220,data/raw/jmuben/Leaf rust/2 (792).jpg,8,ferrugem,128,128,54e22e899ca685d7f116d4c89db5f1c70f81e4852f13569b512ec616d6d2dc13,8b451ab5b29432b6ae1eaa522be3d4eb552a55e2750bcdabf70c00667dd85847,jmuben-582,treino_auxiliar,0,acima_do_limite_da_classe
jmuben,jmuben,1221,data/raw/jmuben/Leaf rust/2 (793).jpg,8,ferrugem,128,128,6c2f5912f7bdcd7998510309ff07201b2edd58b2743c25d6d8a144acfe691b72,81450cfdb29558957396ce1cab54aa51aa55a9660ef2334e00732fdfdc39a39e,jmuben-591,treino_auxiliar,1,
jmuben,jmuben,1222,data/raw/jmuben/Leaf rust/2 (794).jpg,8,ferrugem,128,128,213d9144acd0d396c86a2f907dc9a688fabd4a717fa8571e11123349956eb35a,825a0dd2f30a91aa752a5538dd7172299da7b6b0a9308eaffe11b0ed2f39f884,jmuben-592,treino_auxiliar,0,acima_do_limite_da_classe
jmuben,jmuben,1223,data/raw/jmuben/Leaf rust/2 (795).jpg,8,ferrugem,128,128,c136086fb6712c70de52c24225b798a780f15a48b49dd880382a9be4192fd098,82591996f22891aa772cdd39d871a251b8a6a20889e73e8df83723ce7e73d8ce,jmuben-593,treino_auxiliar,0,acima_do_limite_da_classe
jmuben,jmuben,1224,data/raw/jmuben/Leaf rust/2 (796).jpg,8,ferrugem,128,128,1dd57b3c2570a4838ecd538cfb268e00ea1131f860f7093829e8f389af9f5c37,81654cfdb2a55c957297ce8e73168b5caa51a9478cb83bd6b43023dfdc7d1005,jmuben-591,treino_auxiliar,0,grupo_ja_representado
jmuben,jmuben,1225,data/raw/jmuben/Leaf rust/2 (797).jpg,8,ferrugem,128,128,8ec01df454f2141cfbb00e9792222337af5d0ac572745c8c17c6329c3f8edf40,82590dd3e30a91ce518a7728ddba77695d71b6ef761081e64fb8f83280fa2721,jmuben-595,treino_auxiliar,0,acima_do_limite_da_classe
jmuben,jmuben,1226,data/raw/jmuben/Leaf rust/2 (798).jpg,8,ferrugem,128,128,954eed86adcb57cd8383104ae86f12c6069e523a5f32cc95a2d0ecbe1c8a5ff7,86b61badee3d939513196753d96564d75b4695d87424a1cd5f10f86e91812647,jmuben-596,treino_auxiliar,1,
jmuben,jmuben,1227,data/raw/jmuben/Leaf rust/2 (799).jpg,8,ferrugem,128,128,bd636e95b76cbfabfca7b7fc1b448a44129fdcd17559a09b6449b4f8a5e5a17c,94cdc4bb16c9162c4b646f3668e42f965c6c63d26f6b6b505f6a292035296d3e,jmuben-597,treino_auxiliar,1,
jmuben,jmuben,1228,data/raw/jmuben/Leaf rust/2 (800).jpg,8,ferrugem,128,128,b8abfb4f1cf84d788bbcfbc1675578f18002512231f3aa5499cc3000d654d164,90006eff0f55b0020efd4197f0aa2ebc45afd570387f8f8e4954602b2b969f75,jmuben-598,treino_auxiliar,0,grupo_ja_representado
jmuben,jmuben,1229,data/raw/jmuben/Leaf rust/2 (801).jpg,8,ferrugem,128,128,98e29ad2753928f0ee6b198a062fe991995e79426fdebe3da8f41349ea0a24a8,91515bb9fa8bfab9fc09ef8c4de965f64c35a494659454963496e2da120a32c9,jmuben-599,treino_auxiliar,0,grupo_ja_representado
jmuben,jmuben,1230,data/raw/jmuben/Leaf rust/2 (802).jpg,8,ferrugem,128,128,489e111d45e5dec1742b27e5224563d90c7ead980a25a21b8c353bf8ee2d1f42,8de9cd7910fe123e5e45efc12f0309cb5b2bea3563f401ecd128f5292f810fc4,jmuben-601,treino_auxiliar,0,acima_do_limite_da_classe
jmuben,jmuben,1231,data/raw/jmuben/Leaf rust/2 (803).jpg,8,ferrugem,128,128,89757129a466ef2dd6353f85f1d98d3bd050868d9cbe261835ee8867d2d43be3,90016ede0558b2ad0e5ff080bebd059a55a0b57eaa55c3f2742cb3e59d55d4b4,jmuben-602,treino_auxiliar,1,
jmuben,jmuben,1232,data/raw/jmuben/Leaf rust/2 (804).jpg,8,ferrugem,128,128,78eb164a800a95b536cb5f4ca8a31811a1c12002e102cb22c37ec00d0c418bf2,8dc3360c10feef435067317a2e07d6251f1a0f8562f5d53b01fd2a947c2bd0fc,jmuben-603,treino_auxiliar,1,
jmuben,jmuben,1233,data/raw/jmuben/Leaf rust/2 (805).jpg,8,ferrugem,128,128,94f01672df41dc0062b3934268a136ca6168c775434c8a5e91a0c17188aa43d8,80107de21efea5df1ca0c52835673f61c35ce2473eab862960cb647f3e3d805e,jmuben-604,treino_auxiliar,0,grupo_ja_representado
jmuben,jmuben,1234,data/raw/jmuben/Leaf rust/2 (806).jpg,8,ferrugem,128,128,51d5cfaea313b2d63e6bfe3c4c97ef9a4f05f88c9a31d04175198c6b7fd0d98f,90006eff0b57b0ca0ebdf5af35388d7fd1402a500aaec3457469bf8e9957c52a,jmuben-605,treino_auxiliar,0,grupo_ja_representado
jmuben,jmuben,1235,data/raw/jmuben/Leaf rust/2 (807).jpg,8,ferrugem,128,128,a30d977a7065743a00ec35dd66710ddba1111cb746c663b0e4bdbab4696f7937,80007c021feca5ff1daec560215f3e42c2d1ea9e3dab9c1a43ce655f3e2b8cdc,jmuben-604,treino_auxiliar,0,grupo_ja_representado
jmuben,jmuben,1236,data/raw/jmuben/Leaf rust/2 (808).jpg,8,ferrugem,128,128,eb2e60fccae6910302a13613c21a968dfe2be41f31c59d68f51e9c925f9ecb54,80147fea1afea1151ea2c7baf5173d60c15cc24728f19e0c8ae9e0437fb8beaa,jmuben-604,treino_auxiliar,0,grupo_ja_representado
jmuben,jmuben,1237,data/raw/jmuben/Leaf rust/2 (809).jpg,8,ferrugem,128,128,0a610d9f5516c615877c38182d2f058c48d48e72e40af155a3f3862977a22275,80117f421efea11f1ca24f38f1373d62d97cc24728e79e3d8aa8c0c76e21beac,jmuben-604,treino_auxiliar,0,grupo_ja_representado
jmuben,jmuben,1238,data/raw/jmuben/Leaf rust/2 (810).jpg,8,ferrugem,128,128,b0aac10db5f5441d6da19cbbc0467a64008d4b98f514a4864f07910699c065fd,802078051fa9a7f81d2f5c63e37d394f1a43c2987bae3cdb1c16c39c6d763d41,jmuben-609,treino_auxiliar,0,grupo_ja_representado
jmuben,jmuben,1239,data/raw/jmuben/Leaf rust/2 (811).jpg,8,ferrugem,128,128,688e611a6421c8d2a876fec44c5f03dba4d8ab5646e84c976d78a228a3505579,80116f401feaa25f30911ea2439be0873da295bcd77ee1c365753f181bfcc457,jmuben-610,treino_auxiliar,0,grupo_ja_representado
jmuben,jmuben,1240,data/raw/jmuben/Leaf rust/2 (812).jpg,8,ferrugem,128,128,446aeb8c076fc03d147fddf679aa8938936b8fed9d0d6167e23a05c131647138,80116f6a1efba25538c10eea419ff4803da3953ec70b60f375543f9c9a7fc451,jmuben-610,treino_auxiliar,1,
jmuben,jmuben,1241,data/raw/jmuben/Leaf rust/2 (813).jpg,8,ferrugem,128,128,5672c71ffa2b2d474ec8bdbfd33d57e65f0c0c2f0c986427a046485974949aa7,800078011febe760195bc24723d93a9fc2a2e5b83f1e9cf5c39de9ac387f81ad,jmuben-615,treino_auxiliar,0,grupo_ja_representado
jmuben,jmuben,1242,data/raw/jmuben/Leaf rust/2 (814).jpg,8,ferrugem,128,128,f0f0064aba7d3b3ff77c2f01e0f18b78b11889061d41db7cb06e38d84450520c,90420f3d6ebff12861110a7f72fac0c12e9e6578cfa32e3bc0780fd7652a9ed0,jmuben-616,treino_auxiliar,0,acima_do_limite_da_classe
jmuben,jmuben,1243,data/raw/jmuben/Leaf rust/2 (815).jpg,8,ferrugem,128,128,7c533abc743a816a96432be36fab120a09987cddc11d7437fb0dc193eefd9723,80116e401feae25f38975ea2433ae0873d229578de5ee3c661753f219afcc457,jmuben-610,treino_auxiliar,0,grupo_ja_representado
jmuben,jmuben,1244,data/raw/jmuben/Leaf rust/2 (816).jpg,8,ferrugem,128,128,113d4761cfc37e79b25d7340c2e82027c1c9f39e17e159a61f03e701930d550c,89cd4eccc6703a314699708e0dab314dc3cc3915c63df1e3c79e31c61cf163e7,jmuben-618,treino_auxiliar,0,acima_do_limite_da_classe
jmuben,jmuben,1245,data/raw/jmuben/Leaf rust/2 (817).jpg,8,ferrugem,128,128,bca3b6c6537815df455be1d415582d67b11462d51b217b646f68b5313a66e549,89994ed9d6737193458c216c3a59c25c1ca68662b3c73a7c9ce7ce72c71cb8f0,jmuben-619,treino_auxiliar,0,acima_do_limite_da_classe
jmuben,jmuben,1246,data/raw/jmuben/Leaf rust/2 (818).jpg,8,ferrugem,128,128,c51261e911d5a0e993a9e28122ae0d9e82bc40215b407311c3984f65d908c700,b6a23018bf5dd166f8b29b99cd4efe9292b96f2de1d798d62124c01d1b4fe004,jmuben-620,treino_auxiliar,0,acima_do_limite_da_classe
jmuben,jmuben,1247,data/raw/jmuben/Leaf rust/2 (819).jpg,8,ferrugem,128,128,f5c5983afef69c29b2cde4bd9a1e096e27eea54b515860fb785082ba50e669a2,9bed59aca4d97665a2b6349ad41a339bc6ab7247c9d1ce48666633190cc58ce6,jmuben-621,treino_auxiliar,1,
jmuben,jmuben,1248,data/raw/jmuben/Leaf rust/2 (820).jpg,8,ferrugem,128,128,64b21acbc6c7d81a8f240d9b10b29424a756b9a09bc1a20cdf9491b13eddec13,9fd61b72ed267c992569a13f82ed363d84dd72199a64649b22631262999926e7,jmuben-622,treino_auxiliar,0,acima_do_limite_da_classe
jmuben,jmuben,1249,data/raw/jmuben/Leaf rust/2 (821).jpg,8,ferrugem,128,128,8eb0b69ec74c982a0288959108a155d9329380f9a29b9593a7f8dbf953db33bb,ab4f1ca096bbccccaf4784a9e7dca376996922d8d8068d46b0c9ebb48597f04c,jmuben-623,treino_auxiliar,1,
jmuben,jmuben,1250,data/raw/jmuben/Leaf rust/2 (822).jpg,8,ferrugem,128,128,581a972b251dd8c45f5b372ab02351951a1295fc1c7a13189b06b36109aae090,9fe759a4e48c776dcf362292d4a6941a399986ba32c69c9798c9ce6333192719,jmuben-625,treino_auxiliar,1,
jmuben,jmuben,1251,data/raw/jmuben/Leaf rust/2 (823).jpg,8,ferrugem,128,128,cbfede47151e6c6426d4cb31696d0e42677690247449d8aca85e87a464b1b354,a966e10f96dd12b9b531bf22030667de065d21ed07298da24f1ac1557af5f325,jmuben-626,treino_auxiliar,0,grupo_ja_representado
jmuben,jmuben,1252,data/raw/jmuben/Leaf rust/2 (824).jpg,8,ferrugem,128,128,dc43f0541408d8bcb8fa2ada1daea89604f41b12aeb12545272fdae89ebdb3ff,a9231edd92dcec22b539d4d461ab993194641243df8307a47956478b1aa56bff,jmuben-627,treino_auxiliar,0,acima_do_limite_da_classe
jmuben,jmuben,1253,data/raw/jmuben/Leaf rust/2 (825).jpg,8,ferrugem,128,128,607c069d58bd0f25f452f04735ad02e3abf1cad7374aa90f4ce4d258b350d929,ac915d5e934aea21b595954ee22be0a58cdcfc133123fc4c87d49c3bfd29862c,jmuben-628,treino_auxiliar,0,acima_do_limite_da_classe
jmuben,jmuben,1254,data/raw/jmuben/Leaf rust/2 (826).jpg,8,ferrugem,128,128,f52369df50590b9e92120b5a5462df1a22d0a2950cb5c7264a70fad3049e97ea,ac941747d223f794174a6a210fd4476b63e0efce3033fd2c865cd43bc0ecc9f0,jmuben-629,treino_auxiliar,0,grupo_ja_representado
jmuben,jmuben,1255,data/raw/jmuben/Leaf rust/2 (827).jpg,8,ferrugem,128,128,d55b3e72db7fc9669546cbee7e1325d4501d25933c8141981fce5f7834a0d5cb,a9a35d51965ccaeaed239555e6cae3ab9c91f8b4234ed80b8f851064f94a84db,jmuben-628,treino_auxiliar,0,acima_do_limite_da_classe
jmuben,jmuben,1256,data/raw/jmuben/Leaf rust/2 (828).jpg,8,ferrugem,128,128,da17f5e45f63753c5d893d483fe5846016d9b1ee105feb6472581c70fdd38b82,9ff748b6cc8626ecdd246733194b66d2cc33326bcd8c673833266513318ccce3,jmuben-631,treino_auxiliar,0,acima_do_limite_da_classe
jmuben,jmuben,1257,data/raw/jmuben/Leaf rust/2 (829).jpg,8,ferrugem,128,128,f9b68f98c8345ef7c971d3d2590d0c74ec7e5d5235787956c93650e288dfc6e1,8f734893dcc3a24c58b667b359a9256ae353c6333a65ccd3e70ccc226739318e,jmuben-632,treino_auxiliar,0,grupo_ja_representado
jmuben,jmuben,1258,data/raw/jmuben/Leaf rust/2 (830).jpg,8,ferrugem,128,128,4dc6a3d05f60d0b0541a864a4a8cc77f8ab7524a2bff04ef9657e454ae61acc6,85534727f317196e52662af31f91d1a30be9661df270388731739e18c3c37993,jmuben-633,treino_auxiliar,0,acima_do_limite_da_classe
jmuben,jmuben,1259,data/raw/jmuben/Leaf rust/2 (831).jpg,8,ferrugem,128,128,6d33709d07ff302d3a94635ad6aa85ef9620216a6fd07e569a330280ff4c82be,9ee4a612a49389b40ad6cd69909b6db5331b73123244b6ffc7639c3333326667,jmuben-634,treino_auxiliar,0,grupo_ja_representado
jmuben,jmuben,1260,data/raw/jmuben/Leaf rust/2 (832).jpg,8,ferrugem,128,128,1cb2a7f844571932bc7e1decd5818f2b379b51c32511129729e6d8734ac71990,85464e4cd33251995286b8b79d3bc31b1cb1d571398f0d1ac7e3cb99718e38f1,jmuben-636,treino_auxiliar,1,
jmuben,jmuben,1261,data/raw/jmuben/Leaf rust/2 (833).jpg,8,ferrugem,128,128,9a6ca2f1049a3df776f8f45a797eb7f48071939154a6879dadf7011300079155,a3487006b4a6cd91e85cbfaec19fe755916e029b17b5d17d8d1b0399c8750fc8,jmuben-637,treino_auxiliar,1,
jmuben,jmuben,1262,data/raw/jmuben/Leaf rust/2 (834).jpg,8,ferrugem,128,128,e26c5befb1bedb8dedad7268c66386ee5cbe6593ec2690172fd5f5c8761d23e0,9ecd59a9a5b776de0ae432b6909a12423232cccd731dc967666665393336d998,jmuben-638,treino_auxiliar,1,
jmuben,jmuben,1263,data/raw/jmuben/Leaf rust/2 (835).jpg,8,ferrugem,128,128,1278260cf9968f388d7c5aea88517b6a78ae5291d52ca6863231ac63607a8d3a,9fcd5bc9cdf36452c84d2fa531bc8da133349f3284cc369999ac92a6cc986666,jmuben-639,treino_auxiliar,1,
jmuben,jmuben,1264,data/raw/jmuben/Leaf rust/2 (836).jpg,8,ferrugem,128,128,5c419af1a1f50c93dbae0aff74188921f38c664d8f5b0d0c53ae6689976ac901,a8b15d50965eeaa3e5b59518c66ae1ad9191fc90336e9849cdd59472f820e6ed,jmuben-628,treino_auxiliar,0,acima_do_limite_da_classe
jmuben,jmuben,1265,data/raw/jmuben/Leaf rust/2 (837).jpg,8,ferrugem,128,128,a434d3b1641bc428c53fcd487da1c3f8bfb1c310a59b112a07695a293b9014e6,9ecd5bed8db96453d84b6e643bb44cadd9cc7311c9316666339824249332cdcc,jmuben-641,treino_auxiliar,0,grupo_ja_representado
jmuben,jmuben,1266,data/raw/jmuben/Leaf rust/2 (838).jpg,8,ferrugem,128,128,660a900e043a5aeed353b82c5e1dda5ea1db93c60fae531efb98d7f011b37a34,9fe65baecdbc2689d96d6f643b566695c4e670425998cd2332586d4c33329909,jmuben-642,treino_auxiliar,0,acima_do_limite_da_classe
jmuben,jmuben,1267,data/raw/jmuben/Leaf rust/2 (839).jpg,8,ferrugem,128,128,dae8764d67321e2444cf07cdc0bff5d3c775a4a92bfaa6e82d2b249e0ad92c44,9eed5beccdb9664bd84d6f643b96c4b599e433138930266633982ca69113cccc,jmuben-641,treino_auxiliar,1,
jmuben,jmuben,1268,data/raw/jmuben/Leaf rust/2 (840).jpg,8,ferrugem,128,128,4a2e482e897c5c77b8263a0f8ecc793fe9ff346999bd3c441d4799f02b0c42dd,acd44dfe932bea35e5d495cac32b6230e0c48ecf30b13835cd5687789c39b6a4,jmuben-644,treino_auxiliar,0,acima_do_limite_da_classe
jmuben,jmuben,1269,data/raw/jmuben/Leaf rust/2 (841).jpg,8,ferrugem,128,128,56eafd4b83f63ea70f02ec4ced77fbded1ff0e5555bea84c78ebe84e41235525,830403649f61c9c9e8c2a1512cd12cdbfd8754ceccc39d937b0f860ddd9b17eb,jmuben-645,treino_auxiliar,0,acima_do_limite_da_classe
jmuben,jmuben,1270,data/raw/jmuben/Leaf rust/2 (842).jpg,8,ferrugem,128,128,7f5e3d9cf5f15c74346c13cbbd23b054bc39af56bb8b3acd5b54b47d660ab721,800b2bfe1cbbb01d337d33fa37c6e70d270f265e2ef02ec11fc01ac713c44ec1,jmuben-647,treino_auxiliar,0,acima_do_limite_da_classe
jmuben,jmuben,1271,data/raw/jmuben/Leaf rust/2 (843).jpg,8,ferrugem,128,128,ad2191ed2c14202c781834cc22bb91961c35b60bbe53eba92b35c3a423a8c7eb,80170fda1c2a746c6bf8352b8957b2a44d68d2b72dabb2502da592a363a5dadf,jmuben-648,treino_auxiliar,0,acima_do_limite_da_classe
jmuben,jmuben,1272,data/raw/jmuben/Leaf rust/2 (844).jpg,8,ferrugem,128,128,9c134a44d529662320c8999b6db046c10ff126892a94ed663e79361c42bc0fe9,800563a80ffd91e63d089c1bca361e151c3f98781dc2af239ed39e2f3b0f1c7d,jmuben-649,treino_auxiliar,0,acima_do_limite_da_classe
jmuben,jmuben,1273,data/raw/jmuben/Leaf rust/2 (845).jpg,8,ferrugem,128,128,5e34dcc61e4de5fcca9aebd629d1d7e9b29ffd347a9506a7839e185cf19052fc,84021d774fec7c0951f7fa1b3ce91e94f320783fa7113cf71c02c2f83d03e383,jmuben-650,treino_auxiliar,0,acima_do_limite_da_classe
jmuben,jmuben,1274,data/raw/jmuben/Leaf rust/2 (846).jpg,8,ferrugem,128,128,37d85105282ad59c46e2cfb9a4d017e5dbad1c2d290b8bb0e42a3385b3e1a256,801f628a4fc993e465863c0bea5f8e371e1d8e3f58781ddc653ec7d0cea0e306,jmuben-651,treino_auxiliar,1,
jmuben,jmuben,1275,data/raw/jmuben/Leaf rust/2 (847).jpg,8,ferrugem,128,128,7848b651c5451ad711f0d642d1dc5462908e40fa308f09dd05d4990dbf46a7a7,8080368466f5e80b98089e85714540f40af78fd7b5127c3b7d3b60ffd0cde7dd,jmuben-652,treino_auxiliar,0,grupo_ja_representado
jmuben,jmuben,1276,data/raw/jmuben/Leaf rust/2 (848).jpg,8,ferrugem,128,128,a61abec7cd8a7deaf102d128d83e1dc23b1cff9b2c9cfbf95664fefc1b875bf7,807f1d444f83601f43e4f8763dca1435f1e3787a2e2739e8869773f0331ec2e4,jmuben-653,treino_auxiliar,0,acima_do_limite_da_classe
jmuben,jmuben,1277,data/raw/jmuben/Leaf rust/2 (849).jpg,8,ferrugem,128,128,dc0d9b73f9c58d6cac20fd595ad5371b0ebd58e4cf08619394aba66d37ca55ff,818236c07ef5e86f98089ea4b74140524af78fd5ad41bc3b782b64bbdac5e65c,jmuben-652,treino_auxiliar,0,grupo_ja_representado
jmuben,jmuben,1278,data/raw/jmuben/Leaf rust/2 (850).jpg,8,ferrugem,128,128,5a6405e05e669e601138116fe7d612a0eb5f1f992f046a807de731dcd92d6a4d,802c343e7c0bc08bb2c6984a809f43ae5f8f9a2faa7ee9fc715579fd129286b2,jmuben-655,treino_auxiliar,0,grupo_ja_representado
jmuben,jmuben,1279,data/raw/jmuben/Leaf rust/2 (851).jpg,8,ferrugem,128,128,93c36479accfd9018dddda6f49dedaaa702788f30c9d3618778ce57e3ba99e57,8016c97f7ee0171f987163dfe044bc2a0be070efac578394792a9f40d2dd59aa,jmuben-656,treino_auxiliar,1,
jmuben,jmuben,1280,data/raw/jmuben/Leaf rust/2 (852).jpg,8,ferrugem,128,128,95e08eaf1b7d5d79d0fa5173331cf7a4ac91aeb62fdcd3af6b8f6f08a9305bed,93837c2d6668941f582dcefa9bb5ab90ff977e70df80f8c39b80a4090a07193c,jmuben-658,treino_auxiliar,1,
jmuben,jmuben,1281,data/raw/jmuben/Leaf rust/2 (853).jpg,8,ferrugem,128,128,56419670b391d307b3d6dff91fac5de253b57ca180d5035467a3079a01feb4b8,80eb343fd81f839fb2dc88fa4fb87f1db875a9e0638046120c308cb7acfd3a51,jmuben-659,treino_auxiliar,0,acima_do_limite_da_classe
jmuben,jmuben,1282,data/raw/jmuben/Leaf rust/2 (854).jpg,8,ferrugem,128,128,5e218cd8e5bc8b71592aaacc71e511baa75a198b20e0e8602c65a97f23794142,9f837629c6a698adcb80bb05ec5602e6c39f28768f71ffd3fb01ac02a03cc4c7,jmuben-660,treino_auxiliar,0,grupo_ja_representado
jmuben,jmuben,1283,data/raw/jmuben/Leaf rust/2 (855).jpg,8,ferrugem,128,128,cbd7e683f04e82a7f6477324a9e17feeb25005dc740618313d3309b05455abdf,97837429669a98afcb90bba1fa1c546252e0c18f287e0e2c00f7dbdb4fcb3b38,jmuben-661,treino_auxiliar,0,acima_do_limite_da_classe
jmuben,jmuben,1284,data/raw/jmuben/Leaf rust/2 (856).jpg,8,ferrugem,128,128,dbf40324166ec9994da36b0749d616164b2bba273ab9adc67a4a601f1e87d874,933373bbd70912ae9443a9715b8ae5763a48e8a366629e920dacbc46b4b7e551,jmuben-662,treino_auxiliar,0,acima_do_limite_da_classe
jmuben,jmuben,1285,data/raw/jmuben/Leaf rust/2 (857).jpg,8,ferrugem,128,128,32f2cfb3016bdc6270a75e754930b890da8e676e3441c612e64c84867842fa8c,9ffd3a609695c41b4f89b0a9d92864f54746b5bd241167e2a94e3c5c6a3ad1c3,jmuben-663,treino_auxiliar,0,acima_do_limite_da_classe
jmuben,jmuben,1286,data/raw/jmuben/Leaf rust/2 (858).jpg,8,ferrugem,128,128,1b18f634dee1010fb34bb945c76896e5243ba131d4c747b592853d9884fb5adb,93b41b33b2d557cd06a69caf4c94633c94e7364ee13aa5723ba270ecca392b41,jmuben-664,treino_auxiliar,0,acima_do_limite_da_classe
jmuben,jmuben,1287,data/raw/jmuben/Leaf rust/2 (859).jpg,8,ferrugem,128,128,8bea6f9e05a6f86986bfa1e2f44b00ee129569a65f35866d24ddb833388fa2c6,a5b61a2cc7c1c49a8a32fbafc3209e96a342d79ba2df3dd1a336314cb05d44d3,jmuben-665,treino_auxiliar,0,acima_do_limite_da_classe
jmuben,jmuben,1288,data/raw/jmuben/Leaf rust/2 (860).jpg,8,ferrugem,128,128,55d4c26baa8a34e8ab2cd26b0738f2ed52b6b3140d4038c23ff6ffedde5aaa87,91df19999a6af344406ab2379ca16a45619ddd551dc27ac6d45cd75825e17473,jmuben-666,treino_auxiliar,0,grupo_ja_representado
jmuben,jmuben,1289,data/raw/jmuben/Leaf rust/2 (861).jpg,8,ferrugem,128,128,1c0864989258bb54d5461f3acb5611721b30cdb7f3053be59b3ecca8ee058e0e,966d5c7fe02c3c1f72028d5775827acb2bc0edd9c52ce2aea15c653c833cb2a4,jmuben-667,treino_auxiliar,0,acima_do_limite_da_classe
jmuben,jmuben,1290,data/raw/jmuben/Leaf rust/2 (862).jpg,8,ferrugem,128,128,2d474ed52bba4c604dce3333ad08fd40d32bc531686c6431e94c0d93f564e954,93971b99925451c522b79ca54ed6711ed4d036c2f00eb53a2babf0afce1d2b68,jmuben-664,treino_auxiliar,0,acima_do_limite_da_classe
jmuben,jmuben,1291,data/raw/jmuben/Leaf rust/2 (863).jpg,8,ferrugem,128,128,9ffda6281c07c762f230e812fb7a3753fc5b5d79823bc88fe5038ddb1712bcd8,8076627c29fdbabbfb3374d07669f907fc4c19265ed5fb6028a34f006b80c145,jmuben-670,treino_auxiliar,0,grupo_ja_representado
jmuben,jmuben,1292,data/raw/jmuben/Leaf rust/2 (864).jpg,8,ferrugem,128,128,df8416287e183b3e6c7906c944c74807055efa0676be1cd0f84b1481a92ffc9d,933b739d5446ae14688fee2716a835bab5e0f8a9e33b518ed2707174e187e403,jmuben-671,treino_auxiliar,0,acima_do_limite_da_classe
jmuben,jmuben,1293,data/raw/jmuben/Leaf rust/2 (865).jpg,8,ferrugem,128,128,10d61952861dc0872a524b42a8f3b4ba71803bd01e73eaf3e80fdf79dcc74f53,80fc6ae97bb8f6b672247d83f04af93f78d81f2cde83ab440c465603c38a8578,jmuben-672,treino_auxiliar,0,acima_do_limite_da_classe
jmuben,jmuben,1294,data/raw/jmuben/Leaf rust/2 (866).jpg,8,ferrugem,128,128,834d55182a89b4991f929f2aa64a97a6ecf970f5b131a03d82ba0ec60cb9359f,877b3aff1fceb404476c45c3b6ccb1183d356565cbc4889d3e19629890d3906f,jmuben-673,treino_auxiliar,1,
jmuben,jmuben,1295,data/raw/jmuben/Leaf rust/2 (867).jpg,8,ferrugem,128,128,bc36f182f00dc1c021239f9a82ce39a9f88cc9d03ea09faa91a109417bc937c0,88e86ee97b20f6f472257d93f05af93f70d911687c83e3491c4e5e07d603845a,jmuben-672,treino_auxiliar,0,acima_do_limite_da_classe
jmuben,jmuben,1296,data/raw/jmuben/Leaf rust/2 (868).jpg,8,ferrugem,128,128,81d58be6d06cf786048ddb5e7d577f9a4ce08363dc6e5498c7be55fbcb0360cf,8f7f32fe1fdea00156684547d688b1113d206567d7cd898c1c1966b1f39392de,jmuben-673,treino_auxiliar,0,grupo_ja_representado
jmuben,jmuben,1297,data/raw/jmuben/Leaf rust/2 (869).jpg,8,ferrugem,128,128,578db8525c8d835acab9313a53d10e224f9ca5ce5f2680b496349d603dd66a6d,807664746bdc89fff33b1bb046f8f321ec91f84829a65e49f1d490cf24173992,jmuben-676,treino_auxiliar,1,
jmuben,jmuben,1298,data/raw/jmuben/Leaf rust/2 (870).jpg,8,ferrugem,128,128,3e69df6a15a8c6bed6a1bdefe33ff5fb02e7347bbdac82de8ac6fbcfe8c643b0,92f9645f4e21f1b0ea1e1cd623cd166fa225dc32fa157af32e83bc088d31ca69,jmuben-677,treino_auxiliar,0,acima_do_limite_da_classe
jmuben,jmuben,1299,data/raw/jmuben/Leaf rust/2 (871).jpg,8,ferrugem,128,128,5d0c9ee9e6ac8751b1d7e4e7d9bc161ddd3abda1b514f260fc6dfa5bd1f1c793,970463803c609e62a9e654207311bcdff733be90577c5bb1be6c879e23c64d52,jmuben-678,treino_auxiliar,0,acima_do_limite_da_classe
jmuben,jmuben,1300,data/raw/jmuben/Leaf rust/2 (872).jpg,8,ferrugem,128,128,557dafbad7b2adf267919e92a18e14660de0b391ca4d7c0e9dbcfd5c29ca3f54,9052403e7226ec1f9b1d264f3deaaba780b7c3f64d42787b1e0b9479dc686e50,jmuben-680,treino_auxiliar,0,grupo_ja_representado
jmuben,jmuben,1301,data/raw/jmuben/Leaf rust/2 (873).jpg,8,ferrugem,128,128,01f6ccb1bcbd8fe12c02b620cbf5ef3586f3d609bcf303685646286cbaa9c918,8076627c2bfdbebbfb3a34d07649f903fc48192e5e91f354aca20e007fa0c24d,jmuben-670,treino_auxiliar,1,
jmuben,jmuben,1302,data/raw/jmuben/Leaf rust/2 (874).jpg,8,ferrugem,128,128,de7191145b30007e4544d04414818f42d51a53adde213e03b75d25db3bf049b7,919971cc5546a657688feb17aa0716bbb4ee9ce4a638a18f80e2167859bec665,jmuben-682,treino_auxiliar,0,acima_do_limite_da_classe
jmuben,jmuben,1303,data/raw/jmuben/Leaf rust/2 (875).jpg,8,ferrugem,128,128,ee40aaa06d134e73210913e75a15e78803cc295c42b7ea97113510f40ded22e8,966d4c31e02c3e3d7602ae279d1253d33a807afa0d517de3dac3bae26851e95a,jmuben-683,treino_auxiliar,1,
jmuben,jmuben,1304,data/raw/jmuben/Leaf rust/2 (876).jpg,8,ferrugem,128,128,215a1f6cc052b05c3d782025998e468967d496431b710f889217223a94d2c17d,98550dc69b6b507223188e97477871c1d55f127a5e63d78b20adfeb8cae03237,jmuben-684,treino_auxiliar,1,
jmuben,jmuben,1305,data/raw/jmuben/Leaf rust/2 (877).jpg,8,ferrugem,128,128,d03932f8be95edbec8387a1da23a07a98ef7809edd3e2d62469b02054e4eccbb,93134c826313b5823bf2ab9085a9dee80aad3b5c396717a922cb8bd91b5c3f2f,jmuben-685,treino_auxiliar,0,acima_do_limite_da_classe
jmuben,jmuben,1306,data/raw/jmuben/Leaf rust/2 (878).jpg,8,ferrugem,128,128,826264ed26cf08d22e95cb823a4fea7b9e801f85986383d81e5810cab6fb028c,8076532cf087c9f127cb6de2c305ccd57ec17c0ba3a1c7b779164a1e9c2afc48,jmuben-686,treino_auxiliar,1,
jmuben,jmuben,1307,data/raw/jmuben/Leaf rust/2 (879).jpg,8,ferrugem,128,128,b175aac6314d137f39e443fe6dfafad564b862cd72b8f1388edbb57996554a79,92264d1ee222ad173f82eb178d02d58b178a3ab32b5d3f2e0796db9232b37e50,jmuben-687,treino_auxiliar,0,grupo_ja_representado
jmuben,jmuben,1308,data/raw/jmuben/Leaf rust/2 (880).jpg,8,ferrugem,128,128,fef16e5aee4922b8eec867a6e502b4ca385cb76cdba569e1d9cd0718486624f1,8076532cdccd0fd93dc0f83cd6147dd0b12897b4785438589fe8ffe023b59b24,jmuben-688,treino_auxiliar,1,
jmuben,jmuben,1309,data/raw/jmuben/Leaf rust/2 (881).jpg,8,ferrugem,128,128,1db86a721d6fc05d427add130ce48dc253553f7058a776ac2c8063edf4f351de,96495b7dc04c2a3d740e6e2e8c05f516160772a00a973d405fbfb7a436e7ee93,jmuben-689,treino_auxiliar,0,acima_do_limite_da_classe
jmuben,jmuben,1310,data/raw/jmuben/Leaf rust/2 (882).jpg,8,ferrugem,128,128,5f6b0ee63ce7be899f311eae70874bf5b42e4fb38ee974392f868a287145c014,9d560c6399a9522babdece48753dd468d3053a1dd7f5a0c53816cbfe25323c82,jmuben-691,treino_auxiliar,0,grupo_ja_representado
jmuben,jmuben,1311,data/raw/jmuben/Leaf rust/2 (883).jpg,8,ferrugem,128,128,14c1c33ada195963ed8692cdd240b09ff748a46fc67c2ff2b73b26e237959614,93334d87e233ad071ee2eb90a593d490d5aadeb838557d6d34866fe390911ad1,jmuben-692,treino_auxiliar,0,grupo_ja_representado
jmuben,jmuben,1312,data/raw/jmuben/Leaf rust/2 (884).jpg,8,ferrugem,128,128,a75895e5ec80c68737b0453ee2835b60fea96e1f2adc006821ef7c27e617d04b,80dc527ff9888b822f9fe90f803afc87781be168872d602d2a3d99c7f4526fb0,jmuben-693,treino_auxiliar,1,
jmuben,jmuben,1313,data/raw/jmuben/Leaf rust/2 (885).jpg,8,ferrugem,128,128,e62646dde06a40f83c2c619b0de0d7704b77167f58f3cd8032bb10a0a18bb355,8c015997de70896e207cecbdc3d0d65a7feea884c1d17dd26bc38e99d7256440,jmuben-694,treino_auxiliar,0,acima_do_limite_da_classe
jmuben,jmuben,1314,data/raw/jmuben/Leaf rust/2 (886).jpg,8,ferrugem,128,128,867a9194d5e4e1f9de48b71150a54124d0eb998d2344c0f49acfd6d00f2b41fe,9c570c7399a8782baad6cb50610dd47cd3083a19d7f9b2a53a85caef313d36a8,jmuben-691,treino_auxiliar,0,grupo_ja_representado
jmuben,jmuben,1315,data/raw/jmuben/Leaf rust/2 (887).jpg,8,ferrugem,128,128,c160f1a1ed27b53146dab5e9fe6674706d998d466baf882ab12bc157886679b5,9d560cf399a15ca969af8ad28b0228ffecfac5c6281a5f7ac1e824015cc5ce6f,jmuben-696,treino_auxiliar,1,
jmuben,jmuben,1316,data/raw/jmuben/Leaf rust/2 (888).jpg,8,ferrugem,128,128,53b96a370365e726fe5166838ce675962837a20a63db115aa80e7ca1f3cff2d5,93581a68b5676727647cb9c73d8e623cc8680fc9719a9c396f3064e39d0f5728,jmuben-697,treino_auxiliar,0,grupo_ja_representado
jmuben,jmuben,1317,data/raw/jmuben/Leaf rust/2 (889).jpg,8,ferrugem,128,128,7f92595c4132bec34b8495530b59d8819d2cb7a8cdd35c7147bbce2532fdce97,93491e60b5b7679484dc99874c30c2739d837516c8770fc623ce9d792db1e4e3,jmuben-698,treino_auxiliar,0,acima_do_limite_da_classe
jmuben,jmuben,1318,data/raw/jmuben/Leaf rust/2 (890).jpg,8,ferrugem,128,128,4dc915f60a97cf59cfff9f3e4e55843210e063d54640b726c6f64ffb57842174,b24c08dbf319c266ac22ccdbcb48e945d8969b12be71bc469d98bf113303f37a,jmuben-699,treino_auxiliar,0,acima_do_limite_da_classe
jmuben,jmuben,1319,data/raw/jmuben/Leaf rust/2 (891).jpg,8,ferrugem,128,128,ec5f617832c7f732c99260e72a60b76960080285c8abb365ec6925f352f6faba,ada51357e4ccc5845c97fb509ccd4d29c925f2e48c98e49147e3cb07da5d52c9,jmuben-700,treino_auxiliar,0,acima_do_limite_da_classe
jmuben,jmuben,1320,data/raw/jmuben/Leaf rust/2 (892).jpg,8,ferrugem,128,128,45aa2dbc859896595740b905e12c8c6894c5dfbfda09eae98e503c8d7ccbf564,ad2916fce598cc3ddba6d3529defc3ecc214349091e2634dbbc1b1936596a520,jmuben-702,treino_auxiliar,1,
jmuben,jmuben,1321,data/raw/jmuben/Leaf rust/2 (893).jpg,8,ferrugem,128,128,0a69bfd876baae72387a963f9f0337c666e9fb626c5d18532a7d8621b767b57d,aa5234f9cb24cc72d82bd2c49b54dfc0c65ba5339d6443493e9293c673bc2f34,jmuben-703,treino_auxiliar,0,grupo_ja_representado
jmuben,jmuben,1322,data/raw/jmuben/Leaf rust/2 (894).jpg,8,ferrugem,128,128,013582b6181759542aa0594d048913b12f5cd8deef70bd3d8d2347dedbc7070c,a94a17fdcdb0cc2ed3a5d2569ddbd6c8809135b583667299b3c6e1a6ad15c061,jmuben-704,treino_auxiliar,0,acima_do_limite_da_classe
jmuben,jmuben,1323,data/raw/jmuben/Leaf rust/2 (895).jpg,8,ferrugem,128,128,bd8348b28c5809e76284ebc919cadaf2d87824562bbbb84d498367a0b0499423,a5a41307e4cdc6854ed2f95bcd69cca5cb35c34696cbc4994703cb26ca3ffa40,jmuben-700,treino_auxiliar,0,acima_do_limite_da_classe
jmuben,jmuben,1324,data/raw/jmuben/Leaf rust/2 (896).jpg,8,ferrugem,128,128,230262b506eec705cee1c480885b371f9ca9a2cfec56c5bffb0702d5ac4725c5,ad29163ee5d8c41d5ca4f2929d424cabcb6fc20c9e94cdb246268f6c9a78dac7,jmuben-706,treino_auxiliar,0,acima_do_limite_da_classe
jmuben,jmuben,1325,data/raw/jmuben/Leaf rust/2 (897).jpg,8,ferrugem,128,128,77a23e35ec0339b2c2d146d8ace7bc670fc9e2135f1f75c1884692444e21f654,a94b16fde591cc385d2df2b09a464dfaca6ac209bc95cd36452cce5d9260d28f,jmuben-706,treino_auxiliar,0,acima_do_limite_da_classe
jmuben,jmuben,1326,data/raw/jmuben/Leaf rust/2 (898).jpg,8,ferrugem,128,128,783a5f11cebd1a8d4bd490defefcfe28cae4de4701aa87af56900290261a2e43,b6c919bef710c27d4b64bda2c493aa19cccbe89d533ec262736e408ec9e8c9a2,jmuben-708,treino_auxiliar,0,grupo_ja_representado
jmuben,jmuben,1327,data/raw/jmuben/Leaf rust/2 (899).jpg,8,ferrugem,128,128,fef88bf7af10fac1e96141bd30dc7a91f6948d44d025598f282803b9e02fcc9d,95e758fedf5fcea919103604e4d2cb6b41b02fb1a8d0da4074a9646d886ddbb4,jmuben-709,treino_auxiliar,0,acima_do_limite_da_classe
jmuben,jmuben,1328,data/raw/jmuben/Leaf rust/2 (900).jpg,8,ferrugem,128,128,5301e90678e7d84cce674f78c143debd2ce73540c371346ef92cef3c8b4e66f9,87583a4795eaf7164528a671bbde3d9e2734e0e488cb2e8c639af5d899332483,jmuben-710,treino_auxiliar,0,acima_do_limite_da_classe
jmuben,jmuben,1329,data/raw/jmuben/Leaf rust/2 (901).jpg,8,ferrugem,128,128,21ba514bcabb4c3a962cee9c3ae38f5c5e9fa4b948bc4ce34181aee9b9a0774f,83cd5e341db32dca4a49f26945a741df3782e970459c398d3c2ca6b3b14fa1e3,jmuben-711,treino_auxiliar,0,acima_do_limite_da_classe
jmuben,jmuben,1330,data/raw/jmuben/Leaf rust/2 (902).jpg,8,ferrugem,128,128,39d25f2408263a3bed6bd66915d00428a72e46e4e7b76ab10866b0fd62cd1397,9e1c5be7b1e72fec5aef33bc65a4281c038aa15e5b584bef4e2bf24216310243,jmuben-713,treino_auxiliar,1,
jmuben,jmuben,1331,data/raw/jmuben/Leaf rust/2 (903).jpg,8,ferrugem,128,128,0610d2d545f29ae177b8b78932712099c39d89d327bc9acb1d3bdd1c5f24e9b9,928a21db338ddc30e51b6ec2957aa4bd50e7be405e3889cf4a9ef5445eb70319,jmuben-714,treino_auxiliar,0,acima_do_limite_da_classe
jmuben,jmuben,1332,data/raw/jmuben/Leaf rust/2 (904).jpg,8,ferrugem,128,128,5c649a04fa16f019e677ef7c2bec62f1898fc708ac74d3726fd9d089a2559bb3,95aa309f9d301af5e39550aa67eb0ef742d71f04fe1060d748b6c3c02796cd1e,jmuben-715,treino_auxiliar,0,grupo_ja_representado
jmuben,jmuben,1333,data/raw/jmuben/Leaf rust/2 (905).jpg,8,ferrugem,128,128,14f8976e4e3b8f34fa6f65b2446eeb986fbc17e77f918e931f7f86204746b252,8dcc389979d86d2c9e0ae8e6acccf48ed3a84f15c9735ce3e0c6a5e4d6189835,jmuben-716,treino_auxiliar,0,acima_do_limite_da_classe
jmuben,jmuben,1334,data/raw/jmuben/Leaf rust/2 (906).jpg,8,ferrugem,128,128,4f7869b5914871451e8618804e533e75ab31b2d1592a430a257f641e11ba73bb,821d6faa7813ba75b7e0e0401fc187063e5c6c212c53f807b85ff8bee45fc48e,jmuben-717,treino_auxiliar,0,grupo_ja_representado
jmuben,jmuben,1335,data/raw/jmuben/Leaf rust/2 (907).jpg,8,ferrugem,128,128,af23e6262bb36507167f58bea57c14e06e97fdb66f31b7ec04b003823bc04990,8cf73bc479baa5556d2485e3fb48d9340b07de707b24922e7348f6086e9838c7,jmuben-718,treino_auxiliar,0,acima_do_limite_da_classe
jmuben,jmuben,1336,data/raw/jmuben/Leaf rust/2 (908).jpg,8,ferrugem,128,128,bb5c5eae9ea7b416f030561c588a1717487765c236bc0d590431399f883988ed,9fb7423f80bfbd40508069bfdb609623e7777b69404b126e2bd069f4934a149b,jmuben-719,treino_auxiliar,0,acima_do_limite_da_classe
jmuben,jmuben,1337,data/raw/jmuben/Leaf rust/2 (909).jpg,8,ferrugem,128,128,3b65d2248819ab7c34ebee18140c844d77086da95de273e54a48d0044a109e86,96f252fea6299529a6ad1c5a394be548cc36c2d69872d4f346b4587419d3762b,jmuben-720,treino_auxiliar,0,acima_do_limite_da_classe
jmuben,jmuben,1338,data/raw/jmuben/Leaf rust/2 (910).jpg,8,ferrugem,128,128,87fe99c961551424eafa8ad89c551a4f81c39d660f8591afcb9a69d1d9373760,924b76d2ca63d901c041639bc53659f603330effc5bb9e326f582e49a09bcc79,jmuben-721,treino_auxiliar,0,acima_do_limite_da_classe
jmuben,jmuben,1339,data/raw/jmuben/Leaf rust/2 (911).jpg,8,ferrugem,128,128,5ae7c393dca735a0fd445611c7c3ce901fa9f869ef440ee696654e478b2ab0e1,a55d6255ca6cf304c647874bcfd0ce1887c18ecfbc10d83ecc6c9c99d4fac9e0,jmuben-722,treino_auxiliar,0,grupo_ja_representado
jmuben,jmuben,1340,data/raw/jmuben/Leaf rust/2 (912).jpg,8,ferrugem,128,128,70b2b19acd410ccf6c97659804a004d0a829cb2bdbff2ed91dafeb96cd599937,a55562afc2e9f200c65f87ddcf81da718e8b9c9e1c10d074cc599cbfdde0c141,jmuben-722,treino_auxiliar,0,grupo_ja_representado
jmuben,jmuben,1341,data/raw/jmuben/Leaf rust/2 (913).jpg,8,ferrugem,128,128,bd41303ebada1403776b183089d4c3dd972fd88a103d7fe50f622898925b612d,83d03c8f6d07c9f71a2dfa1f84bc2784d92f0f6cec59c34a13f7a440506f25b8,jmuben-727,treino_auxiliar,0,acima_do_limite_da_classe
jmuben,jmuben,1342,data/raw/jmuben/Leaf rust/2 (914).jpg,8,ferrugem,128,128,789ffdf37abcb714a9ad53a9b7830011c81a768a03ddd77ad4c48fa8e9f24b42,9ffa3beeda8ede8a718281120803c4af15bec977877f087563db81f062f081d4,jmuben-728,treino_auxiliar,0,acima_do_limite_da_classe
jmuben,jmuben,1343,data/raw/jmuben/Leaf rust/2 (915).jpg,8,ferrugem,128,128,6c6e2f1ef51077603d09c935e43ed8ed6c2c81ddf3269946477154064276a1ec,8fff7af7cac11c846100831e723f913f633ef6f67ce4c6802611e4a1641cf079,jmuben-729,treino_auxiliar,0,acima_do_limite_da_classe
jmuben,jmuben,1344,data/raw/jmuben/Leaf rust/2 (916).jpg,8,ferrugem,128,128,6c73df3a8bd6e48c5436039b7b63b03c1ba012bcf1eabc0675fb32af08d44da2,817c37a4e580c9873bf4d60d34bee990472da64cd83926dafe0509dbdfd98a50,jmuben-730,treino_auxiliar,0,acima_do_limite_da_classe
jmuben,jmuben,1345,data/raw/jmuben/Leaf rust/2 (917).jpg,8,ferrugem,128,128,dc3ecbe6e7bfbed38885739373099674caf0f4ef39df54f330b70cb6f8de08c5,87823d5aed1e8f7a7e3bc0f6250bfa6e0c56e4a791c42da5f830bb20f8248cb4,jmuben-731,treino_auxiliar,0,acima_do_limite_da_classe
jmuben,jmuben,1346,data/raw/jmuben/Leaf rust/2 (918).jpg,8,ferrugem,128,128,32bc8c73d644c5168c93cb32953ebcb978cb0c66b9bd0585fc774e4ee011d2cf,94c41224f210e4262caed1bfbb56a67d70b8b19dcf73b1bbc1cfaf13c0b8e012,jmuben-732,treino_auxiliar,1,
jmuben,jmuben,1347,data/raw/jmuben/Leaf rust/2 (919).jpg,8,ferrugem,128,128,200f0a43bae5023f4792ea6bc47ec8c8d7e7199576b3f55fd6cc81d04cb96202,94cc2c47871734c603c3d907de2245dcbd20db11d2fdbc358f2fca03ded0a6bc,jmuben-733,treino_auxiliar,0,grupo_ja_representado
jmuben,jmuben,1348,data/raw/jmuben/Leaf rust/2 (920).jpg,8,ferrugem,128,128,d8eb43e7b5cc818270fa83bcf9c2261ba2ff0add748eb38b6dab4a17f8631545,82ed4144d4b006f6718bba698d29dd27669eb6aedc8d9ea7a8e6a173eb08681c,jmuben-734,treino_auxiliar,0,grupo_ja_representado
jmuben,jmuben,1349,data/raw/jmuben/Leaf rust/2 (921).jpg,8,ferrugem,128,128,cd1d29cd2f8f8175463264f3598e4bc40ded0f5624ed4a49e342c17e81ce0589,82344176d29e027b78cdab340cbcddb82687b307ddc71ed1ae729198edea6c82,jmuben-735,treino_auxiliar,0,acima_do_limite_da_classe
jmuben,jmuben,1350,data/raw/jmuben/Leaf rust/2 (922).jpg,8,ferrugem,128,128,4d01b86ebf48fc426242ec777d0a2ffd639f5bfa521d81aa45f3f6efc8a9979e,a3166032d293620978acaf369c86dfb822459f71def08e58b418a9afedf3b650,jmuben-737,treino_auxiliar,0,acima_do_limite_da_classe
jmuben,jmuben,1351,data/raw/jmuben/Leaf rust/2 (923).jpg,8,ferrugem,128,128,e6df23c811ffb613bd9974cf45c911d6d58986c0a33ff2176316dd4fc8a97cad,a2744130d4d687137043fbdd22639817ddba448c293ab12ef18f6ff77690961d,jmuben-738,treino_auxiliar,0,acima_do_limite_da_classe
jmuben,jmuben,1352,data/raw/jmuben/Leaf rust/2 (924).jpg,8,ferrugem,128,128,52a818df71af3b8a11c5d1b397f3083b64a2a1492dcbd843e5fa647cde3dd8ef,82f541e4d2b0067679c9b9210c24d9336e1e32dddd46dc9fad73c17b63196c16,jmuben-734,treino_auxiliar,0,grupo_ja_representado
jmuben,jmuben,1353,data/raw/jmuben/Leaf rust/2 (925).jpg,8,ferrugem,128,128,da543750ef3e6326a0d6190a96ac75b69f31a13f324200047625112fece82e4d,82e941e5d7b0067671dafb610469d921e64b2238fe4cd48daee695678b71ed84,jmuben-734,treino_auxiliar,0,grupo_ja_representado
jmuben,jmuben,1354,data/raw/jmuben/Leaf rust/2 (926).jpg,8,ferrugem,128,128,bea4f5bac2ff5688c25c00e4fd360145aaa13a1e90e78373dc0a2cdd4b3cf75b,86c84f8d50af9e8463c8f31bae6c9dcd996ee49aa6f1b151d039fdf0bc0c8142,jmuben-741,treino_auxiliar,1,
jmuben,jmuben,1355,data/raw/jmuben/Leaf rust/2 (927).jpg,8,ferrugem,128,128,aee728f13e9e3d1a51a6b153ff000404f9bddcf81b0f2c72399879777b9ad8ae,82e5be9ad4b0798970c904de246466cefd22d966b26c2b733e96411991fb741f,jmuben-742,treino_auxiliar,0,acima_do_limite_da_classe
jmuben,jmuben,1356,data/raw/jmuben/Leaf rust/2 (928).jpg,8,ferrugem,128,128,ac32b1bc9a64520963a49013b112fc855e355eeac873d50ec52b10d892e18b95,859a429ad5628de973a5f2ad0993934fda4c0764a2c7c27776335838b5e49ec5,jmuben-743,treino_auxiliar,0,acima_do_limite_da_classe
jmuben,jmuben,1357,data/raw/jmuben/Leaf rust/2 (929).jpg,8,ferrugem,128,128,22a394724833e248a7a68faca7aed20b601779f91ce82285e1d3dc7385299245,95df68d88e752597049c1356b06ccc217d999877dba3b5eb28698b78d21e8887,jmuben-744,treino_auxiliar,0,grupo_ja_representado
jmuben,jmuben,1358,data/raw/jmuben/Leaf rust/2 (930).jpg,8,ferrugem,128,128,e66781a960222bb6d5c8359ff78242a50b9ea94cf2826bb4bca044ab0503e1f0,95df6c998e64259c031cf244dc614f07f94c9aa377a80868cfd873962f85e778,jmuben-745,treino_auxiliar,0,grupo_ja_representado
jmuben,jmuben,1359,data/raw/jmuben/Leaf rust/2 (931).jpg,8,ferrugem,128,128,7ef53669d44d06adc4c2b3c3e3361daaeb544692cafa59237d4a55c4e0b78956,a268792f9da72a490b7d0779b1a385dc236208b2dc28f67a3f18efc4666636c6,jmuben-746,treino_auxiliar,0,grupo_ja_representado
jmuben,jmuben,1360,data/raw/jmuben/Leaf rust/2 (932).jpg,8,ferrugem,128,128,d7f762dccdbbbfa5f8a9eff8ab503e7d092f1a41f8e697e306f269e3ffffe07b,82cb45cbd52846f673d36242094ad97366d22678d5883c8cbde7bb5b4bc86d89,jmuben-734,treino_auxiliar,0,grupo_ja_representado
jmuben,jmuben,1361,data/raw/jmuben/Leaf rust/2 (933).jpg,8,ferrugem,128,128,141a1d9276aa667174eea436cddf042f695cd2ba2625b70fd86b228bdd9dd6f8,95df68918eec2596059f3254fc415f07f9599a4553a710698e69c35d1b86cfa1,jmuben-745,treino_auxiliar,1,
jmuben,jmuben,1362,data/raw/jmuben/Leaf rust/2 (934).jpg,8,ferrugem,128,128,a56ad1c3971669aac66236b20d07bd3169317caf5096a962bdb2c68f1812f9dc,95917cdf8e6e2d1b0dc961a3ba4792a9340aae4acac9fad610f1c43b34dc1f2c,jmuben-750,treino_auxiliar,0,acima_do_limite_da_classe
jmuben,jmuben,1363,data/raw/jmuben/Leaf rust/2 (935).jpg,8,ferrugem,128,128,fd40e4307ea68cc1c6c14a082b0efbe0df15474df8d921e02a8c9776cb280247,868a4d5add28846d519df3b1a6cf9158db476687a277d1f3c01165acb41e9476,jmuben-751,treino_auxiliar,0,grupo_ja_representado
jmuben,jmuben,1364,data/raw/jmuben/Leaf rust/2 (936).jpg,8,ferrugem,128,128,1f3b79be6aa4af9869ac03e9e3be05fdf6ba384d681fff00cb5c815f0de08ed1,8692b22dd568fb1a73971d3b8040249866875f8ef51843e7bcee65adcbd11664,jmuben-752,treino_auxiliar,0,acima_do_limite_da_classe
jmuben,jmuben,1365,data/raw/jmuben/Leaf rust/2 (937).jpg,8,ferrugem,128,128,0a7ec12f98b6a3fcdfeb7d4fa47977f2fa0953cd1429c4dcc15c29f055f38b68,82c945e9d5bd467670da73500060d97366f3221ad47a728c2ef7bc038b5a6bfc,jmuben-734,treino_auxiliar,1,
jmuben,jmuben,1366,data/raw/jmuben/Leaf rust/2 (938).jpg,8,ferrugem,128,128,f9514d3b212367d8e4d8e6fde2f8f3b7db5f68a4489244ff0cf02f5205f7c935,86d2b72dd55a7b93518d0855248c6485ddc3555e8ae32dee43f90af7bc433898,jmuben-754,treino_auxiliar,0,grupo_ja_representado
jmuben,jmuben,1367,data/raw/jmuben/Leaf rust/2 (939).jpg,8,ferrugem,128,128,e667569a0a145a08ab6e295077fcfd2db24b2d604870efd6e84d2d539ec99eb9,86cb45cbd5a986657197729226ce9961df672237a273d11866983caeb0769e70,jmuben-751,treino_auxiliar,1,
jmuben,jmuben,1368,data/raw/jmuben/Leaf rust/2 (940).jpg,8,ferrugem,128,128,a140011377510f0a0583fb5a5389b8f4db7278d2ccbe8e9bf243385d18d1fc82,a31b641bd2c3c38c7824b9a63730dc876a8f39e71586faf26b7013da9fa68984,jmuben-756,treino_auxiliar,0,acima_do_limite_da_classe
jmuben,jmuben,1369,data/raw/jmuben/Leaf rust/2 (941).jpg,8,ferrugem,128,128,112aeaadf3702b1aeaef9669f2825e707a3a890b00a8b91490a8bdbb2b1f71de,86ca474ad52306c47392f24f0dcf9167ec0626f399cbd0b9bcdd9944cb524f0d,jmuben-757,treino_auxiliar,1,
jmuben,jmuben,1370,data/raw/jmuben/Leaf rust/2 (942).jpg,8,ferrugem,128,128,4666970368b866cf61f127a586af39edcfd0bcd105c2dd138e7c324b78653743,a32c79229cb32ee90b25435db0f986cc237808b3cebdc43b1f88cfcdeb031ac7,jmuben-746,treino_auxiliar,0,grupo_ja_representado
jmuben,jmuben,1371,data/raw/jmuben/Leaf rust/2 (943).jpg,8,ferrugem,128,128,dc14bab22740ede60df359fad757255de2e156c391bb1e0bb528aace372cfc91,80786f4543a77018b28ed5e18f3d098f2e6ef3469919d18c2cc54fc65e7bf1b0,jmuben-760,treino_auxiliar,0,acima_do_limite_da_classe
jmuben,jmuben,1372,data/raw/jmuben/Leaf rust/2 (944).jpg,8,ferrugem,128,128,c51754c24bcac5c47990d30af8ab0d2fd1d161fc73a50edccfe0c23e46fbd27c,80fc71722f8b1a0fbf547c3814a55ad2334b2b8bd32dcfb4ce128d19cdf98464,jmuben-761,treino_auxiliar,0,acima_do_limite_da_classe
jmuben,jmuben,1373,data/raw/jmuben/Leaf rust/2 (945).jpg,8,ferrugem,128,128,5eb1b7619b988677cf3551212d0b3980e1bc1079dd1c66da3b6f1e8fc5261dab,955639da27a9be074cadd0f839c7c58e133c8e58f3985273da430bf6314a6e44,jmuben-762,treino_auxiliar,1,
jmuben,jmuben,1374,data/raw/jmuben/Leaf rust/2 (946).jpg,8,ferrugem,128,128,c2501521a723e8729f65b86652950eae5cfed615e0de6a95415fc06ccad66a99,81c36c196f28f1f3a61899cc7f737398e2c7d33c99a26c997846f0f82466b641,jmuben-763,treino_auxiliar,1,
jmuben,jmuben,1375,data/raw/jmuben/Leaf rust/2 (947).jpg,8,ferrugem,128,128,2faf4d7860fe15ce4490f556fa9cd6ad98ac3d668eb3564b3fa3daea0468577d,8719787168fee1d3f366953ed28dca61655634afa6c69b1c59a827a90311996a,jmuben-764,treino_auxiliar,0,acima_do_limite_da_classe
jmuben,jmuben,1376,data/raw/jmuben/Leaf rust/2 (948).jpg,8,ferrugem,128,128,d8353a3643ba606ed2eecb59e0ed3995bdc9131c676d28a408e96bc7aae11a68,996513a18c9370a83746e0e241ca5f4fb55cba985a9a4ef8748694b2bfeb292f,jmuben-765,treino_auxiliar,0,grupo_ja_representado
jmuben,jmuben,1377,data/raw/jmuben/Leaf rust/2 (949).jpg,8,ferrugem,128,128,bea581e0dddd0387264641ea12b617baee5d243c36c1723ab77d5e18b6a2961d,9ce47bce7bb9e72de61ab9c1956210ba6a056d10ad99963b1a53615264ae926d,jmuben-766,treino_auxiliar,0,acima_do_limite_da_classe
jmuben,jmuben,1378,data/raw/jmuben/Leaf rust/2 (950).jpg,8,ferrugem,128,128,a3178af1b8940f6128eb0d6d08c3cb1c1815dfd3ce74d893c8991ef8e9e5b195,a451347ff30c64225ce6b4476be94aed8c70f85263d48f38fc2983872b917a3b,jmuben-767,treino_auxiliar,0,acima_do_limite_da_classe
jmuben,jmuben,1379,data/raw/jmuben/Leaf rust/2 (951).jpg,8,ferrugem,128,128,d64d03cf8d0ddc3461ac80141e82b1b8ad415e0b2355b0e01cae0420a8885f18,a45617389cc3e1d86a854abdf6891c2f6bc0719686dafe16303969e82d6f6b85,jmuben-768,treino_auxiliar,0,acima_do_limite_da_classe
jmuben,jmuben,1380,data/raw/jmuben/Leaf rust/2 (952).jpg,8,ferrugem,128,128,b5375c401a8ae1ec9e0a81aa10c246ba5ae6c124e50eba2655e8af3a2710eb79,97c753abc236b8c4581c6ac93dd34a8b2d5196ab6b60e5aa9a71656a16ed491e,jmuben-770,treino_auxiliar,0,acima_do_limite_da_classe
jmuben,jmuben,1381,data/raw/jmuben/Leaf rust/2 (953).jpg,8,ferrugem,128,128,1940ff872a7ae8a5100a93901cf6fea820afbd4750da538b8ecf3a6c487b77e7,9957ce35c3ab74779c0f4e436e00274cb304c9ca4dc764e734e1b2715a315bb9,jmuben-771,treino_auxiliar,0,grupo_ja_representado
jmuben,jmuben,1382,data/raw/jmuben/Leaf rust/2 (954).jpg,8,ferrugem,128,128,1b4236004ed9495d34f7980abdc0ed17786730cfeaca52e25fbb239517f1b27c,b0422668c64f9cfd91c7a61c48e0d303a6f165996a7fdecc2d11db26545dad33,jmuben-772,treino_auxiliar,0,acima_do_limite_da_classe
jmuben,jmuben,1383,data/raw/jmuben/Leaf rust/2 (955).jpg,8,ferrugem,128,128,bb0cd48bbac1b35cbcd9523a90de53a8f71d13a515d116380f8e039e45eecb1e,995b30ac8b9687067412677e5e5031ef6e6ccce1335e6ce0198eb63149cf9659,jmuben-773,treino_auxiliar,1,
jmuben,jmuben,1384,data/raw/jmuben/Leaf rust/2 (956).jpg,8,ferrugem,128,128,8ed199d668dcbb15c7d09eb587ef081382350b82a6dbf2c3b7580c0040db9186,89853aaf67e2e57766099e9c59f49952590a51c1b23741eae02f3de1b338db22,jmuben-774,treino_auxiliar,0,acima_do_limite_da_classe
jmuben,jmuben,1385,data/raw/jmuben/Leaf rust/2 (957).jpg,8,ferrugem,128,128,3d4e1ead0297e1581b178c7cb472743e95a7c5a50d81f33fdc5f939ecea36032,88923d73690de00f45692fdefca6d1bd19885b42421bd67173c914b525add177,jmuben-775,treino_auxiliar,0,acima_do_limite_da_classe
jmuben,jmuben,1386,data/raw/jmuben/Leaf rust/2 (958).jpg,8,ferrugem,128,128,5377d53fdb4344e436a2c471456e462fdabfc6a3384ff1a45a7267456e3fa4c9,8970399176295987f16c63c18e5f361e696aa6a3ec6c77c3c352c84e2897ccf8,jmuben-776,treino_auxiliar,0,acima_do_limite_da_classe
jmuben,jmuben,1387,data/raw/jmuben/Leaf rust/2 (959).jpg,8,ferrugem,128,128,9f3f4866bea053d6d17a6232f6819bc2b6b415ff7915172962fb4bfee7d33586,88553fd572aaf02a670547d65ad48c5f9f0e5ce89a561f68c12fcc812e7cd12a,jmuben-777,treino_auxiliar,0,acima_do_limite_da_classe
jmuben,jmuben,1388,data/raw/jmuben/Leaf rust/2 (960).jpg,8,ferrugem,128,128,207558a3d4cf9648420972773dc4cf45b00a8cb59e0888a27ca9338aad1d85eb,93b97a8443f7af0c3c0b817c6c28c2513a57d63a5c4cf02d4b51c7935dacc9f5,jmuben-778,treino_auxiliar,1,
jmuben,jmuben,1389,data/raw/jmuben/Leaf rust/2 (961).jpg,8,ferrugem,128,128,e011062eec6edf03091aec3bb94ab89a93265751e7d068b2051966acd99f317d,8a123d756a8ff00a057c2a87dd3791ac1fd2425066393fdb3489a5a771768f72,jmuben-779,treino_auxiliar,0,grupo_ja_representado
jmuben,jmuben,1390,data/raw/jmuben/Leaf rust/2 (962).jpg,8,ferrugem,128,128,10bf7192ec9e311db905d39c69bae1dddd6fb8391d1b439185c494adc3c7625c,809237726df53a0ed021556963d86e42667746993e6b61d938ede5b5308cc4f7,jmuben-781,treino_auxiliar,0,acima_do_limite_da_classe
jmuben,jmuben,1391,data/raw/jmuben/Leaf rust/2 (963).jpg,8,ferrugem,128,128,552f7be4b7fcb0ad6710a1fd9d4024d0a31da21c68b757c675ac997f6968b2e7,88c577ea747287dc99f6b95a750160b52f1e4c891a50c94a29a1377c52af6ed5,jmuben-782,treino_auxiliar,0,grupo_ja_representado
jmuben,jmuben,1392,data/raw/jmuben/Leaf rust/2 (964).jpg,8,ferrugem,128,128,3ef522b013c47739f9fc0c75a410f284ed461d9180875356b741dbf4ae09ad65,8c5533ba502a85551f59bc0931b77212a35966e50f6bddab6d343d4bd8a3236c,jmuben-783,treino_auxiliar,0,acima_do_limite_da_classe
jmuben,jmuben,1393,data/raw/jmuben/Leaf rust/2 (965).jpg,8,ferrugem,128,128,e817b1e13e3be04504ea0f1a55f458fe5dac6cd7a889099fb8850c2f8eefde37,89c534fa9f1e682d46819efeb122673f4e92d363322a16dcc9413bf4ca8258e7,jmuben-784,treino_auxiliar,0,acima_do_limite_da_classe
jmuben,jmuben,1394,data/raw/jmuben/Leaf rust/2 (966).jpg,8,ferrugem,128,128,57f73e38f1df2ccd82484d5bc0316eb1a8f52e6af5067a870974893de85f0ffd,b4c0dbc0e7373703b5e09bf058354ba30bf08cfaad7d9681b814d23b8fd88b26,jmuben-785,treino_auxiliar,0,acima_do_limite_da_classe
jmuben,jmuben,1395,data/raw/jmuben/Leaf rust/2 (967).jpg,8,ferrugem,128,128,d1605fb8a6c491374497f954664d7b07bad1977252c04434e398ad810fff4644,80be2f485ab6d50b2e461ce3913ac8156be24a66795b6a2a3d638fd2565eda66,jmuben-786,treino_auxiliar,0,grupo_ja_representado
jmuben,jmuben,1396,data/raw/jmuben/Leaf rust/2 (968).jpg,8,ferrugem,128,128,4f6a46898ecb25a780fcf7687c7b6403824ad277aaa38835723322232aad94fe,8f0b68f974038755c6ef31642ab23c18af1dba138fb4146043dcd32d27b77e43,jmuben-787,treino_auxiliar,0,grupo_ja_representado
jmuben,jmuben,1397,data/raw/jmuben/Leaf rust/2 (969).jpg,8,ferrugem,128,128,a5f8549055514e9cafbd75376c845c22d3566d94ef05087efdfcd465fe83cfba,8a196ce186468366317285da43ce29f23aba9ea35cad778f750f7c151d1d0717,jmuben-788,treino_auxiliar,0,acima_do_limite_da_classe
jmuben,jmuben,1398,data/raw/jmuben/Leaf rust/2 (970).jpg,8,ferrugem,128,128,1d6393062e89642e90a4842f2f233652560c0661fca143a47cd1d018e67c7213,8a331b388644cc994db23df5782b2bc4438dd42f0b6662377f3883c3383ff1f1,jmuben-789,treino_auxiliar,1,
jmuben,jmuben,1399,data/raw/jmuben/Leaf rust/2 (971).jpg,8,ferrugem,128,128,d9fc3d63eab0e18c02b95940c05ea2dd93de6298f96581c88e11574d5ce216a1,94b107c7a797131f66cb6b1242e81cd392f9b696a075e19f23664dc43b0e6237,jmuben-790,treino_auxiliar,1,
jmuben,jmuben,1400,data/raw/jmuben/Leaf rust/2 (972).jpg,8,ferrugem,128,128,2f5032d01af87f66c7dce423d72964ccb313ab1016b6d7f7aca9be79b833a109,8e151159a558d8384d4e62662da025fdb3cb31ce5f2f0cd95a6e09a7ec5c876d,jmuben-792,treino_auxiliar,0,acima_do_limite_da_classe
jmuben,jmuben,1401,data/raw/jmuben/Leaf rust/2 (973).jpg,8,ferrugem,128,128,be876f52d9cdaa31f0f5d2915dccc093f3e1109f14b70c2ae42ee346bb5f2850,833225776b50d2ac450862d6d4a7993219ce3d60c3677e6965f16d8b76d14f93,jmuben-793,treino_auxiliar,0,grupo_ja_representado
jmuben,jmuben,1402,data/raw/jmuben/Leaf rust/2 (974).jpg,8,ferrugem,128,128,deca37302fad309fd674401b7a6e69dfe3c8a98582c00265b97b8c0180af2bde,83d0396a156ab3ccd8df95667b22d14d2c795b80cfa8426e5b310af5eccd6a45,jmuben-794,treino_auxiliar,0,acima_do_limite_da_classe
jmuben,jmuben,1403,data/raw/jmuben/Leaf rust/2 (975).jpg,8,ferrugem,128,128,165df8931c953b8213e5328474551cab028706f61df72e768f81d0fbf9cb2ac8,88ea548a2d78ca5c76a7fb2fc6c3bc9c1399f1d5773172276206edc140cc1959,jmuben-795,treino_auxiliar,1,
jmuben,jmuben,1404,data/raw/jmuben/Leaf rust/2 (976).jpg,8,ferrugem,128,128,ee51c0a84810ebfa0acadde772f2e680e6c26bce06d9be583c1e9cc75dcef4fb,8224fb992d558d1e90be68963b51cc667c0b199ec2cec7dc67f1b2e560899569,jmuben-796,treino_auxiliar,0,acima_do_limite_da_classe
jmuben,jmuben,1405,data/raw/jmuben/Leaf rust/2 (977).jpg,8,ferrugem,128,128,52be7a394880d6fcfd31a8bfad9b5a223222791105f70f206a8bd727d018c6e6,9bff3d7dcbce3f86612d5c09707a6e2278d39e055cacbae8504973183490a391,jmuben-797,treino_auxiliar,0,acima_do_limite_da_classe
jmuben,jmuben,1406,data/raw/jmuben/Leaf rust/2 (978).jpg,8,ferrugem,128,128,49ec4032476026fb68362703040fe445945b7a3993589e11a7596888c1d7986d,852f3a687966e516b69a71826ed04aca4b358cb872879cb34e9c8ed37454b5ce,jmuben-798,treino_auxiliar,1,
jmuben,jmuben,1407,data/raw/jmuben/Leaf rust/2 (979).jpg,8,ferrugem,128,128,c8ea3a67d9368572719e7b1923ee72c8ad568f8c10b42b228c31bf6b239c7a23,9e91259dba0012ef7d234ad0665d4a4873ef3b13cc79dd0c46ceaf6d47c54468,jmuben-799,treino_auxiliar,0,acima_do_limite_da_classe
jmuben,jmuben,1408,data/raw/jmuben/Leaf rust/2 (980).jpg,8,ferrugem,128,128,d497f16c86a14a4b4efe94260c6079955403aca94fa39d55a083179e3647d7ba,acd253a7e4e28d134b40c6dc7d362e4d8c999ce86fc57a5c52ce128835a9af0f,jmuben-800,treino_auxiliar,0,grupo_ja_representado
jmuben,jmuben,1409,data/raw/jmuben/Leaf rust/2 (981).jpg,8,ferrugem,128,128,f077a1c6fc2bd2b8fa5ed5d6cad16b6d1cc4e789e3a35bada4c3cff5d7b8edcf,866a50baf446cdeb2363b6402db6c064799939fc798d841c6d98eb2b4a0db63f,jmuben-801,treino_auxiliar,0,acima_do_limite_da_classe
jmuben,jmuben,1410,data/raw/jmuben/Leaf rust/2 (982).jpg,8,ferrugem,128,128,da11889a1bf6ae211b67ba98976e69888dedf625dd9572e9fd70e4f4cc972334,aa456b35d931e6c2ea303617a9c735fc2f701af60f15a9d50d70079b55c332d2,jmuben-803,treino_auxiliar,0,acima_do_limite_da_classe
jmuben,jmuben,1411,data/raw/jmuben/Leaf rust/2 (983).jpg,8,ferrugem,128,128,1fb2ed3138cdfe608f27fe00b9449e02028f0bd502f63c44b0951fab98bf2567,b283397ddaac953a0b56faa7275c92950d8a69196de93b8f1529c3413d0b1e4e,jmuben-804,treino_auxiliar,1,
jmuben,jmuben,1412,data/raw/jmuben/Leaf rust/2 (984).jpg,8,ferrugem,128,128,28b8b78022ff4f79e0b87109e24b241b1129c33075cd70e2fe2693535460342c,a151699fdd9de065698837f8b86815ca8b5c0d53a8de149a27c5506c797dce87,jmuben-805,treino_auxiliar,0,acima_do_limite_da_classe
jmuben,jmuben,1413,data/raw/jmuben/Leaf rust/2 (985).jpg,8,ferrugem,128,128,e18797d5a4df9038e06ad796a7478471ffaa3825f690a8d57601f68955888125,a1514d8fd26453c297364b87e384b421030f897f349f52bcd87cff9862723a7c,jmuben-806,treino_auxiliar,0,acima_do_limite_da_classe
jmuben,jmuben,1414,data/raw/jmuben/Leaf rust/2 (986).jpg,8,ferrugem,128,128,e075331ab25f225ffaa256a172d3bc8a076853feb9e520510ec9cfa8425cdef7,90556f53b1dc63a449ebb91da02508fe79d094c2ec90a95d97eb74b985671762,jmuben-807,treino_auxiliar,1,
jmuben,jmuben,1415,data/raw/jmuben/Leaf rust/2 (987).jpg,8,ferrugem,128,128,f7cb23cf00a79378da04fc892ff0d7e04cfd6dfd1a7eafd48218767132d197ab,89d573eaa5169f1e784066094ebf5ad8d0e1f16e26e8965dc8402bf5f35c4e06,jmuben-808,treino_auxiliar,0,acima_do_limite_da_classe
jmuben,jmuben,1416,data/raw/jmuben/Leaf rust/2 (988).jpg,8,ferrugem,128,128,5f02c72954e62bbd44ee0c3a0646ce73ce24505959aeb7c49d3ace8a0bedef06,92056e38cf11b04fb39660f94df7594f5378b299c6b32d02ac4609f03b15ea3f,jmuben-809,treino_auxiliar,0,acima_do_limite_da_classe
jmuben,jmuben,1417,data/raw/jmuben/Leaf rust/2 (989).jpg,8,ferrugem,128,128,4bee6aa3f1a303670b193e543e80856e48352df579a64543741ba62d88c89565,81bc5b1abf67d25c3e3c1353414c07b3c373c2ace066e0ef709d383b383330e7,jmuben-810,treino_auxiliar,0,acima_do_limite_da_classe
jmuben,jmuben,1418,data/raw/jmuben/Leaf rust/2 (990).jpg,8,ferrugem,128,128,5816b4cf7e0cd5adf7d93687a5a86ae5fc9723a0020a8036ea9c70080126bffc,964c2d66a5939a314a993ead604b4ff9384261f65f603c4b7364cc07397f66c5,jmuben-811,treino_auxiliar,0,grupo_ja_representado
jmuben,jmuben,1419,data/raw/jmuben/Leaf rust/2 (991).jpg,8,ferrugem,128,128,12139d64835ee978c5364ee07d84062332f25a9185517bc04b31206d390f5929,9f3d3927d1de8d716c0954f209c1577c0502b514bdf1b7d99a4f8b683925bb10,jmuben-812,treino_auxiliar,0,acima_do_limite_da_classe
jmuben,jmuben,1420,data/raw/jmuben/Leaf rust/2 (992).jpg,8,ferrugem,128,128,42b2319d938bc98ef83bdd858cb6940acb928d58c2af94f8fb9a988fa8b77f21,889a66793fa9a74df037962f970b88696168496e8e258e27c70ac31f6e1bcf09,jmuben-814,treino_auxiliar,1,
jmuben,jmuben,1421,data/raw/jmuben/Leaf rust/2 (993).jpg,8,ferrugem,128,128,0261e5ed8c650c015f97e2cde3cc099a4551fc30669cc39a2234f5cc80374c48,88d572f9d55b9e8fb92267014effda50d820f23516ae9694dd4229e8b174ce42,jmuben-808,treino_auxiliar,0,acima_do_limite_da_classe
jmuben,jmuben,1422,data/raw/jmuben/Leaf rust/2 (994).jpg,8,ferrugem,128,128,8663bbe75a66e27bb3757cae41d531583115f49dbe49018d5e6839698e1489b7,88553493bf076ae05edeb90123d51adad12627de894233bdb69c99fcb9649852,jmuben-816,treino_auxiliar,0,acima_do_limite_da_classe
jmuben,jmuben,1423,data/raw/jmuben/Leaf rust/2 (995).jpg,8,ferrugem,128,128,9079532ba018a0939ffcd680985c87bf94e6f641734357505a7d5c6576685d24,b4c426bee33cd4e2f580663e59bab4458b995229adcd296d1ec4a5330e4ad3d9,jmuben-817,treino_auxiliar,0,acima_do_limite_da_classe
jmuben,jmuben,1424,data/raw/jmuben/Leaf rust/2 (996).jpg,8,ferrugem,128,128,0ea95e651122de2d4f74f916a53f330d77fa68fae473516e79ead34bd078840b,911139ebf0e05e28b36c0ef5980ca455695dd3b969975b3b5ea96d6d063c2694,jmuben-818,treino_auxiliar,0,acima_do_limite_da_classe
jmuben,jmuben,1425,data/raw/jmuben/Leaf rust/2 (997).jpg,8,ferrugem,128,128,52ced35bf5b03c3e890c12eb2345e0fdd962fb803ef9d65facba83396194a2d9,91157fa9b1ef31f64cb11c0eb108a4576d6f7968d6d96457ad561336b21c8681,jmuben-819,treino_auxiliar,0,acima_do_limite_da_classe
jmuben,jmuben,1426,data/raw/jmuben/Leaf rust/2 (998).jpg,8,ferrugem,128,128,b1dc230470983856c84892033149a4115705c250d6749a375f46ca8fba3863c6,90156f02b9ce33c44ca11c2eb118a4f72ddf5968d2db4682ed5e8dc77a7ca495,jmuben-819,treino_auxiliar,0,acima_do_limite_da_classe
jmuben,jmuben,1427,data/raw/jmuben/Leaf rust/2 (999).jpg,8,ferrugem,128,128,86157d60101d2138cd792fc68b46deedd4b618b10ec520c6a25e850b8865494c,990567f8b87968d84c8ab181e17c6d2a5bacd3da6d9389b14b1d6ce14db87d0a,jmuben-821,treino_auxiliar,0,acima_do_limite_da_classe
jmuben,jmuben2,1428,data/raw/jmuben/Miner/1 (1).jpg,8,bicho_mineiro,128,128,c763bc72bf657a0d89822736dd892e0d23a8cb8e5b24bef16a5fb149107412d3,b1f1284f97b0d285301e5a848f62f80f4cb913f7f41679f45b9ff42015d0695e,jmuben-1428,treino_auxiliar,0,grupo_ja_representado
jmuben,jmuben2,1429,data/raw/jmuben/Miner/1 (10000).jpg,8,bicho_mineiro,128,128,56dc30d7017fdaeee32fa1a79d0773d94afd7a2a657e37ef8abc82c8af442703,91912973a9a1c2b6e7580d3ef9d6983e314a0e7d1c75b590350a9dcf331df328,jmuben-1429,treino_auxiliar,0,acima_do_limite_da_classe
jmuben,jmuben2,1430,data/raw/jmuben/Miner/1 (10001).jpg,8,bicho_mineiro,92,256,6f20e45966afe0e63ed997af8093fcdb66809638fdf2c49d36761e5d89e76039,86b562b59c66914321f84c1c13873378005e6b2739a59cdaeeca696dfc44f6f6,jmuben-1430,treino_auxiliar,0,acima_do_limite_da_classe
jmuben,jmuben2,1431,data/raw/jmuben/Miner/1 (10002).jpg,8,bicho_mineiro,128,128,b8d089998f1540ec55e23c5d0e54d8b7daef3d4c60fdb161c2c8242c9dc273f3,b4bb33e0c3c7a35f4c9f891046998d498a6511bed91dcc8824d5aebc465b7cd9,jmuben-1431,treino_auxiliar,0,acima_do_limite_da_classe
jmuben,jmuben2,1432,data/raw/jmuben/Miner/1 (10003).jpg,8,bicho_mineiro,96,256,2496f229e803b453045794d4cfdf0b0df342ec94ea8c55d79ab73f784b0669db,8eef62399954835721d1147c124ef9d3c838fa0f959366d2636d13ad94b22b7a,jmuben-1432,treino_auxiliar,0,acima_do_limite_da_classe
jmuben,jmuben2,1433,data/raw/jmuben/Miner/1 (10004).jpg,8,bicho_mineiro,128,128,369be8449285b1cb11e10d1ce03cfd715db164faac2197718cd0964d2d868340,924d2522d833a49d1cefbd227a3dd69789323abc070d3ac6722c6757c1a56b59,jmuben-1433,treino_auxiliar,0,acima_do_limite_da_classe
jmuben,jmuben2,1434,data/raw/jmuben/Miner/1 (10005).jpg,8,bicho_mineiro,94,256,e472d48760ac0f1857c17d987ed91d0adcd1729e9e8a5692c4251cdbf5952cd3,8eef63319940875725d1147c164ef9c3c938fa0e959266d2636d13a59cb62f5a,jmuben-1432,treino_auxiliar,0,acima_do_limite_da_classe
jmuben,jmuben2,1435,data/raw/jmuben/Miner/1 (10006).jpg,8,bicho_mineiro,128,128,fce75b8f4eb52f70df742e7eac71bd211c42e127a0632a3c00ac343b68cd6b47,9364db5dcc995be01e65624f7b1c296c8d31d561078cc7297aa698fdc1a4d0b3,jmuben-1435,treino_auxiliar,0,acima_do_limite_da_classe
jmuben,jmuben2,1436,data/raw/jmuben/Miner/1 (10007).jpg,8,bicho_mineiro,128,128,ef2f81c0ec89f93a347af548b4efa61cec242b0fb8601a753eae7dba62de3d0b,91325aa42ad6914ee1ab06356eb497d6487abbe16b109fcd49bf363167c38616,jmuben-1436,treino_auxiliar,0,acima_do_limite_da_classe
jmuben,jmuben2,1437,data/raw/jmuben/Miner/1 (10008).jpg,8,bicho_mineiro,128,128,a3d2ca6683cd762bd40bee790f6e77bf08ab53499f8f8874a552fe51c9a982de,91325aa42ad6914ee1ab06356eb497d6487abbe16b109fcd49bf363163c38617,jmuben-1436,treino_auxiliar,0,acima_do_limite_da_classe
jmuben,jmuben2,1438,data/raw/jmuben/Miner/1 (10009).jpg,8,bicho_mineiro,128,128,55bac293dafe6379126f1e24600b25ab0ee23925ddfea354ac7e6397e8da7ea9,91325ba42b56916ae1a106156e9697f6486bb3e56f149fc5689f3611e7c3861e,jmuben-1436,treino_auxiliar,0,acima_do_limite_da_classe
jmuben,jmuben2,1439,data/raw/jmuben/Miner/1 (10010).jpg,8,bicho_mineiro,128,128,6d7d79705fcff7b9cca0cad7f3ca20220d5aea54f92d320dea4e7ae8cbad1730,91335ba42b569162e1b106146ed2d7fa686bb3e56f149ec5689b3611e7438e1e,jmuben-1436,treino_auxiliar,0,acima_do_limite_da_classe
jmuben,jmuben2,1440,data/raw/jmuben/Miner/1 (10011).jpg,8,bicho_mineiro,128,128,9a2d3801be6870d6e54481327068c84f6c3df28840659d49cec294eb676573e8,91265ae52bd4914ee5a306356ed0dfc8696ab3056e3c9ccd40bab613ce4e9cf8,jmuben-1436,treino_auxiliar,0,acima_do_limite_da_classe
jmuben,jmuben2,1441,data/raw/jmuben/Miner/1 (10012).jpg,8,bicho_mineiro,128,128,a97f18a13da9d3418232d7f26d1f864ac5fdf32070f38fa096261e19263d2d0d,91265ae52b54914ee5a10e356ed0dfca696bb3056e3e9ccd40bab603ca5a9cf8,jmuben-1436,treino_auxiliar,0,acima_do_limite_da_classe
jmuben,jmuben2,1442,data/raw/jmuben/Miner/1 (10013).jpg,6,bicho_mineiro,111,256,a1c2e3246ef81adb0a41718cdfac06f39ee3b77fd23bfeffc2a99aba922df203,8d8c1993aa66d76cd2f6674dd13976bcf08607c2282dbcd4981e26ce9039e72d,jmuben-1442,treino_auxiliar,0,grupo_ja_representado
jmuben,jmuben2,1443,data/raw/jmuben/Miner/1 (10014).jpg,6,bicho_mineiro,128,128,4e275507d1a09e978aacc4ee0c6458484f4448c2ce8ad038cbd9bd2a1fa8dac5,959d291b8d39dcbce2ca23caa229cfa5ac16a1da8672fa4d114dc17dcfe15c12,jmuben-1443,treino_auxiliar,0,grupo_ja_representado
jmuben,jmuben2,1444,data/raw/jmuben/Miner/1 (10015).jpg,6,bicho_mineiro,104,256,a9c9b917325cbd2f5df2412b3d3a825020cf538006d1233607058586c662c54f,898d1b32ae6c97e916d56d59917364bdf38e0ec8b93dbcb0221a2752802bef25,jmuben-1442,treino_auxiliar,1,
jmuben,jmuben2,1445,data/raw/jmuben/Miner/1 (10016).jpg,6,bicho_mineiro,128,128,8d5f7eb141130cfec88ed9d3d6380b880508bac5acf834c745da57b935d25208,8cc07c47cc3e81e036df7697bffeac70f48752b7bb9d069892229ad229434a90,jmuben-1445,treino_auxiliar,0,acima_do_limite_da_classe
jmuben,jmuben2,1446,data/raw/jmuben/Miner/1 (10017).jpg,6,bicho_mineiro,119,256,2945a0d451b9265f5ba8460d4cab9c5c6045485332c79a70f18907ca3d10a32f,898c1b32ad6c97ed26d433499631741dd3c267cdd83d18ac39d430da6aed38f4,jmuben-1446,treino_auxiliar,0,grupo_ja_representado
jmuben,jmuben2,1447,data/raw/jmuben/Miner/1 (10018).jpg,6,bicho_mineiro,128,128,23c25064943fabe225544dfa03cfecac2d9b08a553d68a90c474015198d34b81,8cc07c46c87ca1e33697771e9ef8ece1f486922b2f9a0638baa60af568534ab5,jmuben-1445,treino_auxiliar,0,acima_do_limite_da_classe
jmuben,jmuben2,1448,data/raw/jmuben/Miner/1 (10025).jpg,8,bicho_mineiro,128,128,4d3aafa7ed3c3a7d5f7b621eb27364b0fcbd1d7c9f4c8f78da852550be91d2c8,919c743a7c36d28682b136744385c33b9c3e0f8e6d23cda3cd892e5923dde1e5,jmuben-1448,treino_auxiliar,0,acima_do_limite_da_classe
jmuben,jmuben2,1449,data/raw/jmuben/Miner/1 (10026).jpg,8,bicho_mineiro,128,128,699149bb3776397e4e2be96196115e7fcd37a885069e7b2f69f9240aea04bcef,919c743a7c26d28682b1367443c7c3339c3e0f8e6d33c5a3cd8f2f192399e1e5,jmuben-1448,treino_auxiliar,0,acima_do_limite_da_classe
jmuben,jmuben2,1450,data/raw/jmuben/Miner/1 (10027).jpg,8,bicho_mineiro,128,128,233cb0ae3330f60ab892dc6651d4219c191f3e033774ea99eb3e299c1e3f5df7,8e3878f072cd9739378d48e69db089336231664ccd8c3330bdf36c07d4cccacf,jmuben-1450,treino_auxiliar,0,acima_do_limite_da_classe
jmuben,jmuben2,1451,data/raw/jmuben/Miner/1 (10028).jpg,8,bicho_mineiro,128,128,6fc6aec1df71625bac0a865013df089ec58223152b67944beaec008e21b79352,8e3878f072cd9739378f48e69db0c9336231264ccd8c33303df36c43d4cccacf,jmuben-1450,treino_auxiliar,0,acima_do_limite_da_classe
jmuben,jmuben2,1452,data/raw/jmuben/Miner/1 (10029).jpg,8,bicho_mineiro,128,128,cabb822d4e5b7876b0e86bcd49e7f21412ec5877e4ce3bf341a999c0c4c3be97,8e847b9733e1c4ce1b674ae5e40b39ba566a69df0ee507ae7043063a010ff837,jmuben-1452,treino_auxiliar,0,acima_do_limite_da_classe
jmuben,jmuben2,1453,data/raw/jmuben/Miner/1 (10030).jpg,8,bicho_mineiro,128,128,a3a4f9a598d237e7a75523c2c1a9c76224e9252b09ce131cedb8951e7b03d454,8ec47b973be1c4ce1b750ae5e409b9ba566a69df0e7507ae7043063a018ef817,jmuben-1452,treino_auxiliar,0,acima_do_limite_da_classe
jmuben,jmuben2,1454,data/raw/jmuben/Miner/1 (10031).jpg,8,bicho_mineiro,128,128,e1e5fcb25dbea538b745d0468044dfbb5fd28d59b8b64bc447be5993b40f32ce,b7552655c69b81fac6421ce95bf9f2a68a303e6793cef60a003161f0e1ee5e89,jmuben-1454,treino_auxiliar,0,acima_do_limite_da_classe
jmuben,jmuben2,1455,data/raw/jmuben/Miner/1 (10032).jpg,8,bicho_mineiro,128,128,3dfa80626ee235b61528ccc0bd7425bcde25521641b4432c6c9b4dfa348dd63c,b7552655c69b81fac6421ce95bf9f2a68a303e67d1cef60a003161f0e1ee5e89,jmuben-1454,treino_auxiliar,0,acima_do_limite_da_classe
jmuben,jmuben2,1456,data/raw/jmuben/Miner/1 (10033).jpg,8,bicho_mineiro,128,128,6dbaea1163da965a785a4ebbac4e4fd586b1adb7c7e8118e630d6c79276d192a,800d6e643da0b5b380f7918ff20a8e0c6adcc6f60db32c73d2317ecdf659e12c,jmuben-1456,treino_auxiliar,0,grupo_ja_representado
jmuben,jmuben2,1457,data/raw/jmuben/Miner/1 (10034).jpg,8,bicho_mineiro,128,128,cce46995ae15f81846f1498809bc5c39b8bafd46d1bf781c236deea7328c891a,800d6e643da0b5b381f7918ff2088e086adcc6f60db32d73d2317acdf659e32c,jmuben-1456,treino_auxiliar,0,grupo_ja_representado
jmuben,jmuben2,1458,data/raw/jmuben/Miner/1 (10035).jpg,8,bicho_mineiro,126,256,ee70d02bac51c5f0ec88d8e018b9b34018fe952336324c17fd15b4787e72fd49,8f1a46d66ab53994bd349ce0cbe9e8719e43878ece33b904e38ec1cb31793521,jmuben-1458,treino_auxiliar,0,acima_do_limite_da_classe
jmuben,jmuben2,1459,data/raw/jmuben/Miner/1 (10036).jpg,8,bicho_mineiro,128,128,1c565f0a3821164183e9ed9394eeef575cd32a4bffafd75cd78bee122c628fdb,999321b44662ce49b7859ad2287cd0367197afc476484768b1677c979b0f2f72,jmuben-1459,treino_auxiliar,1,
jmuben,jmuben2,1460,data/raw/jmuben/Miner/1 (10037).jpg,8,bicho_mineiro,128,128,58c27a3fe7b8890d75e3e83033558e7737859b788073407bb2f1cd4ff7ea1e52,988d30c96714c7b6b3f2896c3c05f489784ca473133f63b68db57ccccee0a999,jmuben-1460,treino_auxiliar,0,acima_do_limite_da_classe
jmuben,jmuben2,1461,data/raw/jmuben/Miner/1 (10038).jpg,8,bicho_mineiro,128,128,187de31e3f018caf9a979ce006c3697232a1536f19857fdce1ee4aef482996c3,988d30c96714c7b6b3f2892e3c05f489784ca473133f63b68db17ccccee4a999,jmuben-1460,treino_auxiliar,0,acima_do_limite_da_classe
jmuben,jmuben2,1462,data/raw/jmuben/Miner/1 (10039).jpg,8,bicho_mineiro,128,128,681faea78ed036b94c880481ba613ce40ac1dcb2c54e5524741a9dd10b103f77,80cc1a669f736991681f0ff2e40762d83ed0349ff360016f5f2cc095cbfe9176,jmuben-1462,treino_auxiliar,0,acima_do_limite_da_classe
jmuben,jmuben2,1463,data/raw/jmuben/Miner/1 (10040).jpg,8,bicho_mineiro,128,128,2bcaaec6d0377639471c0c36ec6b2182cf10e76aea8c74468452320755aaeb38,80cc1a669f736991689f0ff2e40762d83ed0349ff360016f5b2cc095cbfe9176,jmuben-1462,treino_auxiliar,0,acima_do_limite_da_classe
jmuben,jmuben2,1464,data/raw/jmuben/Miner/1 (10041).jpg,8,bicho_mineiro,128,128,5fcbfea6e615c3b74271b979a6346fd4463e31fa36f98ec5cf7c271fbd46650e,ab0b6b2be92999b5c8967fd20eda3e5f06fb264632663034666227269d768932,jmuben-1464,treino_auxiliar,0,acima_do_limite_da_classe
jmuben,jmuben2,1465,data/raw/jmuben/Miner/1 (10042).jpg,8,bicho_mineiro,128,128,e0b011315fb7932f017746fbaa9edb5b63d7bed1d2546b106a0b05c9907d84e8,ab0b6b2be92999b5c8967fd20eda3e5f06fa264632663034662227269df689b2,jmuben-1464,treino_auxiliar,0,acima_do_limite_da_classe
jmuben,jmuben2,1466,data/raw/jmuben/Miner/1 (10043).jpg,8,bicho_mineiro,100,256,ec47756a90cfd980f665cb92d31288cfd628c43518a39d4fc21e92e6b80ff454,87902696ba4e704bcf790c29f3b8031d7b8500aef5e70771ff09411ebf40e0fe,jmuben-1466,treino_auxiliar,0,grupo_ja_representado
jmuben,jmuben2,1467,data/raw/jmuben/Miner/1 (10044).jpg,8,bicho_mineiro,128,128,c88903a9bc3e7dcdc10e544ef8add1339b7741ebcfaac20a134da21e970eb6fb,ae5931e2cb0d7cf1d3ccdf18e021c70eccf31b87901e8c90d338b333c86f4f70,jmuben-1467,treino_auxiliar,0,acima_do_limite_da_classe
jmuben,jmuben2,1468,data/raw/jmuben/Miner/1 (10045).jpg,8,bicho_mineiro,128,128,4269cd501fd3ac69db007fbcaf25c82450def22c7cac0a25874b48d10d2784ef,8aebad5634aa93d4c73b1c599826fd1fc8ecd770221d566aa2b317c51e22a299,jmuben-1468,treino_auxiliar,1,
jmuben,jmuben2,1469,data/raw/jmuben/Miner/1 (10046).jpg,8,bicho_mineiro,128,128,eb920aefe76343be2101c0f65dd5bf1ec7f3b700d77643226b2aca74476853dc,8aebad5634aa93d4c73b1c5998a6f51fe8acd7702215566aa2b293c51f22a2b9,jmuben-1468,treino_auxiliar,0,grupo_ja_representado
jmuben,jmuben2,1470,data/raw/jmuben/Miner/1 (10047).jpg,8,bicho_mineiro,102,256,d245e7ceb6db70bc5edb93478259609f50fcb06f416b9322b8e7fb38dbfc648d,879436979a4270da8f3d3e29c11c3b85abed5007f4718ff8e10e07c8f87f8662,jmuben-1470,treino_auxiliar,1,
jmuben,jmuben2,1471,data/raw/jmuben/Miner/1 (10048).jpg,8,bicho_mineiro,128,128,6a0f9a6b93034bb8f0f4f9acd582658ebd83568649386965ab11ccffdb4ed7c2,ae1771e6df0df0f1d31cdc31e20fcc345983921ecc30d378f237ccce4b10f188,jmuben-1471,treino_auxiliar,0,grupo_ja_representado
jmuben,jmuben2,1472,data/raw/jmuben/Miner/1 (10049).jpg,8,bicho_mineiro,128,128,f249e406aeca6c10abe8f0cbb1478b7a95d6452d3b8fd5037e3df849770c10db,8da5399269568eb79663393a3c1ccc3dee538620730dc3d2838b686de3e71c17,jmuben-1472,treino_auxiliar,0,grupo_ja_representado
jmuben,jmuben2,1473,data/raw/jmuben/Miner/1 (10050).jpg,8,bicho_mineiro,128,128,e51ff3bbe592667747e034efb0c12dbe3df0153e0f5c94b99049dee3b8496d3c,8da5399269568eb79663393a3c1ccc3dee438638730dc3f2838b286de3e71c13,jmuben-1472,treino_auxiliar,0,grupo_ja_representado
jmuben,jmuben2,1474,data/raw/jmuben/Miner/1 (10051).jpg,8,bicho_mineiro,128,128,68434845d5a8ee76912e0dfd9b45b9a3be1291c0cb0efc0982cfa5d12832838b,809b689b3e329b6f3e601fd283c887e0e79686f8905ab0273edc3df8f80fe403,jmuben-1474,treino_auxiliar,0,grupo_ja_representado
jmuben,jmuben2,1475,data/raw/jmuben/Miner/1 (10052).jpg,8,bicho_mineiro,128,128,72289d9d459c1802475a3381c1471fe518e4a0fb3074a17b16f787b9ff3810ab,809b689b3e329b6f3e601fd283c087f0e59e86f8905ab0063edc3dfbf80fe403,jmuben-1474,treino_auxiliar,1,
jmuben,jmuben2,1476,data/raw/jmuben/Miner/1 (10053).jpg,8,bicho_mineiro,128,128,167be7c8ab78ae0bd989dafc57ef808e2509fdde037978e9709ca7d09ff970ac,adc6642680b0e252364ad2c0b9db1e2f679166cd9b6f63b81c9c33c73a691b6d,jmuben-1476,treino_auxiliar,0,acima_do_limite_da_classe
jmuben,jmuben2,1477,data/raw/jmuben/Miner/1 (10054).jpg,8,bicho_mineiro,128,128,0d8a35701824a621f0ef183f898ce6add14a1d26d9cf766e8374b273d6e54182,adc6642680b0e252364ad2c0b9db1e2f679166cd9b6f63b81c9c33c73a691b6d,jmuben-1476,treino_auxiliar,0,acima_do_limite_da_classe
jmuben,jmuben2,1478,data/raw/jmuben/Miner/1 (10055).jpg,8,bicho_mineiro,128,128,58a7e1cfb66102d8570336738f0ea2b20de9afebf373d3e7121de023a18c0f93,81833a5c260b4518f8d529bb903582e2f16ef0691fda55f5a023e4fbafde5ea0,jmuben-1478,treino_auxiliar,0,grupo_ja_representado
jmuben,jmuben2,1479,data/raw/jmuben/Miner/1 (10056).jpg,8,bicho_mineiro,128,128,bbfb1e653db55492000fdbf67cd7c4d1824e6ae24edb45eaf9bf07b466c7da22,81813a5c2609451af8d529bb903582f2f16ef0691fda55f5a023e4fbafde5ea0,jmuben-1478,treino_auxiliar,0,grupo_ja_representado
jmuben,jmuben2,1480,data/raw/jmuben/Miner/1 (10057).jpg,8,bicho_mineiro,128,128,afffdaf9c49687b8090055837efaefe34ebdc6261f341cce050243edda41b942,805c3fe79be47098f51b8b6f40dbe5d47b2e1a083402c26efe91ec114efe14cc,jmuben-1480,treino_auxiliar,1,
jmuben,jmuben2,1481,data/raw/jmuben/Miner/1 (10058).jpg,8,bicho_mineiro,128,128,ac75fa29cad1a5d89a2f9ed34c85a3ce5d8b5e4a18f4590ba66485a85fdcc406,805c3fe79be47098f51b8b6f40dbe5d47b2e1a083400c26efe91ec114efe15cc,jmuben-1480,treino_auxiliar,0,grupo_ja_representado
jmuben,jmuben2,1482,data/raw/jmuben/Miner/1 (10059).jpg,8,bicho_mineiro,128,128,053a49c8972ed51540e8d9f49bb364e873ae4254e8295a2e9b872ba8b3e2ebfc,887d1d98316b62f1bfa534479ac7c12abed47e9903b20a64be4e324a96560b7e,jmuben-1482,treino_auxiliar,0,acima_do_limite_da_classe
jmuben,jmuben2,1483,data/raw/jmuben/Miner/1 (10060).jpg,8,bicho_mineiro,128,128,7fc05dd1fc300dafe2ae7e94fe1277a44e43d058c910346b36f3a168c691482f,887de267316b9d0cbfa5cbb89ac13ed5be56816601b2d59ab64a0cb59656f480,jmuben-1483,treino_auxiliar,0,acima_do_limite_da_classe
jmuben,jmuben2,1484,data/raw/jmuben/Miner/1 (10061).jpg,8,bicho_mineiro,128,128,b6fada37e6b8fda34bed7dc79a0c1bcfea486426ce87630443f6d86aaa81aa88,95ec0aaee5767317148de0b279abad6ea8760b4730494d255b2b5e9a5bb44255,jmuben-1484,treino_auxiliar,0,acima_do_limite_da_classe
jmuben,jmuben2,1485,data/raw/jmuben/Miner/1 (10062).jpg,8,bicho_mineiro,128,128,b2690cf7c611f1aeaff226f147430d9d797877529f2acfcb1a9f571339e912a6,95ec0aaae5767317148de1b2792bad4fa8760b6730494c255b2b5e9a5bb44275,jmuben-1484,treino_auxiliar,0,acima_do_limite_da_classe
jmuben,jmuben2,1486,data/raw/jmuben/Miner/1 (10063).jpg,6,bicho_mineiro,128,128,3ae6c250b7011c2845c9e0f61f1c553279faed65de51592bd20f2b20b25df4e6,80017b49a0fb4ff6a3846983506ff49a0ff657b615934c31f21ce0f6c3f19e89,jmuben-1486,treino_auxiliar,0,acima_do_limite_da_classe
jmuben,jmuben2,1487,data/raw/jmuben/Miner/1 (10064).jpg,6,bicho_mineiro,128,128,6ec9e072b08c07c8436d3b7562170ddc1abab2f129ce55afde74a10f3236ad07,80017b49a1fb4fa6a3806983506ef49a0ff657b715936c31f21ce0f6c3f19f89,jmuben-1486,treino_auxiliar,0,acima_do_limite_da_classe
jmuben,jmuben2,1488,data/raw/jmuben/Miner/1 (10065).jpg,6,bicho_mineiro,128,128,4662a9faadc2c061009d2c098871acefc395c77da7da88e9e419d43cd96f39e9,80057487e16559fb8cf02e681fd2869f232f18c6de76793141f8c387f1c3db61,jmuben-1488,treino_auxiliar,0,acima_do_limite_da_classe
jmuben,jmuben2,1489,data/raw/jmuben/Miner/1 (10066).jpg,6,bicho_mineiro,128,128,5f7bd50050b3568951c85ef78247b61382fed3ebd4c2da6aadb336938f82aba9,80057487e16559fb8cf02e681fd2069f232f18c6de76793141f8c3a7f1c3db61,jmuben-1488,treino_auxiliar,0,acima_do_limite_da_classe
jmuben,jmuben2,1490,data/raw/jmuben/Miner/1 (10067).jpg,6,bicho_mineiro,128,128,7d7e16bc1a8aa32b75f66ac19060b670028843078910c706c9719473787aab08,80005f81f026a4fe6e1957bfb78c2dc903b1e18398ee242eed3ae04ff1e7e079,jmuben-1490,treino_auxiliar,0,acima_do_limite_da_classe
jmuben,jmuben2,1491,data/raw/jmuben/Miner/1 (10068).jpg,6,bicho_mineiro,128,128,2505827d1fbd9942922182ce05736e07cc55d1d4ba3bed30657c9be9e3a6ab1c,80005f81f026a4fe6e1957bfb78c2fc803b1e18398ee242eed3ae04ff1e7e079,jmuben-1490,treino_auxiliar,0,acima_do_limite_da_classe
jmuben,jmuben2,1492,data/raw/jmuben/Miner/1 (10069).jpg,6,bicho_mineiro,128,128,894079cffcc392530d781eea9df93f123d0b7b35b6ce29a18aa9a0c6377311e5,80065b07f204b1d9a8fb48eed07fa41c5b99b4786d75c27c659cb1ce24f641f3,jmuben-1492,treino_auxiliar,0,grupo_ja_representado
jmuben,jmuben2,1493,data/raw/jmuben/Miner/1 (10070).jpg,6,bicho_mineiro,128,128,dbecaa37b8d367b05e7f3e0e4b1bb5c0a8daf187a2463307a9930b11ba844d31,80065b07f204b1c9a8fb48eed07fa41c5b99b4786d75c27c659cb1ce26f641f3,jmuben-1492,treino_auxiliar,0,grupo_ja_representado
jmuben,jmuben2,1494,data/raw/jmuben/Miner/1 (10071).jpg,6,bicho_mineiro,128,128,33fbda546ab4d4a73a904dd2edacf79f56b88ff88b607698c83f9e20b5e475d1,80065d23f06ca4fd4e33177eb7180f8007e36b8392ef2c09eb78e11ef16ee0f3,jmuben-1490,treino_auxiliar,0,acima_do_limite_da_classe
jmuben,jmuben2,1495,data/raw/jmuben/Miner/1 (10072).jpg,6,bicho_mineiro,128,128,b4ac8b9d7287f63b7a9e79ad6d9e26efe249d78137a93c559d3775b8c3adce97,80025d23f06ca4fd4e33177eb7182f8007e36b8392cf2c19ef78e01ef16ee0f3,jmuben-1490,treino_auxiliar,0,acima_do_limite_da_classe
jmuben,jmuben2,1496,data/raw/jmuben/Miner/1 (10073).jpg,6,bicho_mineiro,128,128,d3637b36be4f4234bfe8119449d62f1c4d996be26c8bfb8b81704f995ec86551,80035983f022b0ecb07d6827527fb41c7dcc947c6d3acb72e2ce31e79a7166f1,jmuben-1496,treino_auxiliar,0,acima_do_limite_da_classe
jmuben,jmuben2,1497,data/raw/jmuben/Miner/1 (10074).jpg,6,bicho_mineiro,128,128,21e842cf0b124fea01d5a914fc7c33b545fedabddcd7767413331d96c32cd0ba,80035987f122b0ecb07d6827527fb41e7dcc947c643acb72e2ce31c79a7164f9,jmuben-1496,treino_auxiliar,0,acima_do_limite_da_classe
jmuben,jmuben2,1498,data/raw/jmuben/Miner/1 (10075).jpg,4,bicho_mineiro,128,128,7a42e67f170177d61c8e274b71a1e9080af7118181e01b2156e2ef6bf6aa18f2,80015ec3f01ba2f6278c0b8117c625c1e8f9f023f877b63b6ca9d16b3be31df8,jmuben-1498,treino_auxiliar,0,acima_do_limite_da_classe
jmuben,jmuben2,1499,data/raw/jmuben/Miner/1 (10076).jpg,4,bicho_mineiro,128,128,d427a61ed3d63a41f6a8daded18ceeac5a87c71ea277b9b4d6c2a2f27af2193b,80115e83f03ba6f6278c0b8117c625c1e8f9f023f877b63b6ca9d16b3ae31d78,jmuben-1498,treino_auxiliar,0,acima_do_limite_da_classe
jmuben,jmuben2,1500,data/raw/jmuben/Miner/1 (10077).jpg,4,bicho_mineiro,128,128,7d69e4ed31209371f1d65944ec8d2080a7c29df25b1ac7e6393feb71313c25f5,80015883f024a0ec6e3957bb971c2fc80ff127839bcdb6ae4d38e20ef1cff173,jmuben-1490,treino_auxiliar,0,acima_do_limite_da_classe
jmuben,jmuben2,1501,data/raw/jmuben/Miner/1 (10078).jpg,4,bicho_mineiro,128,128,c6cb443742ca76fc8019a65d064e6ce5daa6901feba517af78b8cf42405d7b0f,80015883f022a0eeec194fbb971c2fcc0ff127839bcdb6a64db8e33e708fb167,jmuben-1490,treino_auxiliar,0,acima_do_limite_da_classe
jmuben,jmuben2,1502,data/raw/jmuben/Miner/1 (10079).jpg,6,bicho_mineiro,128,128,a412931654ce0c941cb7923e218448f09c297a7b6f49f8f2bae73d0b3549cf7a,80375886f036a6ec6e391f80978c2dc549f3e07ff8eeb476652ad35630c31d51,jmuben-1498,treino_auxiliar,0,acima_do_limite_da_classe
jmuben,jmuben2,1503,data/raw/jmuben/Miner/1 (10080).jpg,6,bicho_mineiro,128,128,97580ad2eaf6081aef13461fd8637d50ca4df91e43886862a18f6d9e2ad6f3b0,80375886f036a6ec4e391f80958c2dc749f3e07ff8eeb4726d2ad3463ac31d51,jmuben-1498,treino_auxiliar,0,acima_do_limite_da_classe
jmuben,jmuben2,1504,data/raw/jmuben/Miner/1 (10081).jpg,6,bicho_mineiro,128,128,2d3a7a14c32ecfbf5bed75967c645d0aa25e829bb11ae8af7af60e09e855a6db,80025d83b426a4fe4f1b17bfa5c429e3f023f846f42e6d32f35730c79b712e94,jmuben-1490,treino_auxiliar,0,acima_do_limite_da_classe
jmuben,jmuben2,1505,data/raw/jmuben/Miner/1 (10082).jpg,6,bicho_mineiro,128,128,4f0fdfc1bd2e03a6849c8b3d5f995ce85abbac08ab46dc4e415573da354a6df4,80025d82b426a4fe4f1b17bfa5c429e2f033f846f42e6d3af35730c79b712ed0,jmuben-1490,treino_auxiliar,0,acima_do_limite_da_classe
jmuben,jmuben2,1506,data/raw/jmuben/Miner/1 (10083).jpg,6,bicho_mineiro,128,128,a76968793e0348f99ea3e4b0560e5ec398dae3fd19a0d9a4ea826a7786c1549f,80035887f027a0ecec7d4a37d77eb61c0fd807314f939bd736c71db10e181f8c,jmuben-1506,treino_auxiliar,0,acima_do_limite_da_classe
jmuben,jmuben2,1507,data/raw/jmuben/Miner/1 (10084).jpg,6,bicho_mineiro,128,128,6a01a4e24e34b4196d187c114de1aa0dc2f0d4f08a4e60d5ccefc548cea35280,80035887f027a0ecec7d4a37d77eb61c0fd807314f939bd536c71db10e381f8c,jmuben-1506,treino_auxiliar,0,acima_do_limite_da_classe
jmuben,jmuben2,1508,data/raw/jmuben/Miner/1 (10085).jpg,6,bicho_mineiro,128,128,ace53cd36886d2a9ebf6413916ee2fb28a40f8dfeadc2928cb6a9bd7c45cdb11,92177296a3e41ff83f005b8fe0bf78e5c4c0a339198f1e063c3945ece1e6c873,jmuben-1508,treino_auxiliar,0,grupo_ja_representado
jmuben,jmuben2,1509,data/raw/jmuben/Miner/1 (10086).jpg,6,bicho_mineiro,128,128,40cb3b57731c7a674c70d1658f346ce0bba58c133515cac33a80be44a1eff543,92177296a3e41ff83f005b8fe0bf78e5c4c0a339198f1e063c3945ece1e6c873,jmuben-1508,treino_auxiliar,0,grupo_ja_representado
jmuben,jmuben2,1510,data/raw/jmuben/Miner/1 (10087).jpg,6,bicho_mineiro,128,128,2f471bc0a99b79ac2438032ea4b89035be0e7b782b3fb67e4800a2ee11988690,919d299de56e556a3a8542e7f8053d4d85577ad2169b54b54e055bc186daad16,jmuben-1510,treino_auxiliar,0,acima_do_limite_da_classe
jmuben,jmuben2,1511,data/raw/jmuben/Miner/1 (10088).jpg,6,bicho_mineiro,128,128,fadd8b99da4bc53aaafbdfc9444dbbc6ae08350dc2f390638768e022aaa44159,919d299de56e556a3a8542eff0053d4d85557a52069b14b54e255bc196dbbd16,jmuben-1510,treino_auxiliar,0,acima_do_limite_da_classe
jmuben,jmuben2,1512,data/raw/jmuben/Miner/1 (10089).jpg,6,bicho_mineiro,128,128,fb3c176716af61a4f32eda5bade1fc04f46247cba8fc772dd557ffbb9fe1d3f5,8904a4fbf2015e26e863bf90b47f97e6b478138bc2380e6171de5f18c1f32f0e,jmuben-1512,treino_auxiliar,0,acima_do_limite_da_classe
jmuben,jmuben2,1513,data/raw/jmuben/Miner/1 (10090).jpg,6,bicho_mineiro,128,128,062dc3f0c3fd6b2bb6c5549b7cebb5c97c720a046435389b61d814eb1c3cc2cc,8b045b05f209a1d9e863406fa47f6819b470ec74c2b8f19e71dea0e7c1f3d3f1,jmuben-1513,treino_auxiliar,0,acima_do_limite_da_classe
jmuben,jmuben2,1514,data/raw/jmuben/Miner/1 (10091).jpg,6,bicho_mineiro,128,128,9ceeeeeb1b939406faf01e49575d92962244436458c367a68761e92dd6b63e5b,85915881f00290feec1f43af95cf2fe40ff825c319e03e284538e35ff887f07b,jmuben-1490,treino_auxiliar,0,acima_do_limite_da_classe
jmuben,jmuben2,1515,data/raw/jmuben/Miner/1 (10092).jpg,6,bicho_mineiro,128,128,8aa7517f5a0398332fe7cfa91b1de5cc95307e7afd64ee4fe84453ac0a563416,85915891f00290feec1f43af95cf2fe047f8a1c3186236384538e15ff8c7f87b,jmuben-1490,treino_auxiliar,0,acima_do_limite_da_classe
jmuben,jmuben2,1516,data/raw/jmuben/Miner/1 (10093).jpg,6,bicho_mineiro,128,128,afb83f51253f4a8734a8b9aeee67ecb0a50bbdf62820219d8ca28a29b63a0c52,81915891f02680fe4e1f17efbfcc0ff0c3f36942b8386538e15ef0c7f871e058,jmuben-1490,treino_auxiliar,0,acima_do_limite_da_classe
jmuben,jmuben2,1517,data/raw/jmuben/Miner/1 (10094).jpg,6,bicho_mineiro,128,128,e431e57bf2e7a920200371616d7f49e2109e6b7a845392d5a5c4a95b769df091,81915893f02680fe4e1f17efbfcc0fe0c3f36942b8386438e15ef0c7f871e078,jmuben-1490,treino_auxiliar,0,acima_do_limite_da_classe
jmuben,jmuben2,1518,data/raw/jmuben/Miner/1 (10095).jpg,6,bicho_mineiro,128,128,88e7d30e9bbae9429e5f349670016180055422572720e2ae41c1b66a6e0879f1,919d29dda546d52a3a4a46bae2b27aad056dbc75af6b3359a45aad16292d9209,jmuben-1518,treino_auxiliar,0,grupo_ja_representado
jmuben,jmuben2,1519,data/raw/jmuben/Miner/1 (10096).jpg,6,bicho_mineiro,128,128,e5581f81f88624960e1b9481919fcdb7a9547642830219a7c8e9d03037e22c0f,91d529dda566d52a3a4a46bae2b27aad856dbc75af4b315ba41aad16292d5209,jmuben-1518,treino_auxiliar,1,
jmuben,jmuben2,1520,data/raw/jmuben/Miner/1 (10117).jpg,8,bicho_mineiro,128,128,f91f283b9a9dfd9bb710f83734dbb3ea26a616bd05b6e86190b44775b7582d30,aec61a3f8ca1ecf567dc2b4f93445da57472a792430b68f7b2319558cb8e00c6,jmuben-1520,treino_auxiliar,0,grupo_ja_representado
jmuben,jmuben2,1521,data/raw/jmuben/Miner/1 (10118).jpg,8,bicho_mineiro,128,128,eac22322a5b4830a3ff57f3b080f1b1ae838fa673ff83993e84a43e1b343c066,aece1a3f8ca1ecf567dc2b4e934455a57472a792430b68f7b2359558cb8e00c6,jmuben-1520,treino_auxiliar,0,grupo_ja_representado
jmuben,jmuben2,1522,data/raw/jmuben/Miner/1 (10119).jpg,8,bicho_mineiro,128,128,1051be4995dbe238b845c1e4a59625d637ca0e1c9e5a004f71427eceab42a595,98cb76a87698dae9835e371b6273cb8c9f118cd12f8d669cccf08fc621c66072,jmuben-1522,treino_auxiliar,0,acima_do_limite_da_classe
jmuben,jmuben2,1523,data/raw/jmuben/Miner/1 (10120).jpg,8,bicho_mineiro,128,128,9c8d2194bc50a8e61cf3e6e09140d908cc906a4a1daa60858a4205cd8e892be9,98cb76aa769bdac9835e371b62f3c3889e118cd12f8c469cccf0afce21c66072,jmuben-1522,treino_auxiliar,0,acima_do_limite_da_classe
jmuben,jmuben2,1524,data/raw/jmuben/Miner/1 (10121).jpg,8,bicho_mineiro,128,128,74f2b1c8b43d0cec9c56db3177e2a1a6257060436f493ffb28f6d7e23f66d42c,8f8e78fc71e29b8e32c14ab1c4d88d9c63803333c673dcc839dc2671647399f3,jmuben-1524,treino_auxiliar,0,grupo_ja_representado
jmuben,jmuben2,1525,data/raw/jmuben/Miner/1 (10122).jpg,8,bicho_mineiro,128,128,7f45fce1c1ec8dac23468dc6035ec9220d4bdb343feee0ab742a79616e144018,8f0e78fc73e29b1e32c14ab1c4d88d9c63803323c673dcc819dce673647399e3,jmuben-1524,treino_auxiliar,0,grupo_ja_representado
jmuben,jmuben2,1526,data/raw/jmuben/Miner/1 (10123).jpg,8,bicho_mineiro,128,128,eb8e7e5af07636cf7067549d5f128f04397248dc9ee6fe5c162c65e665d5445a,939866b7ee36cb5707702d34c18d8d353dc06bcaf06adbe2387a227bcc978811,jmuben-1526,treino_auxiliar,0,grupo_ja_representado
jmuben,jmuben2,1527,data/raw/jmuben/Miner/1 (10124).jpg,8,bicho_mineiro,128,128,b508f7a54b77a6d41a1cb4ded042b86380b08f387b469c9098ad0aa53144a819,93986637ee36cb5607702d34c18d8d357dc06bcad06adbe2387a627bcc978c11,jmuben-1526,treino_auxiliar,0,grupo_ja_representado
jmuben,jmuben2,1528,data/raw/jmuben/Miner/1 (10125).jpg,8,bicho_mineiro,128,128,3369b3bc7a364da7b4f6e7e8db042b5b016916b3c928cf0f1a5731ceffe1433f,99cc73986e33c490920001cce4f05f9665b2f5fe9977d20e224d760971f86bbf,jmuben-1528,treino_auxiliar,0,acima_do_limite_da_classe
jmuben,jmuben2,1529,data/raw/jmuben/Miner/1 (10126).jpg,8,bicho_mineiro,128,128,440353bf8641cfe76bf261ec7fbd04e92c5926527e7e8817cc4c141f0511b3da,99cc73986e33c490920001ece4f05f9665b2f5fa997fd20f324d760961f8693f,jmuben-1528,treino_auxiliar,0,acima_do_limite_da_classe
jmuben,jmuben2,1530,data/raw/jmuben/Miner/1 (10133).jpg,8,bicho_mineiro,128,128,e3989c27ec0d01e20d02b4ebdc4f00eb96cae2d0431c5dcef42922e6d68aa4a1,8a0e4ebf0e4eb1a8d5f96918227472c5f133f17f0f59e6143cedcdabcc023054,jmuben-1530,treino_auxiliar,0,grupo_ja_representado
jmuben,jmuben2,1531,data/raw/jmuben/Miner/1 (10134).jpg,8,bicho_mineiro,128,128,3efc94f60415961af4726230927723bb7804597603e0f699f91d42463138de64,8a0e46b70e4fb1a8d5f86998227672c5f1b3717b0f59e7163ce4cdabc40a3056,jmuben-1530,treino_auxiliar,1,
jmuben,jmuben2,1532,data/raw/jmuben/Miner/1 (10135).jpg,8,bicho_mineiro,128,128,314a4c8414cb54f6a5c1a5b8251b026259b1e15867c93a1de5f9b7f71be9eead,83e66b064a0313f9b07ca7044cab83a3f61e55f8658db73b664328fcbc937e06,jmuben-1532,treino_auxiliar,0,acima_do_limite_da_classe
jmuben,jmuben2,1533,data/raw/jmuben/Miner/1 (10136).jpg,8,bicho_mineiro,128,128,ad8bc1a757a7e48f4d1c840f912becb829792ab77b7625aad8ac5cca145b4fd6,83e66b064a0313f9b07ca7044cabc3a3f61e55e8259db73b664328febc137e06,jmuben-1532,treino_auxiliar,0,acima_do_limite_da_classe
jmuben,jmuben2,1534,data/raw/jmuben/Miner/1 (10137).jpg,8,bicho_mineiro,128,128,a4ca69c761dd1db71059b08172583177dade624be9dd77adcf88cfa493c35e01,81e26b224bdd101eb41e87a548f9b381d4ef25f4b7110e73acd79f916b6680bc,jmuben-1534,treino_auxiliar,0,acima_do_limite_da_classe
jmuben,jmuben2,1535,data/raw/jmuben/Miner/1 (10138).jpg,8,bicho_mineiro,128,128,94945e2a21799a49313723e674874c581294d462d964d1b3eab3663030a5e16f,81e26b225bfd301eb41e87a548f8b381d4ef25f4b7110e73a8d79f916b2680bc,jmuben-1534,treino_auxiliar,0,acima_do_limite_da_classe
jmuben,jmuben2,1536,data/raw/jmuben/Miner/1 (10139).jpg,8,bicho_mineiro,128,128,205ade5163666f6288b438d271290c0b456b34c5291cf4fdd4f47867074932c8,8b531a5bcaf2ec1af695ea69313327821e50c5ad1fd1677acb19d5f0261ac08d,jmuben-1536,treino_auxiliar,0,grupo_ja_representado
jmuben,jmuben2,1537,data/raw/jmuben/Miner/1 (10140).jpg,8,bicho_mineiro,128,128,5a1c827a313e5bed4ba9c91e9d0056bbd101883b26f49f3ac429f5452af180e8,8b531a5bcaf2ec1af691ea6d313323821e50c5ad1fd1277acb19d5f4263ac08d,jmuben-1536,treino_auxiliar,1,
jmuben,jmuben2,1538,data/raw/jmuben/Miner/1 (10141).jpg,8,bicho_mineiro,128,128,353712929ea9ebcda1bf9eb4e1fbce70ccab44cefd196e12d373be990502f7d8,81cc5a0c1bcc2dc4ae27b4b1bd391a5b18b3eb4a325adca513eb2f122b4569ef,jmuben-1538,treino_auxiliar,0,acima_do_limite_da_classe
jmuben,jmuben2,1539,data/raw/jmuben/Miner/1 (10142).jpg,8,bicho_mineiro,128,128,eed99bb331bfbfccb194bd2cd85d575ab582d408910df02b0dc3b207e65af156,81cc5a0c1bcc2dc4ae27b4b1bd381a5b18b3eb4a325bdca513e92f122b4d69ef,jmuben-1538,treino_auxiliar,0,acima_do_limite_da_classe
jmuben,jmuben2,1540,data/raw/jmuben/Miner/1 (10173).jpg,8,bicho_mineiro,86,256,7b76dc9528db583c983286c980e07876f1d3dedbf9782ed52e458dd57c00ff22,80665b0b1bb14784f0d83c8bc66c3b0fc1c933668d73760ccba6b3b3c998b36f,jmuben-1540,treino_auxiliar,0,grupo_ja_representado
jmuben,jmuben2,1541,data/raw/jmuben/Miner/1 (10174).jpg,8,bicho_mineiro,128,128,4b92d998cb58f6047197930f9dc35ef5841c9da753deca5cf43361416dedfe63,876a30f490d46d397b394a8ceda537738b1235add24d6d5bc7293135da823073,jmuben-1541,treino_auxiliar,0,grupo_ja_representado
jmuben,jmuben2,1542,data/raw/jmuben/Miner/1 (10175).jpg,8,bicho_mineiro,128,128,0a449181da41a83e6f585f9f8902dced7d0799d31348fb6f1bd89b5e2db561b7,83376e36871b719bd58fa583a97b1a2b2d862b53ca59b2949e28d2cf74944724,jmuben-1542,treino_auxiliar,0,acima_do_limite_da_classe
jmuben,jmuben2,1543,data/raw/jmuben/Miner/1 (10176).jpg,8,bicho_mineiro,128,128,a327b565d51c9fc51589fa9e2e803b06a1717bc7addfc1a33a7bf66686631217,83336e36871b719bd58fb5c3a97b1a2b2d862b53ca59b2948e28d2cf74944724,jmuben-1542,treino_auxiliar,0,acima_do_limite_da_classe
jmuben,jmuben2,1544,data/raw/jmuben/Miner/1 (10177).jpg,8,bicho_mineiro,111,256,fb42014a35f1387f41366f3af8164b369a3effcafd9adbcc57f958cc4c15d4ca,84316bc464d6e662b82c09b7f08b4ccce23369e5f03ecf99c2a570f1f40e76e3,jmuben-1544,treino_auxiliar,0,grupo_ja_representado
jmuben,jmuben2,1545,data/raw/jmuben/Miner/1 (10178).jpg,8,bicho_mineiro,128,128,6163cca1ee292c09c069db99ca62354ff7d8790cc5779292250fca09c21d842a,8d9a75d8909b4e7e6716696b34a906dc39cb12e539b4691bce499684e64e3369,jmuben-1545,treino_auxiliar,0,acima_do_limite_da_classe
jmuben,jmuben2,1546,data/raw/jmuben/Miner/1 (10179).jpg,8,bicho_mineiro,128,128,487e23b2772d8854c8b914bd9611c3730d97e3d15f62182abe1fc7e061f6c5cb,826c7c6c8e66533251b8b50fad42d27eb51f294c0a56e2b729a58a57b29ea9b5,jmuben-1546,treino_auxiliar,0,grupo_ja_representado
jmuben,jmuben2,1547,data/raw/jmuben/Miner/1 (10180).jpg,8,bicho_mineiro,128,128,ac7a7be0dc7d61e6d9e5f86d4eacc14a8800542ad994a43a8a538afed2aeed46,826c7c6c8e66533251b8b50fad42d07eb51f294c0a76c2f729a58a57b29ea9b5,jmuben-1546,treino_auxiliar,1,
jmuben,jmuben2,1548,data/raw/jmuben/Miner/1 (10181).jpg,8,bicho_mineiro,128,128,0bfbdc1afeb3e42eab3cbab9d590c52aa103c3be88707cdbcc3703bac8813bf0,8399771983ce78c792e3b7f0ad3e2b4336e2473a5a4256d34c95e8ad24e88d34,jmuben-1548,treino_auxiliar,0,acima_do_limite_da_classe
jmuben,jmuben2,1549,data/raw/jmuben/Miner/1 (10182).jpg,8,bicho_mineiro,128,128,1bdd5743c2de19337fec13e3c902719e77e388565af9f29839e831fe724f2d87,8399771983cc78c792e3b7f0ad3e2b4336e2473a5b4256d34e93e8ab24e88534,jmuben-1548,treino_auxiliar,0,acima_do_limite_da_classe
jmuben,jmuben2,1550,data/raw/jmuben/Miner/1 (10193).jpg,8,bicho_mineiro,113,256,67ab3a5dd0d2656a53f54ad09a01d4a3e86f793bc842734fd758c6684b573c5d,86631989a61c4e949fd1db9d93e1363674c64898d2b33d2b0d7ee9445bca10bf,jmuben-1550,treino_auxiliar,0,acima_do_limite_da_classe
jmuben,jmuben2,1551,data/raw/jmuben/Miner/1 (10194).jpg,8,bicho_mineiro,128,128,95ef0b9670e139a6a7548ccf752100f73cc7b3d66a279e92cd62ad5393ee49a8,96363383c6789e8c791360fe0f91ba153313ef766dd2b2498f090562f507ec56,jmuben-1551,treino_auxiliar,0,acima_do_limite_da_classe
jmuben,jmuben2,1552,data/raw/jmuben/Miner/1 (10195).jpg,8,bicho_mineiro,128,128,061f37b7d7fb95a1242fb5e08897c213619d22c4b8b51f2065ecb6b68c8c7319,912926e6d9ccb3395690b50f9276b66d129155f168f44138cb3e793dab1b3a58,jmuben-1552,treino_auxiliar,0,acima_do_limite_da_classe
jmuben,jmuben2,1553,data/raw/jmuben/Miner/1 (10196).jpg,8,bicho_mineiro,128,128,f31d2a123583e15a0a533cd91d417a5806d635ccff00aca8955f8cc43964f56b,912926e6d8ccb3395690b50f9276b66d129155e16ad44138cb3e793deb5b3a58,jmuben-1552,treino_auxiliar,0,acima_do_limite_da_classe
jmuben,jmuben2,1554,data/raw/jmuben/Miner/1 (10197).jpg,8,bicho_mineiro,128,128,6ff79d4cf45212808ee5312e6c24c83bdcd879a0f1d32ead9b7844b3cc7b24df,899427c3c9ee91907a5b5ac4a5924b616c5ac98d64d1ddbc23fed996b34b1896,jmuben-1554,treino_auxiliar,0,acima_do_limite_da_classe
jmuben,jmuben2,1555,data/raw/jmuben/Miner/1 (10198).jpg,8,bicho_mineiro,128,128,d17f98d7e239ff33f9ded0219dfd85c3b649ac6b171c7f671ea81c9d3f76a99b,899427c3c9ee91907a5b5a86a5924b616c4ac98d64d1ddbc23fed996b74b1896,jmuben-1554,treino_auxiliar,0,acima_do_limite_da_classe
jmuben,jmuben2,1556,data/raw/jmuben/Miner/1 (10199).jpg,8,bicho_mineiro,128,128,0212a8456e332b2140c7fa5b6e3e3de5613eea71f36f894c05888b5f6c46cbbd,9391d284c8406b5a69a89d694fa0cc25cbb79cb69cb5ca37cd82fe92924689ff,jmuben-1556,treino_auxiliar,0,acima_do_limite_da_classe
jmuben,jmuben2,1557,data/raw/jmuben/Miner/1 (10200).jpg,8,bicho_mineiro,128,128,273c236aff81180098e86662016c53d075da46f47d1c5b6e516a55541e736555,9391d284c8406b5a69a89d694fa2cc2d89b79cb69cb5c237cd82fe929242cbff,jmuben-1556,treino_auxiliar,0,acima_do_limite_da_classe
jmuben,jmuben2,1558,data/raw/jmuben/Miner/1 (10201).jpg,8,bicho_mineiro,128,128,42fd56ae0a46eacf51a7645475ae990d8dc8d998c79656f9cdd68bccd127f16b,90c6371626fcecc64cc7199a9981e177eb114bcc3a0aa7b9e5df374b12a5a21c,jmuben-1558,treino_auxiliar,0,grupo_ja_representado
jmuben,jmuben2,1559,data/raw/jmuben/Miner/1 (10202).jpg,8,bicho_mineiro,128,128,ff8d713bed179a44fd95e3d88636f277d32afaccde9d82f8df8d2edff8812b0d,90e6371626fcecc64cc7199a9981e177eb104bcc3a0aa7b9e59f3f4b12b5821c,jmuben-1558,treino_auxiliar,0,grupo_ja_representado
jmuben,jmuben2,1560,data/raw/jmuben/Miner/1 (10203).jpg,8,bicho_mineiro,128,128,5d17a86e93c90c4f90cad2e17a6d1b39d6bd2d6901c98432021bcde541c725d7,aee6919bb6c46ee8a4d1c9399b33b3f7b4fecf2453e0380dc6c374b893030160,jmuben-1560,treino_auxiliar,0,grupo_ja_representado
jmuben,jmuben2,1561,data/raw/jmuben/Miner/1 (10204).jpg,8,bicho_mineiro,128,128,2af8f603b7b1dc7b8c168ed9902d90621ce35e0aa31f1b3a735f926a4eea0ddb,aee69199b6c66ee8a4d1c9399b33b3f7b4ffcf2443e0380dc6c374b893030160,jmuben-1560,treino_auxiliar,1,
jmuben,jmuben2,1562,data/raw/jmuben/Miner/1 (10205).jpg,8,bicho_mineiro,128,128,66d810618fc35ee69a0931770a85b72651fd282b2cd39c00d0b37a3355604c4a,88865cc67cf08661e603511be4f03b63a07f7d324f287f963847f2d37d4a51e4,jmuben-1562,treino_auxiliar,0,acima_do_limite_da_classe
jmuben,jmuben2,1563,data/raw/jmuben/Miner/1 (10206).jpg,8,bicho_mineiro,128,128,39b23fcc3828d177b91793279c70da58358791be53c3616ca5d6f3afada2ae11,88865c467cf08661e6035119e4e03b63a07f7d324f383f963867f2d37d4a91f5,jmuben-1562,treino_auxiliar,0,acima_do_limite_da_classe
jmuben,jmuben2,1564,data/raw/jmuben/Miner/1 (10207).jpg,8,bicho_mineiro,128,128,9f1bbe499772027489e84435e1f49e4b33cee6598d3829dc7457dc9a4ee6583e,88670ccf7c674ed88567e61f183d429cc6612bb72338f5e67432c231731c3c37,jmuben-1564,treino_auxiliar,0,acima_do_limite_da_classe
jmuben,jmuben2,1565,data/raw/jmuben/Miner/1 (10208).jpg,8,bicho_mineiro,128,128,a0d4e57c0692c4238e04d09864bebb235c9fb639a17653deb189ff2f6fc2cf7e,88670ccf7c674ed88567e61f183d429cc6612bb72238d5e67432c633731c3c37,jmuben-1564,treino_auxiliar,0,acima_do_limite_da_classe
jmuben,jmuben2,1566,data/raw/jmuben/Miner/1 (10209).jpg,8,bicho_mineiro,128,128,9fcaaf3291097769eca9a57b39b7e5e841b128f53c5756df5f374d46e45ae3a0,98e02732f673379c2c5727456741e3cfe0d270b32c953d8d1e2f5aa98b83239a,jmuben-1566,treino_auxiliar,0,grupo_ja_representado
jmuben,jmuben2,1567,data/raw/jmuben/Miner/1 (10210).jpg,8,bicho_mineiro,128,128,5aac3ce84dff1b613585f1d270cb8d9dfd1ccc07caa7b2f9d01e69c8e8b80d71,98e02732f673379c2c5727456741e3cfe0d270b32c953d8d1e2f5aa98b83239a,jmuben-1566,treino_auxiliar,0,grupo_ja_representado
jmuben,jmuben2,1568,data/raw/jmuben/Miner/1 (10211).jpg,8,bicho_mineiro,128,128,ff69912d268b6cd09c8aad7fc6ff8174849d0ba012b987b33164257646d1a028,8c037e0eb38e39817c61a721620662f21ddb1fe78b419073f4186d44fdf5cdf8,jmuben-1568,treino_auxiliar,0,grupo_ja_representado
jmuben,jmuben2,1569,data/raw/jmuben/Miner/1 (10212).jpg,8,bicho_mineiro,128,128,25231ccf8d2842325905d2ea4189deaba811579022efdd5f7059c57134739d34,8c037e0eb38e39817c61a721620622f21dfb1fe18b4190fbf4586d64ddf5c5f8,jmuben-1568,treino_auxiliar,0,grupo_ja_representado
jmuben,jmuben2,1570,data/raw/jmuben/Miner/1 (10217).jpg,8,bicho_mineiro,128,128,052ccfa980ab73e729d5c07c75672a8190aff1020f3c828358179778ccbc2e08,825928ad4b61daa3d8a6b7a93da3c92fcbfad20a30da76905512cbe4ab15327d,jmuben-1570,treino_auxiliar,0,acima_do_limite_da_classe
jmuben,jmuben2,1571,data/raw/jmuben/Miner/1 (10218).jpg,8,bicho_mineiro,128,128,799248002e16ef49b972442ce66a9e0b2ae1b86221b040c2341b337a1637f4a5,825928ad4b61daa3d8a6b7a93dabc92ecbfad60a30da769055138b64ab1d325d,jmuben-1570,treino_auxiliar,0,acima_do_limite_da_classe
jmuben,jmuben2,1572,data/raw/jmuben/Miner/1 (10219).jpg,8,bicho_mineiro,128,128,871c1459bf09e671ebaa6c8c28b26b08a4bb02e6772b3306b50429ec7d120ba1,965536c54ed1d031273c8af1f0c61ef35382c4bab84a27e6e926cf5959cc633c,jmuben-1572,treino_auxiliar,0,acima_do_limite_da_classe
jmuben,jmuben2,1573,data/raw/jmuben/Miner/1 (10220).jpg,8,bicho_mineiro,128,128,5f66491a746bd7e83d81ad8c0820983005745463c7c5be427afdeaae418bc7e1,961d36c54ed1d031273c8af9f0c61ef35382c4bab84a27e6e926cf5919cc633c,jmuben-1572,treino_auxiliar,0,acima_do_limite_da_classe
jmuben,jmuben2,1574,data/raw/jmuben/Miner/1 (10229).jpg,8,bicho_mineiro,128,128,615273586259ce808268f33f2cde98b7e5c34083ae5dc21619dca504e72f14e2,a40b2aadc5aad7c83576ad06d97e1b458255ee913da6036be04f1f8a83b3e835,jmuben-1574,treino_auxiliar,0,grupo_ja_representado
jmuben,jmuben2,1575,data/raw/jmuben/Miner/1 (10230).jpg,8,bicho_mineiro,128,128,23a2e226f4022da14dc92a38c36bc4e8e11428aa81f95a10222ec70e5ab82c02,a40b2aadc1aad7cc3576ad06dd5e1b658255ee913da6037be06e1eca1393e035,jmuben-1574,treino_auxiliar,0,grupo_ja_representado
jmuben,jmuben2,1576,data/raw/jmuben/Miner/1 (10231).jpg,8,bicho_mineiro,128,128,ca5130938e39807f6381f219a4ab565f7dae5dc911e3b565e68103873e497b3b,916835b22e0d8d1ffdb66125486be65a0bf10787b21cfc36e7d803e6f091c0ed,jmuben-1576,treino_auxiliar,0,acima_do_limite_da_classe
jmuben,jmuben2,1577,data/raw/jmuben/Miner/1 (10232).jpg,8,bicho_mineiro,128,128,f3bfdc2397542e5ec11e557fe2325f1218c846b149b202cbb8843c5cb9dae4c3,916835b22e0d8d1ffdb66125486be65a0bf10787b21dfc36e7d803e6b091c0ed,jmuben-1576,treino_auxiliar,0,acima_do_limite_da_classe
jmuben,jmuben2,1578,data/raw/jmuben/Miner/1 (10233).jpg,8,bicho_mineiro,128,128,c59316becb6deedad445fe61a470ebe23b81d6b4b405503145aa129cfcd74cd3,9295d6b56c3664977a50ddaac8a91c5a0fccf1c2f059065e1ee08bd5e585fc2a,jmuben-1578,treino_auxiliar,0,grupo_ja_representado
jmuben,jmuben2,1579,data/raw/jmuben/Miner/1 (10234).jpg,8,bicho_mineiro,128,128,582e9272bc6400fbde632210b0003d190242cdc6c6e4a79a476a874ed37b7862,9285d6b56c3664877a50ddaac8a91c5a0f8ef3c2f059065e1eca8bd4e1c5fc2b,jmuben-1578,treino_auxiliar,0,grupo_ja_representado
jmuben,jmuben2,1580,data/raw/jmuben/Miner/1 (10235).jpg,8,bicho_mineiro,128,128,5a7f0925a00d0182e89ab37be933543d3eb0787de7f04c51f61baaa0e20ef16b,916835b26e3c8d3fe9a46125c8cbf64a1b970e1ef058f9e007c90327d09ddfe8,jmuben-1576,treino_auxiliar,0,acima_do_limite_da_classe
jmuben,jmuben2,1581,data/raw/jmuben/Miner/1 (10236).jpg,8,bicho_mineiro,128,128,35d6598ec33030e1295c34394d74e9cead1377be0f716d7fbabb5ace6b2eebd0,916835b26e3c8d3fe9a66125c8cbf64a1b970e1ef058f9e007c90327d09ddde8,jmuben-1576,treino_auxiliar,0,acima_do_limite_da_classe
jmuben,jmuben2,1582,data/raw/jmuben/Miner/1 (10237).jpg,8,bicho_mineiro,128,128,38bff6eeac48410b23832b178e1025a45bb66e668581655c1a44868de03aa8d1,843d40a773e15b5adbc768d26ce05973a34bac2910a756bc54f7a5d491b8587a,jmuben-1582,treino_auxiliar,0,acima_do_limite_da_classe
jmuben,jmuben2,1583,data/raw/jmuben/Miner/1 (10238).jpg,8,bicho_mineiro,128,128,96ab87c52c4a7cefc75a6c763241398e688454a830e7c80d0e147dcd0ae46e74,843d40a773e15b5adbc768d06ce05973a34bac2918a756bc54f7a9d491b8587a,jmuben-1582,treino_auxiliar,0,acima_do_limite_da_classe
jmuben,jmuben2,1584,data/raw/jmuben/Miner/1 (10239).jpg,8,bicho_mineiro,128,128,c462783704319266404ee3e350eaf4656002d36cbf39140d8af71f13b446827c,92d325616c1a9e3cb9593352084decb1f3c20f870616f80dfdf53e7d7c21f442,jmuben-1584,treino_auxiliar,0,acima_do_limite_da_classe
jmuben,jmuben2,1585,data/raw/jmuben/Miner/1 (10240).jpg,8,bicho_mineiro,128,128,17cb34401d610870dc79df2fe4eb37247ac269f15a93089346e64829f24209d1,92d325696c1a9e3cb9592352085de4b1f3c20f870616f85dfdb43e4d7c25f4c2,jmuben-1584,treino_auxiliar,0,acima_do_limite_da_classe
jmuben,jmuben2,1586,data/raw/jmuben/Miner/1 (10241).jpg,8,bicho_mineiro,128,128,2adcd69d2907ffaf51849838373d85a09e8411edb92a607c5e378803d5b7933d,aaaa39b487559caa0ea2c6d1f277b8145e029e322fdcc99a48d31d634799a35f,jmuben-1586,treino_auxiliar,0,acima_do_limite_da_classe
jmuben,jmuben2,1587,data/raw/jmuben/Miner/1 (10242).jpg,8,bicho_mineiro,128,128,f07a6c6d156f3bd54a012aa5f4fb9efa19a7d653c261700d9515d6667e75b836,aaaa39b487559caa0ea2c6d1f277b8165e029e322fdcc99a48d11d634799a75d,jmuben-1586,treino_auxiliar,0,acima_do_limite_da_classe
jmuben,jmuben2,1588,data/raw/jmuben/Miner/1 (10253).jpg,8,bicho_mineiro,101,256,43d2fbf135fcb70c96555c15b2069f7f0eb3d2f9a0df0e3137b60f693e3e2839,987563e6e0a686450789779cf98c98cd707d38aeccc3f2f110e144ec7c279c73,jmuben-1588,treino_auxiliar,0,grupo_ja_representado
jmuben,jmuben2,1589,data/raw/jmuben/Miner/1 (10254).jpg,8,bicho_mineiro,128,128,1b5b7e987e36b70f94687e845ec299b918d1b979cd7220891b451ab739aceaff,87d97e7bd447c744399a7d3d9d0c89e831dc1e86cfb101c6204bcca707fc8319,jmuben-1589,treino_auxiliar,0,acima_do_limite_da_classe
jmuben,jmuben2,1590,data/raw/jmuben/Miner/1 (10255).jpg,8,bicho_mineiro,128,128,ffceeb797776a7ca76d9f11820da02b52dfdc08f46307d9d38dff43332e999ae,9e3f7878c1e503c033c17a8f8f0f4a0037e0fa1c89555d78fc0b8fe77478c3a4,jmuben-1590,treino_auxiliar,0,grupo_ja_representado
jmuben,jmuben2,1591,data/raw/jmuben/Miner/1 (10256).jpg,8,bicho_mineiro,128,128,3f19af53644a77a07018e5a0f78566406196160ce1c43dee9ee38d36060c388e,9e3f7878c1e403c433c17a8f8f0f4a0037e0fa1c89555d38fc0b8fef7468d3a4,jmuben-1590,treino_auxiliar,0,grupo_ja_representado
jmuben,jmuben2,1592,data/raw/jmuben/Miner/1 (10257).jpg,8,bicho_mineiro,128,128,e2e7b47f53e0ce169af9cea5a3fb33d9ca64dfe41a13d3f168fb32dc617441c1,b9e5c7008cfc6451d04c37486e00d3b4b4126fe7f1db86bddb476423add49b0b,jmuben-1592,treino_auxiliar,1,
jmuben,jmuben2,1593,data/raw/jmuben/Miner/1 (10258).jpg,8,bicho_mineiro,128,128,f41be08a9fed0a8d8e706030c671ab34895ebd8334158a23b1e24aed09406da7,b9e538fe8cfc9b2ad04cc8976e022c4bb4129018f1db7942db479bd4add464f4,jmuben-1593,treino_auxiliar,0,acima_do_limite_da_classe
jmuben,jmuben2,1594,data/raw/jmuben/Miner/1 (10259).jpg,8,bicho_mineiro,80,256,7f388f5cca6f7da869bfb9ea7da2b199d99f78426ba7057724c5216bdc075cc9,9180419f6421e21da10ec780cfce5e9e1c543f386b6b6333e6f1b4f51cce5e66,jmuben-1594,treino_auxiliar,0,acima_do_limite_da_classe
jmuben,jmuben2,1595,data/raw/jmuben/Miner/1 (10260).jpg,8,bicho_mineiro,128,128,a3777d593a121b8285aad739658813ed8bfc23326d900222999d2fbe428c140f,8787771f3c78f5b85c0fefc7d781deb8c8e14c103e38da9f8003d081ea84b631,jmuben-1595,treino_auxiliar,0,grupo_ja_representado
jmuben,jmuben2,1596,data/raw/jmuben/Miner/1 (10261).jpg,8,bicho_mineiro,128,128,82d87e61b16f7adb877db484f88238e5010518b05e075edcca40f35716559146,ad265b69d24999b4bda906adf0d054565813de22c7eb98facc49877ae71465a4,jmuben-1596,treino_auxiliar,0,acima_do_limite_da_classe
jmuben,jmuben2,1597,data/raw/jmuben/Miner/1 (10262).jpg,8,bicho_mineiro,128,128,b5a9a330c7ef503794a8fc86cd0ffb4ad42fd43ccfcedb5793db6b59eb1cd658,ad265b69d24999b4bda906adf0d256565813de22c76bb8eacc49877ae7146584,jmuben-1596,treino_auxiliar,0,acima_do_limite_da_classe
jmuben,jmuben2,1598,data/raw/jmuben/Miner/1 (10263).jpg,8,bicho_mineiro,128,128,4aacc3ba597331f099ec747f8cf94d8934e3497b8670029ec873c6ee69f40238,9f037c38d831cc0ea1ff31fc34fef688da2081753e28c9c60da3fe9084bfc097,jmuben-1598,treino_auxiliar,0,grupo_ja_representado
jmuben,jmuben2,1599,data/raw/jmuben/Miner/1 (10264).jpg,8,bicho_mineiro,128,128,9280f42c6d1772ee9473e2329243bbc96ee256cf75a84c733acde8e4fa8b72cd,9f037c38d831cc0ea1ff31fc34fef688da2081773e28c9c40da3fe9084bfc097,jmuben-1598,treino_auxiliar,0,grupo_ja_representado
jmuben,jmuben2,1600,data/raw/jmuben/Miner/1 (10265).jpg,8,bicho_mineiro,128,128,5effe00fb9de5d74fdd15660fb7c68e690567c7aaf999c0756e8ea7f4a5cee7e,9e317c71cc98a5f0710c5e8dcbf3343cd2807870da0e09ff36f843cc7641f9b8,jmuben-1600,treino_auxiliar,1,
jmuben,jmuben2,1601,data/raw/jmuben/Miner/1 (10266).jpg,8,bicho_mineiro,128,128,1ab260430d154fed19ebfb5e4d6ccadc0086dd4e8f17e7eec549c1d4e5ea4bf6,9e317c71cc98a5f0710c5e8dcbf3363cd2807870da0e49ff36f843cc7601f1b8,jmuben-1600,treino_auxiliar,0,grupo_ja_representado
jmuben,jmuben2,1602,data/raw/jmuben/Miner/1 (10267).jpg,8,bicho_mineiro,125,256,0743579424616990edf1685723d7548c62830dca78db3186e654e360a729f02e,acb441f0dbe08d933f0973f74014c36aab6a3965d0a5e664354a16c9cebda6b5,jmuben-1602,treino_auxiliar,1,
jmuben,jmuben2,1603,data/raw/jmuben/Miner/1 (10268).jpg,8,bicho_mineiro,128,128,a82619a904cb2b8bd4ca5fd1e91c4c836a39b76f182770249303fc5ea3ab11f7,9fdc753781c561da74c7d58216737ee3c028bc79c28e4ebc78e3065a98f2d104,jmuben-1603,treino_auxiliar,0,acima_do_limite_da_classe
jmuben,jmuben2,1604,data/raw/jmuben/Miner/1 (10301).jpg,8,bicho_mineiro,82,256,4ba6c72430e1710b0b1c89ead5093a85f0973dc0b6499f4842a4e850efb952df,9ce17598dd33a337d3265266b4445c9c5a4bd673c431e16bf8485ab9b50a9566,jmuben-1604,treino_auxiliar,0,acima_do_limite_da_classe
jmuben,jmuben2,1605,data/raw/jmuben/Miner/1 (10302).jpg,8,bicho_mineiro,128,128,e51b98156cb54a62d9bfe4cbe2c9181abc4be9d8acd1a8b4e0ee2041258d5a15,98c47466e494a94c6add5a9154b69f098f564f92b396b0e9646c5e3a667c01bf,jmuben-1605,treino_auxiliar,0,acima_do_limite_da_classe
jmuben,jmuben2,1606,data/raw/jmuben/Miner/1 (10303).jpg,8,bicho_mineiro,128,128,52faa8e9e98ebdce0f0d86080f7dd9496f0be5dee1b2356de8dcb7f58e0342cc,8d306ac96a99d2240747b099569badb334ec227cbd3795bd7a3d3363261b2e90,jmuben-1606,treino_auxiliar,0,grupo_ja_representado
jmuben,jmuben2,1607,data/raw/jmuben/Miner/1 (10304).jpg,8,bicho_mineiro,128,128,70dcab52363f32eb46c5df8bba8d067541b19f78a55cad1cf66339eda3e16b02,8d306ac96a99d224074fb099569aadb734ec227cad3695bd7a7d3363261b2e84,jmuben-1606,treino_auxiliar,0,grupo_ja_representado
jmuben,jmuben2,1608,data/raw/jmuben/Miner/1 (10305).jpg,8,bicho_mineiro,116,256,38a6f24d68bdcadf3ed7bbcddf06f6c57dab108a07c62bae87f4f07c205a52c4,98887f33f5a6a7369b266266955031932b79da5a5ab2872ac56c4b522b9737a4,jmuben-1608,treino_auxiliar,0,acima_do_limite_da_classe
jmuben,jmuben2,1609,data/raw/jmuben/Miner/1 (10306).jpg,8,bicho_mineiro,128,128,4169acbe573099c9145278c9bf386026c703c874de4d1e52e9fb973f7137532d,91c49b596e763cf6ce43ce11433c87b7f39c53ec01c140cec8d8fca336bd8521,jmuben-1609,treino_auxiliar,0,acima_do_limite_da_classe
jmuben,jmuben2,1610,data/raw/jmuben/Miner/1 (10307).jpg,8,bicho_mineiro,103,256,6198fa01c9a60fc7c8bb7d02cb39de3afd2a7e590a009601b07a91ed5daecdab,999e7f336956ac24996e5a4c84dc85e9227362d3782b1fa6b051bc59ca925aab,jmuben-1610,treino_auxiliar,0,grupo_ja_representado
jmuben,jmuben2,1611,data/raw/jmuben/Miner/1 (10308).jpg,8,bicho_mineiro,128,128,3b8cef5f91b148ff1a191e1dad3b0daa9e99871a49712425aa7c49178e0c7068,909c7b5964dd8d6da751a2594af6fa2b672d50b4b209a50ce58268d91a6fb0eb,jmuben-1611,treino_auxiliar,0,grupo_ja_representado
jmuben,jmuben2,1612,data/raw/jmuben/Miner/1 (10309).jpg,8,bicho_mineiro,89,256,782067aa6a0bf3a1199f4885e0e4c0b26930e0ebb427968eb7fce1d6cee74308,9cf97d8ea539a3915b377266b4c66ace5a69d6b1c431e1636a983aa89522864b,jmuben-1604,treino_auxiliar,0,acima_do_limite_da_classe
jmuben,jmuben2,1613,data/raw/jmuben/Miner/1 (10310).jpg,8,bicho_mineiro,128,128,a5ac8a7b7b06057ad28ef2053c6b6c1104b30734d591037087a568e38a6624ed,8a667466a48c294c6add1ab2f5298f6961d232f4702d6e6d4f9f408cd9a1fbf0,jmuben-1613,treino_auxiliar,0,acima_do_limite_da_classe
jmuben,jmuben2,1614,data/raw/jmuben/Miner/1 (10311).jpg,8,bicho_mineiro,117,256,a48531e39b3a55916ad4ad18489f0481daf7ea497bba77d78cc8dcb3df39d4c4,98cf7f997da3a6139ba3626694f6a5b0234878491a929628d56cce51ead714b6,jmuben-1608,treino_auxiliar,0,acima_do_limite_da_classe
jmuben,jmuben2,1615,data/raw/jmuben/Miner/1 (10312).jpg,8,bicho_mineiro,128,128,5679589bf85b3aee107f7645752adf5ca58edc64e8e7920e623ab1770f410a40,98cc7fece4d48591a14968d97ad710b650f99d2c6dbb8b1a9316b381654c387b,jmuben-1615,treino_auxiliar,0,acima_do_limite_da_classe
jmuben,jmuben2,1616,data/raw/jmuben/Miner/1 (10313).jpg,8,bicho_mineiro,128,128,b9f8ff04abb0f362a5e6324768eebaa842511dd079ecfd795c2097e478992d8f,89cc7abf66ea96c9259b252c694b2b5913d216b48ef7dc326619a359030eb29e,jmuben-1616,treino_auxiliar,0,acima_do_limite_da_classe
jmuben,jmuben2,1617,data/raw/jmuben/Miner/1 (10314).jpg,8,bicho_mineiro,128,128,7a3f6f29c56d5cb23939fbb8d2403c5d4b296613065538ec2be5c0df5237e175,89cc7abf66ee96c90d9b252c68492b5913d216b48ef7dc326619a359530e329e,jmuben-1616,treino_auxiliar,0,acima_do_limite_da_classe
jmuben,jmuben2,1618,data/raw/jmuben/Miner/1 (10315).jpg,8,bicho_mineiro,128,128,e9ccc243c1e3f2961229bf53a85db9ac05fad655ff36677e2668818687d5b3f4,979964ec6844f739cedc319f4233d8d0671d1cce49887e67cce00f18747ebc84,jmuben-1618,treino_auxiliar,0,acima_do_limite_da_classe
jmuben,jmuben2,1619,data/raw/jmuben/Miner/1 (10316).jpg,8,bicho_mineiro,128,128,84dc2013e44540faf23ed265d6d4a33f8f38e6ca4fcec865744426f66e5db56e,99097bbaf4939553297dd8df9a9494a44d69694a521a9f82dce66cf306529698,jmuben-1619,treino_auxiliar,0,acima_do_limite_da_classe
jmuben,jmuben2,1620,data/raw/jmuben/Miner/1 (10317).jpg,8,bicho_mineiro,128,128,2b96b135bc00e9283989a4ec07d6a77eff67f267c4b67bca176dbb5b0207e82b,99c97abbf591b5112971d8139ab4d4a5cc2de94a73ca9bc05c634ceb4758469a,jmuben-1619,treino_auxiliar,0,acima_do_limite_da_classe
jmuben,jmuben2,1621,data/raw/jmuben/Miner/1 (10318).jpg,8,bicho_mineiro,128,128,09af9482464dd8dc87aaa55744caf19e1817e045a0a7c4a8c64fdc5fde05f5c5,99c97abbf5919513297178139ab496a5c42de94a730a9bc8dc266ceb4749479a,jmuben-1619,treino_auxiliar,0,acima_do_limite_da_classe
jmuben,jmuben2,1622,data/raw/jmuben/Miner/1 (10337).jpg,8,bicho_mineiro,114,256,0dd391fe88757f9c99396456f07c576cf9f687bb7ddb2daf70edb86a302698b5,94e5140ccedae67d025c7b58519a189df8c870ee1d36c48b7dad9e2c6b45e156,jmuben-1622,treino_auxiliar,0,acima_do_limite_da_classe
jmuben,jmuben2,1623,data/raw/jmuben/Miner/1 (10338).jpg,8,bicho_mineiro,128,128,4390fb5d251b1caaf0528f4d1742dbf303c8f058a17ec7a0f06848881043674c,91251b18dda30c9deac93f648b53e1763290ebb5b43e338151f925cef1e42c8b,jmuben-1623,treino_auxiliar,0,grupo_ja_representado
jmuben,jmuben2,1624,data/raw/jmuben/Miner/1 (10339).jpg,6,bicho_mineiro,128,128,032a49df1f9a2eb89e6ce03173d9cb57b0bd4f6384a1b7cd93746ddaaeac7f3d,91dd198fadc2ea6d0e26c6b371a91f1a4192e5d431343985e5e4f05f1b07f1e1,jmuben-1624,treino_auxiliar,0,grupo_ja_representado
jmuben,jmuben2,1625,data/raw/jmuben/Miner/1 (10340).jpg,6,bicho_mineiro,128,128,7adf10e5278fe60635fbb131c91593776013e9b2078e18bb18bc67bf858bad6e,91dd198fadc6ea6d0e26c6b370ab1f1a4192e5d4913c3987c5e4f05c1b07f1e1,jmuben-1624,treino_auxiliar,0,grupo_ja_representado
jmuben,jmuben2,1626,data/raw/jmuben/Miner/1 (10341).jpg,6,bicho_mineiro,128,128,8ba083de2f97def23112d82cd4921a878de3a58a9c975784c6670b59d1aaddec,91841ace04c8b4cf786e0f62c9d3721af259519139fb0effe013df00275bb27e,jmuben-1626,treino_auxiliar,0,acima_do_limite_da_classe
jmuben,jmuben2,1627,data/raw/jmuben/Miner/1 (10342).jpg,6,bicho_mineiro,128,128,9d13a2f1ae0ec0a3183cf4a8f6722b54b48393abd6dec0b45fc1a0fb581a7975,918418ce04c8b4cf786e0f62c953721af25bd19139fb0effe013df00275bb27e,jmuben-1626,treino_auxiliar,0,acima_do_limite_da_classe
jmuben,jmuben2,1628,data/raw/jmuben/Miner/1 (10343).jpg,6,bicho_mineiro,128,128,eed5b69a0cf9beabb9ae1a05e33ab07f1982898f839590e6fb8abfe203e45589,90691c42ee615237f59939488f56f2c51f2d4f88c7de1396c5c4515f09c1e1fd,jmuben-1628,treino_auxiliar,0,grupo_ja_representado
jmuben,jmuben2,1629,data/raw/jmuben/Miner/1 (10344).jpg,6,bicho_mineiro,128,128,ae6d340ac06be25f50bb8e4d4363355938e9bba7ba43091e5117b048dc024fa1,90691c42ee615237f59939488f56f2c51f2d4f88c7dc1396c5c4515f19c1e1fd,jmuben-1628,treino_auxiliar,0,grupo_ja_representado
jmuben,jmuben2,1630,data/raw/jmuben/Miner/1 (10345).jpg,6,bicho_mineiro,128,128,5d6146265d0b1cafb92278809a9534158ad48ea22d457621c6e6a61c672342e3,90691c42ee635222d5b339480f56f2d51f2d0f0ac7dc139ecdc4d17c1b87e9e5,jmuben-1628,treino_auxiliar,1,
jmuben,jmuben2,1631,data/raw/jmuben/Miner/1 (10346).jpg,6,bicho_mineiro,128,128,d33de034cf23cebedc05f6fe1ef08b29c1c8039f600e2bfa6aa53f7c5b698750,90691cc2ee635226d5b339480f54e2d51f2d0f0ac7dc139ecdc4d17c1b87e9e5,jmuben-1628,treino_auxiliar,0,grupo_ja_representado
jmuben,jmuben2,1632,data/raw/jmuben/Miner/1 (10347).jpg,8,bicho_mineiro,128,128,01f472a7c3396f8a8b4b4bdc39a5e90de4da2243b6a8c456cdfe55f38e678774,91c9e6678d9e15b20a6439c9e0a3c2f70f3a1f6dc7b4cec9c9851a1b125cd678,jmuben-1632,treino_auxiliar,0,acima_do_limite_da_classe
jmuben,jmuben2,1633,data/raw/jmuben/Miner/1 (10348).jpg,8,bicho_mineiro,128,128,22ea78280717fe1c56a1e82b70ec18420f58140953641dc45153c95f3b05ce19,91c9199a8d8eea4d0e64c6b7f0a31d180f3ae0d2c7f43106cd85f7ec1a5f2b87,jmuben-1624,treino_auxiliar,0,grupo_ja_representado
jmuben,jmuben2,1634,data/raw/jmuben/Miner/1 (10353).jpg,8,bicho_mineiro,128,128,b50b672e4bbb111f9a9c37ad46ba76bf7a46b0ed643dfc94b50f6e560100dad0,858c3dd4f2030f67ac4d29cd431b7f7890cf7f84821778b193c7c42c79f2a943,jmuben-1634,treino_auxiliar,0,acima_do_limite_da_classe
jmuben,jmuben2,1635,data/raw/jmuben/Miner/1 (10354).jpg,8,bicho_mineiro,128,128,f2000446a992d9ccd46c747b0b74af9fd744c1c36fa04399aadbf67d49d94b4c,858c3dd4f3030f67ac4d29cd431b7f7890c67f84821778f193c7c42c79f2a943,jmuben-1634,treino_auxiliar,0,acima_do_limite_da_classe
jmuben,jmuben2,1636,data/raw/jmuben/Miner/1 (10355).jpg,8,bicho_mineiro,128,128,b1321d1956a13b6f5ba827128c62ec38f0732d2730e3407c27fc1bfd7574f248,8671164979ec539e87a2ae34e4ac25e7df273831e1b96fc3182f937253609487,jmuben-1636,treino_auxiliar,0,acima_do_limite_da_classe
jmuben,jmuben2,1637,data/raw/jmuben/Miner/1 (10356).jpg,8,bicho_mineiro,128,128,378b33906da54db2f76cd2cf920feca5ab4f69bde197ca7422c2ec4cc09b8fc7,8671164979ec139e87a2ae36e4ac25e7df273831e1b96fc3182fd37253409487,jmuben-1636,treino_auxiliar,0,acima_do_limite_da_classe
jmuben,jmuben2,1638,data/raw/jmuben/Miner/1 (10357).jpg,8,bicho_mineiro,128,128,c806fe950a39868013ccb0315ab301cb82558d8ee5540ebf209c4b05f00e0e9f,84f33cd3731c879cac65692961cedf263072c3d71e8790fc46e11c9fd6bc6480,jmuben-1638,treino_auxiliar,0,grupo_ja_representado
jmuben,jmuben2,1639,data/raw/jmuben/Miner/1 (10358).jpg,8,bicho_mineiro,128,128,247fc7f8768c892b4ea7c4d86cda4fe9dacf48ff286c4762708cc905ea1d462c,84733cd3731c879cac65692961cedf263072c3d73e0790fc46f11c9fd2bc6680,jmuben-1638,treino_auxiliar,1,
jmuben,jmuben2,1640,data/raw/jmuben/Miner/1 (10359).jpg,8,bicho_mineiro,128,128,a2ed84bc1cdffb2fbedd124fa54fa8cb5f6353fd3ec4b354327e4442d1bcfc73,8471c30e739c7e728f2d97e669ceb0b570341c8e3b432d8062f066fc90bf0a6f,jmuben-1640,treino_auxiliar,1,
jmuben,jmuben2,1641,data/raw/jmuben/Miner/1 (10360).jpg,8,bicho_mineiro,128,128,31b2b22d4cc27b802c945acb44a1c80d8b89fd008a73ba9e5e5bc5dcbaeca45f,84733cf1739e818d8f3d680969ce4f447034e3713b47c27f66f0990390bff590,jmuben-1638,treino_auxiliar,0,grupo_ja_representado
jmuben,jmuben2,1642,data/raw/jmuben/Miner/1 (10361).jpg,8,bicho_mineiro,128,128,8a1745ad77e493ef6fffaef7b1644df2b987625544643c3805ec307d4464e648,861c374ef1e38493a7966c34c1b91f9ff00a0f729e01425f3eecea036537ad34,jmuben-1642,treino_auxiliar,0,acima_do_limite_da_classe
jmuben,jmuben2,1643,data/raw/jmuben/Miner/1 (10362).jpg,8,bicho_mineiro,128,128,0ec2663288b69b0ccd6e9f5371957bcd53ce35d2ecbdadf8421a926fade4fe23,861c374ef1e384d3a7966c34c1b91f9ff00a0f729e01425f3eecaa036537ad34,jmuben-1642,treino_auxiliar,0,acima_do_limite_da_classe
jmuben,jmuben2,1644,data/raw/jmuben/Miner/1 (10363).jpg,8,bicho_mineiro,128,128,754f6f4c26e3da1ae29fdc9b9fe5734f2e1a8836678b528290b8e0035a2d93c6,8638365871c681e6af346c2c61e35f3a301ac3f41e43d21f74f89c8176de67e6,jmuben-1644,treino_auxiliar,0,grupo_ja_representado
jmuben,jmuben2,1645,data/raw/jmuben/Miner/1 (10364).jpg,8,bicho_mineiro,128,128,7a3759e669816756e344ef017818d06f0b31d7a480c4ecf55e9672ec2f663077,86383658718681e6af366c2c61e35f3a301ac3f41e41d21f76f89c8176de67e6,jmuben-1644,treino_auxiliar,0,grupo_ja_representado
jmuben,jmuben2,1646,data/raw/jmuben/Miner/1 (10365).jpg,8,bicho_mineiro,128,128,881a4b8e01f59c16abaf46e57e6abbf01a855cf06633e47bf7d46a8a2fb51d94,878317c35a7cd01c83f437e4fe04063c9ff876c3044f96fd767267100f3a41ba,jmuben-1646,treino_auxiliar,0,acima_do_limite_da_classe
jmuben,jmuben2,1647,data/raw/jmuben/Miner/1 (10366).jpg,8,bicho_mineiro,128,128,c969654b8d395987fb6d6f5ebc1513fec0e032768adf1614c86798e8a92bfc82,878317c35a7cd81c83f427e4fc04063c9df876c3044f96fd767367110f3a41ba,jmuben-1646,treino_auxiliar,0,acima_do_limite_da_classe
jmuben,jmuben2,1648,data/raw/jmuben/Miner/1 (10367).jpg,8,bicho_mineiro,128,128,2be73ee47289e2b64c1d8e9ff9c4e6ed2ab10d508708928caee32fc7135dd179,870f174778f180f127a76c6d413a3f82f116097cfbb0400e9edd54c4e6972e3e,jmuben-1648,treino_auxiliar,0,acima_do_limite_da_classe
jmuben,jmuben2,1649,data/raw/jmuben/Miner/1 (10368).jpg,8,bicho_mineiro,128,128,d6b3248bf656547d789adee48826018b8ebb4f7e78fa744d397197a022ad375e,870f164778f180f127e76c6d413a3dcaf106097cfbb0400a9fdd54cce6972e3a,jmuben-1648,treino_auxiliar,0,acima_do_limite_da_classe
jmuben,jmuben2,1650,data/raw/jmuben/Miner/1 (10369).jpg,8,bicho_mineiro,128,128,4da531bc7d3dfa8846d317cf6abf53d1405d4b1ad7a61103cc551063e9a0292f,861e374ff1e385976d0448391b9fb8048bf4bf81606f2fe8e103ad7d988826db,jmuben-1650,treino_auxiliar,0,acima_do_limite_da_classe
jmuben,jmuben2,1651,data/raw/jmuben/Miner/1 (10370).jpg,8,bicho_mineiro,128,128,9f4bcb5eee0903a0cde3e739aad436d5d22a3f50f32f31a12e59aee198c8be15,861e374ff1e385976d0440791b9fb8048ff4bd81606f2fe8e103ad7d988826db,jmuben-1650,treino_auxiliar,0,acima_do_limite_da_classe
jmuben,jmuben2,1652,data/raw/jmuben/Miner/1 (10371).jpg,8,bicho_mineiro,128,128,bbc8cd2e2f4318f55024bcf5812340bfc8c41b818c8af990d363574223897fa1,8ccc3d86e2738f4bb84a6346d71994eea3a6dc3a19fbc707683c8ae166838a5c,jmuben-1652,treino_auxiliar,0,grupo_ja_representado
jmuben,jmuben2,1653,data/raw/jmuben/Miner/1 (10372).jpg,8,bicho_mineiro,128,128,a10b3b4250d1cf7bbc5c054d1e352140b3c9159fb464c300ab320d906ed880e7,8cc43d86e2738f4bb84a634ed71594eea7a6dc3819fbc707683c8ae166838a5c,jmuben-1652,treino_auxiliar,0,grupo_ja_representado
jmuben,jmuben2,1654,data/raw/jmuben/Miner/1 (10373).jpg,8,bicho_mineiro,128,128,76ab22d1d3723110b6e8f00421092733189256a12e0cc8fcb9d0318a16e9141a,84713c79f18c8f6d6e2861d7df76b031c2e19e8ac0be3dc0aa0f6b688a43933b,jmuben-1654,treino_auxiliar,0,acima_do_limite_da_classe
jmuben,jmuben2,1655,data/raw/jmuben/Miner/1 (10374).jpg,8,bicho_mineiro,128,128,4a63fc18181694464c00620f4a38c69c2450aef25555a0d8b78bc68dcb276f09,84713c79f18c8f2d6e2861d6df36b039c2c91e8ac0be2fc0ea0f6b689a4393bb,jmuben-1654,treino_auxiliar,0,acima_do_limite_da_classe
jmuben,jmuben2,1656,data/raw/jmuben/Miner/1 (10375).jpg,8,bicho_mineiro,128,128,c35e2d25d94be3ae9529c5972b5428ee5c150511f3bc143a602e9544fc560eb9,8cc63dd6f3718731ad4d6863631eda6072e68396dc1939fbc607683aa9606a47,jmuben-1656,treino_auxiliar,0,acima_do_limite_da_classe
jmuben,jmuben2,1657,data/raw/jmuben/Miner/1 (10376).jpg,8,bicho_mineiro,128,128,baea25a3046a54ae0399ddd7c66a387bfe48e2ff789090cc49f56f072b8a8e89,8cc63dd6f3718731ad4d6863631c9a6032e68393dc1939fbc607687aab606a4f,jmuben-1656,treino_auxiliar,0,acima_do_limite_da_classe
jmuben,jmuben2,1658,data/raw/jmuben/Miner/1 (10377).jpg,40,bicho_mineiro,128,128,8fc6cdaba4bcb15f60b8b813bc40295e3e19dd9bed83798ecc865cbe5d3d9f88,84968ad65ca63d6da6cc3b54912b3c968adb66a51c62e077ecb3c14a3c4c3b9d,jmuben-1658,treino_auxiliar,0,acima_do_limite_da_classe
jmuben,jmuben2,1659,data/raw/jmuben/Miner/1 (10378).jpg,40,bicho_mineiro,128,128,e3987021e71b88da9d2e46860f8848ea8f5197f85ec53ce31cd798bca1ffe630,849775295ca6c292a6cec4ab912fc3698bdb995a1c621f88ecf33ab53c6ccc62,jmuben-1659,treino_auxiliar,0,acima_do_limite_da_classe
jmuben,jmuben2,1660,data/raw/jmuben/Miner/1 (10389).jpg,6,bicho_mineiro,128,128,851ba7c43f79c3bd0bbafd7c926196219a14703d19cedc30d23377e9725d8106,95f657ab48a8ca12a6c396a991a59b259c49391a756e36de3895a2d6b27c9729,jmuben-1660,treino_auxiliar,0,acima_do_limite_da_classe
jmuben,jmuben2,1661,data/raw/jmuben/Miner/1 (10390).jpg,6,bicho_mineiro,128,128,118c69ce123a94a6f8851dfb10ec59a75d4631c9961dbbd698afb12dd20f83a6,95f657ab48a8ca12a6c996a991a59b259c5b391a746e36dea095e6c6b7688729,jmuben-1660,treino_auxiliar,0,acima_do_limite_da_classe
jmuben,jmuben2,1662,data/raw/jmuben/Miner/1 (10391).jpg,6,bicho_mineiro,128,128,a9e3045b67c16e1d9e6079daac142045817739d49d7424d8220e43fe0b65874d,81133d3547ddec581fcba9522b1bce4670dc879370308e4763dc72188dfb698e,jmuben-1662,treino_auxiliar,0,grupo_ja_representado
jmuben,jmuben2,1663,data/raw/jmuben/Miner/1 (10392).jpg,6,bicho_mineiro,128,128,40d85b89487dbaaab076678c7a802bbc4b9fac57e122aa311f28e5dc4458bdaa,81133d3547d5ec581fcfa9522b1bce4670dc879770308e0763dc72188dfb69c6,jmuben-1662,treino_auxiliar,1,
jmuben,jmuben2,1664,data/raw/jmuben/Miner/1 (10397).jpg,6,bicho_mineiro,128,128,927e8ce6e314f747eaecdfb67708c3f194d0829829d3ef7f7773dd8888b41f05,9a96894bec6df7a4f0e3e73ed9856463b13c2c1c760e85cf8263133d4d1830e6,jmuben-1664,treino_auxiliar,0,acima_do_limite_da_classe
jmuben,jmuben2,1665,data/raw/jmuben/Miner/1 (10398).jpg,6,bicho_mineiro,128,128,721bdb470ce937f8466fd78385e1769c7c53d1704c0675c2f2b77e69dbea0d3f,9a9676b4ec6d085bf0e318c1f98d8b9cb17cd3e3760e1a308663ecc26d1cce19,jmuben-1665,treino_auxiliar,1,
jmuben,jmuben2,1666,data/raw/jmuben/Miner/1 (10399).jpg,6,bicho_mineiro,128,128,92e3af105ece2e3e8b078a3784cfed46dac02bf5597e550d0e651e7d9f5eb902,9a520b29cd65e664d9c370c3c73ad18ce4c3d2e7b9f07430f81cf4cec6c39364,jmuben-1666,treino_auxiliar,0,grupo_ja_representado
jmuben,jmuben2,1667,data/raw/jmuben/Miner/1 (10400).jpg,6,bicho_mineiro,128,128,403bc27d5b972593352a46af6783706c0b39b45d324497b92d38ee306ba20040,9a520b29cd65e664d9c370c3c73ad18ce4c3d2e3b9f07430f81cf4cee6c39364,jmuben-1666,treino_auxiliar,0,grupo_ja_representado
jmuben,jmuben2,1668,data/raw/jmuben/Miner/1 (10401).jpg,6,bicho_mineiro,128,128,cce431a660702d51d661d010ecf8bbfaafe54612b5ad0ab6b366cd07a5b61106,8b6949b4ccb2f322f9c17271e39ff8c23670f93e348e760ed38704e50338199e,jmuben-1668,treino_auxiliar,0,grupo_ja_representado
jmuben,jmuben2,1669,data/raw/jmuben/Miner/1 (10402).jpg,6,bicho_mineiro,128,128,61aa6de67185fd32b6e723edfe2f72bc769701284c595bb7c24843d798e7ff84,8b6949b4ccb2f332f9d17271c38ff8c23638b93e340e660e93c706f10938399f,jmuben-1668,treino_auxiliar,0,grupo_ja_representado
jmuben,jmuben2,1670,data/raw/jmuben/Miner/1 (10403).jpg,6,bicho_mineiro,128,128,1d10fe983bce04b120e8711a4bfed95ef438f0321ea3964fff3babe5ee3dce87,89244cd2ee39f309f8e83871e3cf1c61373c191f368706238fe10cfc1f9c3cc7,jmuben-1668,treino_auxiliar,0,grupo_ja_representado
jmuben,jmuben2,1671,data/raw/jmuben/Miner/1 (10404).jpg,6,bicho_mineiro,128,128,1d1cab494ba1023ca2ba661fa92611eb6fbfb18f433c65d12066bb0bcb7c2887,89244cd2ee39f309f8e83871e3cf1c61373c191f36870e238fe10c7c1f9c3cc7,jmuben-1668,treino_auxiliar,0,grupo_ja_representado
jmuben,jmuben2,1672,data/raw/jmuben/Miner/1 (10405).jpg,6,bicho_mineiro,128,128,9c4f18713878a1417f775dd3508b58fd1f1c45827d144a5c8f97bc99b1edfdc4,89a6036cf309ce390716787837381c38fcf004e13e07d8dc8df0d1f3fae33ccd,jmuben-1672,treino_auxiliar,0,grupo_ja_representado
jmuben,jmuben2,1673,data/raw/jmuben/Miner/1 (10406).jpg,6,bicho_mineiro,128,128,0081649108bf98e88bc503dd56f06c75cc5997cf120723ef06a58b654e2c047b,89a2032cf309ce312717787837381c38fcf004e53e07d8dc8df0d8f3fbe31ccd,jmuben-1672,treino_auxiliar,1,
jmuben,jmuben2,1674,data/raw/jmuben/Miner/1 (10407).jpg,6,bicho_mineiro,128,128,06b83b0850485bfc501b6f6fd5eb92d9eb71c13491e3cc97b359858b30655dce,8b24334df63b0e343850fc701c42d8e389c7b99fc9f8cf23fb0f0f18c33a6661,jmuben-1674,treino_auxiliar,0,grupo_ja_representado
jmuben,jmuben2,1675,data/raw/jmuben/Miner/1 (10408).jpg,6,bicho_mineiro,128,128,1519dd71992e6c1912e78e7d54359dae6bd4840e62b6e52c24270e9a82385178,8924334df63b0eb43850fc701c62d8e381c7b99fc9f8cf23fb070f1cc33a6661,jmuben-1674,treino_auxiliar,0,grupo_ja_representado
jmuben,jmuben2,1676,data/raw/jmuben/Miner/1 (10409).jpg,6,bicho_mineiro,128,128,8d53fc2e9622cc0d42d53fa2993718c61215efc7b59d6bcf98abc1457152d3da,8926132df4390eb53853dcf10ccfc8c7038eff18c370262f723c0ff8c1a37ec6,jmuben-1676,treino_auxiliar,0,acima_do_limite_da_classe
jmuben,jmuben2,1677,data/raw/jmuben/Miner/1 (10410).jpg,6,bicho_mineiro,128,128,5abd5ec78ef671c28e1ecbffae8559071773deea61ea403a24198cad2769c279,8926132df4310ef53853ccf00ccfc8c7031eff38c370362e36fc0ef0e1e33ec6,jmuben-1676,treino_auxiliar,0,acima_do_limite_da_classe
jmuben,jmuben2,1678,data/raw/jmuben/Miner/1 (10411).jpg,6,bicho_mineiro,128,128,5ec561c62750d91916e7b5ead36b78e5dcff48b2489e42a9882890eae2b5ac6d,89b248d9c69cf339f4ee7c78f3cfdce13438ed1e38c73623738384f10398048c,jmuben-1668,treino_auxiliar,0,grupo_ja_representado
jmuben,jmuben2,1679,data/raw/jmuben/Miner/1 (10412).jpg,6,bicho_mineiro,128,128,f28e3a823db4f1f0fd250c2a2e68a6f95f111c3ecf087b16b286d4bb3a30edef,89b248d9c61cf319f4ee7c78f3cfdce13638ef1e39c73623738184f1019804cc,jmuben-1668,treino_auxiliar,0,grupo_ja_representado
jmuben,jmuben2,1680,data/raw/jmuben/Miner/1 (10413).jpg,4,bicho_mineiro,128,128,54678ade306d0f17e611f6ef8fcd0507f72f8a01f40187645bcbf30c373b8969,8924b52dfc390cf6b8eac78ee38ec39c3738e2e03607f8dc85c1f1073f0cc338,jmuben-1680,treino_auxiliar,0,grupo_ja_representado
jmuben,jmuben2,1681,data/raw/jmuben/Miner/1 (10414).jpg,4,bicho_mineiro,128,128,a4a0ab993bb237ce746b630839f24f9c45ee1bbf9a28d06b1996e03c559bedcd,89264ad2fc39f309b8ea3871e38e1c6337381d1f36a707238dc10ef83f9c3cc6,jmuben-1668,treino_auxiliar,0,grupo_ja_representado
jmuben,jmuben2,1682,data/raw/jmuben/Miner/1 (10415).jpg,4,bicho_mineiro,128,128,9c15d2c3ddd88a8091ca27d40ca89dbad4f3c82127fd7a562f26d93ec365aadb,89b648dbe639f339fc6a3879e3cfdc61371e3d1f36a7230381c10478058c3cc6,jmuben-1668,treino_auxiliar,0,grupo_ja_representado
jmuben,jmuben2,1683,data/raw/jmuben/Miner/1 (10416).jpg,4,bicho_mineiro,128,128,dfebc1d1f0f9e49f95cb3b1afb690a7cd9378f91f9f8dc57cb30808660c7393c,89b648dbf639f329fc6a3879e3cfdc61371e191f36a7230381c10478078c3cc7,jmuben-1668,treino_auxiliar,0,grupo_ja_representado
jmuben,jmuben2,1684,data/raw/jmuben/Miner/1 (10417).jpg,2,bicho_mineiro,128,128,7007b736985e2417a1e099c4b70d2bc03c648c6984f88e014c760446d7e93694,892648d3c6b8f339f4ee7871e3cedce13738f91c34873623f383847103980ccf,jmuben-1668,treino_auxiliar,0,grupo_ja_representado
jmuben,jmuben2,1685,data/raw/jmuben/Miner/1 (10418).jpg,2,bicho_mineiro,128,128,2404c4bc440c795eabc35bc5e1dbc27307c5dbaae3ea0e1bb00cb176e4f4f9ec,892648d3c6b8f339fcea7871e3cedce13738fd1c34873223d38384f1039c0ccd,jmuben-1668,treino_auxiliar,0,grupo_ja_representado
jmuben,jmuben2,1686,data/raw/jmuben/Miner/1 (10419).jpg,2,bicho_mineiro,128,128,5e82d8b9dabfbbf1ca1a59f3ab6a081ad967696b7ea612c01dba864c8ee796a4,89b268dbf61cf3adbc783b5dc6c73c21271e1d472623c30084f40e1c1ec77e72,jmuben-1668,treino_auxiliar,0,grupo_ja_representado
jmuben,jmuben2,1687,data/raw/jmuben/Miner/1 (10420).jpg,2,bicho_mineiro,128,128,49977ab701fe3e47375e626676dcf4b07b51fbc9e660ee1fb20cbb18ccd39f8d,89b268dbf61cf3adbc6a395de2c73c21371e1d473623c30084f0067c1ecf3e62,jmuben-1668,treino_auxiliar,0,grupo_ja_representado
jmuben,jmuben2,1688,data/raw/jmuben/Miner/1 (10421).jpg,2,bicho_mineiro,128,128,709355a7d28d3bc7fd8d3ed5877ce6e54885307e84a18cabff6ee8dd328027c5,89244892ecb1f331f8e87073e39cdce336389b1e368f262783838cf03f183cdf,jmuben-1668,treino_auxiliar,0,grupo_ja_representado
jmuben,jmuben2,1689,data/raw/jmuben/Miner/1 (10422).jpg,2,bicho_mineiro,128,128,7a392e752306bf18f4063900afb1eaa5a08869afa4470e18d9254cf9b49294d5,89244c92ecb1f311f8e87073e39c9ceb36381b1e368f26278fc30cf03f183ccf,jmuben-1668,treino_auxiliar,0,grupo_ja_representado
jmuben,jmuben2,1690,data/raw/jmuben/Miner/1 (10423).jpg,4,bicho_mineiro,128,128,07cd8d396b584e7e50fe5cc4e5d642fe0e92f1dda1ae8f392d943ab808863b6b,a9931932f70cc35d3c78dc3e0c38dc60c0f10fc1cccfc1f8f1817f27a707e338,jmuben-1690,treino_auxiliar,1,
jmuben,jmuben2,1691,data/raw/jmuben/Miner/1 (10424).jpg,4,bicho_mineiro,128,128,a81ba251134a8cf5ca09d376f59d3d38ffd9918f12d3af6e3eb3a04249885edf,a9931932f70cc35d3c78dc3e0c38dc60c0f11fc0cccfc1bcf1817f27a707e338,jmuben-1690,treino_auxiliar,0,grupo_ja_representado
jmuben,jmuben2,1692,data/raw/jmuben/Miner/1 (10425).jpg,8,bicho_mineiro,128,128,587bfcc1e50324674e156a0aafdeb47a88efd774a0adde17f0b09d7d52a6a64b,897825c38e7a93974f26d6da371ce0734ccc9719e0970ccbcbf317292f44e861,jmuben-1692,treino_auxiliar,1,
jmuben,jmuben2,1693,data/raw/jmuben/Miner/1 (10426).jpg,8,bicho_mineiro,128,128,647740f4314c7b8aa459c3b8a4ddf758f3570bfd33e8e659efbeb996fb24930b,897a25c38e7a93974f27d6da371ce0734ccc9719e0970ccbcbf317212f0ce061,jmuben-1692,treino_auxiliar,0,grupo_ja_representado
jmuben,jmuben2,1694,data/raw/jmuben/Miner/1 (10427).jpg,8,bicho_mineiro,256,87,79eb42f3eee3e9750453ab29597d641ae9b6dd3d199c15813de04d5b1238111e,955b135be26d436c512b26a32257490c988901ba8d52e9e972af1276ef76f3bc,jmuben-1694,treino_auxiliar,0,grupo_ja_representado
jmuben,jmuben2,1695,data/raw/jmuben/Miner/1 (10428).jpg,8,bicho_mineiro,128,128,564b543b130d10ac7556f52b357bfcfd5cb310252ea7c3ec6fad0d9070cd501d,b1f23612fe0f89f3a1d1714b0f6ca1b4dcd41f1bb862eb5a18c2fa145f2b022b,jmuben-1695,treino_auxiliar,0,acima_do_limite_da_classe
jmuben,jmuben2,1696,data/raw/jmuben/Miner/1 (10429).jpg,8,bicho_mineiro,128,128,00c7341bcda114c0597edfc176dc0f2671df865f72749da4676c6c9243751582,870a32fdc0c89fb3742a89551e06f9bb6a41d8155ae230abf13fcb1056ef1daa,jmuben-1696,treino_auxiliar,0,acima_do_limite_da_classe
jmuben,jmuben2,1697,data/raw/jmuben/Miner/1 (10430).jpg,8,bicho_mineiro,128,128,24121082c2c4c38733033556429696142b23a4dcaa972dfbff0b5ca48db69c7a,870a32fdc0489fb3742a89511e06f9bb6a41d8155ae332abf13fcb1056ef1daa,jmuben-1696,treino_auxiliar,0,acima_do_limite_da_classe
jmuben,jmuben2,1698,data/raw/jmuben/Miner/1 (10441).jpg,8,bicho_mineiro,128,128,78e014fa4e8e2c0e28d01ba19b06a6ba21849cb488fb3b80b6befecc34863068,a3dc5c738d61639c4e22b7c940977426257f8872776c724afe91c14799c523b5,jmuben-1698,treino_auxiliar,0,acima_do_limite_da_classe
jmuben,jmuben2,1699,data/raw/jmuben/Miner/1 (10442).jpg,8,bicho_mineiro,128,128,71fc53f918ae48db97e0629b4e0f767a4ac0756b4fd4c0c13258f3ed1d9bf8a0,a3dc5c738d61639c4e22b7c940977426257f8832776c724afe91c14799c723b5,jmuben-1698,treino_auxiliar,0,acima_do_limite_da_classe
jmuben,jmuben2,1700,data/raw/jmuben/Miner/1 (10443).jpg,8,bicho_mineiro,128,128,72d9d849035038347020142ca4536d527fd9264e21e91911b3f4bb276f9f8886,acdd6c8e9572b0aa68de82ad94727ef19432921a6bd34b6e952ba4b04b1d8b63,jmuben-1700,treino_auxiliar,1,
jmuben,jmuben2,1701,data/raw/jmuben/Miner/1 (10444).jpg,8,bicho_mineiro,128,128,48da7ab81bdf9255e2e7fbe5e377d7d0f08d60bd53b49b72cc4d28cde155f4ec,acdd6c8e9573b08a68de82ad947a7ed19412921a6bd34b6e952ba4b84b1d8b63,jmuben-1700,treino_auxiliar,0,grupo_ja_representado
jmuben,jmuben2,1702,data/raw/jmuben/Miner/1 (10453).jpg,8,bicho_mineiro,103,256,6b60aaa375763857a170753ad44ae70b55f40c68e15992ccbe4e862c9ba81d17,8dcc19b3a26c956c12e46a58913b6c2df0c60eda382b9cbd3ac626dad50bef2d,jmuben-1442,treino_auxiliar,0,grupo_ja_representado
jmuben,jmuben2,1703,data/raw/jmuben/Miner/1 (10454).jpg,8,bicho_mineiro,128,128,518bc3c0c2c97f637add1e28f60ff68208c23f602c7c9a7a638b721d136513ce,9d894a928d19f42d62d622d2c76aad24b8d40377eed7114fa00dc7f3ee130bc7,jmuben-1703,treino_auxiliar,0,acima_do_limite_da_classe
jmuben,jmuben2,1704,data/raw/jmuben/Miner/1 (10455).jpg,8,bicho_mineiro,128,128,bc5325f379e80cc4acd8aab08b6570485b3dc74d19b5a06b39b4a7bc62af3642,91112972a9a3c2b4e7582d3ed9e6183e315a0e7d3c75b591350a9dcf3319f728,jmuben-1429,treino_auxiliar,0,acima_do_limite_da_classe
jmuben,jmuben2,1705,data/raw/jmuben/Miner/1 (10461).jpg,8,bicho_mineiro,256,98,757a8c67a40209b74dbd7386bfe867688d072d0c55d2536ee3a80660157e13e1,95ac596fb317633659ad7aa52619635269c78c85008b8daaed3c31f53a388f3a,jmuben-1705,treino_auxiliar,0,grupo_ja_representado
jmuben,jmuben2,1706,data/raw/jmuben/Miner/1 (10462).jpg,8,bicho_mineiro,128,128,0882cf91062e4e55f112a2bd8e8199a84af3fc67c929d2249049bcca0a00c822,95ac438c2653aaced335bc892d750a7274d1bde5b00e1f9f5517a2db62c251c5,jmuben-1706,treino_auxiliar,0,grupo_ja_representado
jmuben,jmuben2,1707,data/raw/jmuben/Miner/1 (10463).jpg,8,bicho_mineiro,256,125,84991d7e452e03c2fcae4a85e8a114d459b482f99a80ee3969fd569ace6060d3,91ec596fbb33e1b7592b7dad2299a318e942cdc29cae908aad1ae51432b312da,jmuben-1707,treino_auxiliar,0,grupo_ja_representado
jmuben,jmuben2,1708,data/raw/jmuben/Miner/1 (10464).jpg,8,bicho_mineiro,128,128,1290c88a1a26b8293ac62afbf15ee68958c6c10d3c00197fd4c9412fa54e4e3e,80f8e1332317037086743b1f78c685e487dd5f32ee347c081c52efe7f696d207,jmuben-1708,treino_auxiliar,0,grupo_ja_representado
jmuben,jmuben2,1709,data/raw/jmuben/Miner/1 (10465).jpg,8,bicho_mineiro,256,90,4bf6899fd79dddd600adfa7cbb074c7a39e34dc0de5f7c744503515e6e09d481,9529536be354436651a922a526736346090c089d0bbaed2bedfd33d71a72ef6a,jmuben-1705,treino_auxiliar,0,grupo_ja_representado
jmuben,jmuben2,1710,data/raw/jmuben/Miner/1 (10466).jpg,8,bicho_mineiro,128,128,f24753d1de38a80dc0d5a59d14f8c585a7ad9c3dd12d6c1171bd8e2464bb2a2b,90f91689fb07bcbb84f471884e268596f07bc74e18a4bd39eb2d0871e94a7b29,jmuben-1710,treino_auxiliar,0,acima_do_limite_da_classe
jmuben,jmuben2,1711,data/raw/jmuben/Miner/1 (10467).jpg,8,bicho_mineiro,128,128,b20a48451a4d18f3ad39783997a04f5306b5d80802ccb7d51946914925a58ca5,81de7f0ae370e05a9d88e43b26311df0dc1fd1f43dbbff204b67304b9c2480cd,jmuben-1711,treino_auxiliar,0,acima_do_limite_da_classe
jmuben,jmuben2,1712,data/raw/jmuben/Miner/1 (10468).jpg,8,bicho_mineiro,128,128,0adc5966847e72c21871be9e0cbf6a9536731a92d68dfc932a04f55dedf6c7c8,81de7f0ae370e06a9d88e43b26311df0dc1fd1f63dbbff204b63304b9c2480cd,jmuben-1711,treino_auxiliar,0,acima_do_limite_da_classe
jmuben,jmuben2,1713,data/raw/jmuben/Miner/1 (10469).jpg,8,bicho_mineiro,128,128,966c49ab45769395402fd8f39d8ce7c53d66428cfb97e257f6c99e5d9d187963,9430c5e589f923c961ec566572a4182e0e6e615c2f06fe97da46e522ffb1b6d0,jmuben-1713,treino_auxiliar,1,
jmuben,jmuben2,1714,data/raw/jmuben/Miner/1 (10470).jpg,8,bicho_mineiro,128,128,363aabc053b86c8cd30829d6e9a1b745a1ce749423ce5772fc56f44f6b40df54,8420321e89f8dc3661ecab1a76a5e7910e7e94a76f0e0148fa663a9dffa3482f,jmuben-1714,treino_auxiliar,0,grupo_ja_representado
jmuben,jmuben2,1715,data/raw/jmuben/Miner/1 (10471).jpg,8,bicho_mineiro,128,128,844fe094f9ccfb360f8b6e0e7ff22f1ce137110e40577bbf84b47767055d5f8e,8575c97dc1b663de64403449182e62ae6f26b562f8efa762353e0a2fc22f2965,jmuben-1715,treino_auxiliar,1,
jmuben,jmuben2,1716,data/raw/jmuben/Miner/1 (10472).jpg,8,bicho_mineiro,128,128,d1bcf47f7e27914c8b91b52aca8e184b37342d9b1845ee4b16e4c87aaaf3f312,85753682c1b69d216444cbb61a2e9d516f260a95faeb589d353ef5d0c22fd49a,jmuben-1716,treino_auxiliar,0,grupo_ja_representado
jmuben,jmuben2,1717,data/raw/jmuben/Miner/1 (10473).jpg,8,bicho_mineiro,128,128,98d8c742910bb494cc0acd04000322d6cd35a8a6736497fca358bdb189764c2f,9c9c68e7998c867a5a86f5296ced5f93cb3630c0cc324b2471db8ef533ac48c3,jmuben-1717,treino_auxiliar,0,grupo_ja_representado
jmuben,jmuben2,1718,data/raw/jmuben/Miner/1 (10474).jpg,8,bicho_mineiro,128,128,4cf17b130f34e181a4cf938f3a6bc30bb3f4acf2897d3971e22a0dc6cb9ec7b7,9c9c6ce7998c867a5ac6f5296ced5f83cb36b0c8cc324b2471cb8ed523ac48c3,jmuben-1717,treino_auxiliar,1,
jmuben,jmuben2,1719,data/raw/jmuben/Miner/1 (10475).jpg,8,bicho_mineiro,128,128,d3549c989d169b6b8daf8106e09eaaeadab0dc9ddba61e93a55e431c471dab61,88b257b45ac8e70db50e9e53bc1eba70ec54c86cc6d1f58ff8c59107a0e17916,jmuben-1719,treino_auxiliar,0,acima_do_limite_da_classe
jmuben,jmuben2,1720,data/raw/jmuben/Miner/1 (10476).jpg,8,bicho_mineiro,128,128,00057fa9e81f4190eebcf9a1a4269dffc1cb8e973329685637492b9daf1746a1,88b257b45ac8e70db50e9e53bc1eba70ec14c874c6d1f58ff8c59107a0e17996,jmuben-1719,treino_auxiliar,0,acima_do_limite_da_classe
jmuben,jmuben2,1721,data/raw/jmuben/Miner/1 (10477).jpg,16,bicho_mineiro,128,128,ded2fc2aba7ed0bee1df5957b596a17e9cd529553f99ef446e2482d999a9f6a4,841f583f639c2d78c7d0946bf994871615606b5bae1a73e605f1bf8280af5f28,jmuben-1721,treino_auxiliar,0,acima_do_limite_da_classe
jmuben,jmuben2,1722,data/raw/jmuben/Miner/1 (10478).jpg,16,bicho_mineiro,128,128,9ff76870fb6722c4d7c377762de944b59cc995c2a2294105516a518214f24fda,841f583f639c2d78c7d0946ff994871615606b5bae1a73e605f1af8280af5f28,jmuben-1721,treino_auxiliar,0,acima_do_limite_da_classe
jmuben,jmuben2,1723,data/raw/jmuben/Miner/1 (10533).jpg,8,bicho_mineiro,128,128,889aeeb4b1d027257e0e62d996fb061a054a97f4376a575d684b727f5b22dda9,851683a746c36e40fa78e10e693ccd72fec32c78730d720fb906ff665360d711,jmuben-1723,treino_auxiliar,0,acima_do_limite_da_classe
jmuben,jmuben2,1724,data/raw/jmuben/Miner/1 (10534).jpg,8,bicho_mineiro,128,128,39416aa876b55b74cda7fbdef7989e84fffb47a1a2f312d9aefcca1d1c504b6c,851683a546c36e40fa78e10e693ecd72fec32c58730d720fb806ff665b60d719,jmuben-1723,treino_auxiliar,0,acima_do_limite_da_classe
jmuben,jmuben2,1725,data/raw/jmuben/Miner/1 (10535).jpg,8,bicho_mineiro,128,128,d70167b477a9aaa771a59db8e470b2951d83406a813fe8cd2d4fd4f77730cf5a,99133326f6b5eb4a854994ae5d5678a2d6b9692d8769cc45851694e9ca9956d5,jmuben-1725,treino_auxiliar,0,acima_do_limite_da_classe
jmuben,jmuben2,1726,data/raw/jmuben/Miner/1 (10536).jpg,8,bicho_mineiro,128,128,e0960a38182dc756eddeb56a58777d37a228bc7f9dfd2d4195cbcdfbd91366cd,99113336f2f4eb4b854994ae5d5678aad6996925c769cc64851694a4cadd5ed4,jmuben-1725,treino_auxiliar,0,acima_do_limite_da_classe
jmuben,jmuben2,1727,data/raw/jmuben/Miner/1 (10539).jpg,8,bicho_mineiro,124,256,2f562a948927861ca5bd344d911a4c143073dd35d5c3ec6c2cc6d55af228624a,87980ece7a6fa1304da3dcc72050f37838a24365b77ac81bdc7cbf46c09b3c6c,jmuben-1727,treino_auxiliar,1,
jmuben,jmuben2,1728,data/raw/jmuben/Miner/1 (10540).jpg,8,bicho_mineiro,128,128,673d0f209c86dc0efcfd114939f567984e6a06a4f37d405c78315fbb8ad49cbf,957a07a5d3e5e60d0e9299b21cc4d9cd3349eb7d71ca66126647191cc66978e6,jmuben-1728,treino_auxiliar,1,
jmuben,jmuben2,1729,data/raw/jmuben/Miner/1 (10541).jpg,8,bicho_mineiro,128,128,930878651b04e608576289466ba2f558e682fb17677b6091f112d1d9a892c654,98917367e656b54af2a446f04a6a259d535ae8aa832d86ab8fade49496bb15e4,jmuben-1729,treino_auxiliar,0,acima_do_limite_da_classe
jmuben,jmuben2,1730,data/raw/jmuben/Miner/1 (10542).jpg,8,bicho_mineiro,128,128,06b5f448af3aa71974df75bcc75a2eab01044162042fb02c0668d75142f4c044,98917367e656b54af0a446f06aea259d535ae8aa832d86ab8fade49496ab35a4,jmuben-1729,treino_auxiliar,0,acima_do_limite_da_classe
jmuben,jmuben2,1731,data/raw/jmuben/Miner/1 (10543).jpg,8,bicho_mineiro,128,128,e6290ad27a8a15ac4bd5c62b5ab9aa7e897a2f1bd0b6b538d76e88ce46d8ca3a,9cde5131a753b16af296437a6ea234d25b5a7c89d10482adc9b6eec3c6233cb2,jmuben-1731,treino_auxiliar,0,acima_do_limite_da_classe
jmuben,jmuben2,1732,data/raw/jmuben/Miner/1 (10544).jpg,8,bicho_mineiro,128,128,4d0b50c26c9ff31eafdfe24fbf4dbca94c6124a520bac155d5094679ac641bcc,9cde5131a753b16af296437a6ea234d65b5a7c89d10482adc9a6eec3c6233cb2,jmuben-1731,treino_auxiliar,0,acima_do_limite_da_classe
jmuben,jmuben2,1733,data/raw/jmuben/Miner/1 (10545).jpg,8,bicho_mineiro,128,128,cb70676109913bdfa2b7a5ccb4db9c5b3598191c00e555103610f3b1628415bb,877878ee4d9da710e6c19d8c4bc32272fd819f4976f04b06fadb8979862449d1,jmuben-1733,treino_auxiliar,0,grupo_ja_representado
jmuben,jmuben2,1734,data/raw/jmuben/Miner/1 (10546).jpg,8,bicho_mineiro,128,128,9e522715b13f0f94cc47c3d89efe8d89ac7b26b88ac3292dfedfe2c9a6943963,877878ee4d9da710e6c19d8c4bc32272fda19f4976f04b46facb8979860449d1,jmuben-1733,treino_auxiliar,0,grupo_ja_representado
jmuben,jmuben2,1735,data/raw/jmuben/Miner/1 (10547).jpg,8,bicho_mineiro,128,128,e691d64859aedffb141e556a481f253d30449da761baaa2394c5dbb84592da81,957805ad13a7e6656629cc16c3333c924cb6dd8e1e9e8d6559ed99b0c4c3d8c6,jmuben-1735,treino_auxiliar,0,grupo_ja_representado
jmuben,jmuben2,1736,data/raw/jmuben/Miner/1 (10548).jpg,8,bicho_mineiro,128,128,39405718a3ce0b8ee9d787d4ead93ed6960c8ffeab0d8ace24136c6ba5b36473,957845ad13a5e3656629cc16c3333e924cb6dd8a369e8d2559cd99b0cce3d8c6,jmuben-1735,treino_auxiliar,0,grupo_ja_representado
jmuben,jmuben2,1737,data/raw/jmuben/Miner/1 (10577).jpg,8,bicho_mineiro,105,256,dbc8c7097d6335320b4d7446ffba70deac40f909fa208dda424e4c61f7809217,9931b64d62b2564dad4d4d9bb2dae51bed65d4821e9279502b893534b087d69b,jmuben-1737,treino_auxiliar,0,acima_do_limite_da_classe
jmuben,jmuben2,1738,data/raw/jmuben/Miner/1 (10578).jpg,8,bicho_mineiro,128,128,e3043cc66c1e8b24517be4c6fada6636dd62c982a119dd6f4edb05b0270147ba,82137c6a0dcae22c8deb50547e39895a77044ee51ad8a724d8bf5b6934d6dfa8,jmuben-1738,treino_auxiliar,0,acima_do_limite_da_classe
jmuben,jmuben2,1739,data/raw/jmuben/Miner/1 (10579).jpg,8,bicho_mineiro,109,256,4693c759aaaacb66f004ed2db380edf73a2ddaa1e5957d6504394b59b80e5c1f,81e527917edcd0ee2b64cf10311d38cdd8866542cdcfde81c62b9fde3af02033,jmuben-1739,treino_auxiliar,1,
jmuben,jmuben2,1740,data/raw/jmuben/Miner/1 (10580).jpg,8,bicho_mineiro,128,128,c9917d2d14183461a1240079fb23ae43ffcf6214342073552d1e275b3cf92718,82330dce39cddaaa7362a54c6cad58b3d1623b7588d1f0da34accdb0536516ed,jmuben-1740,treino_auxiliar,0,acima_do_limite_da_classe
jmuben,jmuben2,1741,data/raw/jmuben/Miner/1 (10605).jpg,8,bicho_mineiro,114,256,8425b67125023e322cd1c99b2b68171a2f38ed83b8a75692bb308a4404d75594,99da71cbf365cab61cc683c74e592deb46f2a3fc5d6407c292830e2197c144e9,jmuben-1741,treino_auxiliar,0,grupo_ja_representado
jmuben,jmuben2,1742,data/raw/jmuben/Miner/1 (10606).jpg,8,bicho_mineiro,128,128,11ab2d0c65e98fca056f24b993ce1252c71c0d7f53edf68456296a370dda5a0a,984b1dadb5a4d25a0e69af6469744fb3471af499c6256f908fca450dbd594d44,jmuben-1742,treino_auxiliar,0,grupo_ja_representado
jmuben,jmuben2,1743,data/raw/jmuben/Miner/1 (10609).jpg,8,bicho_mineiro,102,256,a73d723b1d9cea8169858232526c482e8cd84800a48f5cc19b8835bdd263b6ae,9bbf3197c6ca9989059c4eb22dccc7e0bb51878d8456be0aa7f0cc60e781a27b,jmuben-1743,treino_auxiliar,0,grupo_ja_representado
jmuben,jmuben2,1744,data/raw/jmuben/Miner/1 (10610).jpg,8,bicho_mineiro,128,128,ce5ed9f5669759f5825bf643afa42c6e1ba2995ac361cc597432ee091b14927c,95623aafedbd994adca5d29d5cd0e6581b3afe5f8e46c348120de2337b04a304,jmuben-1744,treino_auxiliar,0,grupo_ja_representado
jmuben,jmuben2,1745,data/raw/jmuben/Miner/1 (10611).jpg,8,bicho_mineiro,74,256,f227e7499d49e9269c23ef5c319e3be0b93c613b18397f269bba65918b7f5b3c,99cd70add332d8db92c7c10c3cb5c3db3cb46fc8c1f44f1293c3183f8b06d464,jmuben-1745,treino_auxiliar,0,acima_do_limite_da_classe
jmuben,jmuben2,1746,data/raw/jmuben/Miner/1 (10612).jpg,8,bicho_mineiro,128,128,37201c4af29c9e2fed0692bafc433c0639171e73964d1da16fb29daeaad31c0c,8a592d24b7959649a37caf26411ef8d647395fa74236559e07e1b521052fe9d2,jmuben-1746,treino_auxiliar,0,acima_do_limite_da_classe
jmuben,jmuben2,1747,data/raw/jmuben/Miner/1 (10613).jpg,8,bicho_mineiro,93,256,af9cd8f8d2ae539f5f06e75f9096c7c4bc7ef94d8f045f0439c8a9ca62268dc0,9bbd31dec64a9989879c48320fccc7813b01879d985e1f0fa9f24f23a785167b,jmuben-1743,treino_auxiliar,0,grupo_ja_representado
jmuben,jmuben2,1748,data/raw/jmuben/Miner/1 (10614).jpg,8,bicho_mineiro,128,128,1abc5d3fc36a5763f9e62fd2e19ad9a23d110621561ed931de3dcc710fed4948,95543faae1bf9950dd2bd3b9cc90f259193afe1d8ed4dfd88622e2221b0ca02a,jmuben-1744,treino_auxiliar,1,
jmuben,jmuben2,1749,data/raw/jmuben/Miner/1 (10615).jpg,8,bicho_mineiro,128,128,9cea56014446a7605c2d47038dda84416af94fdc09a0213904ffe27d7cfadd6b,bc25026cd76aae25e878bb7262d4e6551eafe2090eb583fc67018daa67d28ec4,jmuben-1749,treino_auxiliar,0,grupo_ja_representado
jmuben,jmuben2,1750,data/raw/jmuben/Miner/1 (10616).jpg,8,bicho_mineiro,128,128,e4ef7efc2d22fef471c7fca880116b7003dd0be6bd7a92b050ea9717cea10dfa,bc250268d76aae25e87cfb726ad4e6551ee7e2890eb183bc6701cd8a65d2c6c4,jmuben-1749,treino_auxiliar,0,grupo_ja_representado
jmuben,jmuben2,1751,data/raw/jmuben/Miner/1 (10617).jpg,8,bicho_mineiro,109,256,cb96fda432df1ec1f67992b99504c5fdcdc3e5b97c4f143d29cfe2c96bed6ce7,999571c3d761d9a40586ce1b6d4ac6e4f3389d059613bc0b77b1e07af629e185,jmuben-1751,treino_auxiliar,0,acima_do_limite_da_classe
jmuben,jmuben2,1752,data/raw/jmuben/Miner/1 (10618).jpg,8,bicho_mineiro,128,128,02b8224466e8014ca55bbd066f8dd8e95a2428005c940048d8d424186987d57b,9ab53b52a6cbdcb49e50e34b5f6ce625b196c540b321c1fd71b64189714858e7,jmuben-1752,treino_auxiliar,0,acima_do_limite_da_classe
jmuben,jmuben2,1753,data/raw/jmuben/Miner/1 (1062).jpg,9,bicho_mineiro,128,128,e1bb10878b91dde4e85f427faa5de4a0f36ab02bc24af968110fe59c3b00b5e5,b1f1285f97b0d285301e5a848f62f80f4cb913f7f41e79744b9ff42015d0695e,jmuben-1428,treino_auxiliar,0,grupo_ja_representado
jmuben,jmuben2,1754,data/raw/jmuben/Miner/1 (1063).jpg,1,bicho_mineiro,128,128,f65b67b8edbdccba774e9fb5e28bcf905ea8fbd890bc56717e11b8168dab5d5b,b1f1285f97b0d285301e5a848f62f80f4cb913f7f41679f44b9ff42015d0695e,jmuben-1428,treino_auxiliar,0,grupo_ja_representado
jmuben,jmuben2,1755,data/raw/jmuben/Miner/1 (1065).jpg,8,bicho_mineiro,128,128,03798ff49bc0d4d18a50c38d2193fb1256dadd4edd49355ea24cd73f2131c343,91dc1c172628da7af1e78631570a718eb4fd8e44a746613a6b971ae15aada555,jmuben-1755,treino_auxiliar,0,acima_do_limite_da_classe
jmuben,jmuben2,1756,data/raw/jmuben/Miner/1 (1066).jpg,8,bicho_mineiro,128,128,31d9f185518fcf5c92c48ab617d86a58757c9923cf4b2b1a0a8d9d060e788985,91dc1c172628da7af1c78631572a718e34fd8e44a646613a6b1e3ae15aade55d,jmuben-1755,treino_auxiliar,0,acima_do_limite_da_classe
jmuben,jmuben2,1757,data/raw/jmuben/Miner/1 (10665).jpg,8,bicho_mineiro,128,128,ff9d9559f3d2d7697df5ea0946bc3236acde5c2e7a62d879fb723b268a0d1e3e,98050475d710edf25c23f93ea9e07344433fb7809b89f85f033993d8fa6d524b,jmuben-1757,treino_auxiliar,0,grupo_ja_representado
jmuben,jmuben2,1758,data/raw/jmuben/Miner/1 (10666).jpg,8,bicho_mineiro,128,128,5014b454c82b7dbec97b3bd74245cc6957e68f1cde43194124e9b8809192b7b8,9804147ad718fdf35c21f92ea9e07344433fb7809bc9f84f0319f3c86a6d5a4b,jmuben-1757,treino_auxiliar,1,
jmuben,jmuben2,1759,data/raw/jmuben/Miner/1 (10667).jpg,8,bicho_mineiro,128,128,525b996635df7862d67c65ff6c806e373e49a2132e09a71b274f7da0c17d6037,98fdfb3acc12166808ac14872b9f992046f84b648ad2bf0f26a603757cecfb6b,jmuben-1759,treino_auxiliar,0,acima_do_limite_da_classe
jmuben,jmuben2,1760,data/raw/jmuben/Miner/1 (10668).jpg,8,bicho_mineiro,128,128,e3d650f1b3df77ae4f60928ebe081f1186b81e9f7e60d7cc37d5121f8f56aeee,98fdfb39cc12126908ac14872b9f89a046f84b648ad3bf0f26a603757cecfb69,jmuben-1759,treino_auxiliar,0,acima_do_limite_da_classe
jmuben,jmuben2,1761,data/raw/jmuben/Miner/1 (10669).jpg,8,bicho_mineiro,128,128,1739836a9714cbe3547f53ce475fe9b53e07c9cc874b7de12c54119979d5e750,99f805c58c76e91409e9ea432fbe46924683a5babb8643c73e2dfc3f2109077d,jmuben-1761,treino_auxiliar,0,acima_do_limite_da_classe
jmuben,jmuben2,1762,data/raw/jmuben/Miner/1 (1067).jpg,8,bicho_mineiro,128,128,3b63fbcfce1b3c49f4ab39b92e230f3c2131886c521fba0a9d451064609d91d1,983e4860cc3f9f0e13c376f17f9001f23050736830657bff3bc031dd788b7f81,jmuben-1762,treino_auxiliar,0,grupo_ja_representado
jmuben,jmuben2,1763,data/raw/jmuben/Miner/1 (10670).jpg,8,bicho_mineiro,128,128,5ba9eb38385e709deec071098d505866646aaa0e2f7c3b123ef922046b49a5cc,99f805c58c66e91409e9ea41afbe469246c3a5babb8643c73e2dfc3f2109077d,jmuben-1761,treino_auxiliar,0,acima_do_limite_da_classe
jmuben,jmuben2,1764,data/raw/jmuben/Miner/1 (10671).jpg,8,bicho_mineiro,128,128,0e90e8f08fd78ed4fe40504adfb3d0dce0fd84e080ad86c7800d8bb5eb918412,860a0b6a9bb2c2c517acd7b9f48765cf5d38ab8ab49ec7781c36a816e0780b5e,jmuben-1764,treino_auxiliar,0,acima_do_limite_da_classe
jmuben,jmuben2,1765,data/raw/jmuben/Miner/1 (10672).jpg,8,bicho_mineiro,128,128,a0e338563d7bd51ca90c48457974b2ef4214e146dfc70e72e744f7b8e6a28c45,860a0b6e9bb4c2c517acd5b9f4874dcf5d38ab8ab41ec7703c37e816e2780b54,jmuben-1764,treino_auxiliar,0,acima_do_limite_da_classe
jmuben,jmuben2,1766,data/raw/jmuben/Miner/1 (10673).jpg,8,bicho_mineiro,128,128,563e4b6a2f9b5333af6d2753940894279d1d91b96b1346b2a239325f1fc8d284,a36e09d9ed438b1e29d0d1e1b21cd15353e12c1fff5ef17018d19af44e0ae345,jmuben-1766,treino_auxiliar,0,grupo_ja_representado
jmuben,jmuben2,1767,data/raw/jmuben/Miner/1 (10674).jpg,8,bicho_mineiro,128,128,e6c1194fcae844a0dbf064d4cc5a8c4367c0895bfebac657e928d4f355951a81,a36e09d9ed478b1e29d0d1e1b21cd15353e12c1fff5cf17018d19af44e0ae345,jmuben-1766,treino_auxiliar,0,grupo_ja_representado
jmuben,jmuben2,1768,data/raw/jmuben/Miner/1 (10675).jpg,8,bicho_mineiro,128,128,389f612765305fa1925d8f946576ada6aeda1b7e45acac7c25004eb87d4c12ca,99f905c48c76e91409e9ea41af9e46d146c3a4babb9643c3362cfe3f2109077f,jmuben-1761,treino_auxiliar,0,acima_do_limite_da_classe
jmuben,jmuben2,1769,data/raw/jmuben/Miner/1 (10676).jpg,8,bicho_mineiro,128,128,5347a54db737679140b927f9a202ecef1f169c6711318a3118380431f084488b,99f905c48c76e99409e9ea412f9e46d046c3a4babb9443c7362cfe3f2149077f,jmuben-1761,treino_auxiliar,0,acima_do_limite_da_classe
jmuben,jmuben2,1770,data/raw/jmuben/Miner/1 (1068).jpg,8,bicho_mineiro,128,128,1c4b0a8608c2fac843b15315cf3ccef45b0511f4003d9e4bb9cbb5b47870793d,983e4860cc3f9f0433c376f17f9001f23050736830657bff33c031dd798f7f81,jmuben-1762,treino_auxiliar,0,grupo_ja_representado
jmuben,jmuben2,1771,data/raw/jmuben/Miner/1 (1069).jpg,8,bicho_mineiro,128,128,a54df2a01bdd252265246290679deaacc1df0bf41dc2aedabedd4566baa5e8cf,80ff39f33307786c4f88864138f9c7f17a0b189926f99f1d1c30cc0f98afc1ce,jmuben-1771,treino_auxiliar,0,acima_do_limite_da_classe
jmuben,jmuben2,1772,data/raw/jmuben/Miner/1 (1070).jpg,8,bicho_mineiro,128,128,0511fe2625faf3d9b74b8c5a25b0387fc1d1aec085eb15bb583ae46ea5020883,80ff39f33307786c4f88824138f9c7f17a09189926799f1f5c32cc0f91afc1ce,jmuben-1771,treino_auxiliar,0,acima_do_limite_da_classe
jmuben,jmuben2,1773,data/raw/jmuben/Miner/1 (1071).jpg,8,bicho_mineiro,128,128,dd61a2e22cce5703a754ff38e5e0986315bf85b397473361276f0b21f32829fb,81155aa972fa9f5d2d23ff40d24b94ec28dc2cd99f894f681bf1b017e081cf86,jmuben-1773,treino_auxiliar,0,acima_do_limite_da_classe
jmuben,jmuben2,1774,data/raw/jmuben/Miner/1 (10715).jpg,8,bicho_mineiro,128,128,eedf4a6b3ed525c7f364ed481aee989ad7352b9393b227a3502485733c9dcf0f,81fb3aaa3d9652b0ea6fa1e2730b052cafe1ae3c2ac06e3f42b24f0fc470ad87,jmuben-1774,treino_auxiliar,0,acima_do_limite_da_classe
jmuben,jmuben2,1775,data/raw/jmuben/Miner/1 (10716).jpg,8,bicho_mineiro,128,128,946fd3ee5937cc8bb592989925b12bf1c678226b08ace71a9be3cdbd596476c0,81fb7aaa3c9652b0ea2fa1e2730b042cafe1ae1c6ac07c3f42f24d4fa570ad87,jmuben-1774,treino_auxiliar,0,acima_do_limite_da_classe
jmuben,jmuben2,1776,data/raw/jmuben/Miner/1 (10717).jpg,8,bicho_mineiro,128,128,88db36120b2a8fb9b400d13e253d23c5238f6004eaa69dc59ed6cf24c1a0b7da,838a8c5f7a7478a835b03dbfe5499b4dab4ad6538ed6eea605b4f5250129384a,jmuben-1776,treino_auxiliar,0,grupo_ja_representado
jmuben,jmuben2,1777,data/raw/jmuben/Miner/1 (10718).jpg,8,bicho_mineiro,128,128,0b673356ac89cc79565a475fc5b70757c32f47268e95accacffba5a01bf74b15,83898c5f7a7478b835b03dbee569994dab4ad6528ed2eeb705b4b52501b1382a,jmuben-1776,treino_auxiliar,0,grupo_ja_representado
jmuben,jmuben2,1778,data/raw/jmuben/Miner/1 (10719).jpg,8,bicho_mineiro,128,128,d8971043fe87554c2ca660faae2bc242a72ff78ea403724e9127fc5906dc2c87,86027101624187156523cbdb2d8a4eb5bb591da5de57656be8a4ea4ae4b5fada,jmuben-1778,treino_auxiliar,0,acima_do_limite_da_classe
jmuben,jmuben2,1779,data/raw/jmuben/Miner/1 (1072).jpg,8,bicho_mineiro,128,128,8ca1f18f785e15038b5fa0ec3effdc1412f2e691cd85815da0b94197518ef907,81155aa972fa9f5d2d23ff40d24b94ec28dc2cd99f894f681bf1b017e081cf86,jmuben-1773,treino_auxiliar,0,acima_do_limite_da_classe
jmuben,jmuben2,1780,data/raw/jmuben/Miner/1 (10720).jpg,8,bicho_mineiro,128,128,626cd46606f969ff59af1d16e523f94175c6b5574feb53660be7d77581a4b889,86127107624587156523cbdb2d084ea4bb591da5de57656be8a4ea5ae4b5f2da,jmuben-1778,treino_auxiliar,0,acima_do_limite_da_classe
jmuben,jmuben2,1781,data/raw/jmuben/Miner/1 (10721).jpg,8,bicho_mineiro,128,128,d1f7a4d2fddaeac5ce727d743111702b62b637b4f8e7a4dfdba9b2aa6ae392ac,90091fef3da6d2103b75e68d3362ac9a1e4cc0325ecc3166e4cbb664d59f0cee,jmuben-1781,treino_auxiliar,0,acima_do_limite_da_classe
jmuben,jmuben2,1782,data/raw/jmuben/Miner/1 (10722).jpg,8,bicho_mineiro,128,128,e258da07f3c5173b10aefcbf4c50464c0b73fa257fbfe1659b4bd59e2c3b3d0a,9008e0103da62def3b751972336253651e4c3fc85eccce99e4cb499b559ff311,jmuben-1782,treino_auxiliar,0,acima_do_limite_da_classe
jmuben,jmuben2,1783,data/raw/jmuben/Miner/1 (10723).jpg,8,bicho_mineiro,118,256,caf3a83afb198d74a16027734beaa992c6d5590d0baef2458e5c2827c920f396,8853631a367b9a6f46b88cd9a4ced8b2e938ed7e275cc6bc99bb216468b410a9,jmuben-1783,treino_auxiliar,0,acima_do_limite_da_classe
jmuben,jmuben2,1784,data/raw/jmuben/Miner/1 (10724).jpg,8,bicho_mineiro,128,128,e66904c1d46879635fa365640e2fd997b8eb88369afedd1d213f1e81642d25b5,87027180274185576bebc9db6fb6da5f503fce36606be8b49b5a15b512da0127,jmuben-1784,treino_auxiliar,0,acima_do_limite_da_classe
jmuben,jmuben2,1785,data/raw/jmuben/Miner/1 (10725).jpg,8,bicho_mineiro,128,128,1ac4ed69f293c80f0acf567dad1501d53478a245df466ef98f45373516ab3b84,943c5795a1f191ec19ecade7b4924ed9c9598da99685a2d6574e3cc7e01606e4,jmuben-1785,treino_auxiliar,1,
jmuben,jmuben2,1786,data/raw/jmuben/Miner/1 (10726).jpg,8,bicho_mineiro,128,128,7e5bf47dc096e5887a085c4da2a077a2bb6e843bafd73f7f983590396490cf98,943c5795a1f191ec19ecade7b4924ed9c9599da99685a2d6564f3cc6e01606e4,jmuben-1785,treino_auxiliar,0,grupo_ja_representado
jmuben,jmuben2,1787,data/raw/jmuben/Miner/1 (10727).jpg,8,bicho_mineiro,128,128,d252ccbe3ac586361ed6b9ec73d478c8ad7a583f47212f5eec42cb01f4d8a824,81765adf3d0bd13c32cdfb4af4b2664ee135bc12ae48cda412d3432d4896a2cf,jmuben-1787,treino_auxiliar,0,grupo_ja_representado
jmuben,jmuben2,1788,data/raw/jmuben/Miner/1 (10728).jpg,8,bicho_mineiro,128,128,5dec19039fdc195fa1f782705a1752234c88b669fdb5ad4f7b6efa8d7ecc4715,81765adf3d09d13d32cdfb4bd4b2664ee134bc13ae4ccda412d343254896a2cf,jmuben-1787,treino_auxiliar,1,
jmuben,jmuben2,1789,data/raw/jmuben/Miner/1 (10729).jpg,8,bicho_mineiro,128,128,1b32cd10fa31ad93faa015c11e3eb87dde4da655db9a058e02ca380f177dcd93,898765e75be09af8d670f278e375a71e8a2d854a20abb0d768ead3c5c08ae3d0,jmuben-1789,treino_auxiliar,1,
jmuben,jmuben2,1790,data/raw/jmuben/Miner/1 (10730).jpg,8,bicho_mineiro,128,128,b3d6646483299aaf47ecbccd77cc26bf3e8d102b1749f4447037da352aa3cfed,89c767e75be09af8d670f278e335a71e8a25854a20abb0d768aad3c5c48ae3d0,jmuben-1789,treino_auxiliar,0,grupo_ja_representado
jmuben,jmuben2,1791,data/raw/jmuben/Miner/1 (10731).jpg,8,bicho_mineiro,125,256,fa4086ef779660de8bf9775d0d3d44a7f901a32e91419db3eb26c0c79ed74f44,8a066b0527b69ecf546b8cb0a4cbb5e67133f949e816ee09d5b48714ae8d6b26,jmuben-1791,treino_auxiliar,0,acima_do_limite_da_classe
jmuben,jmuben2,1792,data/raw/jmuben/Miner/1 (10732).jpg,8,bicho_mineiro,128,128,41c2a00dc60b46b34c589d8eab63dbb8adb0f0f8a08e980572f7c74f2a382c71,8617710f628f8f1d674fca976f405ea13b121d6a5e16654ac8a5e252eca876d5,jmuben-1778,treino_auxiliar,0,acima_do_limite_da_classe
jmuben,jmuben2,1793,data/raw/jmuben/Miner/1 (10733).jpg,8,bicho_mineiro,122,256,cb30f9d59f4d0940b4e11ce44ee986c1ce5309ba3d72511c94d6077ec58f1d87,8a46631736f69cef04ab8890a1cdd132eb78ec7ca638d7b89bb2296d59a890ab,jmuben-1783,treino_auxiliar,0,acima_do_limite_da_classe
jmuben,jmuben2,1794,data/raw/jmuben/Miner/1 (10734).jpg,8,bicho_mineiro,128,128,68a089d5639a6b9ea30ffeef0c7fc2c07144ea8bd3b792c760ac509027301d98,86168cf02e8f72ab4bea346f7de06d0a716a3f12605a3f5693d4ca1017d5f495,jmuben-1794,treino_auxiliar,0,acima_do_limite_da_classe
jmuben,jmuben2,1795,data/raw/jmuben/Miner/1 (10735).jpg,8,bicho_mineiro,128,128,ae9418ea5a07f2fa6b9ab6b685a0203985854012c78c0536e6458f8998fbf53e,8ce8647064b08c736e51deac4a3f5c1af6ad795955ab4ab5c1eac2afe144552a,jmuben-1795,treino_auxiliar,0,acima_do_limite_da_classe
jmuben,jmuben2,1796,data/raw/jmuben/Miner/1 (10736).jpg,8,bicho_mineiro,128,128,13ccc25c295627ad0e49d4a1d2a8e4416f460ebb8b79caca40ee3b44f0af85c3,8ce8647064b88c736e51daac4a3f5c1ab6ad7955d5ab4295c1fac2afe144d52a,jmuben-1795,treino_auxiliar,0,acima_do_limite_da_classe
jmuben,jmuben2,1797,data/raw/jmuben/Miner/1 (10737).jpg,8,bicho_mineiro,119,256,aacb214413876c6e7d8281b792e395746759a0aef117c8217da84b092126c753,88a5be1b01f0168bd27770d313024c3123bad87c1e3bc3dc62efbc18278ee5bf,jmuben-1797,treino_auxiliar,0,grupo_ja_representado
jmuben,jmuben2,1798,data/raw/jmuben/Miner/1 (10738).jpg,8,bicho_mineiro,128,128,bbd50d28a189d7ff192575c9f0f4157f75c9ee1bfd6b58996e1d026d1411f978,889d6b951d8cce0b81f89c76df0091dafc1ba7c44a67ed1552e46560d47e3b07,jmuben-1798,treino_auxiliar,1,
jmuben,jmuben2,1799,data/raw/jmuben/Miner/1 (10739).jpg,8,bicho_mineiro,128,128,cf5e6b7ea733b25f8537b3277c8f5b94cf593232ba5a31e6b43b431284e66337,93b356b2819f9fc7da2d4cace4d3b2dbcb69c524b2d49258734a6c2579b4c012,jmuben-1799,treino_auxiliar,0,grupo_ja_representado
jmuben,jmuben2,1800,data/raw/jmuben/Miner/1 (10740).jpg,8,bicho_mineiro,128,128,598256c54c4ea81c4097e66fe45f65191e96db16ab7cd170fb8b71102446447b,97b316b281bf9f87da394cace4d3b2d3cb69c125b29492d0774a6c2579b4c016,jmuben-1799,treino_auxiliar,0,grupo_ja_representado
jmuben,jmuben2,1801,data/raw/jmuben/Miner/1 (10741).jpg,8,bicho_mineiro,128,128,a9d25f26b48183eb8ba2b6bc293e657b0163c8a710c0e3c9442949b57f89aa7c,81fb585f349fd2f4324fe513a632216688b21e4943a4689bf749edb0fcc17334,jmuben-1801,treino_auxiliar,0,grupo_ja_representado
jmuben,jmuben2,1802,data/raw/jmuben/Miner/1 (10742).jpg,8,bicho_mineiro,128,128,cd63c755d89bcd4a6d06d674c24c5c35be9363d5b4864138cceb00c94bc3815c,81fa58ff34bfd2f4324fe513a4b2236e89b21e4943a4619b7349ed20fcc17324,jmuben-1801,treino_auxiliar,0,grupo_ja_representado
jmuben,jmuben2,1803,data/raw/jmuben/Miner/1 (10743).jpg,8,bicho_mineiro,128,128,787d119f26c93a110519684ee50f9d8c04f96f405be95426e20a4da87f3b2973,92004fbb3ef3d8403939f546f362b199f6450f33c0196a6639b3e4d4b732f08b,jmuben-1803,treino_auxiliar,1,
jmuben,jmuben2,1804,data/raw/jmuben/Miner/1 (10744).jpg,8,bicho_mineiro,128,128,f62d2b6768bb2ada7db19ebf8a973f45f139152b20604934f43e36a100f3598c,92004fbb3ef3d8403939f547f362b199f6450f33c0186a6639b3e4d4b732f08b,jmuben-1803,treino_auxiliar,0,grupo_ja_representado
jmuben,jmuben2,1805,data/raw/jmuben/Miner/1 (10745).jpg,8,bicho_mineiro,128,128,af8eb1c17550b6a2d1dad1d578582ae6fe44e815d014d35c3e772e001851f67d,83a72f0f2dcef72370669cea343d1b746465dcf773311d9c7632c00a92e86588,jmuben-1805,treino_auxiliar,0,acima_do_limite_da_classe
jmuben,jmuben2,1806,data/raw/jmuben/Miner/1 (10746).jpg,8,bicho_mineiro,128,128,6398417ad5e0c05a7e78ac49de68e9f95ebff80c3a65debd952eaf5d4e9d866b,83a72f0f2dced73370269cea343d1b746465dcf773311d9c7632c00a92e865c8,jmuben-1805,treino_auxiliar,0,acima_do_limite_da_classe
jmuben,jmuben2,1807,data/raw/jmuben/Miner/1 (10747).jpg,8,bicho_mineiro,128,128,f4cbb33f80267378584c7d7abd2ce246fef2c479bddafe3a7d0bd7aa9208486d,97cc14c9c26b2f1cb67e1a51f812a14b352b5cb57b9c485e1b48c9698e4d7c76,jmuben-1807,treino_auxiliar,0,grupo_ja_representado
jmuben,jmuben2,1808,data/raw/jmuben/Miner/1 (10748).jpg,8,bicho_mineiro,128,128,95f5015ad44e5e629b7abd8be1010dc1840805b52eaed8122c5df9ec84b83bc7,8b1622711ba9ce9b167fd887bc2a91a8c0c2ed1f28c71e71fbbc98776b1145c4,jmuben-1808,treino_auxiliar,0,acima_do_limite_da_classe
jmuben,jmuben2,1809,data/raw/jmuben/Miner/1 (10749).jpg,8,bicho_mineiro,128,128,8fca9a5e71891ef3ee4aad0964ae8a1368b7186fff22c571e5c28eb9cc47d370,9cbc54e4ef7060da45fd2639126b8129f084d816f709f6b7e953796bac052e92,jmuben-1809,treino_auxiliar,0,acima_do_limite_da_classe
jmuben,jmuben2,1810,data/raw/jmuben/Miner/1 (10750).jpg,8,bicho_mineiro,128,128,3e977a67d47052e2954c17ae68863be864198f87052ccb444d9b2b3442728927,81f2a70334bd3d0fa04f13ce2631d6f3d99185f3e71443e69f2433691a4df4c1,jmuben-1810,treino_auxiliar,1,
jmuben,jmuben2,1811,data/raw/jmuben/Miner/1 (10751).jpg,8,bicho_mineiro,128,128,1c5101c35127d2f202034bf088b7ffa9afa14807d40ec6e54bf84ae587b2e30a,816c9f9360140deef1098078b703d8279dca79985f7d6ea3cfb7a5c480b05797,jmuben-1811,treino_auxiliar,0,acima_do_limite_da_classe
jmuben,jmuben2,1812,data/raw/jmuben/Miner/1 (10752).jpg,8,bicho_mineiro,128,128,5a7b776b513193988d8fa43324fde293caeae92a73812064ef24c2c76debc2bf,816d602c6014f210f1097f87f72727d0ddca86675f7d115ccfb65a3f90b3a868,jmuben-1812,treino_auxiliar,0,acima_do_limite_da_classe
jmuben,jmuben2,1813,data/raw/jmuben/Miner/1 (10753).jpg,8,bicho_mineiro,128,128,e78c3b3d47a40b54a6751e4a26f104ad2db67ccb91ded052552b96a3c3276418,96af7078fa077c68587f4914609cd4f72e381b42cd952db30d9cbcc2af0e4707,jmuben-1813,treino_auxiliar,0,grupo_ja_representado
jmuben,jmuben2,1814,data/raw/jmuben/Miner/1 (10754).jpg,8,bicho_mineiro,128,128,3c80502e16b486f858cc2680b63de09d78b93b30331880da13b53bc453fe1a78,96af7078fa0f7c68587e4914609cd4f72e383f42cd942cb30d9cbcc0ae0ee70e,jmuben-1813,treino_auxiliar,0,grupo_ja_representado
jmuben,jmuben2,1815,data/raw/jmuben/Miner/1 (10755).jpg,8,bicho_mineiro,128,128,c6204ca6230f104044de8f3f6f0ba3406c043f2d3f4878c5ae7943881ea39a2c,82d056bff5486b5e32971b22cfac3d8721d5c8b8c6ca701607c558e71e7ef181,jmuben-1815,treino_auxiliar,1,
jmuben,jmuben2,1816,data/raw/jmuben/Miner/1 (10756).jpg,8,bicho_mineiro,128,128,662b332db6e169e97c1462ae3e1eb6731839c033b0a7564c9ab702bb27ee6a3a,82d056bff5482b5e32871b22cfac3d8721d5c8b8c6ca741607c598e71e7ef183,jmuben-1815,treino_auxiliar,0,grupo_ja_representado
jmuben,jmuben2,1817,data/raw/jmuben/Miner/1 (10757).jpg,8,bicho_mineiro,128,128,7d25872ae86bf170b0457c16c06aa474e68f6dd7a3b55d49dbc6c566e7790366,8ea540a641dec4dde6e53877a4d36c7eb53a8d3ff4851786f8c314c3870063ac,jmuben-1817,treino_auxiliar,0,grupo_ja_representado
jmuben,jmuben2,1818,data/raw/jmuben/Miner/1 (10758).jpg,8,bicho_mineiro,128,128,d24a7a6887ace0435540209b999dc9dc721259f3eb7fb071bf43f32746ef7a3a,8ea540a641dec4dde6e53877a4d36c7eb63a8d3ff4851786f8c314c3870063ac,jmuben-1817,treino_auxiliar,0,grupo_ja_representado
jmuben,jmuben2,1819,data/raw/jmuben/Miner/1 (10759).jpg,8,bicho_mineiro,128,128,e7206af71631d7d55e0444cfd702b4b45b69cc88a23df2d6b4d2dd5415994751,96a777e8fa177ea4782ed927610c6286d0e3765d3229c966f8756f31459818e0,jmuben-1819,treino_auxiliar,0,grupo_ja_representado
jmuben,jmuben2,1820,data/raw/jmuben/Miner/1 (10760).jpg,8,bicho_mineiro,128,128,aa2de21a82ab7279e2c0bec150a76398ea6f4b57bb6f5e623948de9646cfb486,96a777e0fa177ea4782ed92761086286d0e3765c3229db6af8756f33459818e0,jmuben-1819,treino_auxiliar,0,grupo_ja_representado
jmuben,jmuben2,1821,data/raw/jmuben/Miner/1 (10761).jpg,8,bicho_mineiro,128,128,9fbb88a2a83da5f705135d9fb70d485c2e4db90e2effdb6f177663c577e01fd6,9ade7eb0f90f3a1238bc0cbb644d3245de793f381585ccc12648174f9b47b923,jmuben-1821,treino_auxiliar,0,acima_do_limite_da_classe
jmuben,jmuben2,1822,data/raw/jmuben/Miner/1 (10762).jpg,8,bicho_mineiro,128,128,1807e3fd449e8d2621a3bc46136e5a672fe862e8fdbb73b8c38d07e7126068b3,9ada7eb0f90f3a1238b40cbf644d7241de793f381585ccc1264a174f9b47b923,jmuben-1821,treino_auxiliar,0,acima_do_limite_da_classe
jmuben,jmuben2,1823,data/raw/jmuben/Miner/1 (10763).jpg,8,bicho_mineiro,128,128,d5cf68ac0c9a3739b2c17f9340207b45b48f216284f86460543f9490f338b2bf,9eb675f8fa073ea4782f492360ce72fb5e7a371c89abcc9a2490068e1cc19707,jmuben-1823,treino_auxiliar,0,acima_do_limite_da_classe
jmuben,jmuben2,1824,data/raw/jmuben/Miner/1 (10764).jpg,8,bicho_mineiro,128,128,ef3999b8f62b0e7b89753b75366aaabd82fca179561b1d34ccd90c9581332444,9eb675f8fa027ea4782e4933604e72f7dc7a371cb9a9cdaa2490068c1cc89e47,jmuben-1823,treino_auxiliar,0,acima_do_limite_da_classe
jmuben,jmuben2,1825,data/raw/jmuben/Miner/1 (10957).jpg,8,bicho_mineiro,128,128,4201934a7b301923e4b315f6fa5e8cb0c25b4af4b25c5d5c10f34e9b378df7df,871e267cd8f14b2fb4c303b31b849ccf4f64f433859eb18ccc67369eb2484c66,jmuben-1825,treino_auxiliar,0,acima_do_limite_da_classe
jmuben,jmuben2,1826,data/raw/jmuben/Miner/1 (10958).jpg,8,bicho_mineiro,128,128,71b6677e85600883353887933c06b551c9ded5812b58c5561662cee117391a6f,871e2678d8f14f2fb4c30bb31b849ccf4e66f433019eb48d4e77369c32486c66,jmuben-1825,treino_auxiliar,0,acima_do_limite_da_classe
jmuben,jmuben2,1827,data/raw/jmuben/Miner/1 (10959).jpg,8,bicho_mineiro,128,128,2f36c470b75cda310380f7f9bccb377222646e1f09d9f5c5a617aa335f8c1f55,84672e63a69e91bcdb201a4ff1b325b199124cd96cc8d0dccc9d6657b322f6d2,jmuben-1827,treino_auxiliar,0,grupo_ja_representado
jmuben,jmuben2,1828,data/raw/jmuben/Miner/1 (10960).jpg,8,bicho_mineiro,128,128,c68b68133f1f4af508f7a3a18498a7923f03061883a4cb497a3d67721161ed43,84672e63a49e91bcdb201a4ff0b325b199124cdb6cc8d0dccc956e57b322f6f2,jmuben-1827,treino_auxiliar,0,grupo_ja_representado
jmuben,jmuben2,1829,data/raw/jmuben/Miner/1 (10961).jpg,8,bicho_mineiro,128,128,d1fe6fc6fbda6555302b42f37e4c23e3b10f25c542be03c97891cc4fa1354e22,8a39488f58c3b2ed37262d300d920fb1c7e29ccc31d97231673733dc47be6761,jmuben-1829,treino_auxiliar,0,acima_do_limite_da_classe
jmuben,jmuben2,1830,data/raw/jmuben/Miner/1 (10962).jpg,8,bicho_mineiro,128,128,0e4dfd04294ec8bb9bf5a30dd93cbde9b1b550e8d18e071f85b570ed8c3b3502,8a39488f58c3b3e937262d300d900fb1f6e094cc31f9663367a7369c47bf6663,jmuben-1829,treino_auxiliar,0,acima_do_limite_da_classe
jmuben,jmuben2,1831,data/raw/jmuben/Miner/1 (10963).jpg,8,bicho_mineiro,128,128,0e74ed6f756b5208d917dfdd463bcd171f16ac93ad6936dfcf84029b8406c742,9d91c664ad7169a8d4b98b06e34d55a5d169b6db653624d94db15b24e50aacd3,jmuben-1831,treino_auxiliar,0,acima_do_limite_da_classe
jmuben,jmuben2,1832,data/raw/jmuben/Miner/1 (10964).jpg,8,bicho_mineiro,128,128,32583b18755f02f4bef6336648f807827192f3f09d827850f09a0e6519fdebfa,9d913999ad719657d6bd14a9e34daa4ad3ed4924e53699205db824d9e54b512c,jmuben-1832,treino_auxiliar,1,
jmuben,jmuben2,1833,data/raw/jmuben/Miner/1 (10965).jpg,8,bicho_mineiro,128,128,940f94d7f602d21a6c5adc72043992cce7f187c1c721e994aa21e2be87bdf179,807f4f01df60b336331d4cfce0c4c71f9e33c1e09e419c3f9a7f264b43d4c0e1,jmuben-1833,treino_auxiliar,0,acima_do_limite_da_classe
jmuben,jmuben2,1834,data/raw/jmuben/Miner/1 (10966).jpg,8,bicho_mineiro,128,128,e224704cd32b838ef6c9df2d98def4a2ebb1cae1fc85df8061f457f282ed6dea,807e4f01df60b336331d4cdce0c0c71f9e33c1e09e519c7f9a7f26cb4394c4e1,jmuben-1833,treino_auxiliar,0,acima_do_limite_da_classe
jmuben,jmuben2,1835,data/raw/jmuben/Miner/1 (10967).jpg,8,bicho_mineiro,111,256,79f0476c84d23eefcf072ec97287e3089d795d5c6bab3bc5068790707f7c017c,885129b9f391563b2463d2074cbce91d968e7f35e91a16e6b2509b6bcc9cb6c8,jmuben-1835,treino_auxiliar,0,acima_do_limite_da_classe
jmuben,jmuben2,1836,data/raw/jmuben/Miner/1 (10968).jpg,8,bicho_mineiro,128,128,4a1cf3a48dae60aab62792ca06c2f1e3117629378e5e6ed1601bd1f12d620563,848d225755aa6db5b6c5ba7a0d8f74e77a70c96c85a4b5c7371be25d40424cb2,jmuben-1836,treino_auxiliar,1,
jmuben,jmuben2,1837,data/raw/jmuben/Miner/1 (11005).jpg,8,bicho_mineiro,128,128,ff9c2b981864ce2399d64586f47e545e36b6743909deecf242a86f69559c03c0,9a3c488fd0c3b4cbb7452f241bb40f31966d9cccd9f93333b663199c59884c6e,jmuben-1837,treino_auxiliar,0,grupo_ja_representado
jmuben,jmuben2,1838,data/raw/jmuben/Miner/1 (11006).jpg,8,bicho_mineiro,128,128,5cb27e08cff79acf38805f1fd62b34cb14ee841e01cfeffe0d15cc9cc6f3181f,9a3c488fd0c3b4cbb7452f241b340f33966c9cccd9b93333b663199d79884c6e,jmuben-1837,treino_auxiliar,0,grupo_ja_representado
jmuben,jmuben2,1839,data/raw/jmuben/Miner/1 (11007).jpg,8,bicho_mineiro,128,128,f3de25a6abe24480cc79890dde865180306392e4a2e433cce2e83ca9aeb0caeb,8b8e58d0b4f0a7fc0b2e09bc833994cdd8db7330267649ce6e63e621b371b49c,jmuben-1839,treino_auxiliar,0,acima_do_limite_da_classe
jmuben,jmuben2,1840,data/raw/jmuben/Miner/1 (11008).jpg,8,bicho_mineiro,128,128,a8ed6a3bc9bb5ef604542497d440992b95e9b4485d4afaa7e1168126a67ca693,8b0e58c0b4f0a7fc0b6e09bc833994cdd9db7330267449ce6e67e621b371b49c,jmuben-1839,treino_auxiliar,0,acima_do_limite_da_classe
jmuben,jmuben2,1841,data/raw/jmuben/Miner/1 (11009).jpg,8,bicho_mineiro,128,128,4349047a3a6f7b846b7e83351e77decd82c4ba36454a7d0b260b8e83e42ffc2f,8b834cf8dc58b64db67c2f6309bf619f233284e3c8e1e738f610919e994e34c6,jmuben-1841,treino_auxiliar,0,grupo_ja_representado
jmuben,jmuben2,1842,data/raw/jmuben/Miner/1 (11010).jpg,8,bicho_mineiro,128,128,9bda6d55989c2f49b62e98a32ceae1e3fc932d03a3aaf7dd2ee9b7f8128d1ee8,8b834cf8dc58b649b67c2f6309bf619f03348ce3c8e1e738b610919e99cf34c6,jmuben-1841,treino_auxiliar,0,grupo_ja_representado
jmuben,jmuben2,1843,data/raw/jmuben/Miner/1 (11089).jpg,8,bicho_mineiro,128,128,367114b90f836ccf290a6f3b0e942ad4bb783fbb4c0dd7c0d5ca615fa1353c71,bd5516a8c6eee1d59b12a130d25ddb292da9cb57357621b40980cb596cc7e6e1,jmuben-1843,treino_auxiliar,0,acima_do_limite_da_classe
jmuben,jmuben2,1844,data/raw/jmuben/Miner/1 (11090).jpg,8,bicho_mineiro,128,128,3696dcb96ab3638f6c651456fef6ff269fd7440d3ec72bf901e9a24d026f9d5e,bd5516a8c6eee1d59b12a138d25ddb292da9cb57352621b409c0cb596cc7e6e1,jmuben-1843,treino_auxiliar,0,acima_do_limite_da_classe
jmuben,jmuben2,1845,data/raw/jmuben/Miner/1 (11091).jpg,8,bicho_mineiro,128,128,45329baf53a1590883e9643287f2f481aee808c943a8f9ee4f49b1a15f10fcc1,938567946004f06303dbcd5e2073e390b625e9747fafd483d7be1b40e1463d73,jmuben-1845,treino_auxiliar,1,
jmuben,jmuben2,1846,data/raw/jmuben/Miner/1 (11092).jpg,8,bicho_mineiro,128,128,0004f0875a7adf9d825d552e4c1dea38e6213fff930a12467f3a1d756ad8831a,93859a6b60040f9c13db32a520731c6eb6251e8b7faf2b7cd4b6e4bfe142c29c,jmuben-1846,treino_auxiliar,0,grupo_ja_representado
jmuben,jmuben2,1847,data/raw/jmuben/Miner/1 (11093).jpg,8,bicho_mineiro,128,128,a34a15dcb1b9eee3f8b0753326035a88efc878e42095c9d02ce5ecafefb05a13,91bb183d9bc5cdc6ccb8ba53710f86a86e60b9baf25b4747a61b4079b58456c8,jmuben-1847,treino_auxiliar,0,acima_do_limite_da_classe
jmuben,jmuben2,1848,data/raw/jmuben/Miner/1 (11094).jpg,8,bicho_mineiro,128,128,257d40fdf6aae925d2d1af5e9b6e7999bbb34ac982187eaeb4af7cbe9e0fb68c,91bb183d9bc5cdc6ccbcba53710f86a86e60b99af25b4747a6194079b5c456c8,jmuben-1847,treino_auxiliar,0,acima_do_limite_da_classe
jmuben,jmuben2,1849,data/raw/jmuben/Miner/1 (11095).jpg,8,bicho_mineiro,128,128,107a0e306234f0c19a458c970168522060782bc26c0e108b43b77a3e479c38ec,98419f22c1dcf32219819cdc61768f9b7e6181342b9ede63bd8942fea7094e6e,jmuben-1849,treino_auxiliar,0,grupo_ja_representado
jmuben,jmuben2,1850,data/raw/jmuben/Miner/1 (11096).jpg,8,bicho_mineiro,128,128,9c250333945f88d5f7a7b7653369e10d058575cc9b6f70e63073af165c410157,98419e26c1dce22219879cdc61768f9b7c4081752b9ede63b99946fea70b4e6c,jmuben-1849,treino_auxiliar,1,
jmuben,jmuben2,1851,data/raw/jmuben/Miner/1 (11097).jpg,8,bicho_mineiro,128,128,fab5912dfef5e1e5d8d48b9e3b962f6756053dad0906f9aba0ea930a3fc06a70,b95514aacc8cc19db336bb62a6b9da590d2bda51da573768332d8b034b313c8e,jmuben-1851,treino_auxiliar,1,
jmuben,jmuben2,1852,data/raw/jmuben/Miner/1 (11098).jpg,8,bicho_mineiro,128,128,123dd6c92eae90c9157c5bcd209a792b90aaf15b2e0b72b006e18347e0ef53b8,b95514aacc8cc19db337bb62b6b9da590d2bda51da563568332d8b034b312c8f,jmuben-1851,treino_auxiliar,0,grupo_ja_representado
jmuben,jmuben2,1853,data/raw/jmuben/Miner/1 (11099).jpg,8,bicho_mineiro,128,128,2446e4fe0760a17fa5ea7afb308d00beac6930b1241097cec37558ed0f3fd291,b7cb32e49539cabf99c471b162e00d1d1687e9cc72150c54d1cbe6407f0af8f6,jmuben-1853,treino_auxiliar,0,acima_do_limite_da_classe
jmuben,jmuben2,1854,data/raw/jmuben/Miner/1 (11100).jpg,8,bicho_mineiro,128,128,421be0565424a66e084d16ff255efc1f149dcb8d59969e1b100f40897a2aa76d,b7cb32c49539cabf99cc71b162e08d3d1e87abcc72150c54d1cba2407f0af8f2,jmuben-1853,treino_auxiliar,0,acima_do_limite_da_classe
jmuben,jmuben2,1855,data/raw/jmuben/Miner/1 (11101).jpg,8,bicho_mineiro,128,128,bec092e1a1f79489a561f4937436cbebd0a53639e88b8f4b61b1054d41c361aa,952b652a838d1ce5433ab35834c626953d0cc9233c5c71c3ecf0f392db726daf,jmuben-1855,treino_auxiliar,0,grupo_ja_representado
jmuben,jmuben2,1856,data/raw/jmuben/Miner/1 (11102).jpg,8,bicho_mineiro,128,128,e1b42f9f6c3161e1d39ff6359909c1e9ace69a40ea5899e689ed27626965d95e,952b652a838d1ce5433ab35834c626950d2cc9233c5c71d3ecf0f392fb706daf,jmuben-1855,treino_auxiliar,0,grupo_ja_representado
jmuben,jmuben2,1857,data/raw/jmuben/Miner/1 (11103).jpg,8,bicho_mineiro,128,128,cfa03c5830828ab79889b4f9618dac57beaa153bdad9740e60ab598c05a839dd,9d62654ee63b823b998d0cb9cb26db5b495acb6634d132906b4c89e3f7249297,jmuben-1857,treino_auxiliar,0,acima_do_limite_da_classe
jmuben,jmuben2,1858,data/raw/jmuben/Miner/1 (11104).jpg,8,bicho_mineiro,128,128,c93c2239ec2183db2103d99bf810029eb5b7ec0219e65a55d1e18afaa0faa121,9d62654ae63b8239998d0cfdcb26db7b495acb6634d132906b4c89e1f7249297,jmuben-1857,treino_auxiliar,0,acima_do_limite_da_classe
jmuben,jmuben2,1859,data/raw/jmuben/Miner/1 (11113).jpg,8,bicho_mineiro,128,128,69c2260ba0577c1588646592dddb4ea7d1793b300f2f140f7bfb4670481a4251,847150e69d9c1e2235f4e5e6edf5c93f3220e42476382d66136f065cc93e5367,jmuben-1859,treino_auxiliar,0,grupo_ja_representado
jmuben,jmuben2,1860,data/raw/jmuben/Miner/1 (11114).jpg,8,bicho_mineiro,128,128,8f0550310c17e93db70d3ce547ca3ba24258d6a1b0094c4af2b62a42de902a5d,847150e69d9c1e2235e4e5e6edf5493f3220e46476282d6e136d0e5ccb3e5367,jmuben-1859,treino_auxiliar,0,grupo_ja_representado
jmuben,jmuben2,1861,data/raw/jmuben/Miner/1 (11115).jpg,8,bicho_mineiro,128,128,211ed3234c45603984b67a4817f71a45df22106c6a22b62ff4cc383dbf87020d,8dc74aaef626176bc9e10ee7ea19c5aa3825d89d50ee7ca977a43d4239c2e108,jmuben-1861,treino_auxiliar,0,acima_do_limite_da_classe
jmuben,jmuben2,1862,data/raw/jmuben/Miner/1 (11116).jpg,8,bicho_mineiro,128,128,887a2e42da2aea3fdc91a93f08f3e7ddbbe49f0bceba46d51df7f4df56b3d367,8dc74aaef626176bc9e10ee7ee19c1aa3825d89d50ee7ca977a43d4239c2e108,jmuben-1861,treino_auxiliar,0,acima_do_limite_da_classe
jmuben,jmuben2,1863,data/raw/jmuben/Miner/1 (11117).jpg,8,bicho_mineiro,128,128,13b040db89311d3583f1561c0420130c6d9c1a122b09239f2c07195bb7757d10,8ce40e73c739e19c1c31cbffadd8b4802dcef56404a236c7d24e3b764a1aa16d,jmuben-1863,treino_auxiliar,0,grupo_ja_representado
jmuben,jmuben2,1864,data/raw/jmuben/Miner/1 (11118).jpg,8,bicho_mineiro,128,128,2e498dad3acb77519d051e02db1888009a1f655215d0a4669625ca67c5deedcd,8ce40e73c739e19c1c31cbffadd8b4802dcef56404a236c7d24e3b764a1aa16d,jmuben-1863,treino_auxiliar,0,grupo_ja_representado
jmuben,jmuben2,1865,data/raw/jmuben/Miner/1 (11119).jpg,8,bicho_mineiro,128,128,e709be8bc2a185e9a0c82accf23ec78d64685bc37e1a5a492703a0f36c32ca05,8466118e1f7168e7ebce5a33360025ee4bb7c381f1b0696e2ce8493f524d7ace,jmuben-1865,treino_auxiliar,0,grupo_ja_representado
jmuben,jmuben2,1866,data/raw/jmuben/Miner/1 (11120).jpg,8,bicho_mineiro,128,128,cb7487fd0fb1bb845d37cfe89b3bff2e17929ef07c8baea8abf5542a0fd11c60,8466118e1f6168e7ebce5a33360025ec4bb7c383f1302d6e2ce94b3f524d7ada,jmuben-1865,treino_auxiliar,1,
jmuben,jmuben2,1867,data/raw/jmuben/Miner/1 (11121).jpg,8,bicho_mineiro,128,128,5d428df59ca61e41c8c3bbe0174d4c69a4e76e910d5ca948d5fa5b82a0ddc7f1,8356ee8f0dc0aee5f1ca5378e87eb43d6e35721fb515684f1081e9d7c2383414,jmuben-1867,treino_auxiliar,0,grupo_ja_representado
jmuben,jmuben2,1868,data/raw/jmuben/Miner/1 (11122).jpg,8,bicho_mineiro,128,128,690b1e24d1921ce3cbe72aba8ddc957c7607cd376e37a6277e53c6a7c9a75604,8356eecf0de0aee5f1ca5378e87eb43d6a35320fb515684f1081e957563c3414,jmuben-1867,treino_auxiliar,0,grupo_ja_representado
jmuben,jmuben2,1869,data/raw/jmuben/Miner/1 (11123).jpg,8,bicho_mineiro,128,128,22c8655fd939966903c5b68ecd33e481339745b0dc649ba88b495261e5b0c5ed,84e62e739719e1de3cf4ca3ae9f4b4c888013ecd7420169126c7d34f0937fa1f,jmuben-1869,treino_auxiliar,0,grupo_ja_representado
jmuben,jmuben2,1870,data/raw/jmuben/Miner/1 (11124).jpg,8,bicho_mineiro,128,128,44576f06f797a052a9c79b9236b2e1df8e9d733efe0bcf078588a9542d6e83dc,84e62e739719e1de3cf4ca3ae9f4b4c888013ecd7420169126c7d24f0937fa9f,jmuben-1869,treino_auxiliar,0,grupo_ja_representado
jmuben,jmuben2,1871,data/raw/jmuben/Miner/1 (11125).jpg,8,bicho_mineiro,128,128,3a72700cb7a65197259d95cf80253942375f44bbd11a528c3720df665b41ff44,84676e311f78d78de9cfa5ecb608db0007877d7fd1b7041a2cf856cc652c9092,jmuben-1871,treino_auxiliar,0,acima_do_limite_da_classe
jmuben,jmuben2,1872,data/raw/jmuben/Miner/1 (11126).jpg,8,bicho_mineiro,128,128,d76620f09e970e3e724658704c3a0c20a4255a2ee2b6841ec0ce29286ba6e5e3,84636e310f78d78de9cfa5efb60adb0007837d57d197041a2cfc56cce52c90d2,jmuben-1871,treino_auxiliar,0,acima_do_limite_da_classe
jmuben,jmuben2,1873,data/raw/jmuben/Miner/1 (11217).jpg,8,bicho_mineiro,128,128,2673a0bab5f906a918f31f8dbe6f69064d6fcf83111ffc2e3c311c27dc1fa435,8d0a099d55afb3477baa26514a56cebe13d53d2aeaa748c1194eb3b1a7580e66,jmuben-1873,treino_auxiliar,0,acima_do_limite_da_classe
jmuben,jmuben2,1874,data/raw/jmuben/Miner/1 (11218).jpg,8,bicho_mineiro,128,128,690971ade7ce8f299730206e1029165bc3983b9b3226d7b7470a535ab7e60f9a,8d0a099d55afb3477baa26514a56cebe13d53d2aeaa748c1194eb3b1a7580e66,jmuben-1873,treino_auxiliar,0,acima_do_limite_da_classe
jmuben,jmuben2,1875,data/raw/jmuben/Miner/1 (11245).jpg,8,bicho_mineiro,128,128,2f1c399a743d9b34c51c50512ba61060c81682475591e1506086e412416d535b,84a8f2655cb54e547bc158ab634ab5e8c75eea253ab493ac40e8e51815d54ef7,jmuben-1875,treino_auxiliar,0,acima_do_limite_da_classe
jmuben,jmuben2,1876,data/raw/jmuben/Miner/1 (11246).jpg,8,bicho_mineiro,128,128,9d59e312e37f7ce670074e6bfaca624f3ba03212eb43a494fee9e8b9b1763751,84a8f6655cb54e547be158ab634ab5e0c75eaa253ab493ac40e8e51815d54ef7,jmuben-1875,treino_auxiliar,0,acima_do_limite_da_classe
jmuben,jmuben2,1877,data/raw/jmuben/Miner/1 (11281).jpg,8,bicho_mineiro,256,108,12f54de3ff75f760ee1cae982bdcf35ef9de8e7324897a5622085b494fbfe25f,8d944ca239a891770c9c819abd342bed14eeb569b9a35e6a219276eeb54a2bda,jmuben-1877,treino_auxiliar,0,acima_do_limite_da_classe
jmuben,jmuben2,1878,data/raw/jmuben/Miner/1 (11282).jpg,8,bicho_mineiro,128,128,35b4ecbef203cef75ef8b544e2ca38e91a6cbd436cd61d9abe2b0a7ffc312ea9,90801fddec672f30539fa7b88b1feb052b709630fc44138fc71acf3c01acf9c4,jmuben-1878,treino_auxiliar,0,grupo_ja_representado
jmuben,jmuben2,1879,data/raw/jmuben/Miner/1 (11283).jpg,8,bicho_mineiro,256,124,4d578f78448076da1dba33fa7f4d42e47d62abcf09b31bc137c21129a4dbace0,9137134c79f0c04d337737bd8050fc811b6f711a2f0782737c3ff2123de381e5,jmuben-1879,treino_auxiliar,0,acima_do_limite_da_classe
jmuben,jmuben2,1880,data/raw/jmuben/Miner/1 (11284).jpg,8,bicho_mineiro,128,128,a13d869474f07401afde52860294937ee73a5ada1514d56cd78928811e9a5caa,900f3f90c0d8fcc15afff01e37e394ede0147b9c0736c624ce6203e3f383391b,jmuben-1880,treino_auxiliar,0,acima_do_limite_da_classe
jmuben,jmuben2,1881,data/raw/jmuben/Miner/1 (11285).jpg,8,bicho_mineiro,128,128,8e057cfec958cbfd1b7240376e9613889c9b3202b702ab6e521b73df0b952b55,914259cd2b1594ef6e09d7e823cdba6041fd193e15d8a818a67e1d878e393eb9,jmuben-1881,treino_auxiliar,1,
jmuben,jmuben2,1882,data/raw/jmuben/Miner/1 (11286).jpg,8,bicho_mineiro,128,128,3c7d0ef3805743ee1947925ad04032bc313aa0513f7337e4e834e84b79612032,914259cd2b1594e76e09d3e823cdba6241fd193e15d8a818a6fc1d878e393ebd,jmuben-1881,treino_auxiliar,0,grupo_ja_representado
jmuben,jmuben2,1883,data/raw/jmuben/Miner/1 (11287).jpg,8,bicho_mineiro,128,128,a45d492ab24525547b3d63bb1fcb90dc756646c497726b95c86ccd0908339e4b,95104cc06b999565eb75586c2d0aaed56c2dcb24954121f68cfa77bb8778835f,jmuben-1883,treino_auxiliar,0,grupo_ja_representado
jmuben,jmuben2,1884,data/raw/jmuben/Miner/1 (11288).jpg,8,bicho_mineiro,128,128,62847d6c54c867ac6e9a88067e6f11165d225c96c1d03d713fece93d1ff19c26,95104cc06b909565eb75d86c2d1aaed56c2dcb24954121f68cfa77bb8778835f,jmuben-1883,treino_auxiliar,0,grupo_ja_representado
jmuben,jmuben2,1885,data/raw/jmuben/Miner/1 (11289).jpg,8,bicho_mineiro,128,128,9d352d164d006374ead86e7d37ac28a80730ac1432c92959f1990918d82b4d0d,91f83bbf444f8064781047b0b62f0f77c078e175ba479ef7c0eed3086731c478,jmuben-1885,treino_auxiliar,0,acima_do_limite_da_classe
jmuben,jmuben2,1886,data/raw/jmuben/Miner/1 (11290).jpg,8,bicho_mineiro,128,128,6508c923e03b4b811230a62e43d1bf9478ed2915fb1230a413166faa0cd3f609,91f83bbf444f806578104730f62e8f77c079e175b8479ee7c0efd3006631c479,jmuben-1885,treino_auxiliar,0,acima_do_limite_da_classe
jmuben,jmuben2,1887,data/raw/jmuben/Miner/1 (11291).jpg,8,bicho_mineiro,256,110,6e71e6e2932f54b7c6bf903d12bfc8e4ea0385b81964f594e3fbdf45c1b0a137,8386978c943bc33b5b747b84304b9ec278ece261e3328f7836cc38a76b0ce55b,jmuben-1887,treino_auxiliar,0,acima_do_limite_da_classe
jmuben,jmuben2,1888,data/raw/jmuben/Miner/1 (11292).jpg,8,bicho_mineiro,128,128,f7301da374768b10acd11f03c93a8c79dfa43f00de51ccc0084428beb4a4e772,a58e526bf03d29948a532cd09fa4d66a89c9cc6c5bb244c96eb499d76e697227,jmuben-1888,treino_auxiliar,0,grupo_ja_representado
jmuben,jmuben2,1889,data/raw/jmuben/Miner/1 (11293).jpg,8,bicho_mineiro,128,128,f9559c51eefb85dc977d05ced4a2e18f5076513be2a1d569dab7b7450eadd2d2,8178367c3f6b85e7791e0f825972c0e372213e212e4dc06bd87f9cc18f9dc60d,jmuben-1889,treino_auxiliar,0,grupo_ja_representado
jmuben,jmuben2,1890,data/raw/jmuben/Miner/1 (11294).jpg,8,bicho_mineiro,128,128,d46e636c91e13ee79275442d57bfff2dc3cefc12148151fd3ca74f5477d22308,8178367c3f6b85e7791e0f821972c0e372217e212e4dc06bd87f9cc18f9dc60d,jmuben-1889,treino_auxiliar,0,grupo_ja_representado
jmuben,jmuben2,1891,data/raw/jmuben/Miner/1 (11295).jpg,8,bicho_mineiro,128,128,1c525caabf38c58fb3340fd7ff56073a79f404b19ec3e5523f8b814bdbdb568e,94e3466a2acdd22ef952db131ded95493e4c6a534ba651729510d9da56b5469a,jmuben-1891,treino_auxiliar,0,grupo_ja_representado
jmuben,jmuben2,1892,data/raw/jmuben/Miner/1 (11296).jpg,8,bicho_mineiro,128,128,3029bc67352fa10c38964b3d4416807b5b265465fd11d00f9e029d9f0bf9d6f0,94e3466a2ac4d62af952df131ded95493e4c6a534ba651729d1848da56b566da,jmuben-1891,treino_auxiliar,0,grupo_ja_representado
jmuben,jmuben2,1893,data/raw/jmuben/Miner/1 (11297).jpg,8,bicho_mineiro,128,128,d18e03e97d52739d79fef42592fe440d626aa3a77877e5e0864ae3b996014162,915426646a3bcf13693a23c8455be563f28f114cd4dce2fc736e590e61bd7462,jmuben-1893,treino_auxiliar,0,grupo_ja_representado
jmuben,jmuben2,1894,data/raw/jmuben/Miner/1 (11298).jpg,8,bicho_mineiro,128,128,1fa776a395da15003043ff07f13968383734144e62f0da98baac4e937f1dce33,915426646a3bcf1369ba23c8455be5e3f08f114cc2dce2f47b2f598e61b97462,jmuben-1893,treino_auxiliar,0,grupo_ja_representado
jmuben,jmuben2,1895,data/raw/jmuben/Miner/1 (11353).jpg,8,bicho_mineiro,256,111,99968406632b79d1178bb7f4be13ae957b882f0c9ae48a9c2c10ea1fd35d3bbf,824d69247d65373ec099c4e24e56731cf864e98ba5e3869cc6668b977b1c6ce1,jmuben-1895,treino_auxiliar,0,acima_do_limite_da_classe
jmuben,jmuben2,1896,data/raw/jmuben/Miner/1 (11354).jpg,8,bicho_mineiro,128,128,b973f3856070e95f16a31b8f2fd1d0bbc915008629036e70737f6fcd5b742e93,864d363f3e46cce37866b66c393987dee4891e1b1d9cc818a03b6323e3317279,jmuben-1896,treino_auxiliar,0,acima_do_limite_da_classe
jmuben,jmuben2,1897,data/raw/jmuben/Miner/1 (11355).jpg,8,bicho_mineiro,128,128,e0498c51ec23389f96ac151c5af84cdbb2efc7d548471fa675030b3f9afea647,83331f9cc41e390133f1cc7c7b191c9ac523afe78ee5f10731fc38213a38e1ce,jmuben-1897,treino_auxiliar,0,acima_do_limite_da_classe
jmuben,jmuben2,1898,data/raw/jmuben/Miner/1 (11356).jpg,8,bicho_mineiro,128,128,9796c2e1f62054d6029433432c2f2e7e4cc3362a36895f846b46f2a34d8d67eb,81331f9cc41e390133f1cc3c7b191c9ae523afe78ae5f10731fc38213bb8e1ce,jmuben-1897,treino_auxiliar,0,acima_do_limite_da_classe
jmuben,jmuben2,1899,data/raw/jmuben/Miner/1 (11369).jpg,8,bicho_mineiro,128,128,803c5ceaeb28c9441cd39e5709e17dc935308c7bd22a2869141e5accc76aedee,83331f0d47b8c478399f97e2acc4c33938d80bb9743b5f328ef7ce07d00a6788,jmuben-1899,treino_auxiliar,0,acima_do_limite_da_classe
jmuben,jmuben2,1900,data/raw/jmuben/Miner/1 (11370).jpg,8,bicho_mineiro,128,128,043821934786b8f700f73c432c0e7112871772a194e007f561d95aaf88d3e033,83331f0d4738c478399f97e2acc4c33938d889b9743bdf328ee7ce07d04a6788,jmuben-1899,treino_auxiliar,0,acima_do_limite_da_classe
jmuben,jmuben2,1901,data/raw/jmuben/Miner/1 (11371).jpg,8,bicho_mineiro,128,128,db2807e1103b0cfdb27a7923f89efa4b020f66f1fa196e27f3e97c565d8da037,83643732cc3d320735eec8f976311831e6271eeccc47cf8c61bc9a060ee3ce73,jmuben-1901,treino_auxiliar,0,acima_do_limite_da_classe
jmuben,jmuben2,1902,data/raw/jmuben/Miner/1 (11372).jpg,8,bicho_mineiro,128,128,13d384f4b4bb5962c378851394885a3338fd789988b05df5a93b09373081fda4,83643732cc3d320335eec8f976311831e6271eeccc47cf8c61fc9a060ee3ce73,jmuben-1901,treino_auxiliar,0,acima_do_limite_da_classe
jmuben,jmuben2,1903,data/raw/jmuben/Miner/1 (11373).jpg,8,bicho_mineiro,256,111,d45c9d4d70682be1814a591d551f84e613318ac19e8b2e1128fecf6df35ecc36,83266d933fb71b98d0c4c43dc77b3be37919fcc4b4bc92c7d23981e8094228bc,jmuben-1903,treino_auxiliar,0,acima_do_limite_da_classe
jmuben,jmuben2,1904,data/raw/jmuben/Miner/1 (11374).jpg,8,bicho_mineiro,128,128,d62d4468ffbc9c2df2738e42e3685de7b241323b6dc5bf961d1f4a86feee011f,83263b80073bcc3d7b113633199cc0736f6697e80cc3cf43bdf5c3cdf08e5a0c,jmuben-1904,treino_auxiliar,0,acima_do_limite_da_classe
jmuben,jmuben2,1905,data/raw/jmuben/Miner/1 (11375).jpg,8,bicho_mineiro,128,128,12fd1e32ea033c85425b011e0cb4926177dfc2a7eccb62f057cfae191a499a4c,876c698e78607331c9c7949d96c3c6ee8f393ba6eef967448f9b320cc30a8849,jmuben-1905,treino_auxiliar,0,grupo_ja_representado
jmuben,jmuben2,1906,data/raw/jmuben/Miner/1 (11376).jpg,8,bicho_mineiro,128,128,6111e43b9f59cdfdd799de8d5b4d75940f618e3c6968ed4c7d12cc8e15bfdca9,876c690e78627231d9c7949d9683c6e68f391ba6eaf967448f933e8cd30a88c9,jmuben-1905,treino_auxiliar,0,grupo_ja_representado
jmuben,jmuben2,1907,data/raw/jmuben/Miner/1 (11377).jpg,8,bicho_mineiro,128,128,d21599fc73d473dbe72d4a59109bd6c15d7e73c7dd7eb47b251a2f6e292a2187,83331f8cc67dec1e33c394e6e1e83a9418b8711b7b300ef1ce07d4d6e1ced80e,jmuben-1907,treino_auxiliar,0,acima_do_limite_da_classe
jmuben,jmuben2,1908,data/raw/jmuben/Miner/1 (11378).jpg,8,bicho_mineiro,128,128,4d829c1c367ce2606903ee759baffa5fb1cde04fbb6c52c0db649a5202e7e14e,83331f8cc67dec0e338194e6e1e8329618bc711b79301ef9ce03de86e5cef80e,jmuben-1907,treino_auxiliar,0,acima_do_limite_da_classe
jmuben,jmuben2,1909,data/raw/jmuben/Miner/1 (11379).jpg,8,bicho_mineiro,128,128,9a702b5f6fe72c13120358a203d2d7619931c35c897dac7ef1af33686d301add,819964f156983983388fec0e94e13ce7783cd3a3c2bc89e68f337998c5172e9b,jmuben-1909,treino_auxiliar,0,acima_do_limite_da_classe
jmuben,jmuben2,1910,data/raw/jmuben/Miner/1 (11380).jpg,8,bicho_mineiro,128,128,ed880284bba62f6fecd1c5ec8ea8782a8797144b946c7304765a4ddcf80c9ed5,819964f156983983388fec0e94e13ce7783cd3a3c2bc89e68f337998c5172e9b,jmuben-1909,treino_auxiliar,0,acima_do_limite_da_classe
jmuben,jmuben2,1911,data/raw/jmuben/Miner/1 (11381).jpg,8,bicho_mineiro,128,128,96d723bfbf185671cf4c2a5d038b35fc79ddf4a44fa2071a93a8ad865c2c2f24,864936307c66c9c37a71b6993b1b8e19ecb91f1285b0c27337a67f06bec03ccc,jmuben-1911,treino_auxiliar,0,grupo_ja_representado
jmuben,jmuben2,1912,data/raw/jmuben/Miner/1 (11382).jpg,8,bicho_mineiro,128,128,98d159bd06a303175362b5829521f34d0b640d7d5b7da5962a35d7090fce6db6,864936303c66c9c37a71b6d9399b8e19ecb91f1285b0c27337a67f07bec038cc,jmuben-1911,treino_auxiliar,0,grupo_ja_representado
jmuben,jmuben2,1913,data/raw/jmuben/Miner/1 (11383).jpg,8,bicho_mineiro,128,128,db0b2016a38adafa1c67f7a434ae95ee02750353774f29b2165189ef48151c47,83333f19c670a85e330784f2e9393a3b09bde6273f468acde18c33c0393fb037,jmuben-1913,treino_auxiliar,0,acima_do_limite_da_classe
jmuben,jmuben2,1914,data/raw/jmuben/Miner/1 (11384).jpg,8,bicho_mineiro,128,128,81c9dee24d12fe83a2879ecf47cd49b2952243d663ff3d16f55c03cddebb27b0,83333f19c670e87a331794f2e9317a3b09b9c6232f068ecde10c33c839f9b837,jmuben-1913,treino_auxiliar,0,acima_do_limite_da_classe
jmuben,jmuben2,1915,data/raw/jmuben/Miner/1 (11433).jpg,8,bicho_mineiro,128,128,bb4106b77ec9f26146312133cb82c7eb32e04a153e6c5e408080def8432f15f0,817333ce5a3dd70da742898c37923ae464c8cc7a9ed6bd78368de131cd031e2e,jmuben-1915,treino_auxiliar,0,acima_do_limite_da_classe
jmuben,jmuben2,1916,data/raw/jmuben/Miner/1 (11434).jpg,8,bicho_mineiro,128,128,123fb3c9ed2b2839cf4f428a7cdf0ff294ecd37313f8eb441ed461e01ddc7577,817333ce5a3dd78fa742898c17923ae464c8cc7a9ed69d78368de131cd031e2e,jmuben-1915,treino_auxiliar,0,acima_do_limite_da_classe
jmuben,jmuben2,1917,data/raw/jmuben/Miner/1 (11435).jpg,8,bicho_mineiro,128,128,ac05e85745c73ea39e6c7dca5ea3f05e1ebabc05a57399399dd36c5c0652eed8,92d6707aa4714a874a38b7176ca1d56968f490ae0c5c97b6ed4cabc36ad595a9,jmuben-1917,treino_auxiliar,0,grupo_ja_representado
jmuben,jmuben2,1918,data/raw/jmuben/Miner/1 (11436).jpg,8,bicho_mineiro,128,128,0e4e7ff015c697a6e5fde98bde21503e2473afca9ba1277900321ab1bcc622aa,92d28f85a471b5794a3868fa6ca12a9668f47f530d5c684ded4c543e4ad56a5e,jmuben-1918,treino_auxiliar,0,grupo_ja_representado
jmuben,jmuben2,1919,data/raw/jmuben/Miner/1 (11437).jpg,8,bicho_mineiro,128,128,df3c093df1771a8c8f33656a99aa49b54f3ca5ef0bf4b38de3eb22782ecb782c,869b27a277c5cc7388fa8268201a6fbcc98c9583becc6ae140491afb3df2f574,jmuben-1919,treino_auxiliar,1,
jmuben,jmuben2,1920,data/raw/jmuben/Miner/1 (11438).jpg,8,bicho_mineiro,128,128,323c00abdc417cf15d71de2e38dcbcdcf01e5ee9ee875efc97f95ee290fac7a2,869b27a277c5cc7188ba8268201f6f3cc98c9d03becc6ae140591afb3df6f534,jmuben-1919,treino_auxiliar,0,grupo_ja_representado
jmuben,jmuben2,1921,data/raw/jmuben/Miner/1 (11439).jpg,8,bicho_mineiro,128,128,95a143b6e5040e6a4325da199386cc16e279921ab72fb7a33ba8b30351f05c83,8073234e5afd533de742891d959a3a26638d6569c8e69d749dc8368de171c533,jmuben-1921,treino_auxiliar,0,acima_do_limite_da_classe
jmuben,jmuben2,1922,data/raw/jmuben/Miner/1 (11440).jpg,8,bicho_mineiro,128,128,46721a1ac80ba5966bdb0811638fd23eada9dc5bdf0c1fedd451b701152ea28d,8073234e5afd533de742891d959a3a26628d6569c8e69f749dc8368de171c533,jmuben-1921,treino_auxiliar,0,acima_do_limite_da_classe
jmuben,jmuben2,1923,data/raw/jmuben/Miner/1 (11441).jpg,8,bicho_mineiro,256,127,e0fdf8b2ae9aeabd8afffd96c11fb299047e0171bc8cb9d06a0c93c1c88d471f,8fb9389f61d8cf1b32310f63d8fef364a7260c72522e6d055496a4dc6979ab10,jmuben-1923,treino_auxiliar,0,acima_do_limite_da_classe
jmuben,jmuben2,1924,data/raw/jmuben/Miner/1 (11442).jpg,8,bicho_mineiro,128,128,9f8f5242c316de2bc1e5dd270e547ca5bba9e7eeda1af90ad4d2d4103d21f4c1,8e36c71949ce0c63a551f565292865ec178aaa6759d964db82d7de6342b93794,jmuben-1924,treino_auxiliar,0,grupo_ja_representado
jmuben,jmuben2,1925,data/raw/jmuben/Miner/1 (11457).jpg,8,bicho_mineiro,256,120,2686506f58381447592f32bda5832b1bcb678a093431bef6b5545f0ad374f5c8,963c2758c29c9d9438c478e358e71cb33d53e06a4ead3569a1d32ebd590d539c,jmuben-1925,treino_auxiliar,0,acima_do_limite_da_classe
jmuben,jmuben2,1926,data/raw/jmuben/Miner/1 (11458).jpg,8,bicho_mineiro,128,128,a07c45ac8fdd9ff41fb5babfa70d1adbfaea732024b69be7b778dec33ac33690,a0209fd6f8b6650a0e87f0035f5264f30f8aba78c5affa806b5fb1ea942443dd,jmuben-1926,treino_auxiliar,0,grupo_ja_representado
jmuben,jmuben2,1927,data/raw/jmuben/Miner/1 (11459).jpg,8,bicho_mineiro,128,128,c9675c0274c8294552841f645188395d9ca8a6d2368a4366f6a0fc8a6239d52c,8f19271e6f58933b92b111aa3cb078f1d8c53ad03ad578e5c1e7856a1c567a74,jmuben-1927,treino_auxiliar,0,acima_do_limite_da_classe
jmuben,jmuben2,1928,data/raw/jmuben/Miner/1 (11460).jpg,8,bicho_mineiro,128,128,3f5e633369307e3b4f84be42b56b5ff3df561cb77b02562ab432d1d8680ca9ad,8f19271e6f58933b9ab111aa3cb078f0d8c53ad03ad478e5c96785eb1c563a74,jmuben-1927,treino_auxiliar,0,acima_do_limite_da_classe
jmuben,jmuben2,1929,data/raw/jmuben/Miner/1 (11461).jpg,8,bicho_mineiro,128,128,255daf45a689842d065a7a7273f9fd464908106957e6066b458c5a76b5115444,a0fb3036d9dd8f400f4d0fa4df09b09f30c470dbf03239397969c25296933ded,jmuben-1929,treino_auxiliar,0,acima_do_limite_da_classe
jmuben,jmuben2,1930,data/raw/jmuben/Miner/1 (11462).jpg,8,bicho_mineiro,128,128,c57c9f65905007e92c0f85669b4c33ee3076a3215ba91188841cf390c2dbcea3,a07b303edddd8f600f4d0fa4cf0db09f30c4705bf032393c7d65c2529292bdec,jmuben-1929,treino_auxiliar,0,acima_do_limite_da_classe
jmuben,jmuben2,1931,data/raw/jmuben/Miner/1 (11463).jpg,8,bicho_mineiro,128,128,896834bf6157799fa0eb2b917962560d5009c12321b049cee6547148662aa2ac,8e3b2f1ef34892e719a338c478d5d2cd2e58652fc53a87123e917285c3af952a,jmuben-1931,treino_auxiliar,0,acima_do_limite_da_classe
jmuben,jmuben2,1932,data/raw/jmuben/Miner/1 (11464).jpg,8,bicho_mineiro,128,128,f35fbfa6867020380759897b06711ad52565c04fc558a05d4f107c59a377df65,8e3b2f1cf34892e719a338c478d5d2cd2e58652fc52a87323e917295c3af952a,jmuben-1931,treino_auxiliar,0,acima_do_limite_da_classe
jmuben,jmuben2,1933,data/raw/jmuben/Miner/1 (11465).jpg,8,bicho_mineiro,256,114,45c125b81af688f5a37d1fa955a4435b8b7be6b3b8e15365de17d8b8df3d113c,96312669467997b1889e39cc69ce419619d63152a1cacedc5eed31eb25d3ed84,jmuben-1933,treino_auxiliar,0,grupo_ja_representado
jmuben,jmuben2,1934,data/raw/jmuben/Miner/1 (11466).jpg,8,bicho_mineiro,128,128,3c0e4fe46561e4b692cbef4c9d555f6064d0cb53cdc451dfb214f345e077745b,81ec21ca61e3938f98af1da95e1fde349a531e565e3dcd3985283f536a124e11,jmuben-1934,treino_auxiliar,1,
jmuben,jmuben2,1935,data/raw/jmuben/Miner/1 (11513).jpg,8,bicho_mineiro,128,128,6e2d409e403d50c209e18f6784d3e09f64f4e0054908a74a6877e2ff89d15f3b,a17dd7818a6aa13d9e85e27c6903f450dac68ffb34957700c039c91f0f563ee4,jmuben-1935,treino_auxiliar,0,acima_do_limite_da_classe
jmuben,jmuben2,1936,data/raw/jmuben/Miner/1 (11514).jpg,8,bicho_mineiro,128,128,cd3049d17466137b54104a75ccd7f57dc3c96c6f396142c984e17c1eb53015b0,a17cd7818a6aa13d9e95e27c6903f450dac68ffb3c957700c039c91f0f563ec4,jmuben-1935,treino_auxiliar,0,acima_do_limite_da_classe
jmuben,jmuben2,1937,data/raw/jmuben/Miner/1 (11515).jpg,8,bicho_mineiro,256,91,7426a1738a0efe5f20cb76ae419d240087d88d861bbf338704c7d618a22fea0d,a27914d8ccd6e9a6388c2ef9d0806f3d17e580b36e3033af8472c4b4394b9fdb,jmuben-1937,treino_auxiliar,0,acima_do_limite_da_classe
jmuben,jmuben2,1938,data/raw/jmuben/Miner/1 (11516).jpg,8,bicho_mineiro,128,128,c7b9a1d66dfc496b8f1c8e751e8a9ec187dd544601850514cac19342dd443d43,a81c0a3cceec95c01d047b0690cd760d351ad034777f1defe22ed54f2e85baf8,jmuben-1938,treino_auxiliar,0,acima_do_limite_da_classe
jmuben,jmuben2,1939,data/raw/jmuben/Miner/1 (11517).jpg,8,bicho_mineiro,128,128,2adc5b1bcc4009217fdf6655338c1da50877ab3edb0c7b8c7c1d2ad2e53b4736,a34e16a4dd933b5ae05931d126cd8ecf430fe7851c943d9d3e1e253185d6e712,jmuben-1939,treino_auxiliar,0,acima_do_limite_da_classe
jmuben,jmuben2,1940,data/raw/jmuben/Miner/1 (11518).jpg,8,bicho_mineiro,128,128,e798859c4c4e0cf7d5678ee888c347df210a64f43095b505e1b361a0aab7b9f4,a34e16a4dd923b5ae05931d126cd8ecf630fe7851c943dbd3e16253185d6e712,jmuben-1939,treino_auxiliar,0,acima_do_limite_da_classe
jmuben,jmuben2,1941,data/raw/jmuben/Miner/1 (11519).jpg,8,bicho_mineiro,256,116,3673dfd4f4662988777b370d8bcc2d875b517337b3651c44ded0baae5b4b7bee,a24d3566db321a532b6ae5ad81b37ad4e81312be6669cf83f92c2a379c191ad4,jmuben-1941,treino_auxiliar,1,
jmuben,jmuben2,1942,data/raw/jmuben/Miner/1 (11520).jpg,8,bicho_mineiro,128,128,bfb6da2493e84d141bf80c3e9bc04626845607a52b9308adcfcb3801dd35db1c,aaf708fbdc9bbd1f380f425991da6012206691f964413fd8c67dfc103faaa2a3,jmuben-1942,treino_auxiliar,0,grupo_ja_representado
jmuben,jmuben2,1943,data/raw/jmuben/Miner/1 (11521).jpg,8,bicho_mineiro,256,102,935ba815d52153894b568e2255a391e0181be08f6d528e316f40e0972206a75f,a26c16489c4be9d798a638cc26f9d8806f3e33f4909bee387b871de1867a4c96,jmuben-1943,treino_auxiliar,0,acima_do_limite_da_classe
jmuben,jmuben2,1944,data/raw/jmuben/Miner/1 (11522).jpg,8,bicho_mineiro,128,128,0e861559fc132da5ec3fbec1793b356197a33b7859c20aaff42057d8f5f613ec,a51d2c1f8b6a56e496802d8169a39ae272563594880ff32b3eff0153f31f56a7,jmuben-1944,treino_auxiliar,0,acima_do_limite_da_classe
jmuben,jmuben2,1945,data/raw/jmuben/Miner/1 (11523).jpg,8,bicho_mineiro,128,128,6b3af5655f310d14c6f3cfa600b0c06a170fc5511724b68c8de77071f12b3ac7,a34d162c9d923b5ee0db3385c68b9e1c670dccad18353f743e7285c58784c66b,jmuben-1939,treino_auxiliar,0,acima_do_limite_da_classe
jmuben,jmuben2,1946,data/raw/jmuben/Miner/1 (11524).jpg,8,bicho_mineiro,128,128,ad5ba866eb15414146c9c541ff4cd1f6793130bc34e410b75f08667e3427e96c,a34d162c9d963b56e1db3385c68b9e1c670dccad18353f743e7285c48784c66b,jmuben-1939,treino_auxiliar,0,acima_do_limite_da_classe
jmuben,jmuben2,1947,data/raw/jmuben/Miner/1 (11561).jpg,8,bicho_mineiro,128,128,75bd6b9248dc688a6fd10d256302ef036ece885d6eedd9c0adbf1a3767f8345c,8c63671c531adb3101941f187f60fd35f4d2fe244836a0db74d9cecd78327271,jmuben-1947,treino_auxiliar,1,
jmuben,jmuben2,1948,data/raw/jmuben/Miner/1 (11562).jpg,8,bicho_mineiro,128,128,f49fd880a64418d49ca668ee79242509ab7b03c331aa2f3e56c7b68f565b6014,8c63671c531adb3101941f187f60fd35f4d6fe246826a0db74d9cecd78327270,jmuben-1947,treino_auxiliar,0,grupo_ja_representado
jmuben,jmuben2,1949,data/raw/jmuben/Miner/1 (11563).jpg,8,bicho_mineiro,128,128,c1909fbfc1498f5f52abee98a432f48ca9ae81bfa19fd07c0e6070283681cec0,99334cccf6c89259794ce131c7770d2a16b62e1928fd33d226927f6951ce7598,jmuben-1949,treino_auxiliar,0,acima_do_limite_da_classe
jmuben,jmuben2,1950,data/raw/jmuben/Miner/1 (11564).jpg,8,bicho_mineiro,128,128,ddfe80172ed53e97ab4a7039e88747fe9ceb8b53ce72710f4b97e927047c9cdd,99334cccf6c89258f94ce1b1c3770d0a16b62e19287d33d2269a7f69516e759a,jmuben-1949,treino_auxiliar,0,acima_do_limite_da_classe
jmuben,jmuben2,1951,data/raw/jmuben/Miner/1 (11565).jpg,8,bicho_mineiro,128,128,4c21adec73783f208d4f6a71096891f17782bbeeb2443c76155ff503fd2026d4,999944c4f66492087db2608a43bb8f2a16b53edb3e2cbcf77bc0ab497f2448b2,jmuben-1951,treino_auxiliar,0,acima_do_limite_da_classe
jmuben,jmuben2,1952,data/raw/jmuben/Miner/1 (11566).jpg,8,bicho_mineiro,128,128,40616ecec4e277577b425f572a332b5e27c3eb0e53de1e0b11fc4bc51f3f515d,999944c4f66492087db2608843bb8f2a16b53edb3e2cbcf77bc0ab497f24c8b2,jmuben-1951,treino_auxiliar,0,acima_do_limite_da_classe
jmuben,jmuben2,1953,data/raw/jmuben/Miner/1 (11567).jpg,8,bicho_mineiro,128,128,329a616851b5791dc982a167422d930d6ef53da472d18d45bf4aed3d2d676450,8c71671c5b98d9d1764cf863e0e702fa0b6a05d8bf043936215b4ecd5a3e7b70,jmuben-1953,treino_auxiliar,0,acima_do_limite_da_classe
jmuben,jmuben2,1954,data/raw/jmuben/Miner/1 (11568).jpg,8,bicho_mineiro,128,128,45bcd67347a1b8b857908ab8f1fceb85d743446e7e5a13cb953f2d652abf6c4d,8c71671c5b99d9d1764cf863e0e702fa0b2807d8bf043936215b4ecd5a3e7b70,jmuben-1953,treino_auxiliar,0,acima_do_limite_da_classe
jmuben,jmuben2,1955,data/raw/jmuben/Miner/1 (11569).jpg,8,bicho_mineiro,128,128,fa7af9d7c022dc7314933a44b0a1af4ed29291febd1ea9aec5d448c8251fe08b,98cc6673d326a59a60d9835d1e313a57f960d8fdc3e4cd169c59a2cd0d3458e5,jmuben-1955,treino_auxiliar,0,acima_do_limite_da_classe
jmuben,jmuben2,1956,data/raw/jmuben/Miner/1 (11570).jpg,8,bicho_mineiro,128,128,437a651b43b3b544a52f62c9672f0f9d17141b8dec522b6798183f7716cef755,988c4663d327a59b60d9835d1e753a76f920d8fdc3e4cd16bc59a34d0d3470c5,jmuben-1955,treino_auxiliar,0,acima_do_limite_da_classe
jmuben,jmuben2,1957,data/raw/jmuben/Miner/1 (11571).jpg,8,bicho_mineiro,256,118,211c828be823f227b5446d66d01f09ca721411b8e14c4ea405bd38cec5218550,94086d993931ae33dd6764662a49999c44e3676729de96d4d63763072cdd9615,jmuben-1957,treino_auxiliar,0,acima_do_limite_da_classe
jmuben,jmuben2,1958,data/raw/jmuben/Miner/1 (11572).jpg,8,bicho_mineiro,128,128,ba38cb9b0b70a31adef865f024eb4fd42853698847120ecd62105b154f16190d,991944cc965d6924c3b20ece3cecfac2f1f6c74bdc6ba1b50a5159c47596a139,jmuben-1958,treino_auxiliar,0,acima_do_limite_da_classe
jmuben,jmuben2,1959,data/raw/jmuben/Miner/1 (11573).jpg,8,bicho_mineiro,128,128,e3e06f563c046c716b0c61aa265e657885aa5b476c950b3299d624612e82e450,9933488cf6cd9658fd64f188c3f7870c05a3d7820c2bac7d29d2ae9aae71186f,jmuben-1959,treino_auxiliar,0,acima_do_limite_da_classe
jmuben,jmuben2,1960,data/raw/jmuben/Miner/1 (11574).jpg,8,bicho_mineiro,128,128,220b562d0123e6e831f711e5d8ea0227bb5c521f0c7e40a4d0dde7be2e9182d9,993348ccf6cc9658f964e199c3f78f0805a2570a0c2fa8fd2bd2ae9aae63594e,jmuben-1959,treino_auxiliar,0,acima_do_limite_da_classe
jmuben,jmuben2,1961,data/raw/jmuben/Miner/1 (11575).jpg,8,bicho_mineiro,128,128,e9e6a8569aac793ff31670d91ed364d96ae3cf1d35584143ca6051657a2fdb70,99984c6696cd964c3c67f888eb7be432c1fccf49dd29e580a70b8b2d8a790536,jmuben-1961,treino_auxiliar,0,acima_do_limite_da_classe
jmuben,jmuben2,1962,data/raw/jmuben/Miner/1 (11576).jpg,8,bicho_mineiro,128,128,af8e76a743b939c3b2ed223ffc34d557dc899ccc26224ece8f22b66145be13fb,99984c6696cd966c3c67f888eb73e432c1fccf49dd29e580a70b8b2d8a790536,jmuben-1961,treino_auxiliar,0,acima_do_limite_da_classe
jmuben,jmuben2,1963,data/raw/jmuben/Miner/1 (11577).jpg,8,bicho_mineiro,128,128,da89c6f4eaa58a6f280239b8739f388d37f5529df38ea8e35795705f831307c0,99333333b6c1d6db4bb6613538cd1c6ac305fac8047dd60a3696a99751e5596a,jmuben-1963,treino_auxiliar,0,acima_do_limite_da_classe
jmuben,jmuben2,1964,data/raw/jmuben/Miner/1 (11578).jpg,8,bicho_mineiro,128,128,bb53601b5f78d7216108c7f7af3fb0787543d2ba300a41af37958b0b9e4c0615,99333333b6c1d6db4bb6613538cd1c6ac305fac8047dd60a3696a99651e55b6a,jmuben-1963,treino_auxiliar,0,acima_do_limite_da_classe
jmuben,jmuben2,1965,data/raw/jmuben/Miner/1 (11579).jpg,8,bicho_mineiro,128,128,9d5b159608b72c806d6b7cfba13fc31c854b5e6562123790f759bf9a70e606e7,99984c64d667964c3e66788cf891e949c0b3d3dac769cd2d50a3e48fa7158b3c,jmuben-1965,treino_auxiliar,0,grupo_ja_representado
jmuben,jmuben2,1966,data/raw/jmuben/Miner/1 (11580).jpg,8,bicho_mineiro,128,128,655bf5acd185a663154d7e8cdb5db34989dc07485373b3ce205a208bc297f8da,99994c64d667964c3e66788cea91e149c0b3c3d8c729cd2d7093a49daf358b7c,jmuben-1965,treino_auxiliar,0,grupo_ja_representado
jmuben,jmuben2,1967,data/raw/jmuben/Miner/1 (11633).jpg,8,bicho_mineiro,128,128,b09e0ea6a57ef015a9af8348f49b016050b0735f8a58b0679b96d1978bd586d1,85b02ecb6d3687d5e217c3c3599b01d5f2fa726c40e38d7fb410b07948eb8b0e,jmuben-1967,treino_auxiliar,0,grupo_ja_representado
jmuben,jmuben2,1968,data/raw/jmuben/Miner/1 (11634).jpg,8,bicho_mineiro,128,128,6be6065ea399f5439c4d3d2da26559dd698a7ceeb0f21f08d608ffa00e6178eb,85b02ecb6d3687d5e217c3c3599b01d5f2fa726c40e38d7fb410b07948ea8f0e,jmuben-1967,treino_auxiliar,0,grupo_ja_representado
jmuben,jmuben2,1969,data/raw/jmuben/Miner/1 (11635).jpg,8,bicho_mineiro,128,128,72c56ae11b8df10311717113cf5744aee3844cf98254e0f11edc37e0bcf67a5d,9f7549cecb568c4dcd63522a7fb5e50041bd1ec2e09f65e0562778f265130d31,jmuben-1969,treino_auxiliar,1,
jmuben,jmuben2,1970,data/raw/jmuben/Miner/1 (11636).jpg,8,bicho_mineiro,128,128,409244acf38459a896c9f39cf72ae2da451b3838e90fee6d5dd26f9132f9fe7f,9f7549cecb568c4dcd63522a7fb5e50441bd1ec2e09d65e0563778f065130d31,jmuben-1969,treino_auxiliar,0,grupo_ja_representado
jmuben,jmuben2,1971,data/raw/jmuben/Miner/1 (11637).jpg,8,bicho_mineiro,128,128,649161f67f3226c7b14e1611dccbeda0e96cc196d4a74a01b7b2b18732a2ec22,84162bff6c1883d7f2fe4a6844d5d05a77025835cd2cb5d8fe07c60ec9623d4b,jmuben-1971,treino_auxiliar,0,grupo_ja_representado
jmuben,jmuben2,1972,data/raw/jmuben/Miner/1 (11638).jpg,8,bicho_mineiro,128,128,d7d38c52806cc23a7fe63ec44e7910a8d942dcc82343a2df220189f653216ff0,84162bff6c1883d7f2fe4ae84cd5c05a73025835c83d05f8bf07c61ec1e22d6f,jmuben-1971,treino_auxiliar,0,grupo_ja_representado
jmuben,jmuben2,1973,data/raw/jmuben/Miner/1 (11639).jpg,8,bicho_mineiro,128,128,9f75ff5b4ef31ff07dd41154a3c2d9d6aaf7f4c7e5bfbc4bb5f75930eb98a9e9,81766ab17d138765e06ce32cd179fd08a74b589b5b4380e6d2f156b2ab164ae6,jmuben-1973,treino_auxiliar,0,acima_do_limite_da_classe
jmuben,jmuben2,1974,data/raw/jmuben/Miner/1 (11640).jpg,8,bicho_mineiro,128,128,808afc733572354ea8e62d7c554e8de4f79f841adbf29d635f738043d30a9b55,81766ab17d138765e06ce32cd179fd08a749d89b5b4380e6d2f156b2ab164ae6,jmuben-1973,treino_auxiliar,0,acima_do_limite_da_classe
jmuben,jmuben2,1975,data/raw/jmuben/Miner/1 (11673).jpg,8,bicho_mineiro,128,128,f62222e81c960f46a8cfeac57aad470b6cdb2190f54dde6d5d0dc4a5f9a9ce72,b1f1285f97b0d285301e5a848f62f80f4cb913f7f41e79744b9ff42015d0695e,jmuben-1428,treino_auxiliar,1,
jmuben,jmuben2,1976,data/raw/jmuben/Miner/1 (11674).jpg,8,bicho_mineiro,128,128,d33c040586ac9d17bed81ec8d59b1fb55b1ea5cb14d0a647f026bd8f820d4db8,b1f1284f97b0d285301e5a848f62f80f4cb913f7f41679f45b9ff42015d0695e,jmuben-1428,treino_auxiliar,0,grupo_ja_representado
jmuben,jmuben2,1977,data/raw/jmuben/Miner/1 (11675).jpg,8,bicho_mineiro,128,128,62910d14fc1193b0f305896a27c818a7dea7b300308646ad87cb09528e1c6592,91dc1c172628da7af1e78631570a718eb4fd8e44a746613a6b971ae15aada555,jmuben-1755,treino_auxiliar,0,acima_do_limite_da_classe
jmuben,jmuben2,1978,data/raw/jmuben/Miner/1 (11676).jpg,8,bicho_mineiro,128,128,572cb83e918b67c8ad313302728441669d1f9c01281049c36be923eb47bc574d,91dc1c172628da7af1c78631572a718e34fd8e44a646613a6b1e3ae15aade55d,jmuben-1755,treino_auxiliar,0,acima_do_limite_da_classe
jmuben,jmuben2,1979,data/raw/jmuben/Miner/1 (11677).jpg,8,bicho_mineiro,128,128,104eef1dd4a8f3a568cdb082ebc22e99f99de916acfc817c929dc17c22205dc0,983e4860cc3f9f0e13c376f17f9001f23050736830657bff3bc031dd788b7f81,jmuben-1762,treino_auxiliar,0,grupo_ja_representado
jmuben,jmuben2,1980,data/raw/jmuben/Miner/1 (11678).jpg,8,bicho_mineiro,128,128,f9e288dc05416913376607375ce2552a8235e132e8c9e4c11e9bbef45056d243,983e4860cc3f9f0433c376f17f9001f23050736830657bff33c031dd798f7f81,jmuben-1762,treino_auxiliar,0,grupo_ja_representado
jmuben,jmuben2,1981,data/raw/jmuben/Miner/1 (11679).jpg,8,bicho_mineiro,128,128,df5e5e583d1f0fc546a81802524774abbe05a6ff5c6aeb0ee8f8cab1a3e0f63d,80ff39f33307786c4f88864138f9c7f17a0b189926f99f1d1c30cc0f98afc1ce,jmuben-1771,treino_auxiliar,0,acima_do_limite_da_classe
jmuben,jmuben2,1982,data/raw/jmuben/Miner/1 (11680).jpg,8,bicho_mineiro,128,128,bbcacabbc2a08e30d59d68aea156fefa1769ec4f5af4d28a861d42e6e2f7aa90,80ff39f33307786c4f88824138f9c7f17a09189926799f1f5c32cc0f91afc1ce,jmuben-1771,treino_auxiliar,0,acima_do_limite_da_classe
jmuben,jmuben2,1983,data/raw/jmuben/Miner/1 (11681).jpg,8,bicho_mineiro,128,128,9634f74ca18e29ef9f92c99ede1499f3b856880217574e5ad3d27f26535432f3,81155aa972fa9f5d2d23ff40d24b94ec28dc2cd99f894f681bf1b017e081cf86,jmuben-1773,treino_auxiliar,0,acima_do_limite_da_classe
jmuben,jmuben2,1984,data/raw/jmuben/Miner/1 (11682).jpg,8,bicho_mineiro,128,128,f02b563eaee167ba43d48b9c2220496b683315cb2167238da48fd7e490e91c68,81155aa972fa9f5d2d23ff40d24b94ec28dc2cd99f894f681bf1b017e081cf86,jmuben-1773,treino_auxiliar,0,acima_do_limite_da_classe
jmuben,jmuben2,1985,data/raw/jmuben/Miner/1 (11697).jpg,8,bicho_mineiro,128,128,1fa8ceaf7c43291598a43b344898e9440c8f1b66c18f3494063031e1b6cf79fe,800d6e643da0b5b380f7918ff20a8e0c6adcc6f60db32c73d2317ecdf659e12c,jmuben-1456,treino_auxiliar,1,
jmuben,jmuben2,1986,data/raw/jmuben/Miner/1 (11698).jpg,8,bicho_mineiro,128,128,0dc414a8b43ebd588ed3103c2b1467d6f154617813ff0479c6e2cefbdb4a818a,800d6e643da0b5b381f7918ff2088e086adcc6f60db32d73d2317acdf659e32c,jmuben-1456,treino_auxiliar,0,grupo_ja_representado
jmuben,jmuben2,1987,data/raw/jmuben/Miner/1 (11699).jpg,8,bicho_mineiro,126,256,32994d823dbf080282725d6821300429bb79560e10ecca2c60d4b75d981edf2a,8f1a46d66ab53994bd349ce0cbe9e8719e43878ece33b904e38ec1cb31793521,jmuben-1458,treino_auxiliar,0,acima_do_limite_da_classe
jmuben,jmuben2,1988,data/raw/jmuben/Miner/1 (11700).jpg,8,bicho_mineiro,128,128,1b75af94a1a217a57eb62b5416395f41abac4a7901873669ca15436ed71ff1d4,999321b44662ce49b7859ad2287cd0367197afc476484768b1677c979b0f2f72,jmuben-1459,treino_auxiliar,0,grupo_ja_representado
jmuben,jmuben2,1989,data/raw/jmuben/Miner/1 (11701).jpg,8,bicho_mineiro,128,128,54ea73d19f767d161568dec4f82c06f72c1cc801c30610b30322f6710665ca6a,988d30c96714c7b6b3f2896c3c05f489784ca473133f63b68db57ccccee0a999,jmuben-1460,treino_auxiliar,0,acima_do_limite_da_classe
jmuben,jmuben2,1990,data/raw/jmuben/Miner/1 (11702).jpg,8,bicho_mineiro,128,128,42392ac9cef628b82ccf90683a94febf53d923382612a4dc7c4cf749f6b16848,988d30c96714c7b6b3f2892e3c05f489784ca473133f63b68db17ccccee4a999,jmuben-1460,treino_auxiliar,0,acima_do_limite_da_classe
jmuben,jmuben2,1991,data/raw/jmuben/Miner/1 (11703).jpg,8,bicho_mineiro,128,128,8276464085ebbb415d4e4bbcc08a72cc5a9975c37ca4216f05ad6fd6bc317c8d,80cc1a669f736991681f0ff2e40762d83ed0349ff360016f5f2cc095cbfe9176,jmuben-1462,treino_auxiliar,0,acima_do_limite_da_classe
jmuben,jmuben2,1992,data/raw/jmuben/Miner/1 (11704).jpg,8,bicho_mineiro,128,128,ece88171f415dae07dd0771585c57f97049753fdca5c4a8d56f627ee14bd626f,80cc1a669f736991689f0ff2e40762d83ed0349ff360016f5b2cc095cbfe9176,jmuben-1462,treino_auxiliar,0,acima_do_limite_da_classe
jmuben,jmuben2,1993,data/raw/jmuben/Miner/1 (11705).jpg,8,bicho_mineiro,128,128,ae5e26382217c9ec9dad1c0e2a64608852d28c8cad4946b4b35ce7401c56b1a1,8da5399269568eb79663393a3c1ccc3dee538620730dc3d2838b686de3e71c17,jmuben-1472,treino_auxiliar,0,grupo_ja_representado
jmuben,jmuben2,1994,data/raw/jmuben/Miner/1 (11706).jpg,8,bicho_mineiro,128,128,53d0124d9fe4f4cb6296475c1fa7076ba50927bb4bd5d257ba090adf32ac22d3,8da5399269568eb79663393a3c1ccc3dee438638730dc3f2838b286de3e71c13,jmuben-1472,treino_auxiliar,0,grupo_ja_representado
jmuben,jmuben2,1995,data/raw/jmuben/Miner/1 (11707).jpg,8,bicho_mineiro,128,128,205ee855c315adac5fadb9ea0a1b8d7cf8ba2c4066a196c849bc134c0ec76e76,809b689b3e329b6f3e601fd283c887e0e79686f8905ab0273edc3df8f80fe403,jmuben-1474,treino_auxiliar,0,grupo_ja_representado
jmuben,jmuben2,1996,data/raw/jmuben/Miner/1 (11708).jpg,8,bicho_mineiro,128,128,03b52a6aa0a49344ef784bcce5b8bc0db9fab35931865c75d0132b00a83d1b96,809b689b3e329b6f3e601fd283c087f0e59e86f8905ab0063edc3dfbf80fe403,jmuben-1474,treino_auxiliar,0,grupo_ja_representado
jmuben,jmuben2,1997,data/raw/jmuben/Miner/1 (11709).jpg,8,bicho_mineiro,128,128,ecc9f949590270035ca3bdc3789319950f11e9f9fd73c963541c1daf184b78ca,98cb76a87698dae9835e371b6273cb8c9f118cd12f8d669cccf08fc621c66072,jmuben-1522,treino_auxiliar,0,acima_do_limite_da_classe
jmuben,jmuben2,1998,data/raw/jmuben/Miner/1 (11710).jpg,8,bicho_mineiro,128,128,ff2c0ee012a165b809a2f8d7bf577e6c2904e9b59a5663266e305612fbe605b1,98cb76aa769bdac9835e371b62f3c3889e118cd12f8c469cccf0afce21c66072,jmuben-1522,treino_auxiliar,0,acima_do_limite_da_classe
jmuben,jmuben2,1999,data/raw/jmuben/Miner/1 (11711).jpg,8,bicho_mineiro,128,128,8449d3bb744bbe22fe57d8c381d7c656ec85bad1c29fbf08d02f8eee99c27f05,8f8e78fc71e29b8e32c14ab1c4d88d9c63803333c673dcc839dc2671647399f3,jmuben-1524,treino_auxiliar,0,grupo_ja_representado
jmuben,jmuben2,2000,data/raw/jmuben/Miner/1 (11712).jpg,8,bicho_mineiro,128,128,66f5df7dc64181440755ec6c291b6b6bf828a8293ab465dd2ef75701aea9ac5c,8f0e78fc73e29b1e32c14ab1c4d88d9c63803323c673dcc819dce673647399e3,jmuben-1524,treino_auxiliar,1,
jmuben,jmuben2,2001,data/raw/jmuben/Miner/1 (11713).jpg,8,bicho_mineiro,128,128,a930b4d16bb77d294916b3231f101b844306b882254ddff0a11a6502ce43145a,939866b7ee36cb5707702d34c18d8d353dc06bcaf06adbe2387a227bcc978811,jmuben-1526,treino_auxiliar,0,grupo_ja_representado
jmuben,jmuben2,2002,data/raw/jmuben/Miner/1 (11714).jpg,8,bicho_mineiro,128,128,0cd112368ac9907b29fa0eafc6fdc23c958a40895954b202ecd8b0443409f912,93986637ee36cb5607702d34c18d8d357dc06bcad06adbe2387a627bcc978c11,jmuben-1526,treino_auxiliar,1,
jmuben,jmuben2,2003,data/raw/jmuben/Miner/1 (11715).jpg,8,bicho_mineiro,128,128,249fe127d384b75d1078a70e215d397ad92d98c6305f98e2f9048ce38f104c05,99cc73986e33c490920001cce4f05f9665b2f5fe9977d20e224d760971f86bbf,jmuben-1528,treino_auxiliar,0,acima_do_limite_da_classe
jmuben,jmuben2,2004,data/raw/jmuben/Miner/1 (11716).jpg,8,bicho_mineiro,128,128,0182a4a769c3734bbd0be5f72c910d59a6844eb4c81b396480c60456f114c48a,99cc73986e33c490920001ece4f05f9665b2f5fa997fd20f324d760961f8693f,jmuben-1528,treino_auxiliar,0,acima_do_limite_da_classe
jmuben,jmuben2,2005,data/raw/jmuben/Miner/1 (11717).jpg,8,bicho_mineiro,128,128,0ba76f2df6a3fb34024be8514599d0e40eca3a3a1c2f66198d2419ca69a03260,919c743a7c36d28682b136744385c33b9c3e0f8e6d23cda3cd892e5923dde1e5,jmuben-1448,treino_auxiliar,0,acima_do_limite_da_classe
jmuben,jmuben2,2006,data/raw/jmuben/Miner/1 (11718).jpg,8,bicho_mineiro,128,128,7956ac5408cc893f9c5b221d629d310a9fbf2e7cdb6bd9a077a8ece8529536fd,919c743a7c26d28682b1367443c7c3339c3e0f8e6d33c5a3cd8f2f192399e1e5,jmuben-1448,treino_auxiliar,0,acima_do_limite_da_classe
jmuben,jmuben2,2007,data/raw/jmuben/Miner/1 (11719).jpg,8,bicho_mineiro,128,128,8a18156c0f4aec6b9148f2ee9f3677ed25c2e44c65151142a3afb3e8aa831b74,8e3878f072cd9739378d48e69db089336231664ccd8c3330bdf36c07d4cccacf,jmuben-1450,treino_auxiliar,0,acima_do_limite_da_classe
jmuben,jmuben2,2008,data/raw/jmuben/Miner/1 (11720).jpg,8,bicho_mineiro,128,128,f02fe14f6d42b84ad3c166d5c607fe620d3a678daa5e76a45d394e3911531987,8e3878f072cd9739378f48e69db0c9336231264ccd8c33303df36c43d4cccacf,jmuben-1450,treino_auxiliar,0,acima_do_limite_da_classe
jmuben,jmuben2,2009,data/raw/jmuben/Miner/1 (11721).jpg,8,bicho_mineiro,128,128,c6dcee60a3848d097e8b12ff423d7fc8682ae5baad921118bd2048aefa45e557,8e847b9733e1c4ce1b674ae5e40b39ba566a69df0ee507ae7043063a010ff837,jmuben-1452,treino_auxiliar,0,acima_do_limite_da_classe
jmuben,jmuben2,2010,data/raw/jmuben/Miner/1 (11722).jpg,8,bicho_mineiro,128,128,10bc80b91cd39e2c2b7af84d84d392005844bc9583ef5f04e6efe449b103b3e5,8ec47b973be1c4ce1b750ae5e409b9ba566a69df0e7507ae7043063a018ef817,jmuben-1452,treino_auxiliar,0,acima_do_limite_da_classe
jmuben,jmuben2,2011,data/raw/jmuben/Miner/1 (11723).jpg,8,bicho_mineiro,128,128,512e34aaec53faabcd9ba556c462289b1cb81847bb70dba737decf6fe2a4de48,b7552655c69b81fac6421ce95bf9f2a68a303e6793cef60a003161f0e1ee5e89,jmuben-1454,treino_auxiliar,0,acima_do_limite_da_classe
jmuben,jmuben2,2012,data/raw/jmuben/Miner/1 (11724).jpg,8,bicho_mineiro,128,128,f3fe7a0e70aac3213f4258023d760280a8569d52545a9c22cc64eda81fa74f81,b7552655c69b81fac6421ce95bf9f2a68a303e67d1cef60a003161f0e1ee5e89,jmuben-1454,treino_auxiliar,0,acima_do_limite_da_classe
jmuben,jmuben2,2013,data/raw/jmuben/Miner/1 (11733).jpg,8,bicho_mineiro,128,128,b27d81234469b6768c51e29d1a1d572c6a9e14b2964ab5ad8326aaab92eeee39,ab0b6b2be92999b5c8967fd20eda3e5f06fb264632663034666227269d768932,jmuben-1464,treino_auxiliar,0,acima_do_limite_da_classe
jmuben,jmuben2,2014,data/raw/jmuben/Miner/1 (11734).jpg,8,bicho_mineiro,128,128,9c00eef147326ed5706b203872eadfea1961fd4e805cc3e11e742635bf046a64,ab0b6b2be92999b5c8967fd20eda3e5f06fa264632663034662227269df689b2,jmuben-1464,treino_auxiliar,0,acima_do_limite_da_classe
jmuben,jmuben2,2015,data/raw/jmuben/Miner/1 (11735).jpg,8,bicho_mineiro,100,256,972587c8af50a596fb16b4f7ea7c6900369b9641dc44b540972d083f1c106281,87902696ba4e704bcf790c29f3b8031d7b8500aef5e70771ff09411ebf40e0fe,jmuben-1466,treino_auxiliar,1,
jmuben,jmuben2,2016,data/raw/jmuben/Miner/1 (11736).jpg,8,bicho_mineiro,128,128,13a3256e8f35af3a1cfad1007b87063f572f04deaee2902c03fe73b9ffd8ae7b,ae5931e2cb0d7cf1d3ccdf18e021c70eccf31b87901e8c90d338b333c86f4f70,jmuben-1467,treino_auxiliar,0,acima_do_limite_da_classe
jmuben,jmuben2,2017,data/raw/jmuben/Miner/1 (11737).jpg,8,bicho_mineiro,128,128,133028b17718a8592a542c724c101690046bf13f7b11e56748cff2502765203a,8aebad5634aa93d4c73b1c599826fd1fc8ecd770221d566aa2b317c51e22a299,jmuben-1468,treino_auxiliar,0,grupo_ja_representado
jmuben,jmuben2,2018,data/raw/jmuben/Miner/1 (11738).jpg,8,bicho_mineiro,128,128,bb6f2a29ea0a02b82a49c1ab2fe6a4c2177708d020b6e17bb08ff356233bb1c5,8aebad5634aa93d4c73b1c5998a6f51fe8acd7702215566aa2b293c51f22a2b9,jmuben-1468,treino_auxiliar,0,grupo_ja_representado
jmuben,jmuben2,2019,data/raw/jmuben/Miner/1 (11739).jpg,8,bicho_mineiro,102,256,816f734acb7d3b9b2051c732876e5c9e289f284c12f39644dc0cbc3d3115799a,879436979a4270da8f3d3e29c11c3b85abed5007f4718ff8e10e07c8f87f8662,jmuben-1470,treino_auxiliar,0,grupo_ja_representado
jmuben,jmuben2,2020,data/raw/jmuben/Miner/1 (11740).jpg,8,bicho_mineiro,128,128,6e199d2e8c6d43473a2d0c5b2b0558aa64467856dda2eb914a7586377443fb9d,ae1771e6df0df0f1d31cdc31e20fcc345983921ecc30d378f237ccce4b10f188,jmuben-1471,treino_auxiliar,1,
jmuben,jmuben2,2021,data/raw/jmuben/Miner/1 (11745).jpg,8,bicho_mineiro,128,128,510c069c5d3e1b3727564f2d87b722a09e6f19b1ed979e5f739c69e682e5366c,adc6642680b0e252364ad2c0b9db1e2f679166cd9b6f63b81c9c33c73a691b6d,jmuben-1476,treino_auxiliar,0,acima_do_limite_da_classe
jmuben,jmuben2,2022,data/raw/jmuben/Miner/1 (11746).jpg,8,bicho_mineiro,128,128,7cb7cdf1ad8e53e4830b007a09a7d44682c44911aafccc1921290b5a0cf5d88a,adc6642680b0e252364ad2c0b9db1e2f679166cd9b6f63b81c9c33c73a691b6d,jmuben-1476,treino_auxiliar,0,acima_do_limite_da_classe
jmuben,jmuben2,2023,data/raw/jmuben/Miner/1 (11747).jpg,8,bicho_mineiro,128,128,b7f85c34dc9e2bb7a8419b642628869df90185fa934c16bd2b561a57f12692ba,81833a5c260b4518f8d529bb903582e2f16ef0691fda55f5a023e4fbafde5ea0,jmuben-1478,treino_auxiliar,0,grupo_ja_representado
jmuben,jmuben2,2024,data/raw/jmuben/Miner/1 (11748).jpg,8,bicho_mineiro,128,128,8629c621f37b0477949a8f5cf67125cfe04468cc855d72a8edab16611e524de4,81813a5c2609451af8d529bb903582f2f16ef0691fda55f5a023e4fbafde5ea0,jmuben-1478,treino_auxiliar,0,grupo_ja_representado
jmuben,jmuben2,2025,data/raw/jmuben/Miner/1 (11749).jpg,8,bicho_mineiro,128,128,5f9dee5be733a1d15857c8ee2572e1ee332ee6e2670efb52cac9da8587d68fd2,805c3fe79be47098f51b8b6f40dbe5d47b2e1a083402c26efe91ec114efe14cc,jmuben-1480,treino_auxiliar,0,grupo_ja_representado
jmuben,jmuben2,2026,data/raw/jmuben/Miner/1 (11750).jpg,8,bicho_mineiro,128,128,b745a82cde1bfaf88e8a073e39813205cb2149f7d475bbfa80554a04973dc70a,805c3fe79be47098f51b8b6f40dbe5d47b2e1a083400c26efe91ec114efe15cc,jmuben-1480,treino_auxiliar,0,grupo_ja_representado
jmuben,jmuben2,2027,data/raw/jmuben/Miner/1 (11751).jpg,8,bicho_mineiro,128,128,f673f61dab43ee5fe48310179377448489bd6f6a2511d6254d898e9c66b8ea9f,887d1d98316b62f1bfa534479ac7c12abed47e9903b20a64be4e324a96560b7e,jmuben-1482,treino_auxiliar,0,acima_do_limite_da_classe
jmuben,jmuben2,2028,data/raw/jmuben/Miner/1 (11752).jpg,8,bicho_mineiro,128,128,d981004f2f15b3912cae293e2951e41e2881d5ca5d73b63cca213b24357f0f29,887de267316b9d0cbfa5cbb89ac13ed5be56816601b2d59ab64a0cb59656f480,jmuben-1483,treino_auxiliar,0,acima_do_limite_da_classe
jmuben,jmuben2,2029,data/raw/jmuben/Miner/1 (11753).jpg,8,bicho_mineiro,128,128,b0afa232d626821ab656f8f9f3953d934f805043a599890fb54fade1f28f8d87,aec61a3f8ca1ecf567dc2b4f93445da57472a792430b68f7b2319558cb8e00c6,jmuben-1520,treino_auxiliar,0,grupo_ja_representado
jmuben,jmuben2,2030,data/raw/jmuben/Miner/1 (11754).jpg,8,bicho_mineiro,128,128,521e7e303cab2c0ca129747bb4165fd044f20f655bd8209319a4dd637c3592e7,aece1a3f8ca1ecf567dc2b4e934455a57472a792430b68f7b2359558cb8e00c6,jmuben-1520,treino_auxiliar,0,grupo_ja_representado
jmuben,jmuben2,2031,data/raw/jmuben/Miner/1 (11769).jpg,8,bicho_mineiro,128,128,7145e426c6db494ac801e0d63d0a2989a2252324101366292550e56d0399310f,8a0e4ebf0e4eb1a8d5f96918227472c5f133f17f0f59e6143cedcdabcc023054,jmuben-1530,treino_auxiliar,0,grupo_ja_representado
jmuben,jmuben2,2032,data/raw/jmuben/Miner/1 (11770).jpg,8,bicho_mineiro,128,128,d4cdb314753b8b21fc85e34df97aecb070a4effb298e0a20c3885afb68b51441,8a0e46b70e4fb1a8d5f86998227672c5f1b3717b0f59e7163ce4cdabc40a3056,jmuben-1530,treino_auxiliar,0,grupo_ja_representado
jmuben,jmuben2,2033,data/raw/jmuben/Miner/1 (11771).jpg,8,bicho_mineiro,128,128,c8f8ff1d75ea306fa0cca28a2862452bccd34edd7d1a8a69e91e3cfa9c112ad4,83e66b064a0313f9b07ca7044cab83a3f61e55f8658db73b664328fcbc937e06,jmuben-1532,treino_auxiliar,0,acima_do_limite_da_classe
jmuben,jmuben2,2034,data/raw/jmuben/Miner/1 (11772).jpg,8,bicho_mineiro,128,128,3638cc348043dc65c7ba5c7f69df702f6c18ef0d45cecf18a00d2b991727a0b6,83e66b064a0313f9b07ca7044cabc3a3f61e55e8259db73b664328febc137e06,jmuben-1532,treino_auxiliar,0,acima_do_limite_da_classe
jmuben,jmuben2,2035,data/raw/jmuben/Miner/1 (11773).jpg,8,bicho_mineiro,128,128,da0adf0f1da9cfdbd09da6bfe7a1ad0bb7d0bf98b036f34e56478aca6562f2bf,81e26b224bdd101eb41e87a548f9b381d4ef25f4b7110e73acd79f916b6680bc,jmuben-1534,treino_auxiliar,0,acima_do_limite_da_classe
jmuben,jmuben2,2036,data/raw/jmuben/Miner/1 (11774).jpg,8,bicho_mineiro,128,128,978d0f6682115318b78d51bebc7207f7ed650a5aaa71eaa34cf561455528dcdc,81e26b225bfd301eb41e87a548f8b381d4ef25f4b7110e73a8d79f916b2680bc,jmuben-1534,treino_auxiliar,0,acima_do_limite_da_classe
jmuben,jmuben2,2037,data/raw/jmuben/Miner/1 (11775).jpg,8,bicho_mineiro,128,128,0e8e1db34d074ecb2fb190e2409321bc837bc96bb3307f748c0ea06e91d8c4e2,8b531a5bcaf2ec1af695ea69313327821e50c5ad1fd1677acb19d5f0261ac08d,jmuben-1536,treino_auxiliar,0,grupo_ja_representado
jmuben,jmuben2,2038,data/raw/jmuben/Miner/1 (11776).jpg,8,bicho_mineiro,128,128,00d1d85a479bc0ac02756d93642c12e73605dd4d3fbef33c3861bd9b48aa6ab4,8b531a5bcaf2ec1af691ea6d313323821e50c5ad1fd1277acb19d5f4263ac08d,jmuben-1536,treino_auxiliar,0,grupo_ja_representado
jmuben,jmuben2,2039,data/raw/jmuben/Miner/1 (11777).jpg,8,bicho_mineiro,128,128,ee938de0aae627340bb7c3d4e7d8dc01efbf50572ace37f1f8cd279ff0c7ee7b,81cc5a0c1bcc2dc4ae27b4b1bd391a5b18b3eb4a325adca513eb2f122b4569ef,jmuben-1538,treino_auxiliar,0,acima_do_limite_da_classe
jmuben,jmuben2,2040,data/raw/jmuben/Miner/1 (11778).jpg,8,bicho_mineiro,128,128,ec8ffa2981047f5a64c96d1fdddb931e6c040c3ff9490fcde1f73cad3b7caba1,81cc5a0c1bcc2dc4ae27b4b1bd381a5b18b3eb4a325bdca513e92f122b4d69ef,jmuben-1538,treino_auxiliar,0,acima_do_limite_da_classe
jmuben,jmuben2,2041,data/raw/jmuben/Miner/1 (11817).jpg,8,bicho_mineiro,86,256,61063ea31d7076716ac66dabcd140c7650209702d8a58152e11993be68900bd8,80665b0b1bb14784f0d83c8bc66c3b0fc1c933668d73760ccba6b3b3c998b36f,jmuben-1540,treino_auxiliar,0,grupo_ja_representado
jmuben,jmuben2,2042,data/raw/jmuben/Miner/1 (11818).jpg,8,bicho_mineiro,128,128,0b96f52ba0ee469aa0ec38ccd51b4db6b7a412ad43c4bbfce1911a5b08b8452b,876a30f490d46d397b394a8ceda537738b1235add24d6d5bc7293135da823073,jmuben-1541,treino_auxiliar,1,
jmuben,jmuben2,2043,data/raw/jmuben/Miner/1 (11819).jpg,8,bicho_mineiro,128,128,5ccef8c8bbed5b2dee5fb5a82057d20fec1e91cb7de235a701372663dcf70982,83376e36871b719bd58fa583a97b1a2b2d862b53ca59b2949e28d2cf74944724,jmuben-1542,treino_auxiliar,0,acima_do_limite_da_classe
jmuben,jmuben2,2044,data/raw/jmuben/Miner/1 (11820).jpg,8,bicho_mineiro,128,128,02178285493eac6764766dc5d13d5479dd48498e4d9bdd0d27fcd35a56e13999,83336e36871b719bd58fb5c3a97b1a2b2d862b53ca59b2948e28d2cf74944724,jmuben-1542,treino_auxiliar,0,acima_do_limite_da_classe
jmuben,jmuben2,2045,data/raw/jmuben/Miner/1 (11821).jpg,8,bicho_mineiro,111,256,c7771a3acfbef83d83ffc4765d81337c730f75402d8341743383439abbfb3422,84316bc464d6e662b82c09b7f08b4ccce23369e5f03ecf99c2a570f1f40e76e3,jmuben-1544,treino_auxiliar,0,grupo_ja_representado
jmuben,jmuben2,2046,data/raw/jmuben/Miner/1 (11822).jpg,8,bicho_mineiro,128,128,05ddba14d5b4f5ebfd4ed6de9bd4322cec5ce4164289e3c015d185c4a3b7e150,8d9a75d8909b4e7e6716696b34a906dc39cb12e539b4691bce499684e64e3369,jmuben-1545,treino_auxiliar,0,acima_do_limite_da_classe
jmuben,jmuben2,2047,data/raw/jmuben/Miner/1 (11823).jpg,8,bicho_mineiro,128,128,b9cea92c733b4b5cc3cd6a55ddf31f757858068f117479649e5c020b31e6fc33,826c7c6c8e66533251b8b50fad42d27eb51f294c0a56e2b729a58a57b29ea9b5,jmuben-1546,treino_auxiliar,0,grupo_ja_representado
jmuben,jmuben2,2048,data/raw/jmuben/Miner/1 (11824).jpg,8,bicho_mineiro,128,128,6da085375eda2e7a31f79c681f2ebc5c9b0aee18273d26a3fcce3acba9d6ad4e,826c7c6c8e66533251b8b50fad42d07eb51f294c0a76c2f729a58a57b29ea9b5,jmuben-1546,treino_auxiliar,0,grupo_ja_representado
jmuben,jmuben2,2049,data/raw/jmuben/Miner/1 (11825).jpg,8,bicho_mineiro,128,128,a13b98aaa0bf161f194bdd85f4c6351d2145b8a23db31ff1b2ba8fa3e92d687d,8399771983ce78c792e3b7f0ad3e2b4336e2473a5a4256d34c95e8ad24e88d34,jmuben-1548,treino_auxiliar,0,acima_do_limite_da_classe
jmuben,jmuben2,2050,data/raw/jmuben/Miner/1 (11826).jpg,8,bicho_mineiro,128,128,0a8194f14fc027daf8098d3098e719f1e3fa8b5ecc68ff1093b3dfd57e7d4140,8399771983cc78c792e3b7f0ad3e2b4336e2473a5b4256d34e93e8ab24e88534,jmuben-1548,treino_auxiliar,0,acima_do_limite_da_classe
jmuben,jmuben2,2051,data/raw/jmuben/Miner/1 (11853).jpg,8,bicho_mineiro,113,256,7028dc01c014a7bca3478133043ec714df55523e06d359c4de337e453be42e9a,86631989a61c4e949fd1db9d93e1363674c64898d2b33d2b0d7ee9445bca10bf,jmuben-1550,treino_auxiliar,0,acima_do_limite_da_classe
jmuben,jmuben2,2052,data/raw/jmuben/Miner/1 (11854).jpg,8,bicho_mineiro,128,128,384961441406c5a0b6897fae6d7af0945f0a8e2730583b49b97ab1766e1395e9,96363383c6789e8c791360fe0f91ba153313ef766dd2b2498f090562f507ec56,jmuben-1551,treino_auxiliar,0,acima_do_limite_da_classe
jmuben,jmuben2,2053,data/raw/jmuben/Miner/1 (11855).jpg,8,bicho_mineiro,128,128,bec1dbc326ec7097601d2067eb81b552c12806d7d5b3aa98ed496f202d489ec8,912926e6d9ccb3395690b50f9276b66d129155f168f44138cb3e793dab1b3a58,jmuben-1552,treino_auxiliar,0,acima_do_limite_da_classe
jmuben,jmuben2,2054,data/raw/jmuben/Miner/1 (11856).jpg,8,bicho_mineiro,128,128,ea8527afe64fb7e3849e876ae6b2d212f96e6c56f62028741d026c20fe9fdfea,912926e6d8ccb3395690b50f9276b66d129155e16ad44138cb3e793deb5b3a58,jmuben-1552,treino_auxiliar,0,acima_do_limite_da_classe
jmuben,jmuben2,2055,data/raw/jmuben/Miner/1 (11857).jpg,8,bicho_mineiro,128,128,ffc29c1466aa32c642f97d126bf84d358bc45deec8ded6bb82429067efdc97d6,899427c3c9ee91907a5b5ac4a5924b616c5ac98d64d1ddbc23fed996b34b1896,jmuben-1554,treino_auxiliar,0,acima_do_limite_da_classe
jmuben,jmuben2,2056,data/raw/jmuben/Miner/1 (11858).jpg,8,bicho_mineiro,128,128,6984f7866c1fefcc5ed41b469f019acea3e6055098a08b8a8222229a10599ad1,899427c3c9ee91907a5b5a86a5924b616c4ac98d64d1ddbc23fed996b74b1896,jmuben-1554,treino_auxiliar,0,acima_do_limite_da_classe
jmuben,jmuben2,2057,data/raw/jmuben/Miner/1 (11859).jpg,8,bicho_mineiro,128,128,b06b6135637caa5f1db14c5b5be93f8a00e48cfb08d4a03a262f387cd2d57ccc,9391d284c8406b5a69a89d694fa0cc25cbb79cb69cb5ca37cd82fe92924689ff,jmuben-1556,treino_auxiliar,0,acima_do_limite_da_classe
jmuben,jmuben2,2058,data/raw/jmuben/Miner/1 (11860).jpg,8,bicho_mineiro,128,128,58d281da86048b275c375bc44a368dece7347ea585dc30028354bb2502c345d0,9391d284c8406b5a69a89d694fa2cc2d89b79cb69cb5c237cd82fe929242cbff,jmuben-1556,treino_auxiliar,0,acima_do_limite_da_classe
jmuben,jmuben2,2059,data/raw/jmuben/Miner/1 (11861).jpg,8,bicho_mineiro,128,128,18239028cb74bf2190ffe1da3a35f067a242b4e317a2e925ce1b385d7cce2ba2,90c6371626fcecc64cc7199a9981e177eb114bcc3a0aa7b9e5df374b12a5a21c,jmuben-1558,treino_auxiliar,0,grupo_ja_representado
jmuben,jmuben2,2060,data/raw/jmuben/Miner/1 (11862).jpg,8,bicho_mineiro,128,128,3e402f700268957332186f3e5f31d7ac1618da16458640ff0af8ea27bc0e287d,90e6371626fcecc64cc7199a9981e177eb104bcc3a0aa7b9e59f3f4b12b5821c,jmuben-1558,treino_auxiliar,0,grupo_ja_representado
jmuben,jmuben2,2061,data/raw/jmuben/Miner/1 (11863).jpg,8,bicho_mineiro,128,128,f907117aa274526501d1bda3fd7f9d7fa18a1a91d31dc2db970405dab6f0d10a,aee6919bb6c46ee8a4d1c9399b33b3f7b4fecf2453e0380dc6c374b893030160,jmuben-1560,treino_auxiliar,0,grupo_ja_representado
jmuben,jmuben2,2062,data/raw/jmuben/Miner/1 (11864).jpg,8,bicho_mineiro,128,128,a39bba81bbe47bf187c9083d393646e2287c1bca399c9430e2ed4579ae4afd9a,aee69199b6c66ee8a4d1c9399b33b3f7b4ffcf2443e0380dc6c374b893030160,jmuben-1560,treino_auxiliar,0,grupo_ja_representado
jmuben,jmuben2,2063,data/raw/jmuben/Miner/1 (11865).jpg,8,bicho_mineiro,128,128,59890f428aac02fe40466ab7168f2628233f276771a55d765ca636be77d19fea,88865cc67cf08661e603511be4f03b63a07f7d324f287f963847f2d37d4a51e4,jmuben-1562,treino_auxiliar,0,acima_do_limite_da_classe
jmuben,jmuben2,2064,data/raw/jmuben/Miner/1 (11866).jpg,8,bicho_mineiro,128,128,05dd443c04972efc01571351c1a2920c2959be675ea61274d6a45daa4d28d6f7,88865c467cf08661e6035119e4e03b63a07f7d324f383f963867f2d37d4a91f5,jmuben-1562,treino_auxiliar,0,acima_do_limite_da_classe
jmuben,jmuben2,2065,data/raw/jmuben/Miner/1 (11867).jpg,8,bicho_mineiro,128,128,12fc19b632e79316f1642a81892bf828d8bf0acb37f3061d45154fa6d414aeb1,88670ccf7c674ed88567e61f183d429cc6612bb72338f5e67432c231731c3c37,jmuben-1564,treino_auxiliar,0,acima_do_limite_da_classe
jmuben,jmuben2,2066,data/raw/jmuben/Miner/1 (11868).jpg,8,bicho_mineiro,128,128,c35306bc5b585a6e8be3c09d46bdca98043447485c8446546a9ae97fe7111ba0,88670ccf7c674ed88567e61f183d429cc6612bb72238d5e67432c633731c3c37,jmuben-1564,treino_auxiliar,0,acima_do_limite_da_classe
jmuben,jmuben2,2067,data/raw/jmuben/Miner/1 (11869).jpg,8,bicho_mineiro,128,128,8d4aebed6413abd6d9017a6c6a18b2a1a2c46828c1eadb5a646bc1ceb7e6682f,98e02732f673379c2c5727456741e3cfe0d270b32c953d8d1e2f5aa98b83239a,jmuben-1566,treino_auxiliar,0,grupo_ja_representado
jmuben,jmuben2,2068,data/raw/jmuben/Miner/1 (11870).jpg,8,bicho_mineiro,128,128,3ec7e7d7f6543dd684ce7765d73e17a4f2d943145d60ae23192a02b772222789,98e02732f673379c2c5727456741e3cfe0d270b32c953d8d1e2f5aa98b83239a,jmuben-1566,treino_auxiliar,0,grupo_ja_representado
jmuben,jmuben2,2069,data/raw/jmuben/Miner/1 (11871).jpg,8,bicho_mineiro,128,128,919f0ff59c8565523f2eca7411da59ca31527e1984f8edaaed107f188339b4fd,8c037e0eb38e39817c61a721620662f21ddb1fe78b419073f4186d44fdf5cdf8,jmuben-1568,treino_auxiliar,0,grupo_ja_representado
jmuben,jmuben2,2070,data/raw/jmuben/Miner/1 (11872).jpg,8,bicho_mineiro,128,128,c4f76d0b0d60a04c5f81c3b92686f2f41e12438e5515d37b012069f5297b3723,8c037e0eb38e39817c61a721620622f21dfb1fe18b4190fbf4586d64ddf5c5f8,jmuben-1568,treino_auxiliar,0,grupo_ja_representado
jmuben,jmuben2,2071,data/raw/jmuben/Miner/1 (11877).jpg,8,bicho_mineiro,128,128,eac36b003e3016fd22f2962cb9d5fc78c8f29133fad13e6dc13dcb79ec8f2c79,825928ad4b61daa3d8a6b7a93da3c92fcbfad20a30da76905512cbe4ab15327d,jmuben-1570,treino_auxiliar,0,acima_do_limite_da_classe
jmuben,jmuben2,2072,data/raw/jmuben/Miner/1 (11878).jpg,8,bicho_mineiro,128,128,5d915ec0a7f95c0552aec14c64587dd774c3743071477d501f9902b04d7b6047,825928ad4b61daa3d8a6b7a93dabc92ecbfad60a30da769055138b64ab1d325d,jmuben-1570,treino_auxiliar,0,acima_do_limite_da_classe
jmuben,jmuben2,2073,data/raw/jmuben/Miner/1 (11879).jpg,8,bicho_mineiro,128,128,84fe8a5ca35ef315654896b4fd5ecfe9950c3ecf43177112ddf544b28eca892c,965536c54ed1d031273c8af1f0c61ef35382c4bab84a27e6e926cf5959cc633c,jmuben-1572,treino_auxiliar,0,acima_do_limite_da_classe
jmuben,jmuben2,2074,data/raw/jmuben/Miner/1 (11880).jpg,8,bicho_mineiro,128,128,bce6e436d29dd9241d71563a041d64fda58511a83519001cd655bc366745d173,961d36c54ed1d031273c8af9f0c61ef35382c4bab84a27e6e926cf5919cc633c,jmuben-1572,treino_auxiliar,0,acima_do_limite_da_classe
jmuben,jmuben2,2075,data/raw/jmuben/Miner/1 (11889).jpg,8,bicho_mineiro,128,128,0f50fa64174c1cebb780bfff02baea50527f64910fb9b8a17a4ffa9584e90f84,a40b2aadc5aad7c83576ad06d97e1b458255ee913da6036be04f1f8a83b3e835,jmuben-1574,treino_auxiliar,0,grupo_ja_representado
jmuben,jmuben2,2076,data/raw/jmuben/Miner/1 (11890).jpg,8,bicho_mineiro,128,128,b2e344831e49288e4ac2f3abb7b4ed7e4a8ad712ec21840b452d15c3aa1a84b9,a40b2aadc1aad7cc3576ad06dd5e1b658255ee913da6037be06e1eca1393e035,jmuben-1574,treino_auxiliar,1,
jmuben,jmuben2,2077,data/raw/jmuben/Miner/1 (11891).jpg,8,bicho_mineiro,128,128,bc8243c6ab4123eb4cacae648ec801ad282453289250c289a3ae36dd09267b6d,916835b22e0d8d1ffdb66125486be65a0bf10787b21cfc36e7d803e6f091c0ed,jmuben-1576,treino_auxiliar,0,acima_do_limite_da_classe
jmuben,jmuben2,2078,data/raw/jmuben/Miner/1 (11892).jpg,8,bicho_mineiro,128,128,73ec972f825e5641e02ee147e80ecac2f7cd0bc3cc7b69d12a5524b78bdb2a75,916835b22e0d8d1ffdb66125486be65a0bf10787b21dfc36e7d803e6b091c0ed,jmuben-1576,treino_auxiliar,0,acima_do_limite_da_classe
jmuben,jmuben2,2079,data/raw/jmuben/Miner/1 (11893).jpg,8,bicho_mineiro,128,128,7294095ad387df76878a021d8e0d1799642c2b1f1d13f0c099ab384102ebb4cd,9295d6b56c3664977a50ddaac8a91c5a0fccf1c2f059065e1ee08bd5e585fc2a,jmuben-1578,treino_auxiliar,1,
jmuben,jmuben2,2080,data/raw/jmuben/Miner/1 (11894).jpg,8,bicho_mineiro,128,128,857284a8c9876e1df8f89e4501c80d8a6af47615473f0b7998295bd2171a6533,9285d6b56c3664877a50ddaac8a91c5a0f8ef3c2f059065e1eca8bd4e1c5fc2b,jmuben-1578,treino_auxiliar,0,grupo_ja_representado
jmuben,jmuben2,2081,data/raw/jmuben/Miner/1 (11895).jpg,8,bicho_mineiro,128,128,12ccc7928b31cd82aec689131b7b89e3768af34aef0c2cff7284fa3cee033b23,916835b26e3c8d3fe9a46125c8cbf64a1b970e1ef058f9e007c90327d09ddfe8,jmuben-1576,treino_auxiliar,0,acima_do_limite_da_classe
jmuben,jmuben2,2082,data/raw/jmuben/Miner/1 (11896).jpg,8,bicho_mineiro,128,128,273bcd7d84bf86e83b4f61b1bac1f98056cb12d99b470a37d59c4af9f4575d36,916835b26e3c8d3fe9a66125c8cbf64a1b970e1ef058f9e007c90327d09ddde8,jmuben-1576,treino_auxiliar,0,acima_do_limite_da_classe
jmuben,jmuben2,2083,data/raw/jmuben/Miner/1 (11897).jpg,8,bicho_mineiro,128,128,b1f0a90d343dd810c99660e36b899b5c03504014c2736a157c1ab3fd014d053e,843d40a773e15b5adbc768d26ce05973a34bac2910a756bc54f7a5d491b8587a,jmuben-1582,treino_auxiliar,0,acima_do_limite_da_classe
jmuben,jmuben2,2084,data/raw/jmuben/Miner/1 (11898).jpg,8,bicho_mineiro,128,128,9bff06514405ccf7b7fe659857172313b5f8ef33a7ed4c8f7c6bd6777622524b,843d40a773e15b5adbc768d06ce05973a34bac2918a756bc54f7a9d491b8587a,jmuben-1582,treino_auxiliar,0,acima_do_limite_da_classe
jmuben,jmuben2,2085,data/raw/jmuben/Miner/1 (11899).jpg,8,bicho_mineiro,128,128,0f97e71545d35118686dc796a9d1ebcf95d26f102dbf579b3419cc16ebee5023,92d325616c1a9e3cb9593352084decb1f3c20f870616f80dfdf53e7d7c21f442,jmuben-1584,treino_auxiliar,0,acima_do_limite_da_classe
jmuben,jmuben2,2086,data/raw/jmuben/Miner/1 (11900).jpg,8,bicho_mineiro,128,128,8ff3c2b9ac82b9639dca4c0997f46d853d83632d3bc6ff4acb79ed51b17ce8e1,92d325696c1a9e3cb9592352085de4b1f3c20f870616f85dfdb43e4d7c25f4c2,jmuben-1584,treino_auxiliar,0,acima_do_limite_da_classe
jmuben,jmuben2,2087,data/raw/jmuben/Miner/1 (11901).jpg,8,bicho_mineiro,128,128,8dd36d394f48c59eaa3dd00464ce6f0f2b3e9a868d764483f082c9a91912c3b1,aaaa39b487559caa0ea2c6d1f277b8145e029e322fdcc99a48d31d634799a35f,jmuben-1586,treino_auxiliar,0,acima_do_limite_da_classe
jmuben,jmuben2,2088,data/raw/jmuben/Miner/1 (11902).jpg,8,bicho_mineiro,128,128,05ecd7ed524babbd80cbd41ae9bdb19b5cde9858da88618520f073d6791145d4,aaaa39b487559caa0ea2c6d1f277b8165e029e322fdcc99a48d11d634799a75d,jmuben-1586,treino_auxiliar,0,acima_do_limite_da_classe
jmuben,jmuben2,2089,data/raw/jmuben/Miner/1 (11913).jpg,8,bicho_mineiro,101,256,bd9a8b350ab8012e06d606364bc6700a50a17754d9c7f6eb7af1b5897050c2fd,987563e6e0a686450789779cf98c98cd707d38aeccc3f2f110e144ec7c279c73,jmuben-1588,treino_auxiliar,0,grupo_ja_representado
jmuben,jmuben2,2090,data/raw/jmuben/Miner/1 (11914).jpg,8,bicho_mineiro,128,128,a3cec06c2eb2f8d2151a501e926a16da13be68dd5b7212fe6a5159933cd408d8,87d97e7bd447c744399a7d3d9d0c89e831dc1e86cfb101c6204bcca707fc8319,jmuben-1589,treino_auxiliar,0,acima_do_limite_da_classe
jmuben,jmuben2,2091,data/raw/jmuben/Miner/1 (11915).jpg,8,bicho_mineiro,128,128,46d4031851badb4a4ac2b6c78f48a844e2fc88e9855821d55adf97e8e03c1741,9e3f7878c1e503c033c17a8f8f0f4a0037e0fa1c89555d78fc0b8fe77478c3a4,jmuben-1590,treino_auxiliar,1,
jmuben,jmuben2,2092,data/raw/jmuben/Miner/1 (11916).jpg,8,bicho_mineiro,128,128,8dcf1c40b5426f9e5ec35d4fdf56fc31fd5281c568ee1a1104c8285e1df29f0c,9e3f7878c1e403c433c17a8f8f0f4a0037e0fa1c89555d38fc0b8fef7468d3a4,jmuben-1590,treino_auxiliar,0,grupo_ja_representado
jmuben,jmuben2,2093,data/raw/jmuben/Miner/1 (11917).jpg,8,bicho_mineiro,128,128,424f1c7403b4626fe96411a2c934b0944f0ad91457fc7d05676d1be2d558ac88,b9e5c7008cfc6451d04c37486e00d3b4b4126fe7f1db86bddb476423add49b0b,jmuben-1592,treino_auxiliar,0,grupo_ja_representado
jmuben,jmuben2,2094,data/raw/jmuben/Miner/1 (11918).jpg,8,bicho_mineiro,128,128,0fce8971d0c20e46c20f74543e80a8eecb8f2a5d1d6bb8c655b55a7cf5c8471e,b9e538fe8cfc9b2ad04cc8976e022c4bb4129018f1db7942db479bd4add464f4,jmuben-1593,treino_auxiliar,0,acima_do_limite_da_classe
jmuben,jmuben2,2095,data/raw/jmuben/Miner/1 (11919).jpg,8,bicho_mineiro,80,256,ed4fe304d73a4d3d3c376713677210efba03f1e091f2aa6b7ecab98450e90086,9180419f6421e21da10ec780cfce5e9e1c543f386b6b6333e6f1b4f51cce5e66,jmuben-1594,treino_auxiliar,0,acima_do_limite_da_classe
jmuben,jmuben2,2096,data/raw/jmuben/Miner/1 (11920).jpg,8,bicho_mineiro,128,128,ca251a45b0770c1c1f2def0e1d10d87f5bc4398bb2e896851fff9db8109cab91,8787771f3c78f5b85c0fefc7d781deb8c8e14c103e38da9f8003d081ea84b631,jmuben-1595,treino_auxiliar,0,grupo_ja_representado
jmuben,jmuben2,2097,data/raw/jmuben/Miner/1 (11921).jpg,8,bicho_mineiro,128,128,fe57c6844ec7af2d9d18d795e4d209ea374ab0748a30ecde4951a909fe6b46b1,ad265b69d24999b4bda906adf0d054565813de22c7eb98facc49877ae71465a4,jmuben-1596,treino_auxiliar,0,acima_do_limite_da_classe
jmuben,jmuben2,2098,data/raw/jmuben/Miner/1 (11922).jpg,8,bicho_mineiro,128,128,67aeaa2959ae441a11909d2d94cf80cde14ff6a4595a942a09bbf99de4e86a04,ad265b69d24999b4bda906adf0d256565813de22c76bb8eacc49877ae7146584,jmuben-1596,treino_auxiliar,0,acima_do_limite_da_classe
jmuben,jmuben2,2099,data/raw/jmuben/Miner/1 (11923).jpg,8,bicho_mineiro,128,128,31eb21fb8964893a104bc76bbc2d314c96a3c84fdb5417a58fc2bd9464326b48,9f037c38d831cc0ea1ff31fc34fef688da2081753e28c9c60da3fe9084bfc097,jmuben-1598,treino_auxiliar,0,grupo_ja_representado
jmuben,jmuben2,2100,data/raw/jmuben/Miner/1 (11924).jpg,8,bicho_mineiro,128,128,0b5e98720aee9f2826996469c6e7f6c745a4f3a4b82b1d05f5ad658baab32ec2,9f037c38d831cc0ea1ff31fc34fef688da2081773e28c9c40da3fe9084bfc097,jmuben-1598,treino_auxiliar,0,grupo_ja_representado
jmuben,jmuben2,2101,data/raw/jmuben/Miner/1 (11925).jpg,8,bicho_mineiro,128,128,7eebc97454ee8c9a9db4029901c46f7676808271c36ce2a963b0b66a37b307d9,9e317c71cc98a5f0710c5e8dcbf3343cd2807870da0e09ff36f843cc7641f9b8,jmuben-1600,treino_auxiliar,0,grupo_ja_representado
jmuben,jmuben2,2102,data/raw/jmuben/Miner/1 (11926).jpg,8,bicho_mineiro,128,128,1b15f62066c1412a2c86e245e8334eef6f0028dc9ef16245992405299adf0857,9e317c71cc98a5f0710c5e8dcbf3363cd2807870da0e49ff36f843cc7601f1b8,jmuben-1600,treino_auxiliar,0,grupo_ja_representado
jmuben,jmuben2,2103,data/raw/jmuben/Miner/1 (11927).jpg,8,bicho_mineiro,125,256,5d26cbec842bff0e8cb2922884471b945d25d94892f4c28f3592aff4335f9c61,acb441f0dbe08d933f0973f74014c36aab6a3965d0a5e664354a16c9cebda6b5,jmuben-1602,treino_auxiliar,0,grupo_ja_representado
jmuben,jmuben2,2104,data/raw/jmuben/Miner/1 (11928).jpg,8,bicho_mineiro,128,128,b7719a7ba9da5fcb9aee72fb57147f2ee0d347c36dceb1e52f8f568596310db2,9fdc753781c561da74c7d58216737ee3c028bc79c28e4ebc78e3065a98f2d104,jmuben-1603,treino_auxiliar,0,acima_do_limite_da_classe
jmuben,jmuben2,2105,data/raw/jmuben/Miner/1 (11961).jpg,8,bicho_mineiro,82,256,a164da90cf92773bf3d1bafe5a2d1a788982b7b38e9892c604c7f8861e58e752,9ce17598dd33a337d3265266b4445c9c5a4bd673c431e16bf8485ab9b50a9566,jmuben-1604,treino_auxiliar,0,acima_do_limite_da_classe
jmuben,jmuben2,2106,data/raw/jmuben/Miner/1 (11962).jpg,8,bicho_mineiro,128,128,6c7a6a3e156f5e197fdff053396da7faf0fa585297d6fc020ac04bd84c9160cd,98c47466e494a94c6add5a9154b69f098f564f92b396b0e9646c5e3a667c01bf,jmuben-1605,treino_auxiliar,0,acima_do_limite_da_classe
jmuben,jmuben2,2107,data/raw/jmuben/Miner/1 (11963).jpg,8,bicho_mineiro,128,128,35cf9f5308666425c260ceaf3b5eeab94e494ab98c5a0aee818fd5180658b085,8d306ac96a99d2240747b099569badb334ec227cbd3795bd7a3d3363261b2e90,jmuben-1606,treino_auxiliar,0,grupo_ja_representado
jmuben,jmuben2,2108,data/raw/jmuben/Miner/1 (11964).jpg,8,bicho_mineiro,128,128,af4a1290bb12514620e6bcf9872c3ef5520a4b4fceae2d8c96af46cb94c1e3af,8d306ac96a99d224074fb099569aadb734ec227cad3695bd7a7d3363261b2e84,jmuben-1606,treino_auxiliar,1,
jmuben,jmuben2,2109,data/raw/jmuben/Miner/1 (11965).jpg,8,bicho_mineiro,116,256,6925d329c0413fb2ba86465d6772869bbca975149805bf9c144ecaaf93c3e990,98887f33f5a6a7369b266266955031932b79da5a5ab2872ac56c4b522b9737a4,jmuben-1608,treino_auxiliar,0,acima_do_limite_da_classe
jmuben,jmuben2,2110,data/raw/jmuben/Miner/1 (11966).jpg,8,bicho_mineiro,128,128,f9ae90cc098ffd4c46fcd1b27ef80b3f665671c81d384f3f4d7578b10d5915f2,91c49b596e763cf6ce43ce11433c87b7f39c53ec01c140cec8d8fca336bd8521,jmuben-1609,treino_auxiliar,0,acima_do_limite_da_classe
jmuben,jmuben2,2111,data/raw/jmuben/Miner/1 (11967).jpg,8,bicho_mineiro,103,256,a18aa119d03d92a63756aff6b8e9244b56249f6cbf0967393a28b30044641b2c,999e7f336956ac24996e5a4c84dc85e9227362d3782b1fa6b051bc59ca925aab,jmuben-1610,treino_auxiliar,0,grupo_ja_representado
jmuben,jmuben2,2112,data/raw/jmuben/Miner/1 (11968).jpg,8,bicho_mineiro,128,128,810c271273234d29ce35e02df9fd08c5f6f268530d9f126b4644565b27022bb4,909c7b5964dd8d6da751a2594af6fa2b672d50b4b209a50ce58268d91a6fb0eb,jmuben-1611,treino_auxiliar,0,grupo_ja_representado
jmuben,jmuben2,2113,data/raw/jmuben/Miner/1 (11969).jpg,8,bicho_mineiro,89,256,a61b14ac6d964ebdf5735c67c9b260176904776d70a7bf9f45400d1ef7bf1a63,9cf97d8ea539a3915b377266b4c66ace5a69d6b1c431e1636a983aa89522864b,jmuben-1604,treino_auxiliar,0,acima_do_limite_da_classe
jmuben,jmuben2,2114,data/raw/jmuben/Miner/1 (11970).jpg,8,bicho_mineiro,128,128,005cecebf36611f11686751d7545598876186952406e3d761334e2de3d0c1129,8a667466a48c294c6add1ab2f5298f6961d232f4702d6e6d4f9f408cd9a1fbf0,jmuben-1613,treino_auxiliar,0,acima_do_limite_da_classe
jmuben,jmuben2,2115,data/raw/jmuben/Miner/1 (11971).jpg,8,bicho_mineiro,117,256,cae4ad7750b49ee2ef4a9b19aad0cac2a5e482bf4a6441b0fe4c7fffb4aada0b,98cf7f997da3a6139ba3626694f6a5b0234878491a929628d56cce51ead714b6,jmuben-1608,treino_auxiliar,0,acima_do_limite_da_classe
jmuben,jmuben2,2116,data/raw/jmuben/Miner/1 (11972).jpg,8,bicho_mineiro,128,128,859fda256cebdd6a47a402945f6386a3847fecb363a884ae452227d5db3dd72f,98cc7fece4d48591a14968d97ad710b650f99d2c6dbb8b1a9316b381654c387b,jmuben-1615,treino_auxiliar,0,acima_do_limite_da_classe
jmuben,jmuben2,2117,data/raw/jmuben/Miner/1 (11973).jpg,8,bicho_mineiro,128,128,6ec4342e9b2e9ee864ae3c6e5a6d7c944326f23cddb70e4e816c2bc8a41dc311,89cc7abf66ea96c9259b252c694b2b5913d216b48ef7dc326619a359030eb29e,jmuben-1616,treino_auxiliar,0,acima_do_limite_da_classe
jmuben,jmuben2,2118,data/raw/jmuben/Miner/1 (11974).jpg,8,bicho_mineiro,128,128,955a47057057fe4b1bdc81ab4ead801757f06af379ac71d8656e4e583ca37049,89cc7abf66ee96c90d9b252c68492b5913d216b48ef7dc326619a359530e329e,jmuben-1616,treino_auxiliar,0,acima_do_limite_da_classe
jmuben,jmuben2,2119,data/raw/jmuben/Miner/1 (11975).jpg,8,bicho_mineiro,128,128,77c276b9030c16aaa2e996e27ba32204a089254ee51955b8b7d15b6706551345,979964ec6844f739cedc319f4233d8d0671d1cce49887e67cce00f18747ebc84,jmuben-1618,treino_auxiliar,0,acima_do_limite_da_classe
jmuben,jmuben2,2120,data/raw/jmuben/Miner/1 (11976).jpg,8,bicho_mineiro,128,128,6fc18ce9e242744896e0c5aed02d090c1dc31a17732c83e945f06176c50ff904,99097bbaf4939553297dd8df9a9494a44d69694a521a9f82dce66cf306529698,jmuben-1619,treino_auxiliar,0,acima_do_limite_da_classe
jmuben,jmuben2,2121,data/raw/jmuben/Miner/1 (11977).jpg,8,bicho_mineiro,128,128,23e6c87f8b6bac8c4fe4571551a95ca2d1d742085f71c7420b6c352cdd9b13d9,99c97abbf591b5112971d8139ab4d4a5cc2de94a73ca9bc05c634ceb4758469a,jmuben-1619,treino_auxiliar,0,acima_do_limite_da_classe
jmuben,jmuben2,2122,data/raw/jmuben/Miner/1 (11978).jpg,8,bicho_mineiro,128,128,d5be91cc18a2d099164987be1ea7953a5c531c56d0a1f8ff502d19fd596fb24e,99c97abbf5919513297178139ab496a5c42de94a730a9bc8dc266ceb4749479a,jmuben-1619,treino_auxiliar,0,acima_do_limite_da_classe
jmuben,jmuben2,2123,data/raw/jmuben/Miner/1 (11997).jpg,8,bicho_mineiro,114,256,550a81995634112c8177ccf830f2cb6b6ef2b950b9f5fcdb34b0551ac2377e2f,94e5140ccedae67d025c7b58519a189df8c870ee1d36c48b7dad9e2c6b45e156,jmuben-1622,treino_auxiliar,0,acima_do_limite_da_classe
jmuben,jmuben2,2124,data/raw/jmuben/Miner/1 (11998).jpg,8,bicho_mineiro,128,128,5fd8bdf876cd797a490c3d89c4ca036ad707d98fbc629965fdec9cb51bf2f41a,91251b18dda30c9deac93f648b53e1763290ebb5b43e338151f925cef1e42c8b,jmuben-1623,treino_auxiliar,1,
jmuben,jmuben2,2125,data/raw/jmuben/Miner/1 (11999).jpg,6,bicho_mineiro,128,128,3252940fc402809206d5c5b5a3be6555e0d2119dc67bfb8592cc3fcfed60040e,91dd198fadc2ea6d0e26c6b371a91f1a4192e5d431343985e5e4f05f1b07f1e1,jmuben-1624,treino_auxiliar,0,grupo_ja_representado
jmuben,jmuben2,2126,data/raw/jmuben/Miner/1 (12000).jpg,6,bicho_mineiro,128,128,ee2a3845bbe96902213b6a53642fbed1e893d17f2188a9a83c0d9e133fa11d57,91dd198fadc6ea6d0e26c6b370ab1f1a4192e5d4913c3987c5e4f05c1b07f1e1,jmuben-1624,treino_auxiliar,0,grupo_ja_representado
jmuben,jmuben2,2127,data/raw/jmuben/Miner/1 (12001).jpg,6,bicho_mineiro,128,128,a8208090ff761843603b221f9eecd52a00a1bb98daafcb9d1cef93969cdf5451,91841ace04c8b4cf786e0f62c9d3721af259519139fb0effe013df00275bb27e,jmuben-1626,treino_auxiliar,0,acima_do_limite_da_classe
jmuben,jmuben2,2128,data/raw/jmuben/Miner/1 (12002).jpg,6,bicho_mineiro,128,128,8c55309937fe5c9fa57e694b5b4a4330ac219e734ddbff009d32ac83682eae9d,918418ce04c8b4cf786e0f62c953721af25bd19139fb0effe013df00275bb27e,jmuben-1626,treino_auxiliar,0,acima_do_limite_da_classe
jmuben,jmuben2,2129,data/raw/jmuben/Miner/1 (12003).jpg,6,bicho_mineiro,128,128,725cfe1e7811ad9222d14240320815845dc74067cfa5d1b76b0cd46bd0b5b1a2,90691c42ee615237f59939488f56f2c51f2d4f88c7de1396c5c4515f09c1e1fd,jmuben-1628,treino_auxiliar,0,grupo_ja_representado
jmuben,jmuben2,2130,data/raw/jmuben/Miner/1 (12004).jpg,6,bicho_mineiro,128,128,ab809b260743e5be5569aa01fcba1d5f94493a50803d3935bca4aa0857a06c3f,90691c42ee615237f59939488f56f2c51f2d4f88c7dc1396c5c4515f19c1e1fd,jmuben-1628,treino_auxiliar,0,grupo_ja_representado
jmuben,jmuben2,2131,data/raw/jmuben/Miner/1 (12005).jpg,6,bicho_mineiro,128,128,32a825dfe19a42e6a5d64955c2a97ea0144a7096db73e65a1b49400b401bab36,90691c42ee635222d5b339480f56f2d51f2d0f0ac7dc139ecdc4d17c1b87e9e5,jmuben-1628,treino_auxiliar,0,grupo_ja_representado
jmuben,jmuben2,2132,data/raw/jmuben/Miner/1 (12006).jpg,6,bicho_mineiro,128,128,e389c07407db673b4fa819016384055eefbf416e7e41b3a9155d81391cc475da,90691cc2ee635226d5b339480f54e2d51f2d0f0ac7dc139ecdc4d17c1b87e9e5,jmuben-1628,treino_auxiliar,0,grupo_ja_representado
jmuben,jmuben2,2133,data/raw/jmuben/Miner/1 (12007).jpg,8,bicho_mineiro,128,128,cd43977385c6a65d7fbe67aa12aef0facd2b6b7f49e0c254ac60b8921df8927d,91c9e6678d9e15b20a6439c9e0a3c2f70f3a1f6dc7b4cec9c9851a1b125cd678,jmuben-1632,treino_auxiliar,0,acima_do_limite_da_classe
jmuben,jmuben2,2134,data/raw/jmuben/Miner/1 (12008).jpg,8,bicho_mineiro,128,128,e66943b4c5c9c31e6494dbc6be4b83495ad2285dc3ae2d93d27fc7b089b4e662,91c9199a8d8eea4d0e64c6b7f0a31d180f3ae0d2c7f43106cd85f7ec1a5f2b87,jmuben-1624,treino_auxiliar,0,grupo_ja_representado
jmuben,jmuben2,2135,data/raw/jmuben/Miner/1 (12033).jpg,8,bicho_mineiro,128,128,df53728ab0ecbdf35681794a2cf4f885da43a214412edc882c8a260c58e7025d,858c3dd4f2030f67ac4d29cd431b7f7890cf7f84821778b193c7c42c79f2a943,jmuben-1634,treino_auxiliar,0,acima_do_limite_da_classe
jmuben,jmuben2,2136,data/raw/jmuben/Miner/1 (12034).jpg,8,bicho_mineiro,128,128,aae9112273637c3fdeebc19197727a257b1ad08bdca4c81ec579db2d57792fc1,858c3dd4f3030f67ac4d29cd431b7f7890c67f84821778f193c7c42c79f2a943,jmuben-1634,treino_auxiliar,0,acima_do_limite_da_classe
jmuben,jmuben2,2137,data/raw/jmuben/Miner/1 (12035).jpg,8,bicho_mineiro,128,128,283511b324c0ebbc2e8a3fbb52a37595c6cd0ef21d4489770a0f83a2ed4d31a1,8671164979ec539e87a2ae34e4ac25e7df273831e1b96fc3182f937253609487,jmuben-1636,treino_auxiliar,0,acima_do_limite_da_classe
jmuben,jmuben2,2138,data/raw/jmuben/Miner/1 (12036).jpg,8,bicho_mineiro,128,128,96665618bf2daf62dace8865ddce5ff8b923ccd25c7e09423e6527e68652bd5b,8671164979ec139e87a2ae36e4ac25e7df273831e1b96fc3182fd37253409487,jmuben-1636,treino_auxiliar,0,acima_do_limite_da_classe
jmuben,jmuben2,2139,data/raw/jmuben/Miner/1 (12037).jpg,8,bicho_mineiro,128,128,b0ae57ad7f23cfdabde74564abed415a5419eab85f5b73b763b7ce9f446382a0,84f33cd3731c879cac65692961cedf263072c3d71e8790fc46e11c9fd6bc6480,jmuben-1638,treino_auxiliar,0,grupo_ja_representado
jmuben,jmuben2,2140,data/raw/jmuben/Miner/1 (12038).jpg,8,bicho_mineiro,128,128,01c0e431730c653fce753b68e9b925de1aca667e5c1ac87030adca1060ed2d96,84733cd3731c879cac65692961cedf263072c3d73e0790fc46f11c9fd2bc6680,jmuben-1638,treino_auxiliar,0,grupo_ja_representado
jmuben,jmuben2,2141,data/raw/jmuben/Miner/1 (12039).jpg,8,bicho_mineiro,128,128,0b5c14a0006c052f057e3114ee31adb150499f31deb7546ea38204551addea29,8471c30e739c7e728f2d97e669ceb0b570341c8e3b432d8062f066fc90bf0a6f,jmuben-1640,treino_auxiliar,0,grupo_ja_representado
jmuben,jmuben2,2142,data/raw/jmuben/Miner/1 (12040).jpg,8,bicho_mineiro,128,128,e382deaaef5580e93903e359c36595db5014c59962a0349ae328ae7a32c85540,84733cf1739e818d8f3d680969ce4f447034e3713b47c27f66f0990390bff590,jmuben-1638,treino_auxiliar,0,grupo_ja_representado
jmuben,jmuben2,2143,data/raw/jmuben/Miner/1 (12041).jpg,8,bicho_mineiro,128,128,f02b462df22e8cb6a0ff94de93a2ba9f0fb685ce1843652b5b273a2ac5ce7311,861c374ef1e38493a7966c34c1b91f9ff00a0f729e01425f3eecea036537ad34,jmuben-1642,treino_auxiliar,0,acima_do_limite_da_classe
jmuben,jmuben2,2144,data/raw/jmuben/Miner/1 (12042).jpg,8,bicho_mineiro,128,128,7763e71ac739b5754bd4c98e38dd11170f2e83f8f15e5250021000e69bb18b39,861c374ef1e384d3a7966c34c1b91f9ff00a0f729e01425f3eecaa036537ad34,jmuben-1642,treino_auxiliar,0,acima_do_limite_da_classe
jmuben,jmuben2,2145,data/raw/jmuben/Miner/1 (12043).jpg,8,bicho_mineiro,128,128,39ba6f5ccea8735357cebfabe7fbcd1eb2f3bba1db46ad10e1689e300060c1cd,8638365871c681e6af346c2c61e35f3a301ac3f41e43d21f74f89c8176de67e6,jmuben-1644,treino_auxiliar,0,grupo_ja_representado
jmuben,jmuben2,2146,data/raw/jmuben/Miner/1 (12044).jpg,8,bicho_mineiro,128,128,dd21b99e55498753dd6ff4a194f1a86432c9e3d1aa1d0872158e4ee0159390fe,86383658718681e6af366c2c61e35f3a301ac3f41e41d21f76f89c8176de67e6,jmuben-1644,treino_auxiliar,0,grupo_ja_representado
jmuben,jmuben2,2147,data/raw/jmuben/Miner/1 (12045).jpg,8,bicho_mineiro,128,128,31fe219869f52b877be7efd9c1d8c15128b9f83ef0ff4692523681dbdc6af2ed,878317c35a7cd01c83f437e4fe04063c9ff876c3044f96fd767267100f3a41ba,jmuben-1646,treino_auxiliar,0,acima_do_limite_da_classe
jmuben,jmuben2,2148,data/raw/jmuben/Miner/1 (12046).jpg,8,bicho_mineiro,128,128,b002caff66504f6f0b69e98778aa037250210d5048cc23d8b14375d9e1b9b6bf,878317c35a7cd81c83f427e4fc04063c9df876c3044f96fd767367110f3a41ba,jmuben-1646,treino_auxiliar,0,acima_do_limite_da_classe
jmuben,jmuben2,2149,data/raw/jmuben/Miner/1 (12047).jpg,8,bicho_mineiro,128,128,09c90def54a46e8c3b59091de09f9b9baddabde4e13d856d00affea8aa9b0f37,870f174778f180f127a76c6d413a3f82f116097cfbb0400e9edd54c4e6972e3e,jmuben-1648,treino_auxiliar,0,acima_do_limite_da_classe
jmuben,jmuben2,2150,data/raw/jmuben/Miner/1 (12048).jpg,8,bicho_mineiro,128,128,44a138e4593a44277e2991e49d344adbe03b90cbfd463bea1bbb4e5d5b30b610,870f164778f180f127e76c6d413a3dcaf106097cfbb0400a9fdd54cce6972e3a,jmuben-1648,treino_auxiliar,0,acima_do_limite_da_classe
jmuben,jmuben2,2151,data/raw/jmuben/Miner/1 (12049).jpg,8,bicho_mineiro,128,128,a8d5857928fa40aa6d6819d2d90c8f6047b44abb24d60387e995e55c3a340d7d,861e374ff1e385976d0448391b9fb8048bf4bf81606f2fe8e103ad7d988826db,jmuben-1650,treino_auxiliar,0,acima_do_limite_da_classe
jmuben,jmuben2,2152,data/raw/jmuben/Miner/1 (12050).jpg,8,bicho_mineiro,128,128,7be86f8926aaad7c5acdf9cd5d57f2b3aab20e341104ea8ed7585a05f5cf5438,861e374ff1e385976d0440791b9fb8048ff4bd81606f2fe8e103ad7d988826db,jmuben-1650,treino_auxiliar,0,acima_do_limite_da_classe
jmuben,jmuben2,2153,data/raw/jmuben/Miner/1 (12051).jpg,8,bicho_mineiro,128,128,af34d6c5983ce4d36a27e0f33a3899e82d6610b967f3dfebf7633fc1beaa7466,8ccc3d86e2738f4bb84a6346d71994eea3a6dc3a19fbc707683c8ae166838a5c,jmuben-1652,treino_auxiliar,0,grupo_ja_representado
jmuben,jmuben2,2154,data/raw/jmuben/Miner/1 (12052).jpg,8,bicho_mineiro,128,128,610ad837877da8b64de2a355a00ba8725b2730b34c1249892572d1e317df34e6,8cc43d86e2738f4bb84a634ed71594eea7a6dc3819fbc707683c8ae166838a5c,jmuben-1652,treino_auxiliar,0,grupo_ja_representado
jmuben,jmuben2,2155,data/raw/jmuben/Miner/1 (12053).jpg,8,bicho_mineiro,128,128,5bec7c8f74b045c9d3198b1fb0785d282c6ad523b8eba4d3dbaa579155573583,84713c79f18c8f6d6e2861d7df76b031c2e19e8ac0be3dc0aa0f6b688a43933b,jmuben-1654,treino_auxiliar,0,acima_do_limite_da_classe
jmuben,jmuben2,2156,data/raw/jmuben/Miner/1 (12054).jpg,8,bicho_mineiro,128,128,6c4a6524b2ce1f4f17b17a018688eac13650709c06eede17f4a5dc7e6cf8e11d,84713c79f18c8f2d6e2861d6df36b039c2c91e8ac0be2fc0ea0f6b689a4393bb,jmuben-1654,treino_auxiliar,0,acima_do_limite_da_classe
jmuben,jmuben2,2157,data/raw/jmuben/Miner/1 (12055).jpg,8,bicho_mineiro,128,128,e63d720008856ab69e528e4fcb84041d81ca6f0400362f0c9382ebfe068df963,8cc63dd6f3718731ad4d6863631eda6072e68396dc1939fbc607683aa9606a47,jmuben-1656,treino_auxiliar,0,acima_do_limite_da_classe
jmuben,jmuben2,2158,data/raw/jmuben/Miner/1 (12056).jpg,8,bicho_mineiro,128,128,37115a6296aa6528a45d0fcb93275d7dce40edf8ab37af24dd19ff3c68dc354d,8cc63dd6f3718731ad4d6863631c9a6032e68393dc1939fbc607687aab606a4f,jmuben-1656,treino_auxiliar,0,acima_do_limite_da_classe
jmuben,jmuben2,2159,data/raw/jmuben/Miner/1 (12057).jpg,40,bicho_mineiro,128,128,68a4a1c140a0ee8734185785cd3cb3528a0df086dd5c9a81fcd3dfc74eecf628,84968ad65ca63d6da6cc3b54912b3c968adb66a51c62e077ecb3c14a3c4c3b9d,jmuben-1658,treino_auxiliar,0,acima_do_limite_da_classe
jmuben,jmuben2,2160,data/raw/jmuben/Miner/1 (12058).jpg,40,bicho_mineiro,128,128,d6d5940157f711e41c2824d055fa5b208542c5f1e8bd641f814b048f157611a8,849775295ca6c292a6cec4ab912fc3698bdb995a1c621f88ecf33ab53c6ccc62,jmuben-1659,treino_auxiliar,0,acima_do_limite_da_classe
jmuben,jmuben2,2161,data/raw/jmuben/Miner/1 (12069).jpg,6,bicho_mineiro,128,128,377d4c986a689776a9c926021a80f8903a4f70843ff02b2b8b8d33df89861a08,95f657ab48a8ca12a6c396a991a59b259c49391a756e36de3895a2d6b27c9729,jmuben-1660,treino_auxiliar,0,acima_do_limite_da_classe
jmuben,jmuben2,2162,data/raw/jmuben/Miner/1 (12070).jpg,6,bicho_mineiro,128,128,5b89a378e184ce0dd41f71804439a63e4e58ea6fd7a3bf74e1515e1830f13d40,95f657ab48a8ca12a6c996a991a59b259c5b391a746e36dea095e6c6b7688729,jmuben-1660,treino_auxiliar,0,acima_do_limite_da_classe
jmuben,jmuben2,2163,data/raw/jmuben/Miner/1 (12071).jpg,6,bicho_mineiro,128,128,ac30616c960fa29e43497d1523925074209e889b46fc1cd63a38b731dce0a576,81133d3547ddec581fcba9522b1bce4670dc879370308e4763dc72188dfb698e,jmuben-1662,treino_auxiliar,0,grupo_ja_representado
jmuben,jmuben2,2164,data/raw/jmuben/Miner/1 (12072).jpg,6,bicho_mineiro,128,128,d941f6a2c17a127180a81d34abe87de750fb2438887a0ecece9436c0ede28a5a,81133d3547d5ec581fcfa9522b1bce4670dc879770308e0763dc72188dfb69c6,jmuben-1662,treino_auxiliar,0,grupo_ja_representado
jmuben,jmuben2,2165,data/raw/jmuben/Miner/1 (12081).jpg,8,bicho_mineiro,128,128,a3a87a499ff69f4a71cdbffe0d0c507189be4abbc35215ec018b4e8d597bd8a4,a3dc5c738d61639c4e22b7c940977426257f8872776c724afe91c14799c523b5,jmuben-1698,treino_auxiliar,0,acima_do_limite_da_classe
jmuben,jmuben2,2166,data/raw/jmuben/Miner/1 (12082).jpg,8,bicho_mineiro,128,128,3a3133a1f6ee31f0795b89c4938c4d3151d605f7b7eae393a98c438ff15bde98,a3dc5c738d61639c4e22b7c940977426257f8832776c724afe91c14799c723b5,jmuben-1698,treino_auxiliar,0,acima_do_limite_da_classe
jmuben,jmuben2,2167,data/raw/jmuben/Miner/1 (12083).jpg,8,bicho_mineiro,128,128,3fd81be94ec0be78400030f83629bdacfa808c8821b403dcdeadb7aacef2374f,acdd6c8e9572b0aa68de82ad94727ef19432921a6bd34b6e952ba4b04b1d8b63,jmuben-1700,treino_auxiliar,0,grupo_ja_representado
jmuben,jmuben2,2168,data/raw/jmuben/Miner/1 (12084).jpg,8,bicho_mineiro,128,128,0172f278bfbfb00cce658fbe08c559012a1c68e57bdb7185d606368e3c45c068,acdd6c8e9573b08a68de82ad947a7ed19412921a6bd34b6e952ba4b84b1d8b63,jmuben-1700,treino_auxiliar,0,grupo_ja_representado
jmuben,jmuben2,2169,data/raw/jmuben/Miner/1 (12093).jpg,8,bicho_mineiro,103,256,42c52c16ca09b3c46a0753b8a27ecf1f467a4f45b17c98e99065faf51635321a,8dcc19b3a26c956c12e46a58913b6c2df0c60eda382b9cbd3ac626dad50bef2d,jmuben-1442,treino_auxiliar,0,grupo_ja_representado
jmuben,jmuben2,2170,data/raw/jmuben/Miner/1 (12094).jpg,8,bicho_mineiro,128,128,ac89de21fd4ca55752e21b48388f8332ca9d37bc1d0c0da2b6941250ad90a0fd,9d894a928d19f42d62d622d2c76aad24b8d40377eed7114fa00dc7f3ee130bc7,jmuben-1703,treino_auxiliar,0,acima_do_limite_da_classe
jmuben,jmuben2,2171,data/raw/jmuben/Miner/1 (12095).jpg,8,bicho_mineiro,128,128,d96cb75454bda5c1ee9e097242fa97414f5e4ca1c5694ef35a8f5f630067f602,91112972a9a3c2b4e7582d3ed9e6183e315a0e7d3c75b591350a9dcf3319f728,jmuben-1429,treino_auxiliar,0,acima_do_limite_da_classe
jmuben,jmuben2,2172,data/raw/jmuben/Miner/1 (12096).jpg,8,bicho_mineiro,128,128,017f8805c361013eedf514069f328b55862c1aa2ddabf97ddda6cd6c2eb05c24,91912973a9a1c2b6e7580d3ef9d6983e314a0e7d1c75b590350a9dcf331df328,jmuben-1429,treino_auxiliar,0,acima_do_limite_da_classe
jmuben,jmuben2,2173,data/raw/jmuben/Miner/1 (12097).jpg,8,bicho_mineiro,128,128,95a6648be861b599c375046fa859e3014cb83e51b6ab774a27f4f2032c380d77,91325aa42ad6914ee1ab06356eb497d6487abbe16b109fcd49bf363167c38616,jmuben-1436,treino_auxiliar,0,acima_do_limite_da_classe
jmuben,jmuben2,2174,data/raw/jmuben/Miner/1 (12098).jpg,8,bicho_mineiro,128,128,dba681a8a4b41d9b0556cb5784635089dd7512b48aca3ba43abb1d0d6af536d4,91325aa42ad6914ee1ab06356eb497d6487abbe16b109fcd49bf363163c38617,jmuben-1436,treino_auxiliar,0,acima_do_limite_da_classe
jmuben,jmuben2,2175,data/raw/jmuben/Miner/1 (12099).jpg,8,bicho_mineiro,128,128,c8fcb93004a2deadc04327c6fe187b0e5cdf597a13dbcdf14e85b81b17695794,91325ba42b56916ae1a106156e9697f6486bb3e56f149fc5689f3611e7c3861e,jmuben-1436,treino_auxiliar,0,acima_do_limite_da_classe
jmuben,jmuben2,2176,data/raw/jmuben/Miner/1 (12100).jpg,8,bicho_mineiro,128,128,b2b68b8a1bc650c8d69af7f628a36e08a9a330f82bff570b892f718f94a177d5,91335ba42b569162e1b106146ed2d7fa686bb3e56f149ec5689b3611e7438e1e,jmuben-1436,treino_auxiliar,0,acima_do_limite_da_classe
jmuben,jmuben2,2177,data/raw/jmuben/Miner/1 (12101).jpg,8,bicho_mineiro,128,128,8d73e94c4a8f0fc585203d8faed581cfdc23154bf732a89650ce2b0c93b02d6f,91265ae52bd4914ee5a306356ed0dfc8696ab3056e3c9ccd40bab613ce4e9cf8,jmuben-1436,treino_auxiliar,0,acima_do_limite_da_classe
jmuben,jmuben2,2178,data/raw/jmuben/Miner/1 (12102).jpg,8,bicho_mineiro,128,128,dca5dd6131295caa57e8308c411ee3810e7c737fbc2788348799aa3e7e93433c,91265ae52b54914ee5a10e356ed0dfca696bb3056e3e9ccd40bab603ca5a9cf8,jmuben-1436,treino_auxiliar,0,acima_do_limite_da_classe
jmuben,jmuben2,2179,data/raw/jmuben/Miner/1 (12123).jpg,8,bicho_mineiro,92,256,2a024a6d3787cfc2215497d0fdc8ffd09c9a0e88b1e5d7ed1a860a32e37258dd,86b562b59c66914321f84c1c13873378005e6b2739a59cdaeeca696dfc44f6f6,jmuben-1430,treino_auxiliar,0,acima_do_limite_da_classe
jmuben,jmuben2,2180,data/raw/jmuben/Miner/1 (12124).jpg,8,bicho_mineiro,128,128,bdc09d93d690abeaa69eae90ba51bc1d691e9e2b9cc97b59a7d3f527975a7e65,b4bb33e0c3c7a35f4c9f891046998d498a6511bed91dcc8824d5aebc465b7cd9,jmuben-1431,treino_auxiliar,0,acima_do_limite_da_classe
jmuben,jmuben2,2181,data/raw/jmuben/Miner/1 (12125).jpg,8,bicho_mineiro,96,256,dc4515e0a4643dda1b32d10d62f73123fd83656ba08245cc53270939f13cd29c,8eef62399954835721d1147c124ef9d3c838fa0f959366d2636d13ad94b22b7a,jmuben-1432,treino_auxiliar,0,acima_do_limite_da_classe
jmuben,jmuben2,2182,data/raw/jmuben/Miner/1 (12126).jpg,8,bicho_mineiro,128,128,0d242acbbd8e11853ee22d03d269c8c1106f9b28797fb3b4506a7b51c1170013,924d2522d833a49d1cefbd227a3dd69789323abc070d3ac6722c6757c1a56b59,jmuben-1433,treino_auxiliar,0,acima_do_limite_da_classe
jmuben,jmuben2,2183,data/raw/jmuben/Miner/1 (12127).jpg,8,bicho_mineiro,94,256,05925581b2cb16724aab4351aa38610281239455e14a613b510a11fafb91d2e3,8eef63319940875725d1147c164ef9c3c938fa0e959266d2636d13a59cb62f5a,jmuben-1432,treino_auxiliar,0,acima_do_limite_da_classe
jmuben,jmuben2,2184,data/raw/jmuben/Miner/1 (12128).jpg,8,bicho_mineiro,128,128,c1f11b3161568b311a83603f66fe39d6998674e62b600214f5bde6e6c8c21a8d,9364db5dcc995be01e65624f7b1c296c8d31d561078cc7297aa698fdc1a4d0b3,jmuben-1435,treino_auxiliar,0,acima_do_limite_da_classe
jmuben,jmuben2,2185,data/raw/jmuben/Miner/1 (12135).jpg,6,bicho_mineiro,111,256,b757d7f4dec1b29a65219b65c52ee29b16511b179ae22a2281dc0d0bba953c88,8d8c1993aa66d76cd2f6674dd13976bcf08607c2282dbcd4981e26ce9039e72d,jmuben-1442,treino_auxiliar,0,grupo_ja_representado
jmuben,jmuben2,2186,data/raw/jmuben/Miner/1 (12136).jpg,6,bicho_mineiro,128,128,b9d94f828fb4d1c1d4667fc6cc93d6f8ddadf9f3668475940982d413eb99abcb,959d291b8d39dcbce2ca23caa229cfa5ac16a1da8672fa4d114dc17dcfe15c12,jmuben-1443,treino_auxiliar,0,grupo_ja_representado
jmuben,jmuben2,2187,data/raw/jmuben/Miner/1 (12137).jpg,6,bicho_mineiro,104,256,0eec12d73ad8bfacd99fb2d3cd2297fc78b4d362f3dbcfae9b5a1c659dface66,898d1b32ae6c97e916d56d59917364bdf38e0ec8b93dbcb0221a2752802bef25,jmuben-1442,treino_auxiliar,0,grupo_ja_representado
jmuben,jmuben2,2188,data/raw/jmuben/Miner/1 (12138).jpg,6,bicho_mineiro,128,128,5e99cad1d68985caee584a0ac66d4c32e89c69cd6b02b4e8fe37bae651e187a9,8cc07c47cc3e81e036df7697bffeac70f48752b7bb9d069892229ad229434a90,jmuben-1445,treino_auxiliar,0,acima_do_limite_da_classe
jmuben,jmuben2,2189,data/raw/jmuben/Miner/1 (12139).jpg,6,bicho_mineiro,119,256,730e750588e0d10098ef491b9af9ea9d91925ef0f0e4eee7847c553f0c5cca99,898c1b32ad6c97ed26d433499631741dd3c267cdd83d18ac39d430da6aed38f4,jmuben-1446,treino_auxiliar,1,
jmuben,jmuben2,2190,data/raw/jmuben/Miner/1 (12140).jpg,6,bicho_mineiro,128,128,a5dfcba2e59ae16560fc233eceaf7143f27ef668a772a8290d236aa97ef770f4,8cc07c46c87ca1e33697771e9ef8ece1f486922b2f9a0638baa60af568534ab5,jmuben-1445,treino_auxiliar,0,acima_do_limite_da_classe
jmuben,jmuben2,2191,data/raw/jmuben/Miner/1 (12183).jpg,8,bicho_mineiro,128,128,709e0d5342e056d831e86cbcc36cedb9de6646b4e3877073f01d128f50794ca2,95ec0aaee5767317148de0b279abad6ea8760b4730494d255b2b5e9a5bb44255,jmuben-1484,treino_auxiliar,0,acima_do_limite_da_classe
jmuben,jmuben2,2192,data/raw/jmuben/Miner/1 (12184).jpg,8,bicho_mineiro,128,128,259c4c0be40989c7c98d70a3e17903e9e00a884230e2b0f7391c31e2ebd8004f,95ec0aaae5767317148de1b2792bad4fa8760b6730494c255b2b5e9a5bb44275,jmuben-1484,treino_auxiliar,0,acima_do_limite_da_classe
jmuben,jmuben2,2193,data/raw/jmuben/Miner/1 (12185).jpg,6,bicho_mineiro,128,128,5c210cbfe4aefcf1cebef0f8e99936a7b6511674fc05e6273f9d756476cb8a9f,80017b49a0fb4ff6a3846983506ff49a0ff657b615934c31f21ce0f6c3f19e89,jmuben-1486,treino_auxiliar,0,acima_do_limite_da_classe
jmuben,jmuben2,2194,data/raw/jmuben/Miner/1 (12186).jpg,6,bicho_mineiro,128,128,03eea2ad5be3435eb640967063d433c3a29d0093eb3726ce0f7ef66772fdec5f,80017b49a1fb4fa6a3806983506ef49a0ff657b715936c31f21ce0f6c3f19f89,jmuben-1486,treino_auxiliar,0,acima_do_limite_da_classe
jmuben,jmuben2,2195,data/raw/jmuben/Miner/1 (12187).jpg,6,bicho_mineiro,128,128,c6f3dc91167593eac8bd6b73a785ed89ed39444565208e157a7054ca904d8aae,80057487e16559fb8cf02e681fd2869f232f18c6de76793141f8c387f1c3db61,jmuben-1488,treino_auxiliar,0,acima_do_limite_da_classe
jmuben,jmuben2,2196,data/raw/jmuben/Miner/1 (12188).jpg,6,bicho_mineiro,128,128,01deb17d7e61598608253d79a34c37e8aeb6ead7be1db9de53e70f06f64b1e39,80057487e16559fb8cf02e681fd2069f232f18c6de76793141f8c3a7f1c3db61,jmuben-1488,treino_auxiliar,0,acima_do_limite_da_classe
jmuben,jmuben2,2197,data/raw/jmuben/Miner/1 (12189).jpg,6,bicho_mineiro,128,128,f3b2aa3dd08048176385e8eef8b7a483432f7c520f3ff780816e836e5394a2d6,80005f81f026a4fe6e1957bfb78c2dc903b1e18398ee242eed3ae04ff1e7e079,jmuben-1490,treino_auxiliar,0,acima_do_limite_da_classe
jmuben,jmuben2,2198,data/raw/jmuben/Miner/1 (12190).jpg,6,bicho_mineiro,128,128,17098814227d89620d13b7ae3e56832d6913cc0c3eb4a4ef661ca64fa17837e4,80005f81f026a4fe6e1957bfb78c2fc803b1e18398ee242eed3ae04ff1e7e079,jmuben-1490,treino_auxiliar,0,acima_do_limite_da_classe
jmuben,jmuben2,2199,data/raw/jmuben/Miner/1 (12191).jpg,6,bicho_mineiro,128,128,c2ee5b9afb4b84392a27a8ff645c700ab1005d5257f6b76ad0968999f1147dcb,80065b07f204b1d9a8fb48eed07fa41c5b99b4786d75c27c659cb1ce24f641f3,jmuben-1492,treino_auxiliar,0,grupo_ja_representado
jmuben,jmuben2,2200,data/raw/jmuben/Miner/1 (12192).jpg,6,bicho_mineiro,128,128,42d7689d6c807175a098bedd0e6fdd91299ac5d52125b16c4c7ef72a3c06d4cf,80065b07f204b1c9a8fb48eed07fa41c5b99b4786d75c27c659cb1ce26f641f3,jmuben-1492,treino_auxiliar,1,
jmuben,jmuben2,2201,data/raw/jmuben/Miner/1 (12193).jpg,6,bicho_mineiro,128,128,ad58fe95dfce33cc472a24f2722099e8cd60bc6be544fef81576f3949216f050,80065d23f06ca4fd4e33177eb7180f8007e36b8392ef2c09eb78e11ef16ee0f3,jmuben-1490,treino_auxiliar,0,acima_do_limite_da_classe
jmuben,jmuben2,2202,data/raw/jmuben/Miner/1 (12194).jpg,6,bicho_mineiro,128,128,4c596ce995b65a66c79d0f582fdc5fbcd3ff96f929a947622901d9e8bbaea560,80025d23f06ca4fd4e33177eb7182f8007e36b8392cf2c19ef78e01ef16ee0f3,jmuben-1490,treino_auxiliar,0,acima_do_limite_da_classe
jmuben,jmuben2,2203,data/raw/jmuben/Miner/1 (12195).jpg,6,bicho_mineiro,128,128,3977e56e1e743a8f2acf37380142bcb9ebcc4a471a96f222a441bc4d6c0fc6f7,80035983f022b0ecb07d6827527fb41c7dcc947c6d3acb72e2ce31e79a7166f1,jmuben-1496,treino_auxiliar,0,acima_do_limite_da_classe
jmuben,jmuben2,2204,data/raw/jmuben/Miner/1 (12196).jpg,6,bicho_mineiro,128,128,b0ef4b422fe99fe06ba7c51d87ddc15f96c058cb532c2bbd1fd03406544bafdd,80035987f122b0ecb07d6827527fb41e7dcc947c643acb72e2ce31c79a7164f9,jmuben-1496,treino_auxiliar,0,acima_do_limite_da_classe
jmuben,jmuben2,2205,data/raw/jmuben/Miner/1 (12197).jpg,4,bicho_mineiro,128,128,015c77fb110c21aae37dac0a25d2c6163d2b88f852be198a3f8625ccbda46d2c,80015ec3f01ba2f6278c0b8117c625c1e8f9f023f877b63b6ca9d16b3be31df8,jmuben-1498,treino_auxiliar,0,acima_do_limite_da_classe
jmuben,jmuben2,2206,data/raw/jmuben/Miner/1 (12198).jpg,4,bicho_mineiro,128,128,a6a03c68f7c3ed857d12f40bd6bc63b36cd203c2a8d05b437d012d1ba7f796f8,80115e83f03ba6f6278c0b8117c625c1e8f9f023f877b63b6ca9d16b3ae31d78,jmuben-1498,treino_auxiliar,0,acima_do_limite_da_classe
jmuben,jmuben2,2207,data/raw/jmuben/Miner/1 (12199).jpg,4,bicho_mineiro,128,128,bd46d002d72dbc62154748db88d23224965a088a608078d01a7191f6ad1d8ff8,80015883f024a0ec6e3957bb971c2fc80ff127839bcdb6ae4d38e20ef1cff173,jmuben-1490,treino_auxiliar,0,acima_do_limite_da_classe
jmuben,jmuben2,2208,data/raw/jmuben/Miner/1 (12200).jpg,4,bicho_mineiro,128,128,6f124d342d331496924691b3db50ccbe2597d467c6fe47ea42b78bfaf98c9d18,80015883f022a0eeec194fbb971c2fcc0ff127839bcdb6a64db8e33e708fb167,jmuben-1490,treino_auxiliar,0,acima_do_limite_da_classe
jmuben,jmuben2,2209,data/raw/jmuben/Miner/1 (12201).jpg,6,bicho_mineiro,128,128,3e05c9655da57f3580c8026ad416ef8497933997304c5379108c6141851273ff,80375886f036a6ec6e391f80978c2dc549f3e07ff8eeb476652ad35630c31d51,jmuben-1498,treino_auxiliar,0,acima_do_limite_da_classe
jmuben,jmuben2,2210,data/raw/jmuben/Miner/1 (12202).jpg,6,bicho_mineiro,128,128,f236b43e5f7f3d502dc0151fdc0f0389cd7eb9591c991ed7fd6325bc9390aad1,80375886f036a6ec4e391f80958c2dc749f3e07ff8eeb4726d2ad3463ac31d51,jmuben-1498,treino_auxiliar,0,acima_do_limite_da_classe
jmuben,jmuben2,2211,data/raw/jmuben/Miner/1 (12203).jpg,6,bicho_mineiro,128,128,c4e1b47ab61f84f4b5c270ba787b217e535844abf26986fd10b4a3f19b10f6db,80025d83b426a4fe4f1b17bfa5c429e3f023f846f42e6d32f35730c79b712e94,jmuben-1490,treino_auxiliar,0,acima_do_limite_da_classe
jmuben,jmuben2,2212,data/raw/jmuben/Miner/1 (12204).jpg,6,bicho_mineiro,128,128,049cd330210eec64c0a46a068499e7e7d97c76b2b608e14724e7c33290650b0a,80025d82b426a4fe4f1b17bfa5c429e2f033f846f42e6d3af35730c79b712ed0,jmuben-1490,treino_auxiliar,0,acima_do_limite_da_classe
jmuben,jmuben2,2213,data/raw/jmuben/Miner/1 (12205).jpg,6,bicho_mineiro,128,128,c426306ebfcbcf909222a0042b62635a3913474442f2cc8a2452fc9253835157,80035887f027a0ecec7d4a37d77eb61c0fd807314f939bd736c71db10e181f8c,jmuben-1506,treino_auxiliar,0,acima_do_limite_da_classe
jmuben,jmuben2,2214,data/raw/jmuben/Miner/1 (12206).jpg,6,bicho_mineiro,128,128,1b11d84e7e02c9eeba2767ae0c4dc750237f898a27ca6cb973caaa3220c42c3c,80035887f027a0ecec7d4a37d77eb61c0fd807314f939bd536c71db10e381f8c,jmuben-1506,treino_auxiliar,0,acima_do_limite_da_classe
jmuben,jmuben2,2215,data/raw/jmuben/Miner/1 (12207).jpg,6,bicho_mineiro,128,128,42ceda257baa362daa74b81bef6ad4d8f6af786e7eca33b4c0199a219a46acee,92177296a3e41ff83f005b8fe0bf78e5c4c0a339198f1e063c3945ece1e6c873,jmuben-1508,treino_auxiliar,1,
jmuben,jmuben2,2216,data/raw/jmuben/Miner/1 (12208).jpg,6,bicho_mineiro,128,128,d86049031b802553e030108a1819c1d84759c735d494a0db5ceb1543050ba4c9,92177296a3e41ff83f005b8fe0bf78e5c4c0a339198f1e063c3945ece1e6c873,jmuben-1508,treino_auxiliar,0,grupo_ja_representado
jmuben,jmuben2,2217,data/raw/jmuben/Miner/1 (12209).jpg,6,bicho_mineiro,128,128,03ba82d829a55c3e8d609e14477dc8c8ff08ef933dd6ad67a41084362b80651b,919d299de56e556a3a8542e7f8053d4d85577ad2169b54b54e055bc186daad16,jmuben-1510,treino_auxiliar,0,acima_do_limite_da_classe
jmuben,jmuben2,2218,data/raw/jmuben/Miner/1 (12210).jpg,6,bicho_mineiro,128,128,ddda0e61f6012f1198ddc81f6b6d1417b4555ffa391f43843a78347f3aa5dcde,919d299de56e556a3a8542eff0053d4d85557a52069b14b54e255bc196dbbd16,jmuben-1510,treino_auxiliar,0,acima_do_limite_da_classe
jmuben,jmuben2,2219,data/raw/jmuben/Miner/1 (12211).jpg,6,bicho_mineiro,128,128,1e9a97ffa08518649e3693b937df27d7aa993c9371e8b71269426f7cae5ab4e9,8904a4fbf2015e26e863bf90b47f97e6b478138bc2380e6171de5f18c1f32f0e,jmuben-1512,treino_auxiliar,0,acima_do_limite_da_classe
jmuben,jmuben2,2220,data/raw/jmuben/Miner/1 (12212).jpg,6,bicho_mineiro,128,128,10f1e58dabbd807fb8fbde4a321b3e3cfd6f4d4c5b51526efc57a950c56132d4,8b045b05f209a1d9e863406fa47f6819b470ec74c2b8f19e71dea0e7c1f3d3f1,jmuben-1513,treino_auxiliar,0,acima_do_limite_da_classe
jmuben,jmuben2,2221,data/raw/jmuben/Miner/1 (12213).jpg,6,bicho_mineiro,128,128,42452b35fcd8c3d8c3156ae8680d579102074d2bb06a4b622b926eb3081bfe90,85915881f00290feec1f43af95cf2fe40ff825c319e03e284538e35ff887f07b,jmuben-1490,treino_auxiliar,0,acima_do_limite_da_classe
jmuben,jmuben2,2222,data/raw/jmuben/Miner/1 (12214).jpg,6,bicho_mineiro,128,128,1ebc7a80944eaa14c1ee4d921d62e4eee5c7760bda18ff8de8359436870d3d27,85915891f00290feec1f43af95cf2fe047f8a1c3186236384538e15ff8c7f87b,jmuben-1490,treino_auxiliar,0,acima_do_limite_da_classe
jmuben,jmuben2,2223,data/raw/jmuben/Miner/1 (12215).jpg,6,bicho_mineiro,128,128,4af40756f578ad1f7e2a411fd04dcc93f9b012e46da9334fcf61b803cbd1d13d,81915891f02680fe4e1f17efbfcc0ff0c3f36942b8386538e15ef0c7f871e058,jmuben-1490,treino_auxiliar,0,acima_do_limite_da_classe
jmuben,jmuben2,2224,data/raw/jmuben/Miner/1 (12216).jpg,6,bicho_mineiro,128,128,b1660ffa8ec28402ee007041f5be158904f80e59bace5f81a53a7e416248ade3,81915893f02680fe4e1f17efbfcc0fe0c3f36942b8386438e15ef0c7f871e078,jmuben-1490,treino_auxiliar,0,acima_do_limite_da_classe
jmuben,jmuben2,2225,data/raw/jmuben/Miner/1 (12217).jpg,6,bicho_mineiro,128,128,727f7d790a698d126506c7d043501313fea8a2199c9d49d7234ba1b152aaa5eb,919d29dda546d52a3a4a46bae2b27aad056dbc75af6b3359a45aad16292d9209,jmuben-1518,treino_auxiliar,0,grupo_ja_representado
jmuben,jmuben2,2226,data/raw/jmuben/Miner/1 (12218).jpg,6,bicho_mineiro,128,128,698c02634ddff9d6f33d2afcc8c91ced1d95fe8c8a729ad7fd79c42be95d7305,91d529dda566d52a3a4a46bae2b27aad856dbc75af4b315ba41aad16292d5209,jmuben-1518,treino_auxiliar,0,grupo_ja_representado
jmuben,jmuben2,2227,data/raw/jmuben/Miner/1 (12519).jpg,6,bicho_mineiro,128,128,56df9b3e7789e0157159f1df1da43a6434cd733ec03ec4c51ca512576d284b45,9a96894bec6df7a4f0e3e73ed9856463b13c2c1c760e85cf8263133d4d1830e6,jmuben-1664,treino_auxiliar,0,acima_do_limite_da_classe
jmuben,jmuben2,2228,data/raw/jmuben/Miner/1 (12520).jpg,6,bicho_mineiro,128,128,1fb647e3cc0eeee91ceed40c4bffac6bde0c0ea8c9a8920c280cb4abfb009241,9a9676b4ec6d085bf0e318c1f98d8b9cb17cd3e3760e1a308663ecc26d1cce19,jmuben-1665,treino_auxiliar,0,grupo_ja_representado
jmuben,jmuben2,2229,data/raw/jmuben/Miner/1 (12521).jpg,6,bicho_mineiro,128,128,05b657b1d015569423753166281acc4d717af6d5e8165b086a4cf3f421947f99,9a520b29cd65e664d9c370c3c73ad18ce4c3d2e7b9f07430f81cf4cec6c39364,jmuben-1666,treino_auxiliar,0,grupo_ja_representado
jmuben,jmuben2,2230,data/raw/jmuben/Miner/1 (12522).jpg,6,bicho_mineiro,128,128,06932ad0d1fd7bc7130ce29e557ae669bd8f614b12744690311dcfb32fd936ce,9a520b29cd65e664d9c370c3c73ad18ce4c3d2e3b9f07430f81cf4cee6c39364,jmuben-1666,treino_auxiliar,1,
jmuben,jmuben2,2231,data/raw/jmuben/Miner/1 (12523).jpg,6,bicho_mineiro,128,128,3cc8e1139c5d43c5ef49a54787231ffc23d769e248bc2f29f65d710f2ef672d5,8b6949b4ccb2f322f9c17271e39ff8c23670f93e348e760ed38704e50338199e,jmuben-1668,treino_auxiliar,0,grupo_ja_representado
jmuben,jmuben2,2232,data/raw/jmuben/Miner/1 (12524).jpg,6,bicho_mineiro,128,128,8f2c1f22142ce65cb8ce52aaa6eed9efb9a2a2b0f687f4ec04d1aab914562020,8b6949b4ccb2f332f9d17271c38ff8c23638b93e340e660e93c706f10938399f,jmuben-1668,treino_auxiliar,0,grupo_ja_representado
jmuben,jmuben2,2233,data/raw/jmuben/Miner/1 (12525).jpg,6,bicho_mineiro,128,128,0647b2326194646e83ad0ebb7172cd72305756be8bc1a542f63c7d49b8b0f728,89244cd2ee39f309f8e83871e3cf1c61373c191f368706238fe10cfc1f9c3cc7,jmuben-1668,treino_auxiliar,0,grupo_ja_representado
jmuben,jmuben2,2234,data/raw/jmuben/Miner/1 (12526).jpg,6,bicho_mineiro,128,128,712b990e08a08efbf7b604a4751974b42f4674a6ef4d191090a9f4096e9c9fc8,89244cd2ee39f309f8e83871e3cf1c61373c191f36870e238fe10c7c1f9c3cc7,jmuben-1668,treino_auxiliar,0,grupo_ja_representado
jmuben,jmuben2,2235,data/raw/jmuben/Miner/1 (12527).jpg,6,bicho_mineiro,128,128,f9e2a361b915e808816904fbdfb06e16cc61cd480ea13f6270d350934129adc1,89a6036cf309ce390716787837381c38fcf004e13e07d8dc8df0d1f3fae33ccd,jmuben-1672,treino_auxiliar,0,grupo_ja_representado
jmuben,jmuben2,2236,data/raw/jmuben/Miner/1 (12528).jpg,6,bicho_mineiro,128,128,3d256781fd7ef3a930496348c3aeb5b6add853c635438e8aeaf2a89cf92562c6,89a2032cf309ce312717787837381c38fcf004e53e07d8dc8df0d8f3fbe31ccd,jmuben-1672,treino_auxiliar,0,grupo_ja_representado
jmuben,jmuben2,2237,data/raw/jmuben/Miner/1 (12529).jpg,6,bicho_mineiro,128,128,5b1c898af255abd585a6f422ee36f93c066d3136d4e205494aa944618c9c8647,8b24334df63b0e343850fc701c42d8e389c7b99fc9f8cf23fb0f0f18c33a6661,jmuben-1674,treino_auxiliar,0,grupo_ja_representado
jmuben,jmuben2,2238,data/raw/jmuben/Miner/1 (12530).jpg,6,bicho_mineiro,128,128,4948f8e6ad6e962d310df70ba28e94c4e1ca45e9867e000865fcaf9b3b2f3d79,8924334df63b0eb43850fc701c62d8e381c7b99fc9f8cf23fb070f1cc33a6661,jmuben-1674,treino_auxiliar,0,grupo_ja_representado
jmuben,jmuben2,2239,data/raw/jmuben/Miner/1 (12531).jpg,6,bicho_mineiro,128,128,429a3963aebe02c4b3fbcc84282deaaf6e1a4df5d5bedf15acecff4a4257f674,8926132df4390eb53853dcf10ccfc8c7038eff18c370262f723c0ff8c1a37ec6,jmuben-1676,treino_auxiliar,0,acima_do_limite_da_classe
jmuben,jmuben2,2240,data/raw/jmuben/Miner/1 (12532).jpg,6,bicho_mineiro,128,128,ecd68d0d4e7bda01e713d134a1e1ee4b4d2210c4d98aea110e4cfb70b11761d0,8926132df4310ef53853ccf00ccfc8c7031eff38c370362e36fc0ef0e1e33ec6,jmuben-1676,treino_auxiliar,0,acima_do_limite_da_classe
jmuben,jmuben2,2241,data/raw/jmuben/Miner/1 (12533).jpg,6,bicho_mineiro,128,128,623177d1c327b26fa9975e89f0b28354c4bd0b627bbaf31c36e83820375aadc2,89b248d9c69cf339f4ee7c78f3cfdce13438ed1e38c73623738384f10398048c,jmuben-1668,treino_auxiliar,0,grupo_ja_representado
jmuben,jmuben2,2242,data/raw/jmuben/Miner/1 (12534).jpg,6,bicho_mineiro,128,128,6a006a9edb7839202130d77819330e53cc048f950b71ce71cb9095d6232877c5,89b248d9c61cf319f4ee7c78f3cfdce13638ef1e39c73623738184f1019804cc,jmuben-1668,treino_auxiliar,1,
jmuben,jmuben2,2243,data/raw/jmuben/Miner/1 (12535).jpg,4,bicho_mineiro,128,128,a43f8a2bf4a03486862ec142d7a596c103c696e58a7cdcf5276ac6524a16b227,8924b52dfc390cf6b8eac78ee38ec39c3738e2e03607f8dc85c1f1073f0cc338,jmuben-1680,treino_auxiliar,1,
jmuben,jmuben2,2244,data/raw/jmuben/Miner/1 (12536).jpg,4,bicho_mineiro,128,128,e42ad0da7847f6828e99d1619958d71b040e7840f0ebf016b6521972416b8cb5,89264ad2fc39f309b8ea3871e38e1c6337381d1f36a707238dc10ef83f9c3cc6,jmuben-1668,treino_auxiliar,0,grupo_ja_representado
jmuben,jmuben2,2245,data/raw/jmuben/Miner/1 (12537).jpg,4,bicho_mineiro,128,128,fe133f7b9b96ec4b63f22238f7d84fa12d687d401693e5acb0fbe5caff736e8f,89b648dbe639f339fc6a3879e3cfdc61371e3d1f36a7230381c10478058c3cc6,jmuben-1668,treino_auxiliar,0,grupo_ja_representado
jmuben,jmuben2,2246,data/raw/jmuben/Miner/1 (12538).jpg,4,bicho_mineiro,128,128,aa58eaee0b3321a6bd622d62e3441691d6623cfd8df1b5dd8e48d3519d0430c9,89b648dbf639f329fc6a3879e3cfdc61371e191f36a7230381c10478078c3cc7,jmuben-1668,treino_auxiliar,0,grupo_ja_representado
jmuben,jmuben2,2247,data/raw/jmuben/Miner/1 (12539).jpg,2,bicho_mineiro,128,128,0b108a64e8e10c7db9c2e58d1376f1d05dd3e5418753aaecd72c05985a1ee4b1,892648d3c6b8f339f4ee7871e3cedce13738f91c34873623f383847103980ccf,jmuben-1668,treino_auxiliar,0,grupo_ja_representado
jmuben,jmuben2,2248,data/raw/jmuben/Miner/1 (12540).jpg,2,bicho_mineiro,128,128,2a6280de1cc56f78fe2f372a44ce7aefce03a0f195c9fec64707d424400f2433,892648d3c6b8f339fcea7871e3cedce13738fd1c34873223d38384f1039c0ccd,jmuben-1668,treino_auxiliar,0,grupo_ja_representado
jmuben,jmuben2,2249,data/raw/jmuben/Miner/1 (12541).jpg,2,bicho_mineiro,128,128,fe901d4812c5598319ac88f6b82b93482bd636bb22999cbcb6385ef3afd9835a,89b268dbf61cf3adbc783b5dc6c73c21271e1d472623c30084f40e1c1ec77e72,jmuben-1668,treino_auxiliar,0,grupo_ja_representado
jmuben,jmuben2,2250,data/raw/jmuben/Miner/1 (12542).jpg,2,bicho_mineiro,128,128,2e3c4807e8e1d767e85295595136e5d40411024f75d092c10b334acc014f8f0b,89b268dbf61cf3adbc6a395de2c73c21371e1d473623c30084f0067c1ecf3e62,jmuben-1668,treino_auxiliar,0,grupo_ja_representado
jmuben,jmuben2,2251,data/raw/jmuben/Miner/1 (12543).jpg,2,bicho_mineiro,128,128,5ba75ce490157aef160bf141495fc2679e4605a958282f0153fbbc75c4e80cfc,89244892ecb1f331f8e87073e39cdce336389b1e368f262783838cf03f183cdf,jmuben-1668,treino_auxiliar,0,grupo_ja_representado
jmuben,jmuben2,2252,data/raw/jmuben/Miner/1 (12544).jpg,2,bicho_mineiro,128,128,9828d736be3211bd757fb3fbed76b79e2a56ee252c5c6d4d63ba8b60b201658f,89244c92ecb1f311f8e87073e39c9ceb36381b1e368f26278fc30cf03f183ccf,jmuben-1668,treino_auxiliar,0,grupo_ja_representado
jmuben,jmuben2,2253,data/raw/jmuben/Miner/1 (12545).jpg,4,bicho_mineiro,128,128,f8e860fc4827305a061c960bc92da71fa23fb638040cf85f2d897853789a0553,a9931932f70cc35d3c78dc3e0c38dc60c0f10fc1cccfc1f8f1817f27a707e338,jmuben-1690,treino_auxiliar,0,grupo_ja_representado
jmuben,jmuben2,2254,data/raw/jmuben/Miner/1 (12546).jpg,4,bicho_mineiro,128,128,317a300becf16e54d36c6d48b12514e42c03cbbae8bdb07eb9908ff8f9011329,a9931932f70cc35d3c78dc3e0c38dc60c0f11fc0cccfc1bcf1817f27a707e338,jmuben-1690,treino_auxiliar,0,grupo_ja_representado
jmuben,jmuben2,2255,data/raw/jmuben/Miner/1 (12547).jpg,8,bicho_mineiro,128,128,4e57105443173fc9b07a538aa94c90b49c0bfb5d4fd1428e9e189ac0d3d4b9ba,897825c38e7a93974f26d6da371ce0734ccc9719e0970ccbcbf317292f44e861,jmuben-1692,treino_auxiliar,0,grupo_ja_representado
jmuben,jmuben2,2256,data/raw/jmuben/Miner/1 (12548).jpg,8,bicho_mineiro,128,128,5b4ef7f3ad4f1a2a80f4a59644afe0303dfb785eeb625a824fcddef9b7e48b39,897a25c38e7a93974f27d6da371ce0734ccc9719e0970ccbcbf317212f0ce061,jmuben-1692,treino_auxiliar,0,grupo_ja_representado
jmuben,jmuben2,2257,data/raw/jmuben/Miner/1 (12549).jpg,8,bicho_mineiro,256,87,cc010450e6ac7bc169da9e3f407a0c260844bae370381112f2e5f670de3e5065,955b135be26d436c512b26a32257490c988901ba8d52e9e972af1276ef76f3bc,jmuben-1694,treino_auxiliar,1,
jmuben,jmuben2,2258,data/raw/jmuben/Miner/1 (12550).jpg,8,bicho_mineiro,128,128,3cf6e58abbdc3548cb534dce3eb7748af536575f789c90e6ea7f9e9f025af1b2,b1f23612fe0f89f3a1d1714b0f6ca1b4dcd41f1bb862eb5a18c2fa145f2b022b,jmuben-1695,treino_auxiliar,0,acima_do_limite_da_classe
jmuben,jmuben2,2259,data/raw/jmuben/Miner/1 (12551).jpg,8,bicho_mineiro,128,128,4987901b2e366afd2a38aff20933cd55475f3b391bf3231ed5add3db72c9e5e5,870a32fdc0c89fb3742a89551e06f9bb6a41d8155ae230abf13fcb1056ef1daa,jmuben-1696,treino_auxiliar,0,acima_do_limite_da_classe
jmuben,jmuben2,2260,data/raw/jmuben/Miner/1 (12552).jpg,8,bicho_mineiro,128,128,1108da478f5ee8697471a3311632242674c4172bd1dc9ae75ca3a71c8afadf6a,870a32fdc0489fb3742a89511e06f9bb6a41d8155ae332abf13fcb1056ef1daa,jmuben-1696,treino_auxiliar,0,acima_do_limite_da_classe
jmuben,jmuben2,2261,data/raw/jmuben/Miner/1 (12583).jpg,8,bicho_mineiro,256,98,21ee5ddf07df74d1f4cd7e1d9a24dfa0d292989f5d69a638479e0614b6913ccb,95ac596fb317633659ad7aa52619635269c78c85008b8daaed3c31f53a388f3a,jmuben-1705,treino_auxiliar,0,grupo_ja_representado
jmuben,jmuben2,2262,data/raw/jmuben/Miner/1 (12584).jpg,8,bicho_mineiro,128,128,d36a39b19690e9695822c46ad280b8c38e1084c58d8ab9be47a8e57e8ec758fb,95ac438c2653aaced335bc892d750a7274d1bde5b00e1f9f5517a2db62c251c5,jmuben-1706,treino_auxiliar,0,grupo_ja_representado
jmuben,jmuben2,2263,data/raw/jmuben/Miner/1 (12585).jpg,8,bicho_mineiro,256,125,1b56c9722c0bfc2a340f0b36ba6c38ea4c130b3f743f0144292c3e8aa1fd5ebc,91ec596fbb33e1b7592b7dad2299a318e942cdc29cae908aad1ae51432b312da,jmuben-1707,treino_auxiliar,1,
jmuben,jmuben2,2264,data/raw/jmuben/Miner/1 (12586).jpg,8,bicho_mineiro,128,128,f5c441a8254424cfdc309afcfe4e1e0d5c8fbca2ea63a0023c8ed116a681cf80,80f8e1332317037086743b1f78c685e487dd5f32ee347c081c52efe7f696d207,jmuben-1708,treino_auxiliar,0,grupo_ja_representado
jmuben,jmuben2,2265,data/raw/jmuben/Miner/1 (12587).jpg,8,bicho_mineiro,256,90,de4fb41a8f7cf379fe0e3e30aec174b654ca22b1dd8285814e518b2de50797dc,9529536be354436651a922a526736346090c089d0bbaed2bedfd33d71a72ef6a,jmuben-1705,treino_auxiliar,0,grupo_ja_representado
jmuben,jmuben2,2266,data/raw/jmuben/Miner/1 (12588).jpg,8,bicho_mineiro,128,128,7d9cf4c2da764ea37562974c349c7185e7ea2ca8b0d019c8a3e56e31066bc328,90f91689fb07bcbb84f471884e268596f07bc74e18a4bd39eb2d0871e94a7b29,jmuben-1710,treino_auxiliar,0,acima_do_limite_da_classe
jmuben,jmuben2,2267,data/raw/jmuben/Miner/1 (12589).jpg,8,bicho_mineiro,128,128,133b1db2f095bd630e27e0c77652de2398b5e336c97b90759c3c0aae6f5ebdd3,81de7f0ae370e05a9d88e43b26311df0dc1fd1f43dbbff204b67304b9c2480cd,jmuben-1711,treino_auxiliar,0,acima_do_limite_da_classe
jmuben,jmuben2,2268,data/raw/jmuben/Miner/1 (12590).jpg,8,bicho_mineiro,128,128,1016fbdae017b1d1cb850f2c2990e1367de372171d546f65f4b522eb95d409ab,81de7f0ae370e06a9d88e43b26311df0dc1fd1f63dbbff204b63304b9c2480cd,jmuben-1711,treino_auxiliar,0,acima_do_limite_da_classe
jmuben,jmuben2,2269,data/raw/jmuben/Miner/1 (12591).jpg,8,bicho_mineiro,128,128,4ffc2434f5c1c151c2b1902c0a7e9c32f4cbcc853f29b66d75dd3d1f0ce78505,9430c5e589f923c961ec566572a4182e0e6e615c2f06fe97da46e522ffb1b6d0,jmuben-1713,treino_auxiliar,0,grupo_ja_representado
jmuben,jmuben2,2270,data/raw/jmuben/Miner/1 (12592).jpg,8,bicho_mineiro,128,128,d0f7013ad8a4ed233c8e7c83679055b889867c64883c0d4d06e6dae07e843bbe,8420321e89f8dc3661ecab1a76a5e7910e7e94a76f0e0148fa663a9dffa3482f,jmuben-1714,treino_auxiliar,1,
jmuben,jmuben2,2271,data/raw/jmuben/Miner/1 (12593).jpg,8,bicho_mineiro,128,128,f01dde578acaa1f3ea8395b370a65883e07d530efda7b9111fcc9d7654745b1e,8575c97dc1b663de64403449182e62ae6f26b562f8efa762353e0a2fc22f2965,jmuben-1715,treino_auxiliar,0,grupo_ja_representado
jmuben,jmuben2,2272,data/raw/jmuben/Miner/1 (12594).jpg,8,bicho_mineiro,128,128,5618146d3f600a4f6d49e7689285bac40b9ba6cfceac18fa702a542f54c3c421,85753682c1b69d216444cbb61a2e9d516f260a95faeb589d353ef5d0c22fd49a,jmuben-1716,treino_auxiliar,0,grupo_ja_representado
jmuben,jmuben2,2273,data/raw/jmuben/Miner/1 (12595).jpg,8,bicho_mineiro,128,128,de9b0961081a4b778d90a923645d06f8e76fa3db3b91f150a833d6554eed6492,9c9c68e7998c867a5a86f5296ced5f93cb3630c0cc324b2471db8ef533ac48c3,jmuben-1717,treino_auxiliar,0,grupo_ja_representado
jmuben,jmuben2,2274,data/raw/jmuben/Miner/1 (12596).jpg,8,bicho_mineiro,128,128,0a1ac19b4c5ebe66fba5abf1688385a1b61a158b1ac976c52d1ce8cb71e0a15c,9c9c6ce7998c867a5ac6f5296ced5f83cb36b0c8cc324b2471cb8ed523ac48c3,jmuben-1717,treino_auxiliar,0,grupo_ja_representado
jmuben,jmuben2,2275,data/raw/jmuben/Miner/1 (12597).jpg,8,bicho_mineiro,128,128,cd97b9a1acf2524462d9bc58881f266dfb310585372e886dc12582496661217b,88b257b45ac8e70db50e9e53bc1eba70ec54c86cc6d1f58ff8c59107a0e17916,jmuben-1719,treino_auxiliar,0,acima_do_limite_da_classe
jmuben,jmuben2,2276,data/raw/jmuben/Miner/1 (12598).jpg,8,bicho_mineiro,128,128,47f77308eb0f5f5aed70d468112a040babcd11f873121d6ecbe8a6bda5fd8909,88b257b45ac8e70db50e9e53bc1eba70ec14c874c6d1f58ff8c59107a0e17996,jmuben-1719,treino_auxiliar,0,acima_do_limite_da_classe
jmuben,jmuben2,2277,data/raw/jmuben/Miner/1 (12599).jpg,16,bicho_mineiro,128,128,2efc7f423753f93d8cd64a3d2877e2a08351df7595a75a9e0e655d090812f1dc,841f583f639c2d78c7d0946bf994871615606b5bae1a73e605f1bf8280af5f28,jmuben-1721,treino_auxiliar,0,acima_do_limite_da_classe
jmuben,jmuben2,2278,data/raw/jmuben/Miner/1 (12600).jpg,16,bicho_mineiro,128,128,3a8dd65c809f863057d84abda0fe1fddf130795843d7b63e11c095ea5c24f15d,841f583f639c2d78c7d0946ff994871615606b5bae1a73e605f1af8280af5f28,jmuben-1721,treino_auxiliar,0,acima_do_limite_da_classe
jmuben,jmuben2,2279,data/raw/jmuben/Miner/1 (12655).jpg,8,bicho_mineiro,128,128,628ce13eec17af331af733add33c4090a6e3e4be98acedd6c67e67b0fb0bb460,851683a746c36e40fa78e10e693ccd72fec32c78730d720fb906ff665360d711,jmuben-1723,treino_auxiliar,0,acima_do_limite_da_classe
jmuben,jmuben2,2280,data/raw/jmuben/Miner/1 (12656).jpg,8,bicho_mineiro,128,128,fa3c0b3a3f4e40a8d8cbcc8f421049f08f850d8165d5de1b42266815a3007c6f,851683a546c36e40fa78e10e693ecd72fec32c58730d720fb806ff665b60d719,jmuben-1723,treino_auxiliar,0,acima_do_limite_da_classe
jmuben,jmuben2,2281,data/raw/jmuben/Miner/1 (12657).jpg,8,bicho_mineiro,128,128,875b87b5656ee69f8af3152f0bd3adb277efc435a3d5e247557c0e7a4e1eeed6,99133326f6b5eb4a854994ae5d5678a2d6b9692d8769cc45851694e9ca9956d5,jmuben-1725,treino_auxiliar,0,acima_do_limite_da_classe
jmuben,jmuben2,2282,data/raw/jmuben/Miner/1 (12658).jpg,8,bicho_mineiro,128,128,6f31c3079d9bc5e95f4cb696ca6e1c8f6b7314d2f8073511d605eb4c67737f03,99113336f2f4eb4b854994ae5d5678aad6996925c769cc64851694a4cadd5ed4,jmuben-1725,treino_auxiliar,0,acima_do_limite_da_classe
jmuben,jmuben2,2283,data/raw/jmuben/Miner/1 (12661).jpg,8,bicho_mineiro,124,256,13a3fe78fa89c097025199b9c4e4d584feccdfe03779243ac1ca161ad6527b03,87980ece7a6fa1304da3dcc72050f37838a24365b77ac81bdc7cbf46c09b3c6c,jmuben-1727,treino_auxiliar,0,grupo_ja_representado
jmuben,jmuben2,2284,data/raw/jmuben/Miner/1 (12662).jpg,8,bicho_mineiro,128,128,b0641c93301555b5c62dc804248998c7c909c40ee909f73643b7a783a14f7d9a,957a07a5d3e5e60d0e9299b21cc4d9cd3349eb7d71ca66126647191cc66978e6,jmuben-1728,treino_auxiliar,0,grupo_ja_representado
jmuben,jmuben2,2285,data/raw/jmuben/Miner/1 (12663).jpg,8,bicho_mineiro,128,128,3bae737e1273c2e89a940f160937a89190f5970a71d378558e5ccc1a803632cb,98917367e656b54af2a446f04a6a259d535ae8aa832d86ab8fade49496bb15e4,jmuben-1729,treino_auxiliar,0,acima_do_limite_da_classe
jmuben,jmuben2,2286,data/raw/jmuben/Miner/1 (12664).jpg,8,bicho_mineiro,128,128,4e1af2cc45ef2e674d759281855e1db0c92d46e8b09abb77fb55df35cc4d3e7d,98917367e656b54af0a446f06aea259d535ae8aa832d86ab8fade49496ab35a4,jmuben-1729,treino_auxiliar,0,acima_do_limite_da_classe
jmuben,jmuben2,2287,data/raw/jmuben/Miner/1 (12665).jpg,8,bicho_mineiro,128,128,222e6b673e5e4dd24f8c8050de8bb5a50ab9df72c12b93b2604c1de8e078edc9,9cde5131a753b16af296437a6ea234d25b5a7c89d10482adc9b6eec3c6233cb2,jmuben-1731,treino_auxiliar,0,acima_do_limite_da_classe
jmuben,jmuben2,2288,data/raw/jmuben/Miner/1 (12666).jpg,8,bicho_mineiro,128,128,4d426af1aecb7e99f6345b340da390419eb1227b24a4cfc2e23007797f48c952,9cde5131a753b16af296437a6ea234d65b5a7c89d10482adc9a6eec3c6233cb2,jmuben-1731,treino_auxiliar,0,acima_do_limite_da_classe
jmuben,jmuben2,2289,data/raw/jmuben/Miner/1 (12667).jpg,8,bicho_mineiro,128,128,8cb3dc869998e1632e029ad7bc297e6c48bce95ded21dbdc5c1fba26954b73e5,877878ee4d9da710e6c19d8c4bc32272fd819f4976f04b06fadb8979862449d1,jmuben-1733,treino_auxiliar,0,grupo_ja_representado
jmuben,jmuben2,2290,data/raw/jmuben/Miner/1 (12668).jpg,8,bicho_mineiro,128,128,1eb518fadc0d4ba681bf5b0017877eef20f5904dd3b4e168f29ce5f7204b9cb4,877878ee4d9da710e6c19d8c4bc32272fda19f4976f04b46facb8979860449d1,jmuben-1733,treino_auxiliar,0,grupo_ja_representado
jmuben,jmuben2,2291,data/raw/jmuben/Miner/1 (12669).jpg,8,bicho_mineiro,128,128,e831a58d7649bc1af0163fac5540470d1865ba26d9a259c446e10a36ad600a64,957805ad13a7e6656629cc16c3333c924cb6dd8e1e9e8d6559ed99b0c4c3d8c6,jmuben-1735,treino_auxiliar,0,grupo_ja_representado
jmuben,jmuben2,2292,data/raw/jmuben/Miner/1 (12670).jpg,8,bicho_mineiro,128,128,3c2cab57b0a74d53117218fd32fd06f1a045b70aa51310913cd3abb72037bce2,957845ad13a5e3656629cc16c3333e924cb6dd8a369e8d2559cd99b0cce3d8c6,jmuben-1735,treino_auxiliar,1,
jmuben,jmuben2,2293,data/raw/jmuben/Miner/1 (12699).jpg,8,bicho_mineiro,105,256,26accf2cbbfebf0a26781a1090fefd621cbfffff651fe7bfcb01d4656c4bfe36,9931b64d62b2564dad4d4d9bb2dae51bed65d4821e9279502b893534b087d69b,jmuben-1737,treino_auxiliar,0,acima_do_limite_da_classe
jmuben,jmuben2,2294,data/raw/jmuben/Miner/1 (12700).jpg,8,bicho_mineiro,128,128,e8651d4018072a09983658f2a76efe986c4c8b20cf6e99736444ccc8eddc8372,82137c6a0dcae22c8deb50547e39895a77044ee51ad8a724d8bf5b6934d6dfa8,jmuben-1738,treino_auxiliar,0,acima_do_limite_da_classe
jmuben,jmuben2,2295,data/raw/jmuben/Miner/1 (12701).jpg,8,bicho_mineiro,109,256,169343a9425ba52bdb80762f8b8cb923e5d67e28fea6568cc391dae4691ff981,81e527917edcd0ee2b64cf10311d38cdd8866542cdcfde81c62b9fde3af02033,jmuben-1739,treino_auxiliar,0,grupo_ja_representado
jmuben,jmuben2,2296,data/raw/jmuben/Miner/1 (12702).jpg,8,bicho_mineiro,128,128,1b9fff1d3d7e84bc38d71821864591893ab59222b2fc9a408bfb022fdf250a44,82330dce39cddaaa7362a54c6cad58b3d1623b7588d1f0da34accdb0536516ed,jmuben-1740,treino_auxiliar,0,acima_do_limite_da_classe
jmuben,jmuben2,2297,data/raw/jmuben/Miner/1 (12727).jpg,8,bicho_mineiro,114,256,2c575d5c345a139a584f087dbf4ab9d9b7e2bdb2a26a8820661c201d17d81e82,99da71cbf365cab61cc683c74e592deb46f2a3fc5d6407c292830e2197c144e9,jmuben-1741,treino_auxiliar,0,grupo_ja_representado
jmuben,jmuben2,2298,data/raw/jmuben/Miner/1 (12728).jpg,8,bicho_mineiro,128,128,6ffc1e7303914ae0063e691361c3ca170cb4cfaaf24c6095845c06e8cc5d33dc,984b1dadb5a4d25a0e69af6469744fb3471af499c6256f908fca450dbd594d44,jmuben-1742,treino_auxiliar,1,
jmuben,jmuben2,2299,data/raw/jmuben/Miner/1 (12731).jpg,8,bicho_mineiro,102,256,86f4147086dc4a3a0ee2f5afaaa4bc475bc0813f8fe982702457293adcb93f80,9bbf3197c6ca9989059c4eb22dccc7e0bb51878d8456be0aa7f0cc60e781a27b,jmuben-1743,treino_auxiliar,0,grupo_ja_representado
jmuben,jmuben2,2300,data/raw/jmuben/Miner/1 (12732).jpg,8,bicho_mineiro,128,128,34f626606b0a7b8578480cfa23af97dce4599386aee99a193b11401a08b36a21,95623aafedbd994adca5d29d5cd0e6581b3afe5f8e46c348120de2337b04a304,jmuben-1744,treino_auxiliar,0,grupo_ja_representado
jmuben,jmuben2,2301,data/raw/jmuben/Miner/1 (12733).jpg,8,bicho_mineiro,74,256,0b14215a5fb6fb0904f149b0ca90680c660a28b1d0ddcd288d733bc043c7735e,99cd70add332d8db92c7c10c3cb5c3db3cb46fc8c1f44f1293c3183f8b06d464,jmuben-1745,treino_auxiliar,0,acima_do_limite_da_classe
jmuben,jmuben2,2302,data/raw/jmuben/Miner/1 (12734).jpg,8,bicho_mineiro,128,128,1798fc5a4875ab3b70508d25d83680a289e6afd06e1d3f1a92958581a026a464,8a592d24b7959649a37caf26411ef8d647395fa74236559e07e1b521052fe9d2,jmuben-1746,treino_auxiliar,0,acima_do_limite_da_classe
jmuben,jmuben2,2303,data/raw/jmuben/Miner/1 (12735).jpg,8,bicho_mineiro,93,256,f53cc55bccfae3febf14ead887254a9408b67b86e1d72520892406d049701b8d,9bbd31dec64a9989879c48320fccc7813b01879d985e1f0fa9f24f23a785167b,jmuben-1743,treino_auxiliar,0,grupo_ja_representado
jmuben,jmuben2,2304,data/raw/jmuben/Miner/1 (12736).jpg,8,bicho_mineiro,128,128,e7931d5a26540db4263fd787bb8fe78bc238594b7b7da5cda9ad6b1744c41720,95543faae1bf9950dd2bd3b9cc90f259193afe1d8ed4dfd88622e2221b0ca02a,jmuben-1744,treino_auxiliar,0,grupo_ja_representado
jmuben,jmuben2,2305,data/raw/jmuben/Miner/1 (12737).jpg,8,bicho_mineiro,128,128,b3bd0a20fe285770dca169103e0b696a762e87080566f13ae09cd36a3ead7444,bc25026cd76aae25e878bb7262d4e6551eafe2090eb583fc67018daa67d28ec4,jmuben-1749,treino_auxiliar,0,grupo_ja_representado
jmuben,jmuben2,2306,data/raw/jmuben/Miner/1 (12738).jpg,8,bicho_mineiro,128,128,0de540b73e25d8f00628863f368cb929c73ae6b11d9de0aea03e634394a6c915,bc250268d76aae25e87cfb726ad4e6551ee7e2890eb183bc6701cd8a65d2c6c4,jmuben-1749,treino_auxiliar,0,grupo_ja_representado
jmuben,jmuben2,2307,data/raw/jmuben/Miner/1 (12739).jpg,8,bicho_mineiro,109,256,9694d45e0aae669c937faf5bfe6d78b7542ca63b5d4b960ec816a22c312eb8bb,999571c3d761d9a40586ce1b6d4ac6e4f3389d059613bc0b77b1e07af629e185,jmuben-1751,treino_auxiliar,0,acima_do_limite_da_classe
jmuben,jmuben2,2308,data/raw/jmuben/Miner/1 (12740).jpg,8,bicho_mineiro,128,128,8a0a74a1de7fc6b237b4a5ff807886b4f17b8d5d09651f1ea93fc3cc8fd0df58,9ab53b52a6cbdcb49e50e34b5f6ce625b196c540b321c1fd71b64189714858e7,jmuben-1752,treino_auxiliar,0,acima_do_limite_da_classe
jmuben,jmuben2,2309,data/raw/jmuben/Miner/1 (12787).jpg,8,bicho_mineiro,128,128,05ad9d4d078aff8b5649241faa6fb32b3ab5beafaa0778d0108b6d39851829db,98050475d710edf25c23f93ea9e07344433fb7809b89f85f033993d8fa6d524b,jmuben-1757,treino_auxiliar,0,grupo_ja_representado
jmuben,jmuben2,2310,data/raw/jmuben/Miner/1 (12788).jpg,8,bicho_mineiro,128,128,4d683e8ad9c8fc4460ae953ef0df789ca337c45a66ec303900c2e4e041cc261d,9804147ad718fdf35c21f92ea9e07344433fb7809bc9f84f0319f3c86a6d5a4b,jmuben-1757,treino_auxiliar,0,grupo_ja_representado
jmuben,jmuben2,2311,data/raw/jmuben/Miner/1 (12789).jpg,8,bicho_mineiro,128,128,6c9c35b5b6102301f3d12c0002888a3fb2b876ba0edc6bcea0b2780291dca0c4,98fdfb3acc12166808ac14872b9f992046f84b648ad2bf0f26a603757cecfb6b,jmuben-1759,treino_auxiliar,0,acima_do_limite_da_classe
jmuben,jmuben2,2312,data/raw/jmuben/Miner/1 (12790).jpg,8,bicho_mineiro,128,128,3351f07fe564d03cbca1d7557c73d31ca6ff181b937a68f80369fcb26e869cc4,98fdfb39cc12126908ac14872b9f89a046f84b648ad3bf0f26a603757cecfb69,jmuben-1759,treino_auxiliar,0,acima_do_limite_da_classe
jmuben,jmuben2,2313,data/raw/jmuben/Miner/1 (12791).jpg,8,bicho_mineiro,128,128,c9978ca5e78342d7d4ff1c9200359201c43d0d4ec7f14a868514568935e14508,99f805c58c76e91409e9ea432fbe46924683a5babb8643c73e2dfc3f2109077d,jmuben-1761,treino_auxiliar,0,acima_do_limite_da_classe
jmuben,jmuben2,2314,data/raw/jmuben/Miner/1 (12792).jpg,8,bicho_mineiro,128,128,12b014d13c6806b9f3c9d6b007533defba46d3e4b98d1ddc93dbadbce97ec029,99f805c58c66e91409e9ea41afbe469246c3a5babb8643c73e2dfc3f2109077d,jmuben-1761,treino_auxiliar,0,acima_do_limite_da_classe
jmuben,jmuben2,2315,data/raw/jmuben/Miner/1 (12793).jpg,8,bicho_mineiro,128,128,63209cd175e3208fdd126fe9b51255c9fbc0b5b10fd6af2132841dc67cdced72,860a0b6a9bb2c2c517acd7b9f48765cf5d38ab8ab49ec7781c36a816e0780b5e,jmuben-1764,treino_auxiliar,0,acima_do_limite_da_classe
jmuben,jmuben2,2316,data/raw/jmuben/Miner/1 (12794).jpg,8,bicho_mineiro,128,128,56f7d12e16d390a2b5dd9382ff482f865a1e19adf5ca647a8c10f06453944af2,860a0b6e9bb4c2c517acd5b9f4874dcf5d38ab8ab41ec7703c37e816e2780b54,jmuben-1764,treino_auxiliar,0,acima_do_limite_da_classe
jmuben,jmuben2,2317,data/raw/jmuben/Miner/1 (12795).jpg,8,bicho_mineiro,128,128,b8778f4ca30e029262008a4462c1e1c340e460860f433db709c3021ef1bd4bd1,a36e09d9ed438b1e29d0d1e1b21cd15353e12c1fff5ef17018d19af44e0ae345,jmuben-1766,treino_auxiliar,1,
jmuben,jmuben2,2318,data/raw/jmuben/Miner/1 (12796).jpg,8,bicho_mineiro,128,128,0c0c54dd2a9d66d1678eaebae0af4e9826e9531dcf7ad0cfaa1b48c64a98bb50,a36e09d9ed478b1e29d0d1e1b21cd15353e12c1fff5cf17018d19af44e0ae345,jmuben-1766,treino_auxiliar,0,grupo_ja_representado
jmuben,jmuben2,2319,data/raw/jmuben/Miner/1 (12797).jpg,8,bicho_mineiro,128,128,279108a4ad9ce17f213d8f17f7ce60d3cbab35c6666f84078caf36213d3c1ac7,99f905c48c76e91409e9ea41af9e46d146c3a4babb9643c3362cfe3f2109077f,jmuben-1761,treino_auxiliar,0,acima_do_limite_da_classe
jmuben,jmuben2,2320,data/raw/jmuben/Miner/1 (12798).jpg,8,bicho_mineiro,128,128,ca028357f01428da45fc35acc3235732ec5859dee08bcac7834a8aa059ebc70f,99f905c48c76e99409e9ea412f9e46d046c3a4babb9443c7362cfe3f2149077f,jmuben-1761,treino_auxiliar,0,acima_do_limite_da_classe
jmuben,jmuben2,2321,data/raw/jmuben/Miner/1 (12837).jpg,8,bicho_mineiro,128,128,cc072a6948a281003b87f0e9a358a723d3436b46c0b696b0345c057d557d6642,81fb3aaa3d9652b0ea6fa1e2730b052cafe1ae3c2ac06e3f42b24f0fc470ad87,jmuben-1774,treino_auxiliar,0,acima_do_limite_da_classe
jmuben,jmuben2,2322,data/raw/jmuben/Miner/1 (12838).jpg,8,bicho_mineiro,128,128,324850a05e44881757dac25e76c061d0c0900847fe9778319bb6f33cb0061e4f,81fb7aaa3c9652b0ea2fa1e2730b042cafe1ae1c6ac07c3f42f24d4fa570ad87,jmuben-1774,treino_auxiliar,0,acima_do_limite_da_classe
jmuben,jmuben2,2323,data/raw/jmuben/Miner/1 (12839).jpg,8,bicho_mineiro,128,128,9b87f189ba6acde17534bfc7c3cf5114ef8f44923f15bd3ac67fd701229b54db,838a8c5f7a7478a835b03dbfe5499b4dab4ad6538ed6eea605b4f5250129384a,jmuben-1776,treino_auxiliar,0,grupo_ja_representado
jmuben,jmuben2,2324,data/raw/jmuben/Miner/1 (12840).jpg,8,bicho_mineiro,128,128,529a88f602570b901aec6e879eb0f98c8bb4c94ddf77791a51405796f388728b,83898c5f7a7478b835b03dbee569994dab4ad6528ed2eeb705b4b52501b1382a,jmuben-1776,treino_auxiliar,0,grupo_ja_representado
jmuben,jmuben2,2325,data/raw/jmuben/Miner/1 (12841).jpg,8,bicho_mineiro,128,128,7b6d777ca6a69a274415c1558ea9853a4d3c6f7cab7380ef14e339f498f67c64,86027101624187156523cbdb2d8a4eb5bb591da5de57656be8a4ea4ae4b5fada,jmuben-1778,treino_auxiliar,0,acima_do_limite_da_classe
jmuben,jmuben2,2326,data/raw/jmuben/Miner/1 (12842).jpg,8,bicho_mineiro,128,128,b1715be4ce668b1dba272ae70e71cfa2876ed136abbb711dabfc84e781de3d67,86127107624587156523cbdb2d084ea4bb591da5de57656be8a4ea5ae4b5f2da,jmuben-1778,treino_auxiliar,0,acima_do_limite_da_classe
jmuben,jmuben2,2327,data/raw/jmuben/Miner/1 (12843).jpg,8,bicho_mineiro,128,128,17126da1e983dbc6dbb4ddf905ff33fbb3290bea008f67129cede9f1d96c5088,90091fef3da6d2103b75e68d3362ac9a1e4cc0325ecc3166e4cbb664d59f0cee,jmuben-1781,treino_auxiliar,0,acima_do_limite_da_classe
jmuben,jmuben2,2328,data/raw/jmuben/Miner/1 (12844).jpg,8,bicho_mineiro,128,128,e6652ce13a72d5fe89bbab5b05727ef4da6b7358e31df7d8defbcd2c3786affb,9008e0103da62def3b751972336253651e4c3fc85eccce99e4cb499b559ff311,jmuben-1782,treino_auxiliar,0,acima_do_limite_da_classe
jmuben,jmuben2,2329,data/raw/jmuben/Miner/1 (12845).jpg,8,bicho_mineiro,118,256,5248d8d7b0e28bd99f20fbb5c2bc357999d038864d34757ded75c66e8e712d40,8853631a367b9a6f46b88cd9a4ced8b2e938ed7e275cc6bc99bb216468b410a9,jmuben-1783,treino_auxiliar,0,acima_do_limite_da_classe
jmuben,jmuben2,2330,data/raw/jmuben/Miner/1 (12846).jpg,8,bicho_mineiro,128,128,592cc7c3b45f3064f870e156c984caa90ee4767a61a9d8d8a5e7e3a5657ca0dd,87027180274185576bebc9db6fb6da5f503fce36606be8b49b5a15b512da0127,jmuben-1784,treino_auxiliar,0,acima_do_limite_da_classe
jmuben,jmuben2,2331,data/raw/jmuben/Miner/1 (12847).jpg,8,bicho_mineiro,128,128,e3e534bf5b2622fb6d73cb5465f91835a052acb64123631720db45e9f0c16654,943c5795a1f191ec19ecade7b4924ed9c9598da99685a2d6574e3cc7e01606e4,jmuben-1785,treino_auxiliar,0,grupo_ja_representado
jmuben,jmuben2,2332,data/raw/jmuben/Miner/1 (12848).jpg,8,bicho_mineiro,128,128,c6e1f408281900c25f30fad24cff2cb4d10815c8e8b4cfe7e1259638965e553d,943c5795a1f191ec19ecade7b4924ed9c9599da99685a2d6564f3cc6e01606e4,jmuben-1785,treino_auxiliar,0,grupo_ja_representado
jmuben,jmuben2,2333,data/raw/jmuben/Miner/1 (12849).jpg,8,bicho_mineiro,128,128,c614d5142e178c4bf82b58c88854eda8c7bf47c0a6557312a040e249bc183e8a,81765adf3d0bd13c32cdfb4af4b2664ee135bc12ae48cda412d3432d4896a2cf,jmuben-1787,treino_auxiliar,0,grupo_ja_representado
jmuben,jmuben2,2334,data/raw/jmuben/Miner/1 (12850).jpg,8,bicho_mineiro,128,128,42c81e60065f47d95722dae54d698b8493537807fa287e85cd76828ee37f8400,81765adf3d09d13d32cdfb4bd4b2664ee134bc13ae4ccda412d343254896a2cf,jmuben-1787,treino_auxiliar,0,grupo_ja_representado
jmuben,jmuben2,2335,data/raw/jmuben/Miner/1 (12851).jpg,8,bicho_mineiro,128,128,c893a5940474ac3d26ac6befd303a4396cce947de1f3db43ed3f7643253c2544,898765e75be09af8d670f278e375a71e8a2d854a20abb0d768ead3c5c08ae3d0,jmuben-1789,treino_auxiliar,0,grupo_ja_representado
jmuben,jmuben2,2336,data/raw/jmuben/Miner/1 (12852).jpg,8,bicho_mineiro,128,128,4a24600cb87b8dfd7f959661258b4cdb79fde6e6b95aeb8287dd50401c91f26a,89c767e75be09af8d670f278e335a71e8a25854a20abb0d768aad3c5c48ae3d0,jmuben-1789,treino_auxiliar,0,grupo_ja_representado
jmuben,jmuben2,2337,data/raw/jmuben/Miner/1 (12853).jpg,8,bicho_mineiro,125,256,3ce297b2c3a19d1015e081ed3ac1afb1bb0e793955275a643d89aa8140ebe2c1,8a066b0527b69ecf546b8cb0a4cbb5e67133f949e816ee09d5b48714ae8d6b26,jmuben-1791,treino_auxiliar,0,acima_do_limite_da_classe
jmuben,jmuben2,2338,data/raw/jmuben/Miner/1 (12854).jpg,8,bicho_mineiro,128,128,c59b2eabb308063402df66361e4ea20ffebce4c3a6c1a10d03a71ac970fcaff2,8617710f628f8f1d674fca976f405ea13b121d6a5e16654ac8a5e252eca876d5,jmuben-1778,treino_auxiliar,0,acima_do_limite_da_classe
jmuben,jmuben2,2339,data/raw/jmuben/Miner/1 (12855).jpg,8,bicho_mineiro,122,256,8ca37a4faefbb5666f55baedb0a8511bb3b53a46801f83d35cce45db9ab17f5b,8a46631736f69cef04ab8890a1cdd132eb78ec7ca638d7b89bb2296d59a890ab,jmuben-1783,treino_auxiliar,0,acima_do_limite_da_classe
jmuben,jmuben2,2340,data/raw/jmuben/Miner/1 (12856).jpg,8,bicho_mineiro,128,128,b7f4c798e26c5dba5393f83fe7abc412f05bf6797eb07d56225b0fef4604f7d4,86168cf02e8f72ab4bea346f7de06d0a716a3f12605a3f5693d4ca1017d5f495,jmuben-1794,treino_auxiliar,0,acima_do_limite_da_classe
jmuben,jmuben2,2341,data/raw/jmuben/Miner/1 (12857).jpg,8,bicho_mineiro,128,128,a518d8fab29a8d3f4867d0b76d9fba74247e5ef05a52cf36df43b19e0813b624,8ce8647064b08c736e51deac4a3f5c1af6ad795955ab4ab5c1eac2afe144552a,jmuben-1795,treino_auxiliar,0,acima_do_limite_da_classe
jmuben,jmuben2,2342,data/raw/jmuben/Miner/1 (12858).jpg,8,bicho_mineiro,128,128,0dc39f674011c737f8b087812e1eafe4b175393acd1d1509d17c9b3f7aebc03f,8ce8647064b88c736e51daac4a3f5c1ab6ad7955d5ab4295c1fac2afe144d52a,jmuben-1795,treino_auxiliar,0,acima_do_limite_da_classe
jmuben,jmuben2,2343,data/raw/jmuben/Miner/1 (12859).jpg,8,bicho_mineiro,119,256,7c3e10594acbec62c168640225269428b92f3e4f2815e46a538f3bcdd7eb9193,88a5be1b01f0168bd27770d313024c3123bad87c1e3bc3dc62efbc18278ee5bf,jmuben-1797,treino_auxiliar,0,grupo_ja_representado
jmuben,jmuben2,2344,data/raw/jmuben/Miner/1 (12860).jpg,8,bicho_mineiro,128,128,a7f9e049cbfc10fd0b7af0bca5ab225b22e3b0aefd6ace75864a9f6096830ae4,889d6b951d8cce0b81f89c76df0091dafc1ba7c44a67ed1552e46560d47e3b07,jmuben-1798,treino_auxiliar,0,grupo_ja_representado
jmuben,jmuben2,2345,data/raw/jmuben/Miner/1 (12861).jpg,8,bicho_mineiro,128,128,bca181eb836ea9c30d3334a9952d6afdc20d2205feb6eec426d46c8598924e95,93b356b2819f9fc7da2d4cace4d3b2dbcb69c524b2d49258734a6c2579b4c012,jmuben-1799,treino_auxiliar,0,grupo_ja_representado
jmuben,jmuben2,2346,data/raw/jmuben/Miner/1 (12862).jpg,8,bicho_mineiro,128,128,23d471f148a9257e41f5ed0fe94b59350ab4f9e86a6e7c1a038a9dabb9305f7a,97b316b281bf9f87da394cace4d3b2d3cb69c125b29492d0774a6c2579b4c016,jmuben-1799,treino_auxiliar,0,grupo_ja_representado
jmuben,jmuben2,2347,data/raw/jmuben/Miner/1 (12863).jpg,8,bicho_mineiro,128,128,5630cd3c84a6ba390e3a4168a1140bf08440c11f585c7593440c65acde2983ba,81fb585f349fd2f4324fe513a632216688b21e4943a4689bf749edb0fcc17334,jmuben-1801,treino_auxiliar,0,grupo_ja_representado
jmuben,jmuben2,2348,data/raw/jmuben/Miner/1 (12864).jpg,8,bicho_mineiro,128,128,6fe43602a7bd834f1a60c5156d02748c566fbef88c3cf18fb0f2c8c1ba6d877b,81fa58ff34bfd2f4324fe513a4b2236e89b21e4943a4619b7349ed20fcc17324,jmuben-1801,treino_auxiliar,0,grupo_ja_representado
jmuben,jmuben2,2349,data/raw/jmuben/Miner/1 (12865).jpg,8,bicho_mineiro,128,128,8e2376e14b7969ad676f5abd348e8be652e257d1f92554989c6e1b3bf52f446e,92004fbb3ef3d8403939f546f362b199f6450f33c0196a6639b3e4d4b732f08b,jmuben-1803,treino_auxiliar,0,grupo_ja_representado
jmuben,jmuben2,2350,data/raw/jmuben/Miner/1 (12866).jpg,8,bicho_mineiro,128,128,ca8389071dd02375da407c4546766949353a1fd09edf437b4dec94381ab56414,92004fbb3ef3d8403939f547f362b199f6450f33c0186a6639b3e4d4b732f08b,jmuben-1803,treino_auxiliar,0,grupo_ja_representado
jmuben,jmuben2,2351,data/raw/jmuben/Miner/1 (12867).jpg,8,bicho_mineiro,128,128,007fdee42f162c0636b2dc4a9db05073e19166117f68ce4a3a596c726d3c6b22,83a72f0f2dcef72370669cea343d1b746465dcf773311d9c7632c00a92e86588,jmuben-1805,treino_auxiliar,0,acima_do_limite_da_classe
jmuben,jmuben2,2352,data/raw/jmuben/Miner/1 (12868).jpg,8,bicho_mineiro,128,128,3baa5c3c51dcad685874f673cf9420cdd2124984bb0093e923ceaeb280a076b4,83a72f0f2dced73370269cea343d1b746465dcf773311d9c7632c00a92e865c8,jmuben-1805,treino_auxiliar,0,acima_do_limite_da_classe
jmuben,jmuben2,2353,data/raw/jmuben/Miner/1 (12869).jpg,8,bicho_mineiro,128,128,2820503948470fa49d423754dd2d2309d92c799f4343d9b09c97e8518614a6a8,97cc14c9c26b2f1cb67e1a51f812a14b352b5cb57b9c485e1b48c9698e4d7c76,jmuben-1807,treino_auxiliar,0,grupo_ja_representado
jmuben,jmuben2,2354,data/raw/jmuben/Miner/1 (12870).jpg,8,bicho_mineiro,128,128,aa2cd98be1297433ac55e26da67f6ccd46e58e25fa45551d8ccc94befaf72dd7,8b1622711ba9ce9b167fd887bc2a91a8c0c2ed1f28c71e71fbbc98776b1145c4,jmuben-1808,treino_auxiliar,0,acima_do_limite_da_classe
jmuben,jmuben2,2355,data/raw/jmuben/Miner/1 (12871).jpg,8,bicho_mineiro,128,128,3432bffa537e5c8c07e2ae0acd5692bbd8b7ed64b814370748b71196ef7440b3,9cbc54e4ef7060da45fd2639126b8129f084d816f709f6b7e953796bac052e92,jmuben-1809,treino_auxiliar,0,acima_do_limite_da_classe
jmuben,jmuben2,2356,data/raw/jmuben/Miner/1 (12872).jpg,8,bicho_mineiro,128,128,e325111d0de8920188e54dd84bc9fbbf0bd6849caf5ee072114cc368d7a6c684,81f2a70334bd3d0fa04f13ce2631d6f3d99185f3e71443e69f2433691a4df4c1,jmuben-1810,treino_auxiliar,0,grupo_ja_representado
jmuben,jmuben2,2357,data/raw/jmuben/Miner/1 (12873).jpg,8,bicho_mineiro,128,128,a148c56bd6c664b6889e09f1b2b69e2976a080265dd038bf5cc5038d1eddf3fb,816c9f9360140deef1098078b703d8279dca79985f7d6ea3cfb7a5c480b05797,jmuben-1811,treino_auxiliar,0,acima_do_limite_da_classe
jmuben,jmuben2,2358,data/raw/jmuben/Miner/1 (12874).jpg,8,bicho_mineiro,128,128,47b746a06b6a4a30d4d88b7f5f7ce5986323ac30fe4ad62a469b3572803766c9,816d602c6014f210f1097f87f72727d0ddca86675f7d115ccfb65a3f90b3a868,jmuben-1812,treino_auxiliar,0,acima_do_limite_da_classe
jmuben,jmuben2,2359,data/raw/jmuben/Miner/1 (12875).jpg,8,bicho_mineiro,128,128,c0e2ea72147cf35ccfa3489f6ede9b5c5b6a6fb97fda355b6d2d2397b81e2a75,96af7078fa077c68587f4914609cd4f72e381b42cd952db30d9cbcc2af0e4707,jmuben-1813,treino_auxiliar,0,grupo_ja_representado
jmuben,jmuben2,2360,data/raw/jmuben/Miner/1 (12876).jpg,8,bicho_mineiro,128,128,4ff04a5a67523fa58c884730054ab10dbbddd54a41b29904f48e7ffce37b8210,96af7078fa0f7c68587e4914609cd4f72e383f42cd942cb30d9cbcc0ae0ee70e,jmuben-1813,treino_auxiliar,1,
jmuben,jmuben2,2361,data/raw/jmuben/Miner/1 (12877).jpg,8,bicho_mineiro,128,128,92cdfc7d35aaa7152d1231e8cd5fc08345ca0aa2aba46ce2bb1ca66a46c1ecd0,82d056bff5486b5e32971b22cfac3d8721d5c8b8c6ca701607c558e71e7ef181,jmuben-1815,treino_auxiliar,0,grupo_ja_representado
jmuben,jmuben2,2362,data/raw/jmuben/Miner/1 (12878).jpg,8,bicho_mineiro,128,128,45cb7c44f151ae2fecba0daf868f0e93b13ab07e8380eebc6d10226fc6bd8eea,82d056bff5482b5e32871b22cfac3d8721d5c8b8c6ca741607c598e71e7ef183,jmuben-1815,treino_auxiliar,0,grupo_ja_representado
jmuben,jmuben2,2363,data/raw/jmuben/Miner/1 (12879).jpg,8,bicho_mineiro,128,128,7fd9a9d6b8bb0c1f89c626a5b40d7182edb2a59446d86f83bc183f2a725d5968,8ea540a641dec4dde6e53877a4d36c7eb53a8d3ff4851786f8c314c3870063ac,jmuben-1817,treino_auxiliar,0,grupo_ja_representado
jmuben,jmuben2,2364,data/raw/jmuben/Miner/1 (12880).jpg,8,bicho_mineiro,128,128,6a670ad240b9958a38ff238a552b4b5ae7e50bbe66f70f23e2b7cdea13f80d68,8ea540a641dec4dde6e53877a4d36c7eb63a8d3ff4851786f8c314c3870063ac,jmuben-1817,treino_auxiliar,1,
jmuben,jmuben2,2365,data/raw/jmuben/Miner/1 (12881).jpg,8,bicho_mineiro,128,128,7172b427d915aebb92b1502bedb773666110947086c674a221cd980b8a6e346d,96a777e8fa177ea4782ed927610c6286d0e3765d3229c966f8756f31459818e0,jmuben-1819,treino_auxiliar,1,
jmuben,jmuben2,2366,data/raw/jmuben/Miner/1 (12882).jpg,8,bicho_mineiro,128,128,8beb3fe2407863569962ca1195a6c1031c69d406f79b14d92c2f6ec3c442d21e,96a777e0fa177ea4782ed92761086286d0e3765c3229db6af8756f33459818e0,jmuben-1819,treino_auxiliar,0,grupo_ja_representado
jmuben,jmuben2,2367,data/raw/jmuben/Miner/1 (12883).jpg,8,bicho_mineiro,128,128,e4869e58fe489edea35fe48cd1991b2ebb44b9dea55e8697f704fce86fd1334a,9ade7eb0f90f3a1238bc0cbb644d3245de793f381585ccc12648174f9b47b923,jmuben-1821,treino_auxiliar,0,acima_do_limite_da_classe
jmuben,jmuben2,2368,data/raw/jmuben/Miner/1 (12884).jpg,8,bicho_mineiro,128,128,b758f7329bdf4d04fed9f61457dc8af6f1fade8a08fc0176e204e9527634b4b3,9ada7eb0f90f3a1238b40cbf644d7241de793f381585ccc1264a174f9b47b923,jmuben-1821,treino_auxiliar,0,acima_do_limite_da_classe
jmuben,jmuben2,2369,data/raw/jmuben/Miner/1 (12885).jpg,8,bicho_mineiro,128,128,86740e4d4edef9d617cb31e132b5ee1736ea17404de2b310c7a2c16e2c326a3f,9eb675f8fa073ea4782f492360ce72fb5e7a371c89abcc9a2490068e1cc19707,jmuben-1823,treino_auxiliar,0,acima_do_limite_da_classe
jmuben,jmuben2,2370,data/raw/jmuben/Miner/1 (12886).jpg,8,bicho_mineiro,128,128,7e75183e207020a0ff9a322a44469c6d63b8df156b535ebe671550918c40cbfa,9eb675f8fa027ea4782e4933604e72f7dc7a371cb9a9cdaa2490068c1cc89e47,jmuben-1823,treino_auxiliar,0,acima_do_limite_da_classe
jmuben,jmuben2,2371,data/raw/jmuben/Miner/1 (13079).jpg,8,bicho_mineiro,128,128,de8a549bb420a90aed75be01b15318a5a5f248a5f56b9005bc9810bdc2c9c8f3,871e267cd8f14b2fb4c303b31b849ccf4f64f433859eb18ccc67369eb2484c66,jmuben-1825,treino_auxiliar,0,acima_do_limite_da_classe
jmuben,jmuben2,2372,data/raw/jmuben/Miner/1 (13080).jpg,8,bicho_mineiro,128,128,b13fd0e925390158c8f5aabc58c5fed8f5d443e177563fa7e246a0d8bc4ccf68,871e2678d8f14f2fb4c30bb31b849ccf4e66f433019eb48d4e77369c32486c66,jmuben-1825,treino_auxiliar,0,acima_do_limite_da_classe
jmuben,jmuben2,2373,data/raw/jmuben/Miner/1 (13081).jpg,8,bicho_mineiro,128,128,d05b38bb58a72d017d3271cf89c75ce4c13020a6a27715f9eadead86ac3299ab,84672e63a69e91bcdb201a4ff1b325b199124cd96cc8d0dccc9d6657b322f6d2,jmuben-1827,treino_auxiliar,0,grupo_ja_representado
jmuben,jmuben2,2374,data/raw/jmuben/Miner/1 (13082).jpg,8,bicho_mineiro,128,128,cc8edb338b3b09440fdb0a6b986e1296551ea234081e1cd10db0c5a9a471a928,84672e63a49e91bcdb201a4ff0b325b199124cdb6cc8d0dccc956e57b322f6f2,jmuben-1827,treino_auxiliar,1,
jmuben,jmuben2,2375,data/raw/jmuben/Miner/1 (13083).jpg,8,bicho_mineiro,128,128,755a8422849b0d670ccb856658f8f6de293bf035051cfa80f237e19c4c9896ce,8a39488f58c3b2ed37262d300d920fb1c7e29ccc31d97231673733dc47be6761,jmuben-1829,treino_auxiliar,0,acima_do_limite_da_classe
jmuben,jmuben2,2376,data/raw/jmuben/Miner/1 (13084).jpg,8,bicho_mineiro,128,128,707724851e56cb1f71231bad4c55dbb398a5baa125915af1abf7123571672259,8a39488f58c3b3e937262d300d900fb1f6e094cc31f9663367a7369c47bf6663,jmuben-1829,treino_auxiliar,0,acima_do_limite_da_classe
jmuben,jmuben2,2377,data/raw/jmuben/Miner/1 (13085).jpg,8,bicho_mineiro,128,128,c5ec026c3ce6afa2b4e618282f46bb9f88f3e7e613b337e0ebcaba045c08e422,9d91c664ad7169a8d4b98b06e34d55a5d169b6db653624d94db15b24e50aacd3,jmuben-1831,treino_auxiliar,0,acima_do_limite_da_classe
jmuben,jmuben2,2378,data/raw/jmuben/Miner/1 (13086).jpg,8,bicho_mineiro,128,128,ddd4d2462f9fa25f65b9e602e4f36ce5834d23db5485111ebb1d0d36cf6fa164,9d913999ad719657d6bd14a9e34daa4ad3ed4924e53699205db824d9e54b512c,jmuben-1832,treino_auxiliar,0,grupo_ja_representado
jmuben,jmuben2,2379,data/raw/jmuben/Miner/1 (13087).jpg,8,bicho_mineiro,128,128,d250baf348e0647d13e1f6b6c979941d85b2ad67f274454c16bc640b1950bd9b,807f4f01df60b336331d4cfce0c4c71f9e33c1e09e419c3f9a7f264b43d4c0e1,jmuben-1833,treino_auxiliar,0,acima_do_limite_da_classe
jmuben,jmuben2,2380,data/raw/jmuben/Miner/1 (13088).jpg,8,bicho_mineiro,128,128,8b00cafc67a316585cd4e72a06cb4f25084b0e5a90a7c8213652ad5fca93a3aa,807e4f01df60b336331d4cdce0c0c71f9e33c1e09e519c7f9a7f26cb4394c4e1,jmuben-1833,treino_auxiliar,0,acima_do_limite_da_classe
jmuben,jmuben2,2381,data/raw/jmuben/Miner/1 (13089).jpg,8,bicho_mineiro,111,256,88ea327620458f4b3f1405d8964665d6316e42cd2f149108e5c0082bf4e3328a,885129b9f391563b2463d2074cbce91d968e7f35e91a16e6b2509b6bcc9cb6c8,jmuben-1835,treino_auxiliar,0,acima_do_limite_da_classe
jmuben,jmuben2,2382,data/raw/jmuben/Miner/1 (13090).jpg,8,bicho_mineiro,128,128,3136943a0e730aa3a1728dd7a04aaee2ecd7d46898b4cb28c6c4762e29d7757d,848d225755aa6db5b6c5ba7a0d8f74e77a70c96c85a4b5c7371be25d40424cb2,jmuben-1836,treino_auxiliar,0,grupo_ja_representado
jmuben,jmuben2,2383,data/raw/jmuben/Miner/1 (13127).jpg,8,bicho_mineiro,128,128,77e898d27f96f5aebc9a62be55e01fb8c3de0dd572610c3a1a7bc504e254fadb,9a3c488fd0c3b4cbb7452f241bb40f31966d9cccd9f93333b663199c59884c6e,jmuben-1837,treino_auxiliar,1,
jmuben,jmuben2,2384,data/raw/jmuben/Miner/1 (13128).jpg,8,bicho_mineiro,128,128,d624f754687c917ea2b6b0f09cfd1b6ab2934b6d987e22523e8d900a5928d9bc,9a3c488fd0c3b4cbb7452f241b340f33966c9cccd9b93333b663199d79884c6e,jmuben-1837,treino_auxiliar,0,grupo_ja_representado
jmuben,jmuben2,2385,data/raw/jmuben/Miner/1 (13129).jpg,8,bicho_mineiro,128,128,63d66c30d94e78fc59c67ba7cbf8ed1a95e5d720dc2e1b3c14fbb8e83f283c92,8b8e58d0b4f0a7fc0b2e09bc833994cdd8db7330267649ce6e63e621b371b49c,jmuben-1839,treino_auxiliar,0,acima_do_limite_da_classe
jmuben,jmuben2,2386,data/raw/jmuben/Miner/1 (13130).jpg,8,bicho_mineiro,128,128,8430b451dea529cfc7989b626c8a518f4b462739a1131bdb522b7fa42b2dd450,8b0e58c0b4f0a7fc0b6e09bc833994cdd9db7330267449ce6e67e621b371b49c,jmuben-1839,treino_auxiliar,0,acima_do_limite_da_classe
jmuben,jmuben2,2387,data/raw/jmuben/Miner/1 (13131).jpg,8,bicho_mineiro,128,128,4519941982692f102ed9b1c2c77f025989141de4a1c823ae8027bfb241254418,8b834cf8dc58b64db67c2f6309bf619f233284e3c8e1e738f610919e994e34c6,jmuben-1841,treino_auxiliar,0,grupo_ja_representado
jmuben,jmuben2,2388,data/raw/jmuben/Miner/1 (13132).jpg,8,bicho_mineiro,128,128,1a490833f992992abe9e06a2b8e72595449961aba48fa024a5236f614298d6da,8b834cf8dc58b649b67c2f6309bf619f03348ce3c8e1e738b610919e99cf34c6,jmuben-1841,treino_auxiliar,1,
jmuben,jmuben2,2389,data/raw/jmuben/Miner/1 (13211).jpg,8,bicho_mineiro,128,128,6b9c9a605563a629aca4766389c8d4c29d550326e9962a6cea0e1dd3e25b3ab0,bd5516a8c6eee1d59b12a130d25ddb292da9cb57357621b40980cb596cc7e6e1,jmuben-1843,treino_auxiliar,0,acima_do_limite_da_classe
jmuben,jmuben2,2390,data/raw/jmuben/Miner/1 (13212).jpg,8,bicho_mineiro,128,128,a8447d28eb006643d65058f5f4e823170b30bdbc0d2990b7706da565f05f994b,bd5516a8c6eee1d59b12a138d25ddb292da9cb57352621b409c0cb596cc7e6e1,jmuben-1843,treino_auxiliar,0,acima_do_limite_da_classe
jmuben,jmuben2,2391,data/raw/jmuben/Miner/1 (13213).jpg,8,bicho_mineiro,128,128,a1128433bc600c4779fafc3d51722494acd8ccfc07e6a97d04b4ea918db8dbe7,938567946004f06303dbcd5e2073e390b625e9747fafd483d7be1b40e1463d73,jmuben-1845,treino_auxiliar,0,grupo_ja_representado
jmuben,jmuben2,2392,data/raw/jmuben/Miner/1 (13214).jpg,8,bicho_mineiro,128,128,80b5025c60a30ee900ab5b883b23339a5cb980471b644c31b44a956bdb9bfc5b,93859a6b60040f9c13db32a520731c6eb6251e8b7faf2b7cd4b6e4bfe142c29c,jmuben-1846,treino_auxiliar,0,grupo_ja_representado
jmuben,jmuben2,2393,data/raw/jmuben/Miner/1 (13215).jpg,8,bicho_mineiro,128,128,9f73295eb51d96698178c5e8f9aa859e9bd8847349e3197c15f04e80f3d5eb60,91bb183d9bc5cdc6ccb8ba53710f86a86e60b9baf25b4747a61b4079b58456c8,jmuben-1847,treino_auxiliar,0,acima_do_limite_da_classe
jmuben,jmuben2,2394,data/raw/jmuben/Miner/1 (13216).jpg,8,bicho_mineiro,128,128,01716209f4e2a706aaf9f96a31201eb5082f658bd3df63a530f1120be08b6ca7,91bb183d9bc5cdc6ccbcba53710f86a86e60b99af25b4747a6194079b5c456c8,jmuben-1847,treino_auxiliar,0,acima_do_limite_da_classe
jmuben,jmuben2,2395,data/raw/jmuben/Miner/1 (13217).jpg,8,bicho_mineiro,128,128,a48c3134b70d88f896cf1da8b96ea740df405b715836650c72b4a49b7be57557,98419f22c1dcf32219819cdc61768f9b7e6181342b9ede63bd8942fea7094e6e,jmuben-1849,treino_auxiliar,0,grupo_ja_representado
jmuben,jmuben2,2396,data/raw/jmuben/Miner/1 (13218).jpg,8,bicho_mineiro,128,128,daaa49d5af9f6d100062558979abe831bce8a681be0e1e2bb5bcb986ffad2a45,98419e26c1dce22219879cdc61768f9b7c4081752b9ede63b99946fea70b4e6c,jmuben-1849,treino_auxiliar,0,grupo_ja_representado
jmuben,jmuben2,2397,data/raw/jmuben/Miner/1 (13219).jpg,8,bicho_mineiro,128,128,33cde76932326d65884b5180beceb9a460183a13c7fa0c3fe81e8241c86c1dc9,b95514aacc8cc19db336bb62a6b9da590d2bda51da573768332d8b034b313c8e,jmuben-1851,treino_auxiliar,0,grupo_ja_representado
jmuben,jmuben2,2398,data/raw/jmuben/Miner/1 (13220).jpg,8,bicho_mineiro,128,128,d8cddc78844417e87905a4f5a2f7b3eef2874a62f046c791335ea880fd8ed608,b95514aacc8cc19db337bb62b6b9da590d2bda51da563568332d8b034b312c8f,jmuben-1851,treino_auxiliar,0,grupo_ja_representado
jmuben,jmuben2,2399,data/raw/jmuben/Miner/1 (13221).jpg,8,bicho_mineiro,128,128,0dd68484aeeb314794e5b627eeacecdec035694fb35f62c5078a1be35b8ba85d,b7cb32e49539cabf99c471b162e00d1d1687e9cc72150c54d1cbe6407f0af8f6,jmuben-1853,treino_auxiliar,0,acima_do_limite_da_classe
jmuben,jmuben2,2400,data/raw/jmuben/Miner/1 (13222).jpg,8,bicho_mineiro,128,128,b05435f3dd8223a4c7513d074d9361cc16d959221afb8c1723af2e3e6609f1e5,b7cb32c49539cabf99cc71b162e08d3d1e87abcc72150c54d1cba2407f0af8f2,jmuben-1853,treino_auxiliar,0,acima_do_limite_da_classe
jmuben,jmuben2,2401,data/raw/jmuben/Miner/1 (13223).jpg,8,bicho_mineiro,128,128,c466a5b611caa6c66739615935fc09b7918705a571cd77f086a5f520567a85b4,952b652a838d1ce5433ab35834c626953d0cc9233c5c71c3ecf0f392db726daf,jmuben-1855,treino_auxiliar,0,grupo_ja_representado
jmuben,jmuben2,2402,data/raw/jmuben/Miner/1 (13224).jpg,8,bicho_mineiro,128,128,4f85b9acf473b91e23a3f6ad43c863f3a5072347cf686dd19e328526c615198f,952b652a838d1ce5433ab35834c626950d2cc9233c5c71d3ecf0f392fb706daf,jmuben-1855,treino_auxiliar,1,
jmuben,jmuben2,2403,data/raw/jmuben/Miner/1 (13225).jpg,8,bicho_mineiro,128,128,324ea47cc4a4847ecf4db19b36a682153efa8e980960928ba9bc001b3f1d356e,9d62654ee63b823b998d0cb9cb26db5b495acb6634d132906b4c89e3f7249297,jmuben-1857,treino_auxiliar,0,acima_do_limite_da_classe
jmuben,jmuben2,2404,data/raw/jmuben/Miner/1 (13226).jpg,8,bicho_mineiro,128,128,8608a78eb00c910d0e8678605351f8ac3408468058f000978e888e7c1339d5e7,9d62654ae63b8239998d0cfdcb26db7b495acb6634d132906b4c89e1f7249297,jmuben-1857,treino_auxiliar,0,acima_do_limite_da_classe
jmuben,jmuben2,2405,data/raw/jmuben/Miner/1 (13235).jpg,8,bicho_mineiro,128,128,cffe8d8fdaef58f4389679df275d3a5a013a92352855e949101200dc995b4f9f,847150e69d9c1e2235f4e5e6edf5c93f3220e42476382d66136f065cc93e5367,jmuben-1859,treino_auxiliar,0,grupo_ja_representado
jmuben,jmuben2,2406,data/raw/jmuben/Miner/1 (13236).jpg,8,bicho_mineiro,128,128,1e481213a5439381d86aabb81b2be3081e202d42463861b09de098be3b1e7c53,847150e69d9c1e2235e4e5e6edf5493f3220e46476282d6e136d0e5ccb3e5367,jmuben-1859,treino_auxiliar,0,grupo_ja_representado
jmuben,jmuben2,2407,data/raw/jmuben/Miner/1 (13237).jpg,8,bicho_mineiro,128,128,df0629570d1b50fd4118b01ca0b8ef6cdbb41941b50ce892c39e9b7cd06a678b,8dc74aaef626176bc9e10ee7ea19c5aa3825d89d50ee7ca977a43d4239c2e108,jmuben-1861,treino_auxiliar,0,acima_do_limite_da_classe
jmuben,jmuben2,2408,data/raw/jmuben/Miner/1 (13238).jpg,8,bicho_mineiro,128,128,44be877f65723f6c15a9f0c476c142572f01bd904591713979f40a85850cdd8a,8dc74aaef626176bc9e10ee7ee19c1aa3825d89d50ee7ca977a43d4239c2e108,jmuben-1861,treino_auxiliar,0,acima_do_limite_da_classe
jmuben,jmuben2,2409,data/raw/jmuben/Miner/1 (13239).jpg,8,bicho_mineiro,128,128,5ca649cdf9b19a4eb1f4219a9b06eaec3431564489531b35026c327f2a1401ed,8ce40e73c739e19c1c31cbffadd8b4802dcef56404a236c7d24e3b764a1aa16d,jmuben-1863,treino_auxiliar,0,grupo_ja_representado
jmuben,jmuben2,2410,data/raw/jmuben/Miner/1 (13240).jpg,8,bicho_mineiro,128,128,4ac44bbcf6513dc299f7ea0b97f46bac5e4880dca8481974eac0833934c0a681,8ce40e73c739e19c1c31cbffadd8b4802dcef56404a236c7d24e3b764a1aa16d,jmuben-1863,treino_auxiliar,0,grupo_ja_representado
jmuben,jmuben2,2411,data/raw/jmuben/Miner/1 (13241).jpg,8,bicho_mineiro,128,128,1e14010f90ca313b774f1a8d748a249c2b7201b1a1a0c46a36e11bc5f0c94a3e,8466118e1f7168e7ebce5a33360025ee4bb7c381f1b0696e2ce8493f524d7ace,jmuben-1865,treino_auxiliar,0,grupo_ja_representado
jmuben,jmuben2,2412,data/raw/jmuben/Miner/1 (13242).jpg,8,bicho_mineiro,128,128,d70b3f565ee5d66c8702568dc550007402d3b8a249b13cb857246f87ba542813,8466118e1f6168e7ebce5a33360025ec4bb7c383f1302d6e2ce94b3f524d7ada,jmuben-1865,treino_auxiliar,0,grupo_ja_representado
jmuben,jmuben2,2413,data/raw/jmuben/Miner/1 (13243).jpg,8,bicho_mineiro,128,128,81be82aa71f6110299aa833eeaee8a48b11ba72833d04515d958afe65fac9170,8356ee8f0dc0aee5f1ca5378e87eb43d6e35721fb515684f1081e9d7c2383414,jmuben-1867,treino_auxiliar,1,
jmuben,jmuben2,2414,data/raw/jmuben/Miner/1 (13244).jpg,8,bicho_mineiro,128,128,d33babd8c39c626a9be7a4fbeb701dc70c86cfda69f90a68fc6afde25be443c5,8356eecf0de0aee5f1ca5378e87eb43d6a35320fb515684f1081e957563c3414,jmuben-1867,treino_auxiliar,0,grupo_ja_representado
jmuben,jmuben2,2415,data/raw/jmuben/Miner/1 (13245).jpg,8,bicho_mineiro,128,128,2f9515404273102e77b3b5f63b5b89c97fad52543c1e766afb3f96b850306769,84e62e739719e1de3cf4ca3ae9f4b4c888013ecd7420169126c7d34f0937fa1f,jmuben-1869,treino_auxiliar,0,grupo_ja_representado
jmuben,jmuben2,2416,data/raw/jmuben/Miner/1 (13246).jpg,8,bicho_mineiro,128,128,92b56fa37594afda198b05abe3c14ea2b555a49c80f947bcd6e8bd01d4a06c47,84e62e739719e1de3cf4ca3ae9f4b4c888013ecd7420169126c7d24f0937fa9f,jmuben-1869,treino_auxiliar,0,grupo_ja_representado
jmuben,jmuben2,2417,data/raw/jmuben/Miner/1 (13247).jpg,8,bicho_mineiro,128,128,5ba8055f6547c846425598b249032a363140358b96dad5f54e59c0d7a4a81a8e,84676e311f78d78de9cfa5ecb608db0007877d7fd1b7041a2cf856cc652c9092,jmuben-1871,treino_auxiliar,0,acima_do_limite_da_classe
jmuben,jmuben2,2418,data/raw/jmuben/Miner/1 (13248).jpg,8,bicho_mineiro,128,128,8972f1a3400ec01873adb95779967de6c7182c6556605f196f039bac76c45a8d,84636e310f78d78de9cfa5efb60adb0007837d57d197041a2cfc56cce52c90d2,jmuben-1871,treino_auxiliar,0,acima_do_limite_da_classe
jmuben,jmuben2,2419,data/raw/jmuben/Miner/1 (13339).jpg,8,bicho_mineiro,128,128,3fcc3902931e6a38b14d3b81277434338764f67dc180fcf9c7fb2f5555db776c,8d0a099d55afb3477baa26514a56cebe13d53d2aeaa748c1194eb3b1a7580e66,jmuben-1873,treino_auxiliar,0,acima_do_limite_da_classe
jmuben,jmuben2,2420,data/raw/jmuben/Miner/1 (13340).jpg,8,bicho_mineiro,128,128,ad91955bb0d9841da0d1a39c7227a048426337e7c4d312a04fdb8e8e62503f35,8d0a099d55afb3477baa26514a56cebe13d53d2aeaa748c1194eb3b1a7580e66,jmuben-1873,treino_auxiliar,0,acima_do_limite_da_classe
jmuben,jmuben2,2421,data/raw/jmuben/Miner/1 (13367).jpg,8,bicho_mineiro,128,128,cd7e43111ee16e55692330af9c670ec502c089ab5f83d22c769d51864b23a5b1,84a8f2655cb54e547bc158ab634ab5e8c75eea253ab493ac40e8e51815d54ef7,jmuben-1875,treino_auxiliar,0,acima_do_limite_da_classe
jmuben,jmuben2,2422,data/raw/jmuben/Miner/1 (13368).jpg,8,bicho_mineiro,128,128,dd62d40b901d899625b841ab50492aebee9b16cd3eda9298ae9a59daf80e6ff4,84a8f6655cb54e547be158ab634ab5e0c75eaa253ab493ac40e8e51815d54ef7,jmuben-1875,treino_auxiliar,0,acima_do_limite_da_classe
jmuben,jmuben2,2423,data/raw/jmuben/Miner/1 (13403).jpg,8,bicho_mineiro,256,108,91372a863b287b16e7c1aa6b526a1abff13d953cfc5472e276a689b06912d634,8d944ca239a891770c9c819abd342bed14eeb569b9a35e6a219276eeb54a2bda,jmuben-1877,treino_auxiliar,0,acima_do_limite_da_classe
jmuben,jmuben2,2424,data/raw/jmuben/Miner/1 (13404).jpg,8,bicho_mineiro,128,128,0afa53f9e437b5ebc426092a1619a0f91aa825c1e6fddaf46ae10277a3edc32d,90801fddec672f30539fa7b88b1feb052b709630fc44138fc71acf3c01acf9c4,jmuben-1878,treino_auxiliar,1,
jmuben,jmuben2,2425,data/raw/jmuben/Miner/1 (13405).jpg,8,bicho_mineiro,256,124,668f5bfba4730a3ffdc057325173bae4e4f162b62c0724e1602d6d6f4f0e7997,9137134c79f0c04d337737bd8050fc811b6f711a2f0782737c3ff2123de381e5,jmuben-1879,treino_auxiliar,0,acima_do_limite_da_classe
jmuben,jmuben2,2426,data/raw/jmuben/Miner/1 (13406).jpg,8,bicho_mineiro,128,128,569bd0caa2bfcee0764052179d1cb6d3a9f63362da7217767b09c3105fac222f,900f3f90c0d8fcc15afff01e37e394ede0147b9c0736c624ce6203e3f383391b,jmuben-1880,treino_auxiliar,0,acima_do_limite_da_classe
jmuben,jmuben2,2427,data/raw/jmuben/Miner/1 (13407).jpg,8,bicho_mineiro,128,128,cd443e6b9c5a8de4b127aff00214696948f0bb37ed813d7e964eaadd7cbfc0f7,914259cd2b1594ef6e09d7e823cdba6041fd193e15d8a818a67e1d878e393eb9,jmuben-1881,treino_auxiliar,0,grupo_ja_representado
jmuben,jmuben2,2428,data/raw/jmuben/Miner/1 (13408).jpg,8,bicho_mineiro,128,128,e5971aeeea1a94efe867139883d59b9e9b02f454218e29a00a95f5507458875e,914259cd2b1594e76e09d3e823cdba6241fd193e15d8a818a6fc1d878e393ebd,jmuben-1881,treino_auxiliar,0,grupo_ja_representado
jmuben,jmuben2,2429,data/raw/jmuben/Miner/1 (13409).jpg,8,bicho_mineiro,128,128,55393fd6892df11e606e816be08161d9381185ec92c31fda2ea66744b78a984d,95104cc06b999565eb75586c2d0aaed56c2dcb24954121f68cfa77bb8778835f,jmuben-1883,treino_auxiliar,0,grupo_ja_representado
jmuben,jmuben2,2430,data/raw/jmuben/Miner/1 (13410).jpg,8,bicho_mineiro,128,128,6e4ed333a60c8697d3fcb95f4f28182481ff93e268bfc54edec737bb3f5fd398,95104cc06b909565eb75d86c2d1aaed56c2dcb24954121f68cfa77bb8778835f,jmuben-1883,treino_auxiliar,0,grupo_ja_representado
jmuben,jmuben2,2431,data/raw/jmuben/Miner/1 (13411).jpg,8,bicho_mineiro,128,128,d9a0394f8083e51a7d4b710ff434643bbda7e5e8c5e4701bd5a885430e953bce,91f83bbf444f8064781047b0b62f0f77c078e175ba479ef7c0eed3086731c478,jmuben-1885,treino_auxiliar,0,acima_do_limite_da_classe
jmuben,jmuben2,2432,data/raw/jmuben/Miner/1 (13412).jpg,8,bicho_mineiro,128,128,e5289ef508b2d9230e2358cb06ee1bb53518a25a6f03c176b5bc25f7bc94fc7b,91f83bbf444f806578104730f62e8f77c079e175b8479ee7c0efd3006631c479,jmuben-1885,treino_auxiliar,0,acima_do_limite_da_classe
jmuben,jmuben2,2433,data/raw/jmuben/Miner/1 (13413).jpg,8,bicho_mineiro,256,110,ad8f0cde31cd7f4423fffb2dafa3ac11bbb41f67de5f1f6323d3b640adb330af,8386978c943bc33b5b747b84304b9ec278ece261e3328f7836cc38a76b0ce55b,jmuben-1887,treino_auxiliar,0,acima_do_limite_da_classe
jmuben,jmuben2,2434,data/raw/jmuben/Miner/1 (13414).jpg,8,bicho_mineiro,128,128,89afa010fa1e0435d9140cf5a8fcdf99f70c979f7521033a7371d0bdd4259b38,a58e526bf03d29948a532cd09fa4d66a89c9cc6c5bb244c96eb499d76e697227,jmuben-1888,treino_auxiliar,0,grupo_ja_representado
jmuben,jmuben2,2435,data/raw/jmuben/Miner/1 (13415).jpg,8,bicho_mineiro,128,128,186568a52ca3f50ac3127f93136541f5364b76f566957bc9c061554831440053,8178367c3f6b85e7791e0f825972c0e372213e212e4dc06bd87f9cc18f9dc60d,jmuben-1889,treino_auxiliar,0,grupo_ja_representado
jmuben,jmuben2,2436,data/raw/jmuben/Miner/1 (13416).jpg,8,bicho_mineiro,128,128,fff43fb293d6c7dc507a76e82d7fa23a05b085af65659c84231819a02c3c3f69,8178367c3f6b85e7791e0f821972c0e372217e212e4dc06bd87f9cc18f9dc60d,jmuben-1889,treino_auxiliar,1,
jmuben,jmuben2,2437,data/raw/jmuben/Miner/1 (13417).jpg,8,bicho_mineiro,128,128,47c95a3379547536568d1c1bd3fb91dba90fa46668d579d7127751bc17cf1d69,94e3466a2acdd22ef952db131ded95493e4c6a534ba651729510d9da56b5469a,jmuben-1891,treino_auxiliar,0,grupo_ja_representado
jmuben,jmuben2,2438,data/raw/jmuben/Miner/1 (13418).jpg,8,bicho_mineiro,128,128,81e85298e56acb4972bf29a4e024cc1a9841e9328694e4d922e4adbfd4a04013,94e3466a2ac4d62af952df131ded95493e4c6a534ba651729d1848da56b566da,jmuben-1891,treino_auxiliar,0,grupo_ja_representado
jmuben,jmuben2,2439,data/raw/jmuben/Miner/1 (13419).jpg,8,bicho_mineiro,128,128,37786593309bccb1c778271178350fa828312e0cb695aae8012ebdd7eabe902e,915426646a3bcf13693a23c8455be563f28f114cd4dce2fc736e590e61bd7462,jmuben-1893,treino_auxiliar,1,
jmuben,jmuben2,2440,data/raw/jmuben/Miner/1 (13420).jpg,8,bicho_mineiro,128,128,e99d03094ce18e1ee0b4627b7dc7d6390ff0e2d99774a1953025bc22ffdd8bb0,915426646a3bcf1369ba23c8455be5e3f08f114cc2dce2f47b2f598e61b97462,jmuben-1893,treino_auxiliar,0,grupo_ja_representado
jmuben,jmuben2,2441,data/raw/jmuben/Miner/1 (13475).jpg,8,bicho_mineiro,256,111,50e1fde8e4a463bec773f38f25810223eeb138713063b830085f592e450ebe1f,824d69247d65373ec099c4e24e56731cf864e98ba5e3869cc6668b977b1c6ce1,jmuben-1895,treino_auxiliar,0,acima_do_limite_da_classe
jmuben,jmuben2,2442,data/raw/jmuben/Miner/1 (13476).jpg,8,bicho_mineiro,128,128,83fb8e536bcc9ba1b11219caaa400dd9ecc30c11b14634fb32f3ac082d377649,864d363f3e46cce37866b66c393987dee4891e1b1d9cc818a03b6323e3317279,jmuben-1896,treino_auxiliar,0,acima_do_limite_da_classe
jmuben,jmuben2,2443,data/raw/jmuben/Miner/1 (13477).jpg,8,bicho_mineiro,128,128,fb463fb72b7516f6b39a4de2da42cdb580d0fdcd1c4a895ada7ecd33305ffbb0,83331f9cc41e390133f1cc7c7b191c9ac523afe78ee5f10731fc38213a38e1ce,jmuben-1897,treino_auxiliar,0,acima_do_limite_da_classe
jmuben,jmuben2,2444,data/raw/jmuben/Miner/1 (13478).jpg,8,bicho_mineiro,128,128,c5c24084f22c26eea15d0487fee0beceacb0f5138c919ce728eb433a192cdfb7,81331f9cc41e390133f1cc3c7b191c9ae523afe78ae5f10731fc38213bb8e1ce,jmuben-1897,treino_auxiliar,0,acima_do_limite_da_classe
jmuben,jmuben2,2445,data/raw/jmuben/Miner/1 (13491).jpg,8,bicho_mineiro,128,128,3521eb7fb8c51eff9222938873a6e86e41c5d957659eeea10c6a844e53286bf9,83331f0d47b8c478399f97e2acc4c33938d80bb9743b5f328ef7ce07d00a6788,jmuben-1899,treino_auxiliar,0,acima_do_limite_da_classe
jmuben,jmuben2,2446,data/raw/jmuben/Miner/1 (13492).jpg,8,bicho_mineiro,128,128,3d169ff99048159a70b0ca81803c94b54f6d1feb916fdde9b6d7f8862cd9b82b,83331f0d4738c478399f97e2acc4c33938d889b9743bdf328ee7ce07d04a6788,jmuben-1899,treino_auxiliar,0,acima_do_limite_da_classe
jmuben,jmuben2,2447,data/raw/jmuben/Miner/1 (13493).jpg,8,bicho_mineiro,128,128,2bf4bd466380e937ff8ff1ce37fdcd57b761828113a806bef422a59a4f51b87e,83643732cc3d320735eec8f976311831e6271eeccc47cf8c61bc9a060ee3ce73,jmuben-1901,treino_auxiliar,0,acima_do_limite_da_classe
jmuben,jmuben2,2448,data/raw/jmuben/Miner/1 (13494).jpg,8,bicho_mineiro,128,128,93815b438eb22316b7b7c24a910f22cd71c471fd07b4b99b8a8c246bf18513a4,83643732cc3d320335eec8f976311831e6271eeccc47cf8c61fc9a060ee3ce73,jmuben-1901,treino_auxiliar,0,acima_do_limite_da_classe
jmuben,jmuben2,2449,data/raw/jmuben/Miner/1 (13495).jpg,8,bicho_mineiro,256,111,98c25cc7a2e67d77c528424c2e8d01ec759a1b0524367c153d48fef438c3ca37,83266d933fb71b98d0c4c43dc77b3be37919fcc4b4bc92c7d23981e8094228bc,jmuben-1903,treino_auxiliar,0,acima_do_limite_da_classe
jmuben,jmuben2,2450,data/raw/jmuben/Miner/1 (13496).jpg,8,bicho_mineiro,128,128,0e8212ddb349aeead28a2b4db04f0a4703b3671250c7a127f76b26005cdfb136,83263b80073bcc3d7b113633199cc0736f6697e80cc3cf43bdf5c3cdf08e5a0c,jmuben-1904,treino_auxiliar,0,acima_do_limite_da_classe
jmuben,jmuben2,2451,data/raw/jmuben/Miner/1 (13497).jpg,8,bicho_mineiro,128,128,6c3a084fb0a6d37783a026839c6c2a3423d05c7ec41ca72474959e05b6c5bd8c,876c698e78607331c9c7949d96c3c6ee8f393ba6eef967448f9b320cc30a8849,jmuben-1905,treino_auxiliar,0,grupo_ja_representado
jmuben,jmuben2,2452,data/raw/jmuben/Miner/1 (13498).jpg,8,bicho_mineiro,128,128,e4361f19727f578c161a7fbee520151c0ef717e71138013d519d7c42937884c3,876c690e78627231d9c7949d9683c6e68f391ba6eaf967448f933e8cd30a88c9,jmuben-1905,treino_auxiliar,1,
jmuben,jmuben2,2453,data/raw/jmuben/Miner/1 (13499).jpg,8,bicho_mineiro,128,128,0b587ba9756946eb4cf77ae632381e148e9f88dc4ec46be82ac1e13914edfb1d,83331f8cc67dec1e33c394e6e1e83a9418b8711b7b300ef1ce07d4d6e1ced80e,jmuben-1907,treino_auxiliar,0,acima_do_limite_da_classe
jmuben,jmuben2,2454,data/raw/jmuben/Miner/1 (13500).jpg,8,bicho_mineiro,128,128,ddd7d2563806cc76ac1c30851850dcd9ef887d429e7ae3f97d7a5332dcc98bd2,83331f8cc67dec0e338194e6e1e8329618bc711b79301ef9ce03de86e5cef80e,jmuben-1907,treino_auxiliar,0,acima_do_limite_da_classe
jmuben,jmuben2,2455,data/raw/jmuben/Miner/1 (13501).jpg,8,bicho_mineiro,128,128,fafb3cb49b3d7645e2151bffd3f6714a31514fe6eee1fa9d7ee51f4b0c821588,819964f156983983388fec0e94e13ce7783cd3a3c2bc89e68f337998c5172e9b,jmuben-1909,treino_auxiliar,0,acima_do_limite_da_classe
jmuben,jmuben2,2456,data/raw/jmuben/Miner/1 (13502).jpg,8,bicho_mineiro,128,128,254ab014e24534378680dee800775af5c45ce794ff6afc0f9845a7c9933426c8,819964f156983983388fec0e94e13ce7783cd3a3c2bc89e68f337998c5172e9b,jmuben-1909,treino_auxiliar,0,acima_do_limite_da_classe
jmuben,jmuben2,2457,data/raw/jmuben/Miner/1 (13503).jpg,8,bicho_mineiro,128,128,ffa6ed09dcbc86215545b90da2d9095af0d06e83c03492d82a42c0452f67d5bb,864936307c66c9c37a71b6993b1b8e19ecb91f1285b0c27337a67f06bec03ccc,jmuben-1911,treino_auxiliar,0,grupo_ja_representado
jmuben,jmuben2,2458,data/raw/jmuben/Miner/1 (13504).jpg,8,bicho_mineiro,128,128,4679197c3a97ddb7e55ab71795234b477408fdb27d6e0a2770b4334b93149d72,864936303c66c9c37a71b6d9399b8e19ecb91f1285b0c27337a67f07bec038cc,jmuben-1911,treino_auxiliar,1,
jmuben,jmuben2,2459,data/raw/jmuben/Miner/1 (13505).jpg,8,bicho_mineiro,128,128,9fcf3addba6e6c0ec35f7f4564d557dc68dc6d9be0ee0c46b1eb1a76a71647ca,83333f19c670a85e330784f2e9393a3b09bde6273f468acde18c33c0393fb037,jmuben-1913,treino_auxiliar,0,acima_do_limite_da_classe
jmuben,jmuben2,2460,data/raw/jmuben/Miner/1 (13506).jpg,8,bicho_mineiro,128,128,3f52d42f0654e4f67aa1e338dce0e680ebb8a8585f6a3e87a8bad7c06046bf0c,83333f19c670e87a331794f2e9317a3b09b9c6232f068ecde10c33c839f9b837,jmuben-1913,treino_auxiliar,0,acima_do_limite_da_classe
jmuben,jmuben2,2461,data/raw/jmuben/Miner/1 (13555).jpg,8,bicho_mineiro,128,128,b0e9b64d59d8cf09087c0f1f4c43b4bce0ea259a322718530753125e8f40ec37,817333ce5a3dd70da742898c37923ae464c8cc7a9ed6bd78368de131cd031e2e,jmuben-1915,treino_auxiliar,0,acima_do_limite_da_classe
jmuben,jmuben2,2462,data/raw/jmuben/Miner/1 (13556).jpg,8,bicho_mineiro,128,128,fc107be6e04d4bad306531929aa9ba2cd9b70c71911e9ccbb4c10e8aa599f3f2,817333ce5a3dd78fa742898c17923ae464c8cc7a9ed69d78368de131cd031e2e,jmuben-1915,treino_auxiliar,0,acima_do_limite_da_classe
jmuben,jmuben2,2463,data/raw/jmuben/Miner/1 (13557).jpg,8,bicho_mineiro,128,128,907552e411c201d0aebe86e75d6f7bd9f4c70eedfe66d84ce49d38036da9963c,92d6707aa4714a874a38b7176ca1d56968f490ae0c5c97b6ed4cabc36ad595a9,jmuben-1917,treino_auxiliar,0,grupo_ja_representado
jmuben,jmuben2,2464,data/raw/jmuben/Miner/1 (13558).jpg,8,bicho_mineiro,128,128,fdc47b0a31242272d71551ef772e1283a1f5d17d9be75668a728715e156cf58b,92d28f85a471b5794a3868fa6ca12a9668f47f530d5c684ded4c543e4ad56a5e,jmuben-1918,treino_auxiliar,0,grupo_ja_representado
jmuben,jmuben2,2465,data/raw/jmuben/Miner/1 (13559).jpg,8,bicho_mineiro,128,128,acd77d393a49dad881bbefe8318ef2f4fbad9ae35eabf5a9d2e32df2d67cc986,869b27a277c5cc7388fa8268201a6fbcc98c9583becc6ae140491afb3df2f574,jmuben-1919,treino_auxiliar,0,grupo_ja_representado
jmuben,jmuben2,2466,data/raw/jmuben/Miner/1 (13560).jpg,8,bicho_mineiro,128,128,9e1e3a6a82f23b90b8b7d55f073c094d91f11a2fb0551021d9b839761554d528,869b27a277c5cc7188ba8268201f6f3cc98c9d03becc6ae140591afb3df6f534,jmuben-1919,treino_auxiliar,0,grupo_ja_representado
jmuben,jmuben2,2467,data/raw/jmuben/Miner/1 (13561).jpg,8,bicho_mineiro,128,128,f01ea03e3c21f2374fb30b2adce90ffd175f30724d767ced2f41da955cbd295b,8073234e5afd533de742891d959a3a26638d6569c8e69d749dc8368de171c533,jmuben-1921,treino_auxiliar,0,acima_do_limite_da_classe
jmuben,jmuben2,2468,data/raw/jmuben/Miner/1 (13562).jpg,8,bicho_mineiro,128,128,1506a0bd5caf0e1c62858a59c7226fc676098d1cd2219d7cf99beaae75fc29c6,8073234e5afd533de742891d959a3a26628d6569c8e69f749dc8368de171c533,jmuben-1921,treino_auxiliar,0,acima_do_limite_da_classe
jmuben,jmuben2,2469,data/raw/jmuben/Miner/1 (13563).jpg,8,bicho_mineiro,256,127,7bbd08f895c0817f70b8959c26cbca5650babcf776f3e0da31df5f1774a8b236,8fb9389f61d8cf1b32310f63d8fef364a7260c72522e6d055496a4dc6979ab10,jmuben-1923,treino_auxiliar,0,acima_do_limite_da_classe
jmuben,jmuben2,2470,data/raw/jmuben/Miner/1 (13564).jpg,8,bicho_mineiro,128,128,a4b38feb111d4c69f2e4daabd21d35d73cb6b4eabd974e243bc99ac39289bfe8,8e36c71949ce0c63a551f565292865ec178aaa6759d964db82d7de6342b93794,jmuben-1924,treino_auxiliar,1,
jmuben,jmuben2,2471,data/raw/jmuben/Miner/1 (13579).jpg,8,bicho_mineiro,256,120,db1124552efbf12692fbb1e82a3110a08a927a83c40f6a685d8484223534acc8,963c2758c29c9d9438c478e358e71cb33d53e06a4ead3569a1d32ebd590d539c,jmuben-1925,treino_auxiliar,0,acima_do_limite_da_classe
jmuben,jmuben2,2472,data/raw/jmuben/Miner/1 (13580).jpg,8,bicho_mineiro,128,128,ffaf606d3d0a432a379c7603888ad10743a336c6224684fa126a79d7aa34f7ad,a0209fd6f8b6650a0e87f0035f5264f30f8aba78c5affa806b5fb1ea942443dd,jmuben-1926,treino_auxiliar,1,
jmuben,jmuben2,2473,data/raw/jmuben/Miner/1 (13581).jpg,8,bicho_mineiro,128,128,5c9fec9706724f33e5cd98d1158143561247ef3c12ad5c659067e968e6b23809,8f19271e6f58933b92b111aa3cb078f1d8c53ad03ad578e5c1e7856a1c567a74,jmuben-1927,treino_auxiliar,0,acima_do_limite_da_classe
jmuben,jmuben2,2474,data/raw/jmuben/Miner/1 (13582).jpg,8,bicho_mineiro,128,128,3b5e4fbfcb3f3540ae7b7a15195b333bdc58c18f38debe3e32741dee50a71fe4,8f19271e6f58933b9ab111aa3cb078f0d8c53ad03ad478e5c96785eb1c563a74,jmuben-1927,treino_auxiliar,0,acima_do_limite_da_classe
jmuben,jmuben2,2475,data/raw/jmuben/Miner/1 (13583).jpg,8,bicho_mineiro,128,128,4527d1db5dccf1c0780462e73068447d115cae03886f28c47ca0ebe9a92c57b5,a0fb3036d9dd8f400f4d0fa4df09b09f30c470dbf03239397969c25296933ded,jmuben-1929,treino_auxiliar,0,acima_do_limite_da_classe
jmuben,jmuben2,2476,data/raw/jmuben/Miner/1 (13584).jpg,8,bicho_mineiro,128,128,0a2a76490c7ea871500b93deb7ba7c22bdb77df4a9218259fd1c2f7bf5a8fa22,a07b303edddd8f600f4d0fa4cf0db09f30c4705bf032393c7d65c2529292bdec,jmuben-1929,treino_auxiliar,0,acima_do_limite_da_classe
jmuben,jmuben2,2477,data/raw/jmuben/Miner/1 (13585).jpg,8,bicho_mineiro,128,128,abec6f247e5bfd9a842d48673a379f992471372ee4ac734552e80933a38b4803,8e3b2f1ef34892e719a338c478d5d2cd2e58652fc53a87123e917285c3af952a,jmuben-1931,treino_auxiliar,0,acima_do_limite_da_classe
jmuben,jmuben2,2478,data/raw/jmuben/Miner/1 (13586).jpg,8,bicho_mineiro,128,128,1f7aa211740bf0e8c35b0d53a48488b089a62a9203a7606e665d51d66e1a41f3,8e3b2f1cf34892e719a338c478d5d2cd2e58652fc52a87323e917295c3af952a,jmuben-1931,treino_auxiliar,0,acima_do_limite_da_classe
jmuben,jmuben2,2479,data/raw/jmuben/Miner/1 (13587).jpg,8,bicho_mineiro,256,114,0711919025d4a02d53792ae4cc76da15738142cf52a6b5b9077692aecd65e5a6,96312669467997b1889e39cc69ce419619d63152a1cacedc5eed31eb25d3ed84,jmuben-1933,treino_auxiliar,1,
jmuben,jmuben2,2480,data/raw/jmuben/Miner/1 (13588).jpg,8,bicho_mineiro,128,128,ef44d9e14534c7331b342299a04d73133c793a0dbfd904c790de449209103c9b,81ec21ca61e3938f98af1da95e1fde349a531e565e3dcd3985283f536a124e11,jmuben-1934,treino_auxiliar,0,grupo_ja_representado
jmuben,jmuben2,2481,data/raw/jmuben/Miner/1 (13635).jpg,8,bicho_mineiro,128,128,0ff661026b8b8ae41f5deb75f5346f0707e529f6a36c5c6dd2fb8065ed3a2ac6,a17dd7818a6aa13d9e85e27c6903f450dac68ffb34957700c039c91f0f563ee4,jmuben-1935,treino_auxiliar,0,acima_do_limite_da_classe
jmuben,jmuben2,2482,data/raw/jmuben/Miner/1 (13636).jpg,8,bicho_mineiro,128,128,db1eb4e528c4beb409ecbef22cff758b4c5c85960a09d1a1f809a2321e43ad18,a17cd7818a6aa13d9e95e27c6903f450dac68ffb3c957700c039c91f0f563ec4,jmuben-1935,treino_auxiliar,0,acima_do_limite_da_classe
jmuben,jmuben2,2483,data/raw/jmuben/Miner/1 (13637).jpg,8,bicho_mineiro,256,91,27a68050cd480cc8cb8ca5a35b8789c03c8bb24b020b44cde24fbe8269dcc404,a27914d8ccd6e9a6388c2ef9d0806f3d17e580b36e3033af8472c4b4394b9fdb,jmuben-1937,treino_auxiliar,0,acima_do_limite_da_classe
jmuben,jmuben2,2484,data/raw/jmuben/Miner/1 (13638).jpg,8,bicho_mineiro,128,128,1b53f5caf54e669ade82c4ab1dff817c0b3a8b739edcec8191207c6f8f410548,a81c0a3cceec95c01d047b0690cd760d351ad034777f1defe22ed54f2e85baf8,jmuben-1938,treino_auxiliar,0,acima_do_limite_da_classe
jmuben,jmuben2,2485,data/raw/jmuben/Miner/1 (13639).jpg,8,bicho_mineiro,128,128,72596d382b1df75d9693f14aa82c941f7088af4319b1b725f7cce61a48204612,a34e16a4dd933b5ae05931d126cd8ecf430fe7851c943d9d3e1e253185d6e712,jmuben-1939,treino_auxiliar,0,acima_do_limite_da_classe
jmuben,jmuben2,2486,data/raw/jmuben/Miner/1 (13640).jpg,8,bicho_mineiro,128,128,8d69c06131ad7fe8d3652cb83a85886e00338d33375d2b3a83d2bce73b672edc,a34e16a4dd923b5ae05931d126cd8ecf630fe7851c943dbd3e16253185d6e712,jmuben-1939,treino_auxiliar,0,acima_do_limite_da_classe
jmuben,jmuben2,2487,data/raw/jmuben/Miner/1 (13641).jpg,8,bicho_mineiro,256,116,1e7764b76ae335cafb86d3edb5d070e712b71da20c5c9f6f2281d1a83a3cab1f,a24d3566db321a532b6ae5ad81b37ad4e81312be6669cf83f92c2a379c191ad4,jmuben-1941,treino_auxiliar,0,grupo_ja_representado
jmuben,jmuben2,2488,data/raw/jmuben/Miner/1 (13642).jpg,8,bicho_mineiro,128,128,cdcc8de10ef6721bb3bb12cad4392aa71065650d9d1af2447d00346b6e42792e,aaf708fbdc9bbd1f380f425991da6012206691f964413fd8c67dfc103faaa2a3,jmuben-1942,treino_auxiliar,0,grupo_ja_representado
jmuben,jmuben2,2489,data/raw/jmuben/Miner/1 (13643).jpg,8,bicho_mineiro,256,102,28b3a469780004fffca0c145c580951601c6d0b700c216330e9183c9d95bec44,a26c16489c4be9d798a638cc26f9d8806f3e33f4909bee387b871de1867a4c96,jmuben-1943,treino_auxiliar,0,acima_do_limite_da_classe
jmuben,jmuben2,2490,data/raw/jmuben/Miner/1 (13644).jpg,8,bicho_mineiro,128,128,f058f1becdd17c71ad4bbf708d2caa812c2163206436dce54cd2144ca2bfb818,a51d2c1f8b6a56e496802d8169a39ae272563594880ff32b3eff0153f31f56a7,jmuben-1944,treino_auxiliar,0,acima_do_limite_da_classe
jmuben,jmuben2,2491,data/raw/jmuben/Miner/1 (13645).jpg,8,bicho_mineiro,128,128,72e273dac65ec881edb2748ff29b0ea76ea29088732816bc302efe6c4b0dd37f,a34d162c9d923b5ee0db3385c68b9e1c670dccad18353f743e7285c58784c66b,jmuben-1939,treino_auxiliar,0,acima_do_limite_da_classe
jmuben,jmuben2,2492,data/raw/jmuben/Miner/1 (13646).jpg,8,bicho_mineiro,128,128,eb207f125dfed960898622abe6126dd3f7708f8ede7a65dab27fa2867db50ea4,a34d162c9d963b56e1db3385c68b9e1c670dccad18353f743e7285c48784c66b,jmuben-1939,treino_auxiliar,0,acima_do_limite_da_classe
jmuben,jmuben2,2493,data/raw/jmuben/Miner/1 (13683).jpg,8,bicho_mineiro,128,128,5efcb562959a6017086eeb10460d46cb2f14bc041bc544713eeba4ed9a24726a,8c63671c531adb3101941f187f60fd35f4d2fe244836a0db74d9cecd78327271,jmuben-1947,treino_auxiliar,0,grupo_ja_representado
jmuben,jmuben2,2494,data/raw/jmuben/Miner/1 (13684).jpg,8,bicho_mineiro,128,128,6c80bba014984e9b78188b3aa52983b7e3c3f86a840af0fd0fa01c8a4762f48f,8c63671c531adb3101941f187f60fd35f4d6fe246826a0db74d9cecd78327270,jmuben-1947,treino_auxiliar,0,grupo_ja_representado
jmuben,jmuben2,2495,data/raw/jmuben/Miner/1 (13685).jpg,8,bicho_mineiro,128,128,d6be35e7581e4218508067795c5cab6dce20133b861d1005378f557990f90719,99334cccf6c89259794ce131c7770d2a16b62e1928fd33d226927f6951ce7598,jmuben-1949,treino_auxiliar,0,acima_do_limite_da_classe
jmuben,jmuben2,2496,data/raw/jmuben/Miner/1 (13686).jpg,8,bicho_mineiro,128,128,a4b5f15b4d939630e9671d643dc8cd9b8770446c3c3cdeaee974854f39b76dfc,99334cccf6c89258f94ce1b1c3770d0a16b62e19287d33d2269a7f69516e759a,jmuben-1949,treino_auxiliar,0,acima_do_limite_da_classe
jmuben,jmuben2,2497,data/raw/jmuben/Miner/1 (13687).jpg,8,bicho_mineiro,128,128,8e88a791d8122757dd4779aef700fb72612c26f7b7ba28ed094f519596767c51,999944c4f66492087db2608a43bb8f2a16b53edb3e2cbcf77bc0ab497f2448b2,jmuben-1951,treino_auxiliar,0,acima_do_limite_da_classe
jmuben,jmuben2,2498,data/raw/jmuben/Miner/1 (13688).jpg,8,bicho_mineiro,128,128,f63e8db8826700d2a6c1f3eea48364e8e073136747fb1378a1d3c00e2ea8bba1,999944c4f66492087db2608843bb8f2a16b53edb3e2cbcf77bc0ab497f24c8b2,jmuben-1951,treino_auxiliar,0,acima_do_limite_da_classe
jmuben,jmuben2,2499,data/raw/jmuben/Miner/1 (13689).jpg,8,bicho_mineiro,128,128,1b714d27cfdef16f15ca30c93bef5d7db15fdff62d2e26736c0ea825c1608da5,8c71671c5b98d9d1764cf863e0e702fa0b6a05d8bf043936215b4ecd5a3e7b70,jmuben-1953,treino_auxiliar,0,acima_do_limite_da_classe
jmuben,jmuben2,2500,data/raw/jmuben/Miner/1 (13690).jpg,8,bicho_mineiro,128,128,73298c5c1da794050c27fc698c1287f2190126ec2a898ee1fe5e84527fb1911b,8c71671c5b99d9d1764cf863e0e702fa0b2807d8bf043936215b4ecd5a3e7b70,jmuben-1953,treino_auxiliar,0,acima_do_limite_da_classe
jmuben,jmuben2,2501,data/raw/jmuben/Miner/1 (13691).jpg,8,bicho_mineiro,128,128,0f3405977a8ecd65fc6cec644115b58cee5555bdf398d43d9e926e08c2ca9419,98cc6673d326a59a60d9835d1e313a57f960d8fdc3e4cd169c59a2cd0d3458e5,jmuben-1955,treino_auxiliar,0,acima_do_limite_da_classe
jmuben,jmuben2,2502,data/raw/jmuben/Miner/1 (13692).jpg,8,bicho_mineiro,128,128,010841b586a7ba70f0b096cd412c392b9f2664e171a19ef187cefad3d216bf88,988c4663d327a59b60d9835d1e753a76f920d8fdc3e4cd16bc59a34d0d3470c5,jmuben-1955,treino_auxiliar,0,acima_do_limite_da_classe
jmuben,jmuben2,2503,data/raw/jmuben/Miner/1 (13693).jpg,8,bicho_mineiro,256,118,3c21fa0173e5d233477166673497adffa631f8d164a01a56a92c734966d5295e,94086d993931ae33dd6764662a49999c44e3676729de96d4d63763072cdd9615,jmuben-1957,treino_auxiliar,0,acima_do_limite_da_classe
jmuben,jmuben2,2504,data/raw/jmuben/Miner/1 (13694).jpg,8,bicho_mineiro,128,128,e0126023d775f7d8086201774f82ec876d00cd6223a9d1164db45d8a97110172,991944cc965d6924c3b20ece3cecfac2f1f6c74bdc6ba1b50a5159c47596a139,jmuben-1958,treino_auxiliar,0,acima_do_limite_da_classe
jmuben,jmuben2,2505,data/raw/jmuben/Miner/1 (13695).jpg,8,bicho_mineiro,128,128,71975ab62a74d1bdeb14b10624dfd1168cf3ff67fbfdf7d231e07e2d11606054,9933488cf6cd9658fd64f188c3f7870c05a3d7820c2bac7d29d2ae9aae71186f,jmuben-1959,treino_auxiliar,0,acima_do_limite_da_classe
jmuben,jmuben2,2506,data/raw/jmuben/Miner/1 (13696).jpg,8,bicho_mineiro,128,128,36faca537ff58a42e75c272e0a3220f5f033f262f0b3ab7f74687ff686aa5095,993348ccf6cc9658f964e199c3f78f0805a2570a0c2fa8fd2bd2ae9aae63594e,jmuben-1959,treino_auxiliar,0,acima_do_limite_da_classe
jmuben,jmuben2,2507,data/raw/jmuben/Miner/1 (13697).jpg,8,bicho_mineiro,128,128,17ebebc8720b1dd453e08860a95834b412f78a858b2520ae7725c0e22045a99c,99984c6696cd964c3c67f888eb7be432c1fccf49dd29e580a70b8b2d8a790536,jmuben-1961,treino_auxiliar,0,acima_do_limite_da_classe
jmuben,jmuben2,2508,data/raw/jmuben/Miner/1 (13698).jpg,8,bicho_mineiro,128,128,df01d4c970b48592b35e681d1c51c9495deb1f25d7f6769a8657e83a0126bd6d,99984c6696cd966c3c67f888eb73e432c1fccf49dd29e580a70b8b2d8a790536,jmuben-1961,treino_auxiliar,0,acima_do_limite_da_classe
jmuben,jmuben2,2509,data/raw/jmuben/Miner/1 (13699).jpg,8,bicho_mineiro,128,128,3cb72070ea970331b05631a6e2c42e55b85cd8c08002deac9462523e6f25a8c5,99333333b6c1d6db4bb6613538cd1c6ac305fac8047dd60a3696a99751e5596a,jmuben-1963,treino_auxiliar,0,acima_do_limite_da_classe
jmuben,jmuben2,2510,data/raw/jmuben/Miner/1 (13700).jpg,8,bicho_mineiro,128,128,d48f313cf9b83538f7ac1460453dba1b8caf99aef879d4190c552f9bfaf0a5bc,99333333b6c1d6db4bb6613538cd1c6ac305fac8047dd60a3696a99651e55b6a,jmuben-1963,treino_auxiliar,0,acima_do_limite_da_classe
jmuben,jmuben2,2511,data/raw/jmuben/Miner/1 (13701).jpg,8,bicho_mineiro,128,128,37c43a58e9c95b2c810371ebbf8ab1bc601453883407e92b39f7efd4a09f43bb,99984c64d667964c3e66788cf891e949c0b3d3dac769cd2d50a3e48fa7158b3c,jmuben-1965,treino_auxiliar,1,
jmuben,jmuben2,2512,data/raw/jmuben/Miner/1 (13702).jpg,8,bicho_mineiro,128,128,f75c4d5906ea2ae14644bedc09faf5ade565a9643f362a7a77775c2b3f4a562e,99994c64d667964c3e66788cea91e149c0b3c3d8c729cd2d7093a49daf358b7c,jmuben-1965,treino_auxiliar,0,grupo_ja_representado
jmuben,jmuben2,2513,data/raw/jmuben/Miner/1 (13755).jpg,8,bicho_mineiro,128,128,34fda8881a96f7d615b510e1d98c12754cd5d20e7d870e4287a92329dbb2ed85,85b02ecb6d3687d5e217c3c3599b01d5f2fa726c40e38d7fb410b07948eb8b0e,jmuben-1967,treino_auxiliar,0,grupo_ja_representado
jmuben,jmuben2,2514,data/raw/jmuben/Miner/1 (13756).jpg,8,bicho_mineiro,128,128,7e710f5ba6de87813c3035a22320142c30c7a95f4c110ef6f30bcaab16c4b3b0,85b02ecb6d3687d5e217c3c3599b01d5f2fa726c40e38d7fb410b07948ea8f0e,jmuben-1967,treino_auxiliar,0,grupo_ja_representado
jmuben,jmuben2,2515,data/raw/jmuben/Miner/1 (13757).jpg,8,bicho_mineiro,128,128,43b9c85613dcd268f084af37db098614aa65ebd1ce843a1d1fa7430f64b4d52e,9f7549cecb568c4dcd63522a7fb5e50041bd1ec2e09f65e0562778f265130d31,jmuben-1969,treino_auxiliar,0,grupo_ja_representado
jmuben,jmuben2,2516,data/raw/jmuben/Miner/1 (13758).jpg,8,bicho_mineiro,128,128,90e7b0dda086e577f88203c5a59f35187976cc987b2f33161ef6df89afb29f8d,9f7549cecb568c4dcd63522a7fb5e50441bd1ec2e09d65e0563778f065130d31,jmuben-1969,treino_auxiliar,0,grupo_ja_representado
jmuben,jmuben2,2517,data/raw/jmuben/Miner/1 (13759).jpg,8,bicho_mineiro,128,128,e37b28313b8c636b720a3529d15fc16dc7bbf21ae18867a9f6cde164d04a87cf,84162bff6c1883d7f2fe4a6844d5d05a77025835cd2cb5d8fe07c60ec9623d4b,jmuben-1971,treino_auxiliar,0,grupo_ja_representado
jmuben,jmuben2,2518,data/raw/jmuben/Miner/1 (13760).jpg,8,bicho_mineiro,128,128,ca2e51b2ccbd9e4c208ef6ab9090db2aa2dbf147f642c30b692616061e6e09cf,84162bff6c1883d7f2fe4ae84cd5c05a73025835c83d05f8bf07c61ec1e22d6f,jmuben-1971,treino_auxiliar,1,
jmuben,jmuben2,2519,data/raw/jmuben/Miner/1 (13761).jpg,8,bicho_mineiro,128,128,dd1054d03eb647f3dea69967b08ae2ce0d90a2ab4c9cd42f1626278eced65ffa,81766ab17d138765e06ce32cd179fd08a74b589b5b4380e6d2f156b2ab164ae6,jmuben-1973,treino_auxiliar,0,acima_do_limite_da_classe
jmuben,jmuben2,2520,data/raw/jmuben/Miner/1 (13762).jpg,8,bicho_mineiro,128,128,ed07c3dc26c223af762c9576f1569a0b50d6d741dc224eabea0dbb06da20b2b1,81766ab17d138765e06ce32cd179fd08a749d89b5b4380e6d2f156b2ab164ae6,jmuben-1973,treino_auxiliar,0,acima_do_limite_da_classe
jmuben,jmuben2,2521,data/raw/jmuben/Miner/1 (13795).jpg,16,bicho_mineiro,128,128,4e9cbea73af15dc4816820ecb2e172ad2026de679f0423975c61676074b4c6ad,b1f1285f97b0d285301e5a848f62f80f4cb913f7f41e79744b9ff42015d0695e,jmuben-1428,treino_auxiliar,0,grupo_ja_representado
jmuben,jmuben2,2522,data/raw/jmuben/Miner/1 (13796).jpg,16,bicho_mineiro,128,128,1d6e1c8362e7f0562c242c59c5577e1b3c7dffafd40041108809a277e4d0348d,b1f1284f97b0d285301e5a848f62f80f4cb913f7f41679f45b9ff42015d0695e,jmuben-1428,treino_auxiliar,0,grupo_ja_representado
jmuben,jmuben2,2523,data/raw/jmuben/Miner/1 (13797).jpg,16,bicho_mineiro,128,128,ab5d858689fec7b63cc352ab4c89f52acc929f25769af02170911aa0b64b702f,91dc1c172628da7af1e78631570a718eb4fd8e44a746613a6b971ae15aada555,jmuben-1755,treino_auxiliar,0,acima_do_limite_da_classe
jmuben,jmuben2,2524,data/raw/jmuben/Miner/1 (13798).jpg,16,bicho_mineiro,128,128,fa2ffe5b74367d80149bd2dc35feeab32555b1f9dd6d2f0a3162f35f067c3fec,91dc1c172628da7af1c78631572a718e34fd8e44a646613a6b1e3ae15aade55d,jmuben-1755,treino_auxiliar,0,acima_do_limite_da_classe
jmuben,jmuben2,2525,data/raw/jmuben/Miner/1 (13799).jpg,16,bicho_mineiro,128,128,5e64313283f6cba05be9e121eecd3814491ba5a57f1f63976728bd4a61750137,983e4860cc3f9f0e13c376f17f9001f23050736830657bff3bc031dd788b7f81,jmuben-1762,treino_auxiliar,1,
jmuben,jmuben2,2526,data/raw/jmuben/Miner/1 (13800).jpg,16,bicho_mineiro,128,128,fdc04151fc4dded2eec1552712f2f18efcf94f4e860dfa6346a419b9a9072a8d,983e4860cc3f9f0433c376f17f9001f23050736830657bff33c031dd798f7f81,jmuben-1762,treino_auxiliar,0,grupo_ja_representado
jmuben,jmuben2,2527,data/raw/jmuben/Miner/1 (13801).jpg,16,bicho_mineiro,128,128,b6b18e57c80329911699ac4db9c3767049916deff8d2ec2978d39e1cbf4bad1b,80ff39f33307786c4f88864138f9c7f17a0b189926f99f1d1c30cc0f98afc1ce,jmuben-1771,treino_auxiliar,0,acima_do_limite_da_classe
jmuben,jmuben2,2528,data/raw/jmuben/Miner/1 (13802).jpg,16,bicho_mineiro,128,128,648641e22aa2e9a7816e38f34123983c47451e75baacd6692efa7eedad15257b,80ff39f33307786c4f88824138f9c7f17a09189926799f1f5c32cc0f91afc1ce,jmuben-1771,treino_auxiliar,0,acima_do_limite_da_classe
jmuben,jmuben2,2529,data/raw/jmuben/Miner/1 (13803).jpg,16,bicho_mineiro,128,128,c4269fb50d978a5d8eae5d6eb7f249c70be383b1c3be504140711a224a673e77,81155aa972fa9f5d2d23ff40d24b94ec28dc2cd99f894f681bf1b017e081cf86,jmuben-1773,treino_auxiliar,0,acima_do_limite_da_classe
jmuben,jmuben2,2530,data/raw/jmuben/Miner/1 (13804).jpg,16,bicho_mineiro,128,128,635dac2ff55caae1205f2f204e642919f79e3db8ee2348227971265c5a13f87d,81155aa972fa9f5d2d23ff40d24b94ec28dc2cd99f894f681bf1b017e081cf86,jmuben-1773,treino_auxiliar,0,acima_do_limite_da_classe
jmuben,jmuben2,2531,data/raw/jmuben/Miner/1 (13819).jpg,16,bicho_mineiro,128,128,434705c327ec5bc0a4c3eaa115be90c2c1231068214bf2abc252758bada1daa1,800d6e643da0b5b380f7918ff20a8e0c6adcc6f60db32c73d2317ecdf659e12c,jmuben-1456,treino_auxiliar,0,grupo_ja_representado
jmuben,jmuben2,2532,data/raw/jmuben/Miner/1 (13820).jpg,16,bicho_mineiro,128,128,8b15bf402da82200feb61b1adc99cb6cd082522762f56dea98ab479c63caeaaf,800d6e643da0b5b381f7918ff2088e086adcc6f60db32d73d2317acdf659e32c,jmuben-1456,treino_auxiliar,0,grupo_ja_representado
jmuben,jmuben2,2533,data/raw/jmuben/Miner/1 (13821).jpg,16,bicho_mineiro,126,256,bd31798e993dfc7cbbe01f556fc29a45cf3f17fcc901e3b2354818461afd50de,8f1a46d66ab53994bd349ce0cbe9e8719e43878ece33b904e38ec1cb31793521,jmuben-1458,treino_auxiliar,0,acima_do_limite_da_classe
jmuben,jmuben2,2534,data/raw/jmuben/Miner/1 (13822).jpg,16,bicho_mineiro,128,128,2f89944e760ed071a9c6ae881b0e1270351d9d32b7f59c5cfde6ec5dbcf1e3ef,999321b44662ce49b7859ad2287cd0367197afc476484768b1677c979b0f2f72,jmuben-1459,treino_auxiliar,0,grupo_ja_representado
jmuben,jmuben2,2535,data/raw/jmuben/Miner/1 (13823).jpg,16,bicho_mineiro,128,128,a43b6d50194734fb3c2bd87e45fbb98cd6e82e27a53a772514e445c418a3b495,988d30c96714c7b6b3f2896c3c05f489784ca473133f63b68db57ccccee0a999,jmuben-1460,treino_auxiliar,0,acima_do_limite_da_classe
jmuben,jmuben2,2536,data/raw/jmuben/Miner/1 (13824).jpg,16,bicho_mineiro,128,128,4f58ece3c989aa3258b722909cfa41711d446fbc706773c5586bd022b469f404,988d30c96714c7b6b3f2892e3c05f489784ca473133f63b68db17ccccee4a999,jmuben-1460,treino_auxiliar,0,acima_do_limite_da_classe
jmuben,jmuben2,2537,data/raw/jmuben/Miner/1 (13825).jpg,16,bicho_mineiro,128,128,a34cf7319356aca5260ee619e5c4f2f7784d1ee2363258603e27bc45e4a0a194,80cc1a669f736991681f0ff2e40762d83ed0349ff360016f5f2cc095cbfe9176,jmuben-1462,treino_auxiliar,0,acima_do_limite_da_classe
jmuben,jmuben2,2538,data/raw/jmuben/Miner/1 (13826).jpg,16,bicho_mineiro,128,128,161aabc83b23b3fe8395dd8943c227c7d921053bbf44d19ff87a8e793f1937f1,80cc1a669f736991689f0ff2e40762d83ed0349ff360016f5b2cc095cbfe9176,jmuben-1462,treino_auxiliar,0,acima_do_limite_da_classe
jmuben,jmuben2,2539,data/raw/jmuben/Miner/1 (13827).jpg,16,bicho_mineiro,128,128,b667d420ec3fded48825dae7735d7ff8e2b735e846a1689dc71359de89e4a927,8da5399269568eb79663393a3c1ccc3dee538620730dc3d2838b686de3e71c17,jmuben-1472,treino_auxiliar,1,
jmuben,jmuben2,2540,data/raw/jmuben/Miner/1 (13828).jpg,16,bicho_mineiro,128,128,d4373b7cab29dfad4f237b4b29016880faebb6e16dee41a2fa7232fefd892e05,8da5399269568eb79663393a3c1ccc3dee438638730dc3f2838b286de3e71c13,jmuben-1472,treino_auxiliar,0,grupo_ja_representado
jmuben,jmuben2,2541,data/raw/jmuben/Miner/1 (13829).jpg,16,bicho_mineiro,128,128,e4199a29d2748ac35cf34e36dc887da981a4835fc773854952933a0e65bd80f2,809b689b3e329b6f3e601fd283c887e0e79686f8905ab0273edc3df8f80fe403,jmuben-1474,treino_auxiliar,0,grupo_ja_representado
jmuben,jmuben2,2542,data/raw/jmuben/Miner/1 (13830).jpg,16,bicho_mineiro,128,128,db602aa26b318c70b4bcefa156edd36af7466015edff9071a3bf339a82a63d74,809b689b3e329b6f3e601fd283c087f0e59e86f8905ab0063edc3dfbf80fe403,jmuben-1474,treino_auxiliar,0,grupo_ja_representado
jmuben,jmuben2,2543,data/raw/jmuben/Miner/1 (13831).jpg,16,bicho_mineiro,128,128,a0f60eed3802c91657ae9ae250e8be6bde6d361b16430143a91c29bad50c9536,98cb76a87698dae9835e371b6273cb8c9f118cd12f8d669cccf08fc621c66072,jmuben-1522,treino_auxiliar,0,acima_do_limite_da_classe
jmuben,jmuben2,2544,data/raw/jmuben/Miner/1 (13832).jpg,16,bicho_mineiro,128,128,982e539ce2ecafddf56dcbe201a1b49130387c40c9364ca57bbbe689067b90a5,98cb76aa769bdac9835e371b62f3c3889e118cd12f8c469cccf0afce21c66072,jmuben-1522,treino_auxiliar,0,acima_do_limite_da_classe
jmuben,jmuben2,2545,data/raw/jmuben/Miner/1 (13833).jpg,16,bicho_mineiro,128,128,c9dd50e222f06bb8fbf92e1b4a5a2d8850aa30a492dfb710350874a61329eaba,8f8e78fc71e29b8e32c14ab1c4d88d9c63803333c673dcc839dc2671647399f3,jmuben-1524,treino_auxiliar,0,grupo_ja_representado
jmuben,jmuben2,2546,data/raw/jmuben/Miner/1 (13834).jpg,16,bicho_mineiro,128,128,53850176e35d0ae25261c702218de9763352f1ba8b89ed597a15b000185f6c06,8f0e78fc73e29b1e32c14ab1c4d88d9c63803323c673dcc819dce673647399e3,jmuben-1524,treino_auxiliar,0,grupo_ja_representado
jmuben,jmuben2,2547,data/raw/jmuben/Miner/1 (13835).jpg,16,bicho_mineiro,128,128,4d452947fe7cb0a714972251127f4d3f3078067aeff315f427645aeb7f29a406,939866b7ee36cb5707702d34c18d8d353dc06bcaf06adbe2387a227bcc978811,jmuben-1526,treino_auxiliar,0,grupo_ja_representado
jmuben,jmuben2,2548,data/raw/jmuben/Miner/1 (13836).jpg,16,bicho_mineiro,128,128,874074c02b6c170d3e6c8fe17b317c7e7720017da4c0c80d9c9a137f8226b7ef,93986637ee36cb5607702d34c18d8d357dc06bcad06adbe2387a627bcc978c11,jmuben-1526,treino_auxiliar,0,grupo_ja_representado
jmuben,jmuben2,2549,data/raw/jmuben/Miner/1 (13837).jpg,16,bicho_mineiro,128,128,e9982e540cb353b85a99181fc3ea8ae500223b4ef7e5267ff73d450f29c09be7,99cc73986e33c490920001cce4f05f9665b2f5fe9977d20e224d760971f86bbf,jmuben-1528,treino_auxiliar,0,acima_do_limite_da_classe
jmuben,jmuben2,2550,data/raw/jmuben/Miner/1 (13838).jpg,16,bicho_mineiro,128,128,ec8b4e5649d72dd6a4f4219d39ce3c2bc0f215408d170582e88e58a4aaddb65b,99cc73986e33c490920001ece4f05f9665b2f5fa997fd20f324d760961f8693f,jmuben-1528,treino_auxiliar,0,acima_do_limite_da_classe
jmuben,jmuben2,2551,data/raw/jmuben/Miner/1 (13839).jpg,16,bicho_mineiro,128,128,3c9569e667ae459ab240b5ba2b9e396b6cd04f83c51986aa23da91c7523509a9,919c743a7c36d28682b136744385c33b9c3e0f8e6d23cda3cd892e5923dde1e5,jmuben-1448,treino_auxiliar,0,acima_do_limite_da_classe
jmuben,jmuben2,2552,data/raw/jmuben/Miner/1 (13840).jpg,16,bicho_mineiro,128,128,ba9272882753dd2d647851ba937668a5574b0e137fe501bd0876afbf93a015aa,919c743a7c26d28682b1367443c7c3339c3e0f8e6d33c5a3cd8f2f192399e1e5,jmuben-1448,treino_auxiliar,0,acima_do_limite_da_classe
jmuben,jmuben2,2553,data/raw/jmuben/Miner/1 (13841).jpg,16,bicho_mineiro,128,128,0194f13044b14dfc6af877fb9937464c2bdce003bf38b4b277412131c1827cf6,8e3878f072cd9739378d48e69db089336231664ccd8c3330bdf36c07d4cccacf,jmuben-1450,treino_auxiliar,0,acima_do_limite_da_classe
jmuben,jmuben2,2554,data/raw/jmuben/Miner/1 (13842).jpg,16,bicho_mineiro,128,128,3e5d2b6c85891b97df0d29d398f7392dccb4448a1776bb51d2ec432f855f1cc7,8e3878f072cd9739378f48e69db0c9336231264ccd8c33303df36c43d4cccacf,jmuben-1450,treino_auxiliar,0,acima_do_limite_da_classe
jmuben,jmuben2,2555,data/raw/jmuben/Miner/1 (13843).jpg,16,bicho_mineiro,128,128,579aac10a3d056b5889a27e0b47de3b4155baa977fe5c749b1cf24fa9851abee,8e847b9733e1c4ce1b674ae5e40b39ba566a69df0ee507ae7043063a010ff837,jmuben-1452,treino_auxiliar,0,acima_do_limite_da_classe
jmuben,jmuben2,2556,data/raw/jmuben/Miner/1 (13844).jpg,16,bicho_mineiro,128,128,6fc5311ae069eeac70c94a21ae99da3635c6f8a23097250dcc1c1ad21509dbca,8ec47b973be1c4ce1b750ae5e409b9ba566a69df0e7507ae7043063a018ef817,jmuben-1452,treino_auxiliar,0,acima_do_limite_da_classe
jmuben,jmuben2,2557,data/raw/jmuben/Miner/1 (13845).jpg,16,bicho_mineiro,128,128,aeab8982f421fe85df1885ac1cbf82d51fe9cc162740569d930157941fc1786b,b7552655c69b81fac6421ce95bf9f2a68a303e6793cef60a003161f0e1ee5e89,jmuben-1454,treino_auxiliar,0,acima_do_limite_da_classe
jmuben,jmuben2,2558,data/raw/jmuben/Miner/1 (13846).jpg,16,bicho_mineiro,128,128,a67002c2c3f0a3e974f0d7cf295f81bba900960fc83532c1a7a3132ccc241cb9,b7552655c69b81fac6421ce95bf9f2a68a303e67d1cef60a003161f0e1ee5e89,jmuben-1454,treino_auxiliar,0,acima_do_limite_da_classe
jmuben,jmuben2,2559,data/raw/jmuben/Miner/1 (13855).jpg,16,bicho_mineiro,128,128,7c48bf155646cdf49dde419eac17d16bc13c1db7921f47e2ada50a54afa0dbd4,ab0b6b2be92999b5c8967fd20eda3e5f06fb264632663034666227269d768932,jmuben-1464,treino_auxiliar,0,acima_do_limite_da_classe
jmuben,jmuben2,2560,data/raw/jmuben/Miner/1 (13856).jpg,16,bicho_mineiro,128,128,e3cc1f955cdb441f2e8ff584041d3c5426a94806b6f14008e44a8369db36e5c4,ab0b6b2be92999b5c8967fd20eda3e5f06fa264632663034662227269df689b2,jmuben-1464,treino_auxiliar,0,acima_do_limite_da_classe
jmuben,jmuben2,2561,data/raw/jmuben/Miner/1 (13857).jpg,16,bicho_mineiro,100,256,5153340c08da760d39107d04ed40cebd3bfeec8a2843226131a18df0d48e151f,87902696ba4e704bcf790c29f3b8031d7b8500aef5e70771ff09411ebf40e0fe,jmuben-1466,treino_auxiliar,0,grupo_ja_representado
jmuben,jmuben2,2562,data/raw/jmuben/Miner/1 (13858).jpg,16,bicho_mineiro,128,128,9d53c2b86de5d02e122f74763dc3688efa8f22e4d6887797ccdb0295c8b3633a,ae5931e2cb0d7cf1d3ccdf18e021c70eccf31b87901e8c90d338b333c86f4f70,jmuben-1467,treino_auxiliar,0,acima_do_limite_da_classe
jmuben,jmuben2,2563,data/raw/jmuben/Miner/1 (13859).jpg,16,bicho_mineiro,128,128,ec756bbae5f5481f6cf53755ca1f38354f3d8778acecaf774c82d0247267ab69,8aebad5634aa93d4c73b1c599826fd1fc8ecd770221d566aa2b317c51e22a299,jmuben-1468,treino_auxiliar,0,grupo_ja_representado
jmuben,jmuben2,2564,data/raw/jmuben/Miner/1 (13860).jpg,16,bicho_mineiro,128,128,07e703b762cee58787ebc294131a27b91006e06acea47edcabf123a65d6bd7e9,8aebad5634aa93d4c73b1c5998a6f51fe8acd7702215566aa2b293c51f22a2b9,jmuben-1468,treino_auxiliar,0,grupo_ja_representado
jmuben,jmuben2,2565,data/raw/jmuben/Miner/1 (13861).jpg,16,bicho_mineiro,102,256,3012d7455d03dbbe94b3aaab4efb6dcfcd5a425e3a2247f32aafef2ececac57a,879436979a4270da8f3d3e29c11c3b85abed5007f4718ff8e10e07c8f87f8662,jmuben-1470,treino_auxiliar,0,grupo_ja_representado
jmuben,jmuben2,2566,data/raw/jmuben/Miner/1 (13862).jpg,16,bicho_mineiro,128,128,79354dc3a4fd5d234e830fc0aa75070233ac539a31d993cf996a524fdbf9b401,ae1771e6df0df0f1d31cdc31e20fcc345983921ecc30d378f237ccce4b10f188,jmuben-1471,treino_auxiliar,0,grupo_ja_representado
jmuben,jmuben2,2567,data/raw/jmuben/Miner/1 (13867).jpg,16,bicho_mineiro,128,128,409d118e979b3899b170585138454696dff48d3fdaeb09545391c32abac79da8,adc6642680b0e252364ad2c0b9db1e2f679166cd9b6f63b81c9c33c73a691b6d,jmuben-1476,treino_auxiliar,0,acima_do_limite_da_classe
jmuben,jmuben2,2568,data/raw/jmuben/Miner/1 (13868).jpg,16,bicho_mineiro,128,128,8f108a4cc2e6af85c0db854e09f8c0296506a2462d9b8ba8d6b8a1e6398096d4,adc6642680b0e252364ad2c0b9db1e2f679166cd9b6f63b81c9c33c73a691b6d,jmuben-1476,treino_auxiliar,0,acima_do_limite_da_classe
jmuben,jmuben2,2569,data/raw/jmuben/Miner/1 (13869).jpg,16,bicho_mineiro,128,128,3b10fc1e087223dae457253bba7d0d23b73c287f309d873763c736fd69835ce5,81833a5c260b4518f8d529bb903582e2f16ef0691fda55f5a023e4fbafde5ea0,jmuben-1478,treino_auxiliar,0,grupo_ja_representado
jmuben,jmuben2,2570,data/raw/jmuben/Miner/1 (13870).jpg,16,bicho_mineiro,128,128,c0e483f5923f777c8b014ffdd13f21e3d39dfedd23dabc657e87707105a2b682,81813a5c2609451af8d529bb903582f2f16ef0691fda55f5a023e4fbafde5ea0,jmuben-1478,treino_auxiliar,1,
jmuben,jmuben2,2571,data/raw/jmuben/Miner/1 (13871).jpg,16,bicho_mineiro,128,128,87bbea2f766a994b2ac64b684a2436a1876b296fb31fc1af615fb9e8cffd899b,805c3fe79be47098f51b8b6f40dbe5d47b2e1a083402c26efe91ec114efe14cc,jmuben-1480,treino_auxiliar,0,grupo_ja_representado
jmuben,jmuben2,2572,data/raw/jmuben/Miner/1 (13872).jpg,16,bicho_mineiro,128,128,24729f27697b79abddb3f6b787c1c6105da54aa916746e90d536575231f57fdc,805c3fe79be47098f51b8b6f40dbe5d47b2e1a083400c26efe91ec114efe15cc,jmuben-1480,treino_auxiliar,0,grupo_ja_representado
jmuben,jmuben2,2573,data/raw/jmuben/Miner/1 (13873).jpg,16,bicho_mineiro,128,128,3f4ae45b415b4d29796831b9c83f30a0f692a4233e448c1cf6908b86b61c83cf,887d1d98316b62f1bfa534479ac7c12abed47e9903b20a64be4e324a96560b7e,jmuben-1482,treino_auxiliar,0,acima_do_limite_da_classe
jmuben,jmuben2,2574,data/raw/jmuben/Miner/1 (13874).jpg,16,bicho_mineiro,128,128,7d8668a5b5677f9f319583f94c42a742f7231f2d4e619c5dc0662b342caf79e7,887de267316b9d0cbfa5cbb89ac13ed5be56816601b2d59ab64a0cb59656f480,jmuben-1483,treino_auxiliar,0,acima_do_limite_da_classe
jmuben,jmuben2,2575,data/raw/jmuben/Miner/1 (13875).jpg,16,bicho_mineiro,128,128,624b487d950f83d3d9776e647fd81d8067eca801eca3726afe121cab9e462371,aec61a3f8ca1ecf567dc2b4f93445da57472a792430b68f7b2319558cb8e00c6,jmuben-1520,treino_auxiliar,1,
jmuben,jmuben2,2576,data/raw/jmuben/Miner/1 (13876).jpg,16,bicho_mineiro,128,128,5478ddc1ad383c78e5af0e688f6450c5522ad9675fff0fe46c3ef3c3142de492,aece1a3f8ca1ecf567dc2b4e934455a57472a792430b68f7b2359558cb8e00c6,jmuben-1520,treino_auxiliar,0,grupo_ja_representado
jmuben,jmuben2,2577,data/raw/jmuben/Miner/1 (13891).jpg,16,bicho_mineiro,128,128,8af5f152dd93b3076e765e6bd8ec401df32f4fa9e9d394cde090b76a04cab3f6,8a0e4ebf0e4eb1a8d5f96918227472c5f133f17f0f59e6143cedcdabcc023054,jmuben-1530,treino_auxiliar,0,grupo_ja_representado
jmuben,jmuben2,2578,data/raw/jmuben/Miner/1 (13892).jpg,16,bicho_mineiro,128,128,fcc2ce8259ac5398aa800120dd6dc4bfd4037c325cf71632f518b1c71c541227,8a0e46b70e4fb1a8d5f86998227672c5f1b3717b0f59e7163ce4cdabc40a3056,jmuben-1530,treino_auxiliar,0,grupo_ja_representado
jmuben,jmuben2,2579,data/raw/jmuben/Miner/1 (13893).jpg,16,bicho_mineiro,128,128,d2f2d66c9668a63f3ca905fc6fa2025d39025a97b701eb8b0f4aab2ce3604386,83e66b064a0313f9b07ca7044cab83a3f61e55f8658db73b664328fcbc937e06,jmuben-1532,treino_auxiliar,0,acima_do_limite_da_classe
jmuben,jmuben2,2580,data/raw/jmuben/Miner/1 (13894).jpg,16,bicho_mineiro,128,128,dc4a1e07d97718077e34d4e6619dd4c9029010d106abac6deec32d6a7f2c8643,83e66b064a0313f9b07ca7044cabc3a3f61e55e8259db73b664328febc137e06,jmuben-1532,treino_auxiliar,0,acima_do_limite_da_classe
jmuben,jmuben2,2581,data/raw/jmuben/Miner/1 (13895).jpg,16,bicho_mineiro,128,128,3cf632c8606f15b8214287422d86e927b2aad8e9f012f3123d73e28eb4379518,81e26b224bdd101eb41e87a548f9b381d4ef25f4b7110e73acd79f916b6680bc,jmuben-1534,treino_auxiliar,0,acima_do_limite_da_classe
jmuben,jmuben2,2582,data/raw/jmuben/Miner/1 (13896).jpg,16,bicho_mineiro,128,128,555692ebefbba21006c52cbc3ac85855a7e2498a2d9bc685b1de59b27e40f53f,81e26b225bfd301eb41e87a548f8b381d4ef25f4b7110e73a8d79f916b2680bc,jmuben-1534,treino_auxiliar,0,acima_do_limite_da_classe
jmuben,jmuben2,2583,data/raw/jmuben/Miner/1 (13897).jpg,16,bicho_mineiro,128,128,74cd4f1e5875325d15a9897d3d449c1abc66966fa4ae960f0ca7665b5a7ef236,8b531a5bcaf2ec1af695ea69313327821e50c5ad1fd1677acb19d5f0261ac08d,jmuben-1536,treino_auxiliar,0,grupo_ja_representado
jmuben,jmuben2,2584,data/raw/jmuben/Miner/1 (13898).jpg,16,bicho_mineiro,128,128,67c14147c0834e726644b9270396dd8107ac4c3b387341b2d431f885ac8c0211,8b531a5bcaf2ec1af691ea6d313323821e50c5ad1fd1277acb19d5f4263ac08d,jmuben-1536,treino_auxiliar,0,grupo_ja_representado
jmuben,jmuben2,2585,data/raw/jmuben/Miner/1 (13899).jpg,16,bicho_mineiro,128,128,88b4a106a9c13353e79ba09fffff490e71a8953b3774177126f305d6ad8849a9,81cc5a0c1bcc2dc4ae27b4b1bd391a5b18b3eb4a325adca513eb2f122b4569ef,jmuben-1538,treino_auxiliar,0,acima_do_limite_da_classe
jmuben,jmuben2,2586,data/raw/jmuben/Miner/1 (13900).jpg,16,bicho_mineiro,128,128,39d4617bda018b9f78686b8512e7f2459d7e2fbe1ea3bc9e49d6c4df4b6e19b6,81cc5a0c1bcc2dc4ae27b4b1bd381a5b18b3eb4a325bdca513e92f122b4d69ef,jmuben-1538,treino_auxiliar,0,acima_do_limite_da_classe
jmuben,jmuben2,2587,data/raw/jmuben/Miner/1 (13939).jpg,16,bicho_mineiro,86,256,ccf714240f91e6b05613f5c2ab1b8e043065e9b2b04c8d21f412955df243f3b0,80665b0b1bb14784f0d83c8bc66c3b0fc1c933668d73760ccba6b3b3c998b36f,jmuben-1540,treino_auxiliar,1,
jmuben,jmuben2,2588,data/raw/jmuben/Miner/1 (13940).jpg,16,bicho_mineiro,128,128,7e80e1d53cefe299f2595fd97b03367e46543d8dbd93b3e7cf90568f3b3f5eef,876a30f490d46d397b394a8ceda537738b1235add24d6d5bc7293135da823073,jmuben-1541,treino_auxiliar,0,grupo_ja_representado
jmuben,jmuben2,2589,data/raw/jmuben/Miner/1 (13941).jpg,16,bicho_mineiro,128,128,609db8c334595dd5a1b5cfdf4056aa35c0743c15ab459b0e6c7b2d932db5141e,83376e36871b719bd58fa583a97b1a2b2d862b53ca59b2949e28d2cf74944724,jmuben-1542,treino_auxiliar,0,acima_do_limite_da_classe
jmuben,jmuben2,2590,data/raw/jmuben/Miner/1 (13942).jpg,16,bicho_mineiro,128,128,ac63d120e187e35032de2e53c3fb2a27443d185ceec6030d5729e3028ece53f6,83336e36871b719bd58fb5c3a97b1a2b2d862b53ca59b2948e28d2cf74944724,jmuben-1542,treino_auxiliar,0,acima_do_limite_da_classe
jmuben,jmuben2,2591,data/raw/jmuben/Miner/1 (13943).jpg,16,bicho_mineiro,111,256,c8253eea84e5b17b7bfa64e825b58882d732d9e0385bebd6bba27894c27cfecb,84316bc464d6e662b82c09b7f08b4ccce23369e5f03ecf99c2a570f1f40e76e3,jmuben-1544,treino_auxiliar,1,
jmuben,jmuben2,2592,data/raw/jmuben/Miner/1 (13944).jpg,16,bicho_mineiro,128,128,61b542e159adc58af4920d91d73f1558c67b178e9febffe98ab3bfe42b320c55,8d9a75d8909b4e7e6716696b34a906dc39cb12e539b4691bce499684e64e3369,jmuben-1545,treino_auxiliar,0,acima_do_limite_da_classe
jmuben,jmuben2,2593,data/raw/jmuben/Miner/1 (13945).jpg,16,bicho_mineiro,128,128,c861081c246345299fd9e7fd88715d037fd89681f8ab56c981b24caba8f0f93f,826c7c6c8e66533251b8b50fad42d27eb51f294c0a56e2b729a58a57b29ea9b5,jmuben-1546,treino_auxiliar,0,grupo_ja_representado
jmuben,jmuben2,2594,data/raw/jmuben/Miner/1 (13946).jpg,16,bicho_mineiro,128,128,942a353f4eccca42dd68ccff29562421a664fa6c94dcce9f90cbfd4cb0a64130,826c7c6c8e66533251b8b50fad42d07eb51f294c0a76c2f729a58a57b29ea9b5,jmuben-1546,treino_auxiliar,0,grupo_ja_representado
jmuben,jmuben2,2595,data/raw/jmuben/Miner/1 (13947).jpg,16,bicho_mineiro,128,128,7078a232f21e237e60da6086b23c9cad928d7c2b7dbe9d865f04a2cf6434e689,8399771983ce78c792e3b7f0ad3e2b4336e2473a5a4256d34c95e8ad24e88d34,jmuben-1548,treino_auxiliar,0,acima_do_limite_da_classe
jmuben,jmuben2,2596,data/raw/jmuben/Miner/1 (13948).jpg,16,bicho_mineiro,128,128,2a8325a54f2df012be2b0f19b3b49020f7e194314cb70b94591c0be7d98f6658,8399771983cc78c792e3b7f0ad3e2b4336e2473a5b4256d34e93e8ab24e88534,jmuben-1548,treino_auxiliar,0,acima_do_limite_da_classe
jmuben,jmuben2,2597,data/raw/jmuben/Miner/1 (13975).jpg,16,bicho_mineiro,113,256,f8e0bf34859356bb65d6815539ddcd1cf9905784d52d8a860a32492d383c32be,86631989a61c4e949fd1db9d93e1363674c64898d2b33d2b0d7ee9445bca10bf,jmuben-1550,treino_auxiliar,0,acima_do_limite_da_classe
jmuben,jmuben2,2598,data/raw/jmuben/Miner/1 (13976).jpg,16,bicho_mineiro,128,128,7d2ad7fd0f055387374a938bfbb3bb37fd1b48c6bd810cd40a4356daabe15989,96363383c6789e8c791360fe0f91ba153313ef766dd2b2498f090562f507ec56,jmuben-1551,treino_auxiliar,0,acima_do_limite_da_classe
jmuben,jmuben2,2599,data/raw/jmuben/Miner/1 (13977).jpg,16,bicho_mineiro,128,128,1101bc3911d92c2697475db123ac2fb04b730c08bff48d2152fa3f624c594b6a,912926e6d9ccb3395690b50f9276b66d129155f168f44138cb3e793dab1b3a58,jmuben-1552,treino_auxiliar,0,acima_do_limite_da_classe
jmuben,jmuben2,2600,data/raw/jmuben/Miner/1 (13978).jpg,16,bicho_mineiro,128,128,ddf3f0bc8b474d892406c8501893f9779ffee6631540bd14b3816a4999b503f8,912926e6d8ccb3395690b50f9276b66d129155e16ad44138cb3e793deb5b3a58,jmuben-1552,treino_auxiliar,0,acima_do_limite_da_classe
jmuben,jmuben2,2601,data/raw/jmuben/Miner/1 (13979).jpg,16,bicho_mineiro,128,128,88ab4e480e558fed1dc9a3977c0ee18d2cfc642331f1661e06bcbbb2c3966398,899427c3c9ee91907a5b5ac4a5924b616c5ac98d64d1ddbc23fed996b34b1896,jmuben-1554,treino_auxiliar,0,acima_do_limite_da_classe
jmuben,jmuben2,2602,data/raw/jmuben/Miner/1 (13980).jpg,16,bicho_mineiro,128,128,54a6183da7b4a4a8248f9ac1f148c3c4d609323d4c3053e23cbd6ccb2deec08d,899427c3c9ee91907a5b5a86a5924b616c4ac98d64d1ddbc23fed996b74b1896,jmuben-1554,treino_auxiliar,0,acima_do_limite_da_classe
jmuben,jmuben2,2603,data/raw/jmuben/Miner/1 (13981).jpg,16,bicho_mineiro,128,128,0a385233ce191bf12355cd540b3ca52866f962044e949b8d6cf784882944be46,9391d284c8406b5a69a89d694fa0cc25cbb79cb69cb5ca37cd82fe92924689ff,jmuben-1556,treino_auxiliar,0,acima_do_limite_da_classe
jmuben,jmuben2,2604,data/raw/jmuben/Miner/1 (13982).jpg,16,bicho_mineiro,128,128,da149b67159cb1b85fd111da022680d1325c52eb5d55bf76723344859065f1e2,9391d284c8406b5a69a89d694fa2cc2d89b79cb69cb5c237cd82fe929242cbff,jmuben-1556,treino_auxiliar,0,acima_do_limite_da_classe
jmuben,jmuben2,2605,data/raw/jmuben/Miner/1 (13983).jpg,16,bicho_mineiro,128,128,87e6e981a24ea20f4edb0c6f64b95d759861f6472f19c32118c58c46b92e9d94,90c6371626fcecc64cc7199a9981e177eb114bcc3a0aa7b9e5df374b12a5a21c,jmuben-1558,treino_auxiliar,1,
jmuben,jmuben2,2606,data/raw/jmuben/Miner/1 (13984).jpg,16,bicho_mineiro,128,128,2b718e4dd7b984f0e3b8627ec18c811dfa107423467375e0449b2571854413ee,90e6371626fcecc64cc7199a9981e177eb104bcc3a0aa7b9e59f3f4b12b5821c,jmuben-1558,treino_auxiliar,0,grupo_ja_representado
jmuben,jmuben2,2607,data/raw/jmuben/Miner/1 (13985).jpg,16,bicho_mineiro,128,128,9f781b8041f865ec0b87fcb44e7550b94604771e03fae038b9d2ed1c7bc6ccae,aee6919bb6c46ee8a4d1c9399b33b3f7b4fecf2453e0380dc6c374b893030160,jmuben-1560,treino_auxiliar,0,grupo_ja_representado
jmuben,jmuben2,2608,data/raw/jmuben/Miner/1 (13986).jpg,16,bicho_mineiro,128,128,c95d0d891d07e5eae36d089b3e1efa2af1fb025111acf35373694e482cad04a1,aee69199b6c66ee8a4d1c9399b33b3f7b4ffcf2443e0380dc6c374b893030160,jmuben-1560,treino_auxiliar,0,grupo_ja_representado
jmuben,jmuben2,2609,data/raw/jmuben/Miner/1 (13987).jpg,16,bicho_mineiro,128,128,b08e75a3b89ac640d8f1535265da10b83015f4cc183e0796180e1f5f103a6a85,88865cc67cf08661e603511be4f03b63a07f7d324f287f963847f2d37d4a51e4,jmuben-1562,treino_auxiliar,0,acima_do_limite_da_classe
jmuben,jmuben2,2610,data/raw/jmuben/Miner/1 (13988).jpg,16,bicho_mineiro,128,128,98a927174874781609ad89fdfcfecd85deb6fcfa58ea8f29126b6c88ed332ed9,88865c467cf08661e6035119e4e03b63a07f7d324f383f963867f2d37d4a91f5,jmuben-1562,treino_auxiliar,0,acima_do_limite_da_classe
jmuben,jmuben2,2611,data/raw/jmuben/Miner/1 (13989).jpg,16,bicho_mineiro,128,128,4fb59f948f2acbc3cf17eb896feaa3945d47e5bafc83e2cc79f80503e756af64,88670ccf7c674ed88567e61f183d429cc6612bb72338f5e67432c231731c3c37,jmuben-1564,treino_auxiliar,0,acima_do_limite_da_classe
jmuben,jmuben2,2612,data/raw/jmuben/Miner/1 (13990).jpg,16,bicho_mineiro,128,128,941654b8effdd4b6fadfcb60a68f7eeb02d3b048f7d391f8f87c861944792619,88670ccf7c674ed88567e61f183d429cc6612bb72238d5e67432c633731c3c37,jmuben-1564,treino_auxiliar,0,acima_do_limite_da_classe
jmuben,jmuben2,2613,data/raw/jmuben/Miner/1 (13991).jpg,16,bicho_mineiro,128,128,12d440535d37dfe44c4ba7a277384bf55258293174c3f5104d9177c8a0f982f9,98e02732f673379c2c5727456741e3cfe0d270b32c953d8d1e2f5aa98b83239a,jmuben-1566,treino_auxiliar,0,grupo_ja_representado
jmuben,jmuben2,2614,data/raw/jmuben/Miner/1 (13992).jpg,16,bicho_mineiro,128,128,d89f708cbfb468fe82a0cb59da66984439af0021d78dcdd520208ad15c5ef382,98e02732f673379c2c5727456741e3cfe0d270b32c953d8d1e2f5aa98b83239a,jmuben-1566,treino_auxiliar,1,
jmuben,jmuben2,2615,data/raw/jmuben/Miner/1 (13993).jpg,16,bicho_mineiro,128,128,bbea6d9321aced0f3c0b38df4110d7f396ff1baab06c605762b172a5bf6a99a4,8c037e0eb38e39817c61a721620662f21ddb1fe78b419073f4186d44fdf5cdf8,jmuben-1568,treino_auxiliar,0,grupo_ja_representado
jmuben,jmuben2,2616,data/raw/jmuben/Miner/1 (13994).jpg,16,bicho_mineiro,128,128,01acbe0c533362a659db757010f98c5beee76c670a295081b601662b1f3d1074,8c037e0eb38e39817c61a721620622f21dfb1fe18b4190fbf4586d64ddf5c5f8,jmuben-1568,treino_auxiliar,1,
jmuben,jmuben2,2617,data/raw/jmuben/Miner/1 (13999).jpg,16,bicho_mineiro,128,128,f05655596ce22852498709e8506a0247efef2515e3be3830408b27f07b0117c3,825928ad4b61daa3d8a6b7a93da3c92fcbfad20a30da76905512cbe4ab15327d,jmuben-1570,treino_auxiliar,0,acima_do_limite_da_classe
jmuben,jmuben2,2618,data/raw/jmuben/Miner/1 (14000).jpg,16,bicho_mineiro,128,128,f722103057a7e4c3520ca2a7905fbd5bcc8cf29478c5c2bcaf2a4922da1260cc,825928ad4b61daa3d8a6b7a93dabc92ecbfad60a30da769055138b64ab1d325d,jmuben-1570,treino_auxiliar,0,acima_do_limite_da_classe
jmuben,jmuben2,2619,data/raw/jmuben/Miner/1 (14001).jpg,16,bicho_mineiro,128,128,96f8c8f2b8fec03a9525de77106c54c88e28ab2a48d2332321e56bbf43cbdb46,965536c54ed1d031273c8af1f0c61ef35382c4bab84a27e6e926cf5959cc633c,jmuben-1572,treino_auxiliar,0,acima_do_limite_da_classe
jmuben,jmuben2,2620,data/raw/jmuben/Miner/1 (14002).jpg,16,bicho_mineiro,128,128,1dc0ff92744d2092461ef884b765da4f9c860dc9193a550a3376ea320e0ea843,961d36c54ed1d031273c8af9f0c61ef35382c4bab84a27e6e926cf5919cc633c,jmuben-1572,treino_auxiliar,0,acima_do_limite_da_classe
jmuben,jmuben2,2621,data/raw/jmuben/Miner/1 (14011).jpg,16,bicho_mineiro,128,128,2d564cc7cd5b29a5a1a505b93b053e1990b0e40340cf8b62aed58eae58874215,a40b2aadc5aad7c83576ad06d97e1b458255ee913da6036be04f1f8a83b3e835,jmuben-1574,treino_auxiliar,0,grupo_ja_representado
jmuben,jmuben2,2622,data/raw/jmuben/Miner/1 (14012).jpg,16,bicho_mineiro,128,128,d6d06954bcd361805b122b187f11136e3b85e7226c58afe03515d887af5c2123,a40b2aadc1aad7cc3576ad06dd5e1b658255ee913da6037be06e1eca1393e035,jmuben-1574,treino_auxiliar,0,grupo_ja_representado
jmuben,jmuben2,2623,data/raw/jmuben/Miner/1 (14013).jpg,16,bicho_mineiro,128,128,85605875c814712e2e117e639766011c1fb7a4602999fb2ca0d341c5762cce74,916835b22e0d8d1ffdb66125486be65a0bf10787b21cfc36e7d803e6f091c0ed,jmuben-1576,treino_auxiliar,0,acima_do_limite_da_classe
jmuben,jmuben2,2624,data/raw/jmuben/Miner/1 (14014).jpg,16,bicho_mineiro,128,128,6d8e71eaba197a5098159c09fb428cad7524e96ed69174d83f53f96154cf6fe1,916835b22e0d8d1ffdb66125486be65a0bf10787b21dfc36e7d803e6b091c0ed,jmuben-1576,treino_auxiliar,0,acima_do_limite_da_classe
jmuben,jmuben2,2625,data/raw/jmuben/Miner/1 (14015).jpg,16,bicho_mineiro,128,128,e5e5b46fb79bfcd7c8b168099be1ae51aa7ebc4f6fd85922ee4c5bdde9c2dae5,9295d6b56c3664977a50ddaac8a91c5a0fccf1c2f059065e1ee08bd5e585fc2a,jmuben-1578,treino_auxiliar,0,grupo_ja_representado
jmuben,jmuben2,2626,data/raw/jmuben/Miner/1 (14016).jpg,16,bicho_mineiro,128,128,12e2bbe98cb29ed9fec5d8a636690cd25e633655d42cbdce49e05e017184d63a,9285d6b56c3664877a50ddaac8a91c5a0f8ef3c2f059065e1eca8bd4e1c5fc2b,jmuben-1578,treino_auxiliar,0,grupo_ja_representado
jmuben,jmuben2,2627,data/raw/jmuben/Miner/1 (14017).jpg,16,bicho_mineiro,128,128,03e734dfb1e3a8b518e3902f5ae43938f236241338aa140192ad01de582c010d,916835b26e3c8d3fe9a46125c8cbf64a1b970e1ef058f9e007c90327d09ddfe8,jmuben-1576,treino_auxiliar,0,acima_do_limite_da_classe
jmuben,jmuben2,2628,data/raw/jmuben/Miner/1 (14018).jpg,16,bicho_mineiro,128,128,56a9288f5911c1f6e1fd8a32fc9c6f725066a1a4e5cf7063d43895e450b33c8a,916835b26e3c8d3fe9a66125c8cbf64a1b970e1ef058f9e007c90327d09ddde8,jmuben-1576,treino_auxiliar,0,acima_do_limite_da_classe
jmuben,jmuben2,2629,data/raw/jmuben/Miner/1 (14019).jpg,16,bicho_mineiro,128,128,b7e36ba05fbc79fec3f09b7b6e125506644b03b1bdb51b31d5958a214d54392b,843d40a773e15b5adbc768d26ce05973a34bac2910a756bc54f7a5d491b8587a,jmuben-1582,treino_auxiliar,0,acima_do_limite_da_classe
jmuben,jmuben2,2630,data/raw/jmuben/Miner/1 (14020).jpg,16,bicho_mineiro,128,128,8a8e8e537f21f90aab257c752d38c92e728835c05179fae234d6a90cb29d12c9,843d40a773e15b5adbc768d06ce05973a34bac2918a756bc54f7a9d491b8587a,jmuben-1582,treino_auxiliar,0,acima_do_limite_da_classe
jmuben,jmuben2,2631,data/raw/jmuben/Miner/1 (14021).jpg,16,bicho_mineiro,128,128,47fa1c67422d5c66e064221369af757e06536cc855126aa869f9811e7174c274,92d325616c1a9e3cb9593352084decb1f3c20f870616f80dfdf53e7d7c21f442,jmuben-1584,treino_auxiliar,0,acima_do_limite_da_classe
jmuben,jmuben2,2632,data/raw/jmuben/Miner/1 (14022).jpg,16,bicho_mineiro,128,128,490d6e404509742ea733232f76897a945178aef2392e07b61cb9022b17328e3d,92d325696c1a9e3cb9592352085de4b1f3c20f870616f85dfdb43e4d7c25f4c2,jmuben-1584,treino_auxiliar,0,acima_do_limite_da_classe
jmuben,jmuben2,2633,data/raw/jmuben/Miner/1 (14023).jpg,16,bicho_mineiro,128,128,4fdcc7996e2da19ea3dfc00eff9de440bec3067404044e1221ec409d535b9457,aaaa39b487559caa0ea2c6d1f277b8145e029e322fdcc99a48d31d634799a35f,jmuben-1586,treino_auxiliar,0,acima_do_limite_da_classe
jmuben,jmuben2,2634,data/raw/jmuben/Miner/1 (14024).jpg,16,bicho_mineiro,128,128,becf0526a7d943bc51c5d71c3a2bddb20df9c741bd1767aed25178a982e2f17a,aaaa39b487559caa0ea2c6d1f277b8165e029e322fdcc99a48d11d634799a75d,jmuben-1586,treino_auxiliar,0,acima_do_limite_da_classe
jmuben,jmuben2,2635,data/raw/jmuben/Miner/1 (14035).jpg,16,bicho_mineiro,101,256,1522ac1cf0bbd965e0f16ea3164a908846378be6774a951adea3449fbaf183ca,987563e6e0a686450789779cf98c98cd707d38aeccc3f2f110e144ec7c279c73,jmuben-1588,treino_auxiliar,1,
jmuben,jmuben2,2636,data/raw/jmuben/Miner/1 (14036).jpg,16,bicho_mineiro,128,128,bbb7363c9edae619da6f821a21af05113bbcb6f7cfcf5e669c68cc92be8826d0,87d97e7bd447c744399a7d3d9d0c89e831dc1e86cfb101c6204bcca707fc8319,jmuben-1589,treino_auxiliar,0,acima_do_limite_da_classe
jmuben,jmuben2,2637,data/raw/jmuben/Miner/1 (14037).jpg,16,bicho_mineiro,128,128,d0c4a3df23c3ff07745a17a5942435181d300afa76cad92cde536dd13b098c41,9e3f7878c1e503c033c17a8f8f0f4a0037e0fa1c89555d78fc0b8fe77478c3a4,jmuben-1590,treino_auxiliar,0,grupo_ja_representado
jmuben,jmuben2,2638,data/raw/jmuben/Miner/1 (14038).jpg,16,bicho_mineiro,128,128,9ecff86d4db4f54b5526d56df240ec7470691d87c5d31cd38716373a7f812eb3,9e3f7878c1e403c433c17a8f8f0f4a0037e0fa1c89555d38fc0b8fef7468d3a4,jmuben-1590,treino_auxiliar,0,grupo_ja_representado
jmuben,jmuben2,2639,data/raw/jmuben/Miner/1 (14039).jpg,16,bicho_mineiro,128,128,2342599bc2de0b03dfd5e2a9dc4fe814264bdcecbeecf4de44b7a0400bda2ce1,b9e5c7008cfc6451d04c37486e00d3b4b4126fe7f1db86bddb476423add49b0b,jmuben-1592,treino_auxiliar,0,grupo_ja_representado
jmuben,jmuben2,2640,data/raw/jmuben/Miner/1 (14040).jpg,16,bicho_mineiro,128,128,a0c2761025c756d64b114e8ebf4d0642c5cdf0ac31e22cf70ed998b0a6bbd863,b9e538fe8cfc9b2ad04cc8976e022c4bb4129018f1db7942db479bd4add464f4,jmuben-1593,treino_auxiliar,0,acima_do_limite_da_classe
jmuben,jmuben2,2641,data/raw/jmuben/Miner/1 (14041).jpg,16,bicho_mineiro,80,256,fab2ae6ad15ed60c837d8b0232ced219a0b0943c5c1b05d9a12e0a6fc13b987c,9180419f6421e21da10ec780cfce5e9e1c543f386b6b6333e6f1b4f51cce5e66,jmuben-1594,treino_auxiliar,0,acima_do_limite_da_classe
jmuben,jmuben2,2642,data/raw/jmuben/Miner/1 (14042).jpg,16,bicho_mineiro,128,128,2c2da64e1b4729fd4bce1f0837409ee8b48a8954a2d50fb77847434f5fbfd5d4,8787771f3c78f5b85c0fefc7d781deb8c8e14c103e38da9f8003d081ea84b631,jmuben-1595,treino_auxiliar,1,
jmuben,jmuben2,2643,data/raw/jmuben/Miner/1 (14043).jpg,16,bicho_mineiro,128,128,ded84c47193a11f99303fff5a70b593dee7a30f526ee2cd43b2b021254ef8565,ad265b69d24999b4bda906adf0d054565813de22c7eb98facc49877ae71465a4,jmuben-1596,treino_auxiliar,0,acima_do_limite_da_classe
jmuben,jmuben2,2644,data/raw/jmuben/Miner/1 (14044).jpg,16,bicho_mineiro,128,128,100a37d1fa6db3966ba380853a4314a200210a357beb84ca54c9013b8d413062,ad265b69d24999b4bda906adf0d256565813de22c76bb8eacc49877ae7146584,jmuben-1596,treino_auxiliar,0,acima_do_limite_da_classe
jmuben,jmuben2,2645,data/raw/jmuben/Miner/1 (14045).jpg,16,bicho_mineiro,128,128,f981703282fb283e1845073a45927d2e2517fef6e63ac848439b8dca051f10cc,9f037c38d831cc0ea1ff31fc34fef688da2081753e28c9c60da3fe9084bfc097,jmuben-1598,treino_auxiliar,1,
jmuben,jmuben2,2646,data/raw/jmuben/Miner/1 (14046).jpg,16,bicho_mineiro,128,128,8d414ccaa05ae8e8bd0e870964db2819c3c40bd15440c7684b089f423857f64a,9f037c38d831cc0ea1ff31fc34fef688da2081773e28c9c40da3fe9084bfc097,jmuben-1598,treino_auxiliar,0,grupo_ja_representado
jmuben,jmuben2,2647,data/raw/jmuben/Miner/1 (14047).jpg,16,bicho_mineiro,128,128,d50b6b42a70a36adc7e2812c700dc7d83070894b479fd40986a4be91c4fa69a2,9e317c71cc98a5f0710c5e8dcbf3343cd2807870da0e09ff36f843cc7641f9b8,jmuben-1600,treino_auxiliar,0,grupo_ja_representado
jmuben,jmuben2,2648,data/raw/jmuben/Miner/1 (14048).jpg,16,bicho_mineiro,128,128,a6e4c486b11c43707d8e16da391ff7f99fe19c9e6c66a9df08ef68003bcf2717,9e317c71cc98a5f0710c5e8dcbf3363cd2807870da0e49ff36f843cc7601f1b8,jmuben-1600,treino_auxiliar,0,grupo_ja_representado
jmuben,jmuben2,2649,data/raw/jmuben/Miner/1 (14049).jpg,16,bicho_mineiro,125,256,ff1a7d593dde6e70529772fca13885abc0ab5b459f37d6f6616b29db4893d40f,acb441f0dbe08d933f0973f74014c36aab6a3965d0a5e664354a16c9cebda6b5,jmuben-1602,treino_auxiliar,0,grupo_ja_representado
jmuben,jmuben2,2650,data/raw/jmuben/Miner/1 (14050).jpg,16,bicho_mineiro,128,128,c547cde9a11496f99daaaef0c22ceb0727cb4e365e36ba019f358d272cb8dd38,9fdc753781c561da74c7d58216737ee3c028bc79c28e4ebc78e3065a98f2d104,jmuben-1603,treino_auxiliar,0,acima_do_limite_da_classe
jmuben,jmuben2,2651,data/raw/jmuben/Miner/1 (14083).jpg,16,bicho_mineiro,82,256,5b8b90e460b6245cc4a257ced52ed91352bf598f6071bd3fa9cb7f5401fda4ec,9ce17598dd33a337d3265266b4445c9c5a4bd673c431e16bf8485ab9b50a9566,jmuben-1604,treino_auxiliar,0,acima_do_limite_da_classe
jmuben,jmuben2,2652,data/raw/jmuben/Miner/1 (14084).jpg,16,bicho_mineiro,128,128,24a4c0586cb465ed14ad099d997d595dcde512931089fb65900e3262c4a14d4c,98c47466e494a94c6add5a9154b69f098f564f92b396b0e9646c5e3a667c01bf,jmuben-1605,treino_auxiliar,0,acima_do_limite_da_classe
jmuben,jmuben2,2653,data/raw/jmuben/Miner/1 (14085).jpg,16,bicho_mineiro,128,128,525544f6228b6f35cc365c99bcf9e3470ef4a54b6c9bf9449924bad793fc591c,8d306ac96a99d2240747b099569badb334ec227cbd3795bd7a3d3363261b2e90,jmuben-1606,treino_auxiliar,0,grupo_ja_representado
jmuben,jmuben2,2654,data/raw/jmuben/Miner/1 (14086).jpg,16,bicho_mineiro,128,128,0be1a324d63386e9dce287106842eebd86267badf08a7f678afe52218d555e6b,8d306ac96a99d224074fb099569aadb734ec227cad3695bd7a7d3363261b2e84,jmuben-1606,treino_auxiliar,0,grupo_ja_representado
jmuben,jmuben2,2655,data/raw/jmuben/Miner/1 (14087).jpg,16,bicho_mineiro,116,256,13b4cb8f1c49e7d9faf6d60b14e8e2f3cb9f1513331b608622cfb68d8ebe8258,98887f33f5a6a7369b266266955031932b79da5a5ab2872ac56c4b522b9737a4,jmuben-1608,treino_auxiliar,0,acima_do_limite_da_classe
jmuben,jmuben2,2656,data/raw/jmuben/Miner/1 (14088).jpg,16,bicho_mineiro,128,128,eabbd315c9001b5825cc184064b3f456c13c68c4aee7a6f928c200cba35f2a7c,91c49b596e763cf6ce43ce11433c87b7f39c53ec01c140cec8d8fca336bd8521,jmuben-1609,treino_auxiliar,0,acima_do_limite_da_classe
jmuben,jmuben2,2657,data/raw/jmuben/Miner/1 (14089).jpg,16,bicho_mineiro,103,256,654a2f2d0f264f34acb66c84588eb6bc25dbdf35a05a030a6aa406d3f10d626b,999e7f336956ac24996e5a4c84dc85e9227362d3782b1fa6b051bc59ca925aab,jmuben-1610,treino_auxiliar,1,
jmuben,jmuben2,2658,data/raw/jmuben/Miner/1 (14090).jpg,16,bicho_mineiro,128,128,b9f0cd7fe899e03765b5c41250bab8bb0fe54bd1c22e997e9ec95f3fa8ecf79c,909c7b5964dd8d6da751a2594af6fa2b672d50b4b209a50ce58268d91a6fb0eb,jmuben-1611,treino_auxiliar,1,
jmuben,jmuben2,2659,data/raw/jmuben/Miner/1 (14091).jpg,16,bicho_mineiro,89,256,1a7788ba3f8f8a9804fccab825a26bbc423a553b135ab1e2b26e7a1a5fe8968d,9cf97d8ea539a3915b377266b4c66ace5a69d6b1c431e1636a983aa89522864b,jmuben-1604,treino_auxiliar,0,acima_do_limite_da_classe
jmuben,jmuben2,2660,data/raw/jmuben/Miner/1 (14092).jpg,16,bicho_mineiro,128,128,ad6d774b8b4eb3a4a0209f3b4398d87dea2764d139d61a7ba595783e894ce085,8a667466a48c294c6add1ab2f5298f6961d232f4702d6e6d4f9f408cd9a1fbf0,jmuben-1613,treino_auxiliar,0,acima_do_limite_da_classe
jmuben,jmuben2,2661,data/raw/jmuben/Miner/1 (14093).jpg,16,bicho_mineiro,117,256,2ae425a2d5a44b25d4451a7adbf33a45451445b267b750ca58963bd48761fd1c,98cf7f997da3a6139ba3626694f6a5b0234878491a929628d56cce51ead714b6,jmuben-1608,treino_auxiliar,0,acima_do_limite_da_classe
jmuben,jmuben2,2662,data/raw/jmuben/Miner/1 (14094).jpg,16,bicho_mineiro,128,128,ac5509a819da9fff334ae55a01933044f5de56cb87e26df0d254f6579ea076d2,98cc7fece4d48591a14968d97ad710b650f99d2c6dbb8b1a9316b381654c387b,jmuben-1615,treino_auxiliar,0,acima_do_limite_da_classe
jmuben,jmuben2,2663,data/raw/jmuben/Miner/1 (14095).jpg,16,bicho_mineiro,128,128,b04927663fec6bdc5ec7e142c9c056c6afa4a3f390901ee7b9870ac185626a5f,89cc7abf66ea96c9259b252c694b2b5913d216b48ef7dc326619a359030eb29e,jmuben-1616,treino_auxiliar,0,acima_do_limite_da_classe
jmuben,jmuben2,2664,data/raw/jmuben/Miner/1 (14096).jpg,16,bicho_mineiro,128,128,fae2a2ca39be29a501e718ebefea48c60beec9eb753524974535317269886fa5,89cc7abf66ee96c90d9b252c68492b5913d216b48ef7dc326619a359530e329e,jmuben-1616,treino_auxiliar,0,acima_do_limite_da_classe
jmuben,jmuben2,2665,data/raw/jmuben/Miner/1 (14097).jpg,16,bicho_mineiro,128,128,ce520712d36d6abba040fe87095f46d6c459a10a45dbc8f521f967cfb34037ac,979964ec6844f739cedc319f4233d8d0671d1cce49887e67cce00f18747ebc84,jmuben-1618,treino_auxiliar,0,acima_do_limite_da_classe
jmuben,jmuben2,2666,data/raw/jmuben/Miner/1 (14098).jpg,16,bicho_mineiro,128,128,45246336fd4cd991f71047c5832eeef7ba6c034874dae042f63a701f84f4f05f,99097bbaf4939553297dd8df9a9494a44d69694a521a9f82dce66cf306529698,jmuben-1619,treino_auxiliar,0,acima_do_limite_da_classe
jmuben,jmuben2,2667,data/raw/jmuben/Miner/1 (14099).jpg,16,bicho_mineiro,128,128,f84c53b62beb05ee649bb28f669a4cffe539ebcaacfcc27745f449237282534e,99c97abbf591b5112971d8139ab4d4a5cc2de94a73ca9bc05c634ceb4758469a,jmuben-1619,treino_auxiliar,0,acima_do_limite_da_classe
jmuben,jmuben2,2668,data/raw/jmuben/Miner/1 (14100).jpg,16,bicho_mineiro,128,128,c9122d876dd8e67e7e65d7e997f0417a602fe1b25329827f1bc23d8b4183f731,99c97abbf5919513297178139ab496a5c42de94a730a9bc8dc266ceb4749479a,jmuben-1619,treino_auxiliar,0,acima_do_limite_da_classe
jmuben,jmuben2,2669,data/raw/jmuben/Miner/1 (14119).jpg,16,bicho_mineiro,114,256,b47af9df0b36d22cc9c9be1288016e17b7ca3bfc4d037efbfb1801d7cfe471ad,94e5140ccedae67d025c7b58519a189df8c870ee1d36c48b7dad9e2c6b45e156,jmuben-1622,treino_auxiliar,0,acima_do_limite_da_classe
jmuben,jmuben2,2670,data/raw/jmuben/Miner/1 (14120).jpg,16,bicho_mineiro,128,128,13b0b3a6880b893849e8d62c4269a0ca66dd19243825146d5de51e9c1576ba74,91251b18dda30c9deac93f648b53e1763290ebb5b43e338151f925cef1e42c8b,jmuben-1623,treino_auxiliar,0,grupo_ja_representado
jmuben,jmuben2,2671,data/raw/jmuben/Miner/1 (14121).jpg,12,bicho_mineiro,128,128,dca1d1d2accdf17aa91a68178123348d0d3662308d7c5335602c8dcfccd89fb3,91dd198fadc2ea6d0e26c6b371a91f1a4192e5d431343985e5e4f05f1b07f1e1,jmuben-1624,treino_auxiliar,1,
jmuben,jmuben2,2672,data/raw/jmuben/Miner/1 (14122).jpg,12,bicho_mineiro,128,128,712dbda418af116169031cce1352ffa2daf48ee7515d7d094733b485f9ea4b24,91dd198fadc6ea6d0e26c6b370ab1f1a4192e5d4913c3987c5e4f05c1b07f1e1,jmuben-1624,treino_auxiliar,0,grupo_ja_representado
jmuben,jmuben2,2673,data/raw/jmuben/Miner/1 (14123).jpg,12,bicho_mineiro,128,128,516b7d7b0b496add78e45fe47e3ae54074a8cec75775598581d7a0eb107f9a68,91841ace04c8b4cf786e0f62c9d3721af259519139fb0effe013df00275bb27e,jmuben-1626,treino_auxiliar,0,acima_do_limite_da_classe
jmuben,jmuben2,2674,data/raw/jmuben/Miner/1 (14124).jpg,12,bicho_mineiro,128,128,e6a775ec1ab09f7ce0bc6b2dee2cdaf05dc497778853f01ff6f1ef6e01d083d6,918418ce04c8b4cf786e0f62c953721af25bd19139fb0effe013df00275bb27e,jmuben-1626,treino_auxiliar,0,acima_do_limite_da_classe
jmuben,jmuben2,2675,data/raw/jmuben/Miner/1 (14125).jpg,12,bicho_mineiro,128,128,52298aedfa332ba525944e1072b2ac7eb63c5d5ee4e558dd52e9a40943ba7275,90691c42ee615237f59939488f56f2c51f2d4f88c7de1396c5c4515f09c1e1fd,jmuben-1628,treino_auxiliar,0,grupo_ja_representado
jmuben,jmuben2,2676,data/raw/jmuben/Miner/1 (14126).jpg,12,bicho_mineiro,128,128,0b5092916504a381e00a1b2c62410a8b8d4b3c4d454f09c79e9487022cb2c2fd,90691c42ee615237f59939488f56f2c51f2d4f88c7dc1396c5c4515f19c1e1fd,jmuben-1628,treino_auxiliar,0,grupo_ja_representado
jmuben,jmuben2,2677,data/raw/jmuben/Miner/1 (14127).jpg,12,bicho_mineiro,128,128,ab50d5e9db4f382663b609fb907de417d0787d1dd0a7210b62daade83a410fd2,90691c42ee635222d5b339480f56f2d51f2d0f0ac7dc139ecdc4d17c1b87e9e5,jmuben-1628,treino_auxiliar,0,grupo_ja_representado
jmuben,jmuben2,2678,data/raw/jmuben/Miner/1 (14128).jpg,12,bicho_mineiro,128,128,c947e688ede87c07177d64a7ed3b4eba87e917f58223991f9d327f8e25f2335c,90691cc2ee635226d5b339480f54e2d51f2d0f0ac7dc139ecdc4d17c1b87e9e5,jmuben-1628,treino_auxiliar,0,grupo_ja_representado
jmuben,jmuben2,2679,data/raw/jmuben/Miner/1 (14129).jpg,16,bicho_mineiro,128,128,de495a60fcb229bd0b82a8e1594e3ddaa5d09f39527db4b451d47aad28fedaa1,91c9e6678d9e15b20a6439c9e0a3c2f70f3a1f6dc7b4cec9c9851a1b125cd678,jmuben-1632,treino_auxiliar,0,acima_do_limite_da_classe
jmuben,jmuben2,2680,data/raw/jmuben/Miner/1 (14130).jpg,16,bicho_mineiro,128,128,229d93dbab8ebcca7fbb99452c305eba355ab66f4d20374aed2c8f2c184f9fc2,91c9199a8d8eea4d0e64c6b7f0a31d180f3ae0d2c7f43106cd85f7ec1a5f2b87,jmuben-1624,treino_auxiliar,0,grupo_ja_representado
jmuben,jmuben2,2681,data/raw/jmuben/Miner/1 (14155).jpg,16,bicho_mineiro,128,128,def429b70969eea0ddeb23e066dae47ce2299482b635d50d5220ffad6d6640da,858c3dd4f2030f67ac4d29cd431b7f7890cf7f84821778b193c7c42c79f2a943,jmuben-1634,treino_auxiliar,0,acima_do_limite_da_classe
jmuben,jmuben2,2682,data/raw/jmuben/Miner/1 (14156).jpg,16,bicho_mineiro,128,128,438500e7880f90e12b502ff55c1db773970d00658fcebb878e992c74b1f62b6b,858c3dd4f3030f67ac4d29cd431b7f7890c67f84821778f193c7c42c79f2a943,jmuben-1634,treino_auxiliar,0,acima_do_limite_da_classe
jmuben,jmuben2,2683,data/raw/jmuben/Miner/1 (14157).jpg,16,bicho_mineiro,128,128,5e009a6dfce46a5c754c9d45f5549460b9fea7a7ecfe2d8e635c1af323b340b7,8671164979ec539e87a2ae34e4ac25e7df273831e1b96fc3182f937253609487,jmuben-1636,treino_auxiliar,0,acima_do_limite_da_classe
jmuben,jmuben2,2684,data/raw/jmuben/Miner/1 (14158).jpg,16,bicho_mineiro,128,128,1a4d9d55f9ade8fe8f5c4fbbfbc1545baff1c932034f4e85079219866adbffd5,8671164979ec139e87a2ae36e4ac25e7df273831e1b96fc3182fd37253409487,jmuben-1636,treino_auxiliar,0,acima_do_limite_da_classe
jmuben,jmuben2,2685,data/raw/jmuben/Miner/1 (14159).jpg,16,bicho_mineiro,128,128,89110e00f94734d5020c8780f71277a7283b22b0685640835661e16e2b9cff6d,84f33cd3731c879cac65692961cedf263072c3d71e8790fc46e11c9fd6bc6480,jmuben-1638,treino_auxiliar,0,grupo_ja_representado
jmuben,jmuben2,2686,data/raw/jmuben/Miner/1 (14160).jpg,16,bicho_mineiro,128,128,cf29cddc821eb23e555e0f0a64c258db53ef0ab1c9232d60b225ee05920b1564,84733cd3731c879cac65692961cedf263072c3d73e0790fc46f11c9fd2bc6680,jmuben-1638,treino_auxiliar,0,grupo_ja_representado
jmuben,jmuben2,2687,data/raw/jmuben/Miner/1 (14161).jpg,16,bicho_mineiro,128,128,51d0d48023b6f424cb7090a954928d9a8e7dd77078c82c2095f0e5cb708772b0,8471c30e739c7e728f2d97e669ceb0b570341c8e3b432d8062f066fc90bf0a6f,jmuben-1640,treino_auxiliar,0,grupo_ja_representado
jmuben,jmuben2,2688,data/raw/jmuben/Miner/1 (14162).jpg,16,bicho_mineiro,128,128,8cd27f1c7a32a75d6527047a952ac09afcc248807601cbd453b8f91e2f5b25c9,84733cf1739e818d8f3d680969ce4f447034e3713b47c27f66f0990390bff590,jmuben-1638,treino_auxiliar,0,grupo_ja_representado
jmuben,jmuben2,2689,data/raw/jmuben/Miner/1 (14163).jpg,16,bicho_mineiro,128,128,870e14eba0b8af7cbb15ce3a4081f1f21ae93fcd7ca44f09aaa76b3dd4e47283,861c374ef1e38493a7966c34c1b91f9ff00a0f729e01425f3eecea036537ad34,jmuben-1642,treino_auxiliar,0,acima_do_limite_da_classe
jmuben,jmuben2,2690,data/raw/jmuben/Miner/1 (14164).jpg,16,bicho_mineiro,128,128,7e2fd8ac27390e5167d9501bdb84e54fd9d034e5747148c19b931ce90544393d,861c374ef1e384d3a7966c34c1b91f9ff00a0f729e01425f3eecaa036537ad34,jmuben-1642,treino_auxiliar,0,acima_do_limite_da_classe
jmuben,jmuben2,2691,data/raw/jmuben/Miner/1 (14165).jpg,16,bicho_mineiro,128,128,ca766cc383d9b98be21a9f240a52c02b93d9a3fb04dc0abfb188e01776fdc6b0,8638365871c681e6af346c2c61e35f3a301ac3f41e43d21f74f89c8176de67e6,jmuben-1644,treino_auxiliar,0,grupo_ja_representado
jmuben,jmuben2,2692,data/raw/jmuben/Miner/1 (14166).jpg,16,bicho_mineiro,128,128,d4715f54b9c6920bea59ca592f89bafba697bc959c3539b45d6d219bc36662e7,86383658718681e6af366c2c61e35f3a301ac3f41e41d21f76f89c8176de67e6,jmuben-1644,treino_auxiliar,1,
jmuben,jmuben2,2693,data/raw/jmuben/Miner/1 (14167).jpg,16,bicho_mineiro,128,128,74c80a0f2c58c364aa0ccebf623fab47085e39ef88fa96e1347103944098a32a,878317c35a7cd01c83f437e4fe04063c9ff876c3044f96fd767267100f3a41ba,jmuben-1646,treino_auxiliar,0,acima_do_limite_da_classe
jmuben,jmuben2,2694,data/raw/jmuben/Miner/1 (14168).jpg,16,bicho_mineiro,128,128,1e9a73a48327044dfedfa531299ed2ca85c65d356b317c69effc2d42a34a68e5,878317c35a7cd81c83f427e4fc04063c9df876c3044f96fd767367110f3a41ba,jmuben-1646,treino_auxiliar,0,acima_do_limite_da_classe
jmuben,jmuben2,2695,data/raw/jmuben/Miner/1 (14169).jpg,16,bicho_mineiro,128,128,da8a7dea239c81bccf3eb0eda2592b8a2f001add737c7bd3f350ee6c03669ffa,870f174778f180f127a76c6d413a3f82f116097cfbb0400e9edd54c4e6972e3e,jmuben-1648,treino_auxiliar,0,acima_do_limite_da_classe
jmuben,jmuben2,2696,data/raw/jmuben/Miner/1 (14170).jpg,16,bicho_mineiro,128,128,44f0fb13a74e5d84270c7b35d259fde989dee9d48e3e2ef34e3418ce8be0f9a2,870f164778f180f127e76c6d413a3dcaf106097cfbb0400a9fdd54cce6972e3a,jmuben-1648,treino_auxiliar,0,acima_do_limite_da_classe
jmuben,jmuben2,2697,data/raw/jmuben/Miner/1 (14171).jpg,16,bicho_mineiro,128,128,88e745b95e9d1d054c98635617d1aab640b6d160b7c050210481be475cf4c95a,861e374ff1e385976d0448391b9fb8048bf4bf81606f2fe8e103ad7d988826db,jmuben-1650,treino_auxiliar,0,acima_do_limite_da_classe
jmuben,jmuben2,2698,data/raw/jmuben/Miner/1 (14172).jpg,16,bicho_mineiro,128,128,01f97170bb3a7478fd5ddae6366b87a467a54177fb16e88a02c17fb8bd2a292a,861e374ff1e385976d0440791b9fb8048ff4bd81606f2fe8e103ad7d988826db,jmuben-1650,treino_auxiliar,0,acima_do_limite_da_classe
jmuben,jmuben2,2699,data/raw/jmuben/Miner/1 (14173).jpg,16,bicho_mineiro,128,128,b05fec55d37fd652ca0291627c65a2540c212f00dfc5813a808c4d8d250b3289,8ccc3d86e2738f4bb84a6346d71994eea3a6dc3a19fbc707683c8ae166838a5c,jmuben-1652,treino_auxiliar,0,grupo_ja_representado
jmuben,jmuben2,2700,data/raw/jmuben/Miner/1 (14174).jpg,16,bicho_mineiro,128,128,bd556f9edbe2120610864f5be042b6c76e1f0a4e7a9a7e0a547445a5307f84cc,8cc43d86e2738f4bb84a634ed71594eea7a6dc3819fbc707683c8ae166838a5c,jmuben-1652,treino_auxiliar,1,
jmuben,jmuben2,2701,data/raw/jmuben/Miner/1 (14175).jpg,16,bicho_mineiro,128,128,3d0e1f792075d09f3306de8f91fcb48680d2ead489e525bfa5d2fe509ef03473,84713c79f18c8f6d6e2861d7df76b031c2e19e8ac0be3dc0aa0f6b688a43933b,jmuben-1654,treino_auxiliar,0,acima_do_limite_da_classe
jmuben,jmuben2,2702,data/raw/jmuben/Miner/1 (14176).jpg,16,bicho_mineiro,128,128,e9c26e556ef5404281be87f8cd59925311e2857769e28b9599b2e885a3a49b88,84713c79f18c8f2d6e2861d6df36b039c2c91e8ac0be2fc0ea0f6b689a4393bb,jmuben-1654,treino_auxiliar,0,acima_do_limite_da_classe
jmuben,jmuben2,2703,data/raw/jmuben/Miner/1 (14177).jpg,16,bicho_mineiro,128,128,10451765311c3fba0cedd14de059e5c01cdeede39a87bb4e7ad20560b82a893c,8cc63dd6f3718731ad4d6863631eda6072e68396dc1939fbc607683aa9606a47,jmuben-1656,treino_auxiliar,0,acima_do_limite_da_classe
jmuben,jmuben2,2704,data/raw/jmuben/Miner/1 (14178).jpg,16,bicho_mineiro,128,128,64bd98478f55ebcd84b2f4694251d85a0086e48d84da8e05164f85870853c7e2,8cc63dd6f3718731ad4d6863631c9a6032e68393dc1939fbc607687aab606a4f,jmuben-1656,treino_auxiliar,0,acima_do_limite_da_classe
jmuben,jmuben2,2705,data/raw/jmuben/Miner/1 (14179).jpg,80,bicho_mineiro,128,128,4ebfac48fea2d2e168e3b8b2d423cc963b9ef0d41333c178c11b4542ab6da7fc,84968ad65ca63d6da6cc3b54912b3c968adb66a51c62e077ecb3c14a3c4c3b9d,jmuben-1658,treino_auxiliar,0,acima_do_limite_da_classe
jmuben,jmuben2,2706,data/raw/jmuben/Miner/1 (14180).jpg,80,bicho_mineiro,128,128,d67e5fa44573402c7f8938773db7825ba881876f01002f91724ea1cd4faf3cbf,849775295ca6c292a6cec4ab912fc3698bdb995a1c621f88ecf33ab53c6ccc62,jmuben-1659,treino_auxiliar,0,acima_do_limite_da_classe
jmuben,jmuben2,2707,data/raw/jmuben/Miner/1 (14191).jpg,12,bicho_mineiro,128,128,485aa6d7d77a3313601ffac6eccb6eb67102fe3b6385d4ed50819383ad6e02e4,95f657ab48a8ca12a6c396a991a59b259c49391a756e36de3895a2d6b27c9729,jmuben-1660,treino_auxiliar,0,acima_do_limite_da_classe
jmuben,jmuben2,2708,data/raw/jmuben/Miner/1 (14192).jpg,12,bicho_mineiro,128,128,a5db44487d022be39897a4febb776f1bc4f8c5873a06fea9a10c6dcb10506e08,95f657ab48a8ca12a6c996a991a59b259c5b391a746e36dea095e6c6b7688729,jmuben-1660,treino_auxiliar,0,acima_do_limite_da_classe
jmuben,jmuben2,2709,data/raw/jmuben/Miner/1 (14193).jpg,12,bicho_mineiro,128,128,591908354ba008e7b8ab3196cd9df4e14692821dd749b632364b4d9587c8d652,81133d3547ddec581fcba9522b1bce4670dc879370308e4763dc72188dfb698e,jmuben-1662,treino_auxiliar,0,grupo_ja_representado
jmuben,jmuben2,2710,data/raw/jmuben/Miner/1 (14194).jpg,12,bicho_mineiro,128,128,5d60e43c9c360ed628e6df789817eadf5bcf91e4f6e2320f147c19135f4ab78b,81133d3547d5ec581fcfa9522b1bce4670dc879770308e0763dc72188dfb69c6,jmuben-1662,treino_auxiliar,0,grupo_ja_representado
jmuben,jmuben2,2711,data/raw/jmuben/Miner/1 (14203).jpg,16,bicho_mineiro,128,128,2723c6449bb53667e5232b309593e05e51a342128c6feee1466833f230c866c9,a3dc5c738d61639c4e22b7c940977426257f8872776c724afe91c14799c523b5,jmuben-1698,treino_auxiliar,0,acima_do_limite_da_classe
jmuben,jmuben2,2712,data/raw/jmuben/Miner/1 (14204).jpg,16,bicho_mineiro,128,128,66a386539ac846288894c3f47eb543fafe3b24c259aa7d0daec5e4e0df938fb4,a3dc5c738d61639c4e22b7c940977426257f8832776c724afe91c14799c723b5,jmuben-1698,treino_auxiliar,0,acima_do_limite_da_classe
jmuben,jmuben2,2713,data/raw/jmuben/Miner/1 (14205).jpg,16,bicho_mineiro,128,128,0e65dee068b987b602cc1ffe46c5d80fa7d9e12652d2550dd0426831f2cc1f04,acdd6c8e9572b0aa68de82ad94727ef19432921a6bd34b6e952ba4b04b1d8b63,jmuben-1700,treino_auxiliar,0,grupo_ja_representado
jmuben,jmuben2,2714,data/raw/jmuben/Miner/1 (14206).jpg,16,bicho_mineiro,128,128,71dab86952011b5625c5c999f75cd1c47a9aa2d65291043621d52371b55f962d,acdd6c8e9573b08a68de82ad947a7ed19412921a6bd34b6e952ba4b84b1d8b63,jmuben-1700,treino_auxiliar,0,grupo_ja_representado
jmuben,jmuben2,2715,data/raw/jmuben/Miner/1 (14215).jpg,16,bicho_mineiro,103,256,bafd0793dae7cbe6909689e58064a10c7890ac4c74d6ef7c71766642964a8c7b,8dcc19b3a26c956c12e46a58913b6c2df0c60eda382b9cbd3ac626dad50bef2d,jmuben-1442,treino_auxiliar,0,grupo_ja_representado
jmuben,jmuben2,2716,data/raw/jmuben/Miner/1 (14216).jpg,16,bicho_mineiro,128,128,34b6dbaf5aae05116e023b510b7f8b6e0a60b7a53d1b9a7fde3cbefb6eacdc4b,9d894a928d19f42d62d622d2c76aad24b8d40377eed7114fa00dc7f3ee130bc7,jmuben-1703,treino_auxiliar,0,acima_do_limite_da_classe
jmuben,jmuben2,2717,data/raw/jmuben/Miner/1 (14217).jpg,16,bicho_mineiro,128,128,629fa5addd1bb6a71d3fefe3a0ea8fe3f27be229668e7a0a1d1b2c0b6804fde6,91112972a9a3c2b4e7582d3ed9e6183e315a0e7d3c75b591350a9dcf3319f728,jmuben-1429,treino_auxiliar,0,acima_do_limite_da_classe
jmuben,jmuben2,2718,data/raw/jmuben/Miner/1 (14218).jpg,16,bicho_mineiro,128,128,fd500044818a0fba29dfdee917e4bf33d85cbed761c7336f951326f195a5705c,91912973a9a1c2b6e7580d3ef9d6983e314a0e7d1c75b590350a9dcf331df328,jmuben-1429,treino_auxiliar,0,acima_do_limite_da_classe
jmuben,jmuben2,2719,data/raw/jmuben/Miner/1 (14219).jpg,16,bicho_mineiro,128,128,52c90f2824fe61b823bc65db359ac86e04826637beb30c03c01e1b0012375239,91325aa42ad6914ee1ab06356eb497d6487abbe16b109fcd49bf363167c38616,jmuben-1436,treino_auxiliar,0,acima_do_limite_da_classe
jmuben,jmuben2,2720,data/raw/jmuben/Miner/1 (14220).jpg,16,bicho_mineiro,128,128,33c044b22b07a5122937133b7fce6b1c32472425fb605964f3908a23c6341592,91325aa42ad6914ee1ab06356eb497d6487abbe16b109fcd49bf363163c38617,jmuben-1436,treino_auxiliar,0,acima_do_limite_da_classe
jmuben,jmuben2,2721,data/raw/jmuben/Miner/1 (14221).jpg,16,bicho_mineiro,128,128,0a9cd8bfe8ecc405a08dc146fa3b7ede101af5fcfbacfe71d73592c895585ba7,91325ba42b56916ae1a106156e9697f6486bb3e56f149fc5689f3611e7c3861e,jmuben-1436,treino_auxiliar,0,acima_do_limite_da_classe
jmuben,jmuben2,2722,data/raw/jmuben/Miner/1 (14222).jpg,16,bicho_mineiro,128,128,5c428017a5bc24f2d5f4a85c9b77f1a48e1ee98935982b704a2f6a38f019b1b9,91335ba42b569162e1b106146ed2d7fa686bb3e56f149ec5689b3611e7438e1e,jmuben-1436,treino_auxiliar,0,acima_do_limite_da_classe
jmuben,jmuben2,2723,data/raw/jmuben/Miner/1 (14223).jpg,16,bicho_mineiro,128,128,2e78abf94dc7e2afc2bed22715474bec0df222925cf7a7ac28d0171fe53a168e,91265ae52bd4914ee5a306356ed0dfc8696ab3056e3c9ccd40bab613ce4e9cf8,jmuben-1436,treino_auxiliar,0,acima_do_limite_da_classe
jmuben,jmuben2,2724,data/raw/jmuben/Miner/1 (14224).jpg,16,bicho_mineiro,128,128,73ea08c8bd896952c9b9a016e6733578eafb51a940717aa3948877c8c4c2c452,91265ae52b54914ee5a10e356ed0dfca696bb3056e3e9ccd40bab603ca5a9cf8,jmuben-1436,treino_auxiliar,0,acima_do_limite_da_classe
jmuben,jmuben2,2725,data/raw/jmuben/Miner/1 (14245).jpg,16,bicho_mineiro,92,256,a78458d9a7418f0f554a5bd26a8ceff22b30f0c9dad176939450c231fc634d6c,86b562b59c66914321f84c1c13873378005e6b2739a59cdaeeca696dfc44f6f6,jmuben-1430,treino_auxiliar,0,acima_do_limite_da_classe
jmuben,jmuben2,2726,data/raw/jmuben/Miner/1 (14246).jpg,16,bicho_mineiro,128,128,285d5345cdf6939a97ee1c7a21b19a541d8ca4384aaf36a7104ac8c9fe0d5dac,b4bb33e0c3c7a35f4c9f891046998d498a6511bed91dcc8824d5aebc465b7cd9,jmuben-1431,treino_auxiliar,0,acima_do_limite_da_classe
jmuben,jmuben2,2727,data/raw/jmuben/Miner/1 (14247).jpg,16,bicho_mineiro,96,256,d5db003cd79c0fa7ea642d59a90e8250ee64be7cf29e9471b15e27a14cecdaef,8eef62399954835721d1147c124ef9d3c838fa0f959366d2636d13ad94b22b7a,jmuben-1432,treino_auxiliar,0,acima_do_limite_da_classe
jmuben,jmuben2,2728,data/raw/jmuben/Miner/1 (14248).jpg,16,bicho_mineiro,128,128,9107acf2a1ed6c7a399757f8e6000c5c268ff5a26452f30ee5b3e2c9a1461d19,924d2522d833a49d1cefbd227a3dd69789323abc070d3ac6722c6757c1a56b59,jmuben-1433,treino_auxiliar,0,acima_do_limite_da_classe
jmuben,jmuben2,2729,data/raw/jmuben/Miner/1 (14249).jpg,16,bicho_mineiro,94,256,d12bcd8dbeb356e75f06bddcd7b4a5e92e762423ad9539f793e1f5887d435d17,8eef63319940875725d1147c164ef9c3c938fa0e959266d2636d13a59cb62f5a,jmuben-1432,treino_auxiliar,0,acima_do_limite_da_classe
jmuben,jmuben2,2730,data/raw/jmuben/Miner/1 (14250).jpg,16,bicho_mineiro,128,128,1353dfdccd8bf6d598452a62495a63a025b87078899712bb8773fceca0f03075,9364db5dcc995be01e65624f7b1c296c8d31d561078cc7297aa698fdc1a4d0b3,jmuben-1435,treino_auxiliar,0,acima_do_limite_da_classe
jmuben,jmuben2,2731,data/raw/jmuben/Miner/1 (14257).jpg,12,bicho_mineiro,111,256,b00db9176c713975c56850152d3329d1cd0324d219e393debb30edef2bcf29cf,8d8c1993aa66d76cd2f6674dd13976bcf08607c2282dbcd4981e26ce9039e72d,jmuben-1442,treino_auxiliar,0,grupo_ja_representado
jmuben,jmuben2,2732,data/raw/jmuben/Miner/1 (14258).jpg,12,bicho_mineiro,128,128,ebf868366eca77dca02d350c906abda58596546004ad66533829c80377adc1cb,959d291b8d39dcbce2ca23caa229cfa5ac16a1da8672fa4d114dc17dcfe15c12,jmuben-1443,treino_auxiliar,1,
jmuben,jmuben2,2733,data/raw/jmuben/Miner/1 (14259).jpg,12,bicho_mineiro,104,256,2e9a01fb56e329a4467683d390a672dace27620e5918de72ee11c217dac0a5b3,898d1b32ae6c97e916d56d59917364bdf38e0ec8b93dbcb0221a2752802bef25,jmuben-1442,treino_auxiliar,0,grupo_ja_representado
jmuben,jmuben2,2734,data/raw/jmuben/Miner/1 (14260).jpg,12,bicho_mineiro,128,128,49f46ca51f830cfbd85b65985e5662c004a783ed1ca84fe70fc0b7708224ac13,8cc07c47cc3e81e036df7697bffeac70f48752b7bb9d069892229ad229434a90,jmuben-1445,treino_auxiliar,0,acima_do_limite_da_classe
jmuben,jmuben2,2735,data/raw/jmuben/Miner/1 (14261).jpg,12,bicho_mineiro,119,256,02ea0f06439a252fa1f2624278cbc64b2f71ff8c0f0f884716cd316e65ade958,898c1b32ad6c97ed26d433499631741dd3c267cdd83d18ac39d430da6aed38f4,jmuben-1446,treino_auxiliar,0,grupo_ja_representado
jmuben,jmuben2,2736,data/raw/jmuben/Miner/1 (14262).jpg,12,bicho_mineiro,128,128,00ba3bac5c3e0fcac2bb8c66b6db4a68659eeefc0ea223f156c4f853da02a75e,8cc07c46c87ca1e33697771e9ef8ece1f486922b2f9a0638baa60af568534ab5,jmuben-1445,treino_auxiliar,0,acima_do_limite_da_classe
jmuben,jmuben2,2737,data/raw/jmuben/Miner/1 (14305).jpg,16,bicho_mineiro,128,128,3e9113d66eb96cf20aa4c829b565ad0f9567f7562af5186c5a25e24600052de5,95ec0aaee5767317148de0b279abad6ea8760b4730494d255b2b5e9a5bb44255,jmuben-1484,treino_auxiliar,0,acima_do_limite_da_classe
jmuben,jmuben2,2738,data/raw/jmuben/Miner/1 (14306).jpg,16,bicho_mineiro,128,128,1dc6f6b2609811172b55d77f86090210cfa2480bec98820499269ed976213b71,95ec0aaae5767317148de1b2792bad4fa8760b6730494c255b2b5e9a5bb44275,jmuben-1484,treino_auxiliar,0,acima_do_limite_da_classe
jmuben,jmuben2,2739,data/raw/jmuben/Miner/1 (14307).jpg,12,bicho_mineiro,128,128,463e8fe231b1ec1f91dfb5a4bbddb3e918a671f864ae34e0396b6c7c13205f59,80017b49a0fb4ff6a3846983506ff49a0ff657b615934c31f21ce0f6c3f19e89,jmuben-1486,treino_auxiliar,0,acima_do_limite_da_classe
jmuben,jmuben2,2740,data/raw/jmuben/Miner/1 (14308).jpg,12,bicho_mineiro,128,128,ec67ca79d11acd6ca73a3d20d3a2b4765f488558418c8f5df8840c624941a9a5,80017b49a1fb4fa6a3806983506ef49a0ff657b715936c31f21ce0f6c3f19f89,jmuben-1486,treino_auxiliar,0,acima_do_limite_da_classe
jmuben,jmuben2,2741,data/raw/jmuben/Miner/1 (14309).jpg,12,bicho_mineiro,128,128,28ee14da5a32db7341d781f8545761aa21db98783fe9f8ec8c61366ba7884f27,80057487e16559fb8cf02e681fd2869f232f18c6de76793141f8c387f1c3db61,jmuben-1488,treino_auxiliar,0,acima_do_limite_da_classe
jmuben,jmuben2,2742,data/raw/jmuben/Miner/1 (14310).jpg,12,bicho_mineiro,128,128,dd7244c9cd32bcc7b033a8853e0944aac04a5955f2483770fe2d79fc8fe4e4dd,80057487e16559fb8cf02e681fd2069f232f18c6de76793141f8c3a7f1c3db61,jmuben-1488,treino_auxiliar,0,acima_do_limite_da_classe
jmuben,jmuben2,2743,data/raw/jmuben/Miner/1 (14311).jpg,12,bicho_mineiro,128,128,b2d333accfcffa772f50d18e1a02b28284d2ff0e6e067e9fe2fc00f5b5d73b43,80005f81f026a4fe6e1957bfb78c2dc903b1e18398ee242eed3ae04ff1e7e079,jmuben-1490,treino_auxiliar,0,acima_do_limite_da_classe
jmuben,jmuben2,2744,data/raw/jmuben/Miner/1 (14312).jpg,12,bicho_mineiro,128,128,bd35e8191ea1276bf30a6ae6eb2d7a992353ebe132c7dc7c77dc5a5564b5537c,80005f81f026a4fe6e1957bfb78c2fc803b1e18398ee242eed3ae04ff1e7e079,jmuben-1490,treino_auxiliar,0,acima_do_limite_da_classe
jmuben,jmuben2,2745,data/raw/jmuben/Miner/1 (14313).jpg,12,bicho_mineiro,128,128,1318e8bec03e1eecd2f4de261d7e92bd6c7c374eb1036ba5e26cea0905f456f0,80065b07f204b1d9a8fb48eed07fa41c5b99b4786d75c27c659cb1ce24f641f3,jmuben-1492,treino_auxiliar,0,grupo_ja_representado
jmuben,jmuben2,2746,data/raw/jmuben/Miner/1 (14314).jpg,12,bicho_mineiro,128,128,a9cec058ef6d97756e417d224ee7170755b36b7570ce44471c6714f3b1b43420,80065b07f204b1c9a8fb48eed07fa41c5b99b4786d75c27c659cb1ce26f641f3,jmuben-1492,treino_auxiliar,0,grupo_ja_representado
jmuben,jmuben2,2747,data/raw/jmuben/Miner/1 (14315).jpg,12,bicho_mineiro,128,128,304d3bd126bf7fb3109c882ddf525b042ec5c36794907f5d49286dfc6ea81915,80065d23f06ca4fd4e33177eb7180f8007e36b8392ef2c09eb78e11ef16ee0f3,jmuben-1490,treino_auxiliar,0,acima_do_limite_da_classe
jmuben,jmuben2,2748,data/raw/jmuben/Miner/1 (14316).jpg,12,bicho_mineiro,128,128,f9c300281ca0a1105635097c2f8e4f83c30d1c4d83677bdf74aaaab4cecaca91,80025d23f06ca4fd4e33177eb7182f8007e36b8392cf2c19ef78e01ef16ee0f3,jmuben-1490,treino_auxiliar,0,acima_do_limite_da_classe
jmuben,jmuben2,2749,data/raw/jmuben/Miner/1 (14317).jpg,12,bicho_mineiro,128,128,7ca83d6c219cfe9eb64c40b8eff50d651736c6db8832f706adaf72c9286b7f77,80035983f022b0ecb07d6827527fb41c7dcc947c6d3acb72e2ce31e79a7166f1,jmuben-1496,treino_auxiliar,0,acima_do_limite_da_classe
jmuben,jmuben2,2750,data/raw/jmuben/Miner/1 (14318).jpg,12,bicho_mineiro,128,128,4d6d7634cbb0d8c0378946e81a69e20eef10ad01fb7cf4dc4cafee3ad174c258,80035987f122b0ecb07d6827527fb41e7dcc947c643acb72e2ce31c79a7164f9,jmuben-1496,treino_auxiliar,0,acima_do_limite_da_classe
jmuben,jmuben2,2751,data/raw/jmuben/Miner/1 (14319).jpg,8,bicho_mineiro,128,128,64ceec3d3fa172ffa5ef1bb2adcca000111386cd498c460cfa11ecbe11cab205,80015ec3f01ba2f6278c0b8117c625c1e8f9f023f877b63b6ca9d16b3be31df8,jmuben-1498,treino_auxiliar,0,acima_do_limite_da_classe
jmuben,jmuben2,2752,data/raw/jmuben/Miner/1 (14320).jpg,8,bicho_mineiro,128,128,6a37dcfc5c17e6e082dd47ea3f6f2c7be46465fc8748ed588c9f6cf42fea0e4a,80115e83f03ba6f6278c0b8117c625c1e8f9f023f877b63b6ca9d16b3ae31d78,jmuben-1498,treino_auxiliar,0,acima_do_limite_da_classe
jmuben,jmuben2,2753,data/raw/jmuben/Miner/1 (14321).jpg,8,bicho_mineiro,128,128,143d2c9a7b3b21327bb443c9c50b89c7492107bacf71f01ebc3ffe965a8d94d8,80015883f024a0ec6e3957bb971c2fc80ff127839bcdb6ae4d38e20ef1cff173,jmuben-1490,treino_auxiliar,0,acima_do_limite_da_classe
jmuben,jmuben2,2754,data/raw/jmuben/Miner/1 (14322).jpg,8,bicho_mineiro,128,128,c84f77d7e4eea8de63695a9e99019eb9067f20aee361cdb7ceb7e1c4d380e5d3,80015883f022a0eeec194fbb971c2fcc0ff127839bcdb6a64db8e33e708fb167,jmuben-1490,treino_auxiliar,0,acima_do_limite_da_classe
jmuben,jmuben2,2755,data/raw/jmuben/Miner/1 (14323).jpg,12,bicho_mineiro,128,128,398ba5ff28f3b72ee2627944d23758ced43080971363d880046a31232b2366d6,80375886f036a6ec6e391f80978c2dc549f3e07ff8eeb476652ad35630c31d51,jmuben-1498,treino_auxiliar,0,acima_do_limite_da_classe
jmuben,jmuben2,2756,data/raw/jmuben/Miner/1 (14324).jpg,12,bicho_mineiro,128,128,1f69984d1ac9a683ad9a35f442dcda87953695a31f16bc292fbf97817751befb,80375886f036a6ec4e391f80958c2dc749f3e07ff8eeb4726d2ad3463ac31d51,jmuben-1498,treino_auxiliar,0,acima_do_limite_da_classe
jmuben,jmuben2,2757,data/raw/jmuben/Miner/1 (14325).jpg,12,bicho_mineiro,128,128,bea76338cb00e63bde4efdebd91d207aff395be2826a54979653a3a8083e8cd2,80025d83b426a4fe4f1b17bfa5c429e3f023f846f42e6d32f35730c79b712e94,jmuben-1490,treino_auxiliar,0,acima_do_limite_da_classe
jmuben,jmuben2,2758,data/raw/jmuben/Miner/1 (14326).jpg,12,bicho_mineiro,128,128,ce38a611434b84149c2ad5f90c2700353afdf86221a5e07653203e8235b804e5,80025d82b426a4fe4f1b17bfa5c429e2f033f846f42e6d3af35730c79b712ed0,jmuben-1490,treino_auxiliar,0,acima_do_limite_da_classe
jmuben,jmuben2,2759,data/raw/jmuben/Miner/1 (14327).jpg,12,bicho_mineiro,128,128,264deec427b252197b7f96aec31078bb2a8171b9ad6ff7a19644c44e92eaaa53,80035887f027a0ecec7d4a37d77eb61c0fd807314f939bd736c71db10e181f8c,jmuben-1506,treino_auxiliar,0,acima_do_limite_da_classe
jmuben,jmuben2,2760,data/raw/jmuben/Miner/1 (14328).jpg,12,bicho_mineiro,128,128,9d93003ed08f82978b5fb7cdaaf718855350abdbf64ff78f53f9a6c476e726a8,80035887f027a0ecec7d4a37d77eb61c0fd807314f939bd536c71db10e381f8c,jmuben-1506,treino_auxiliar,0,acima_do_limite_da_classe
jmuben,jmuben2,2761,data/raw/jmuben/Miner/1 (14329).jpg,12,bicho_mineiro,128,128,c3d576e5b1cd693329343139a473e3fbd50418e80fd20fb66ddb1a8097e47deb,92177296a3e41ff83f005b8fe0bf78e5c4c0a339198f1e063c3945ece1e6c873,jmuben-1508,treino_auxiliar,0,grupo_ja_representado
jmuben,jmuben2,2762,data/raw/jmuben/Miner/1 (14330).jpg,12,bicho_mineiro,128,128,d82ce1da675c59e0a5f1778b28dbd2d3c94ceace751f1ec05891c24bc04dedc9,92177296a3e41ff83f005b8fe0bf78e5c4c0a339198f1e063c3945ece1e6c873,jmuben-1508,treino_auxiliar,0,grupo_ja_representado
jmuben,jmuben2,2763,data/raw/jmuben/Miner/1 (14331).jpg,12,bicho_mineiro,128,128,b570fe3482ab209df4239f129a43452575f798429ed04661dd16b1c9bae57b80,919d299de56e556a3a8542e7f8053d4d85577ad2169b54b54e055bc186daad16,jmuben-1510,treino_auxiliar,0,acima_do_limite_da_classe
jmuben,jmuben2,2764,data/raw/jmuben/Miner/1 (14332).jpg,12,bicho_mineiro,128,128,5dfca3c458cc98095343cf353889cd30b55c122de4a532ae9815b69fd4c822cb,919d299de56e556a3a8542eff0053d4d85557a52069b14b54e255bc196dbbd16,jmuben-1510,treino_auxiliar,0,acima_do_limite_da_classe
jmuben,jmuben2,2765,data/raw/jmuben/Miner/1 (14333).jpg,12,bicho_mineiro,128,128,cab69de885f6a3a8d337777ca1281f078930cf1dea97490a8d1c16b2433138e6,8904a4fbf2015e26e863bf90b47f97e6b478138bc2380e6171de5f18c1f32f0e,jmuben-1512,treino_auxiliar,0,acima_do_limite_da_classe
jmuben,jmuben2,2766,data/raw/jmuben/Miner/1 (14334).jpg,12,bicho_mineiro,128,128,272ad1bf73b377f62647aa91ac7bc0bde576abe6b3b5348ec43fe7e33c40df4f,8b045b05f209a1d9e863406fa47f6819b470ec74c2b8f19e71dea0e7c1f3d3f1,jmuben-1513,treino_auxiliar,0,acima_do_limite_da_classe
jmuben,jmuben2,2767,data/raw/jmuben/Miner/1 (14335).jpg,12,bicho_mineiro,128,128,e6598c28d0889685cc624ed6cd9d1ab49cc4ea3bba54e2fcb2e515c46b6a835d,85915881f00290feec1f43af95cf2fe40ff825c319e03e284538e35ff887f07b,jmuben-1490,treino_auxiliar,0,acima_do_limite_da_classe
jmuben,jmuben2,2768,data/raw/jmuben/Miner/1 (14336).jpg,12,bicho_mineiro,128,128,36872e010b5a9df1b9b864de52443adca83de5e93ec08fabd767d7666944dee5,85915891f00290feec1f43af95cf2fe047f8a1c3186236384538e15ff8c7f87b,jmuben-1490,treino_auxiliar,0,acima_do_limite_da_classe
jmuben,jmuben2,2769,data/raw/jmuben/Miner/1 (14337).jpg,12,bicho_mineiro,128,128,1a73d3546114155048860ed3117234393b707b53cdaa684db2f823ca507e626d,81915891f02680fe4e1f17efbfcc0ff0c3f36942b8386538e15ef0c7f871e058,jmuben-1490,treino_auxiliar,0,acima_do_limite_da_classe
jmuben,jmuben2,2770,data/raw/jmuben/Miner/1 (14338).jpg,12,bicho_mineiro,128,128,e10f690fa71420d1f030af0cabfe306eb9cbf241007072c12d4427b3d4339d26,81915893f02680fe4e1f17efbfcc0fe0c3f36942b8386438e15ef0c7f871e078,jmuben-1490,treino_auxiliar,0,acima_do_limite_da_classe
jmuben,jmuben2,2771,data/raw/jmuben/Miner/1 (14339).jpg,12,bicho_mineiro,128,128,4f62b1ce58d3ae69c8dd3d6e74b7a17cc60116fcbb02850cd0e76a8910220a36,919d29dda546d52a3a4a46bae2b27aad056dbc75af6b3359a45aad16292d9209,jmuben-1518,treino_auxiliar,0,grupo_ja_representado
jmuben,jmuben2,2772,data/raw/jmuben/Miner/1 (14340).jpg,12,bicho_mineiro,128,128,9358252ae37c0bed6bbf86327169265c0cd4a813cecba085ca3fbf4752f56320,91d529dda566d52a3a4a46bae2b27aad856dbc75af4b315ba41aad16292d5209,jmuben-1518,treino_auxiliar,0,grupo_ja_representado
jmuben,jmuben2,2773,data/raw/jmuben/Miner/1 (14641).jpg,12,bicho_mineiro,128,128,2e7863d3fd23536ee65752c1e6c5bd524a0f97728d8b10a0d5c1bcc1f31c9fab,9a96894bec6df7a4f0e3e73ed9856463b13c2c1c760e85cf8263133d4d1830e6,jmuben-1664,treino_auxiliar,0,acima_do_limite_da_classe
jmuben,jmuben2,2774,data/raw/jmuben/Miner/1 (14642).jpg,12,bicho_mineiro,128,128,2878dc6c7431e59c782a176a6c98a2eb4ceb13eda61b6de2c2aeb26a12b52184,9a9676b4ec6d085bf0e318c1f98d8b9cb17cd3e3760e1a308663ecc26d1cce19,jmuben-1665,treino_auxiliar,0,grupo_ja_representado
jmuben,jmuben2,2775,data/raw/jmuben/Miner/1 (14643).jpg,12,bicho_mineiro,128,128,bcdc0277debb584bdbd47d4c0a2b8734379069186a6f9621c31573ff2f16838d,9a520b29cd65e664d9c370c3c73ad18ce4c3d2e7b9f07430f81cf4cec6c39364,jmuben-1666,treino_auxiliar,0,grupo_ja_representado
jmuben,jmuben2,2776,data/raw/jmuben/Miner/1 (14644).jpg,12,bicho_mineiro,128,128,fd5acf50f353e2b5bb2a05507df6b83d534e4f7f975ad7eff172ee7e55ae7372,9a520b29cd65e664d9c370c3c73ad18ce4c3d2e3b9f07430f81cf4cee6c39364,jmuben-1666,treino_auxiliar,0,grupo_ja_representado
jmuben,jmuben2,2777,data/raw/jmuben/Miner/1 (14645).jpg,12,bicho_mineiro,128,128,c719dd4d74b09abaadcd1b5b2a258ca8a55f7db6949fbb3de36005669aae2edc,8b6949b4ccb2f322f9c17271e39ff8c23670f93e348e760ed38704e50338199e,jmuben-1668,treino_auxiliar,0,grupo_ja_representado
jmuben,jmuben2,2778,data/raw/jmuben/Miner/1 (14646).jpg,12,bicho_mineiro,128,128,34c04a268ce8c040779e044e11a6434942e1e5dbf5418aff6421269d016d8355,8b6949b4ccb2f332f9d17271c38ff8c23638b93e340e660e93c706f10938399f,jmuben-1668,treino_auxiliar,0,grupo_ja_representado
jmuben,jmuben2,2779,data/raw/jmuben/Miner/1 (14647).jpg,12,bicho_mineiro,128,128,9415a8ce2c870dcdc5522c77ed773864276de9ef997516d7909113dab837ac5b,89244cd2ee39f309f8e83871e3cf1c61373c191f368706238fe10cfc1f9c3cc7,jmuben-1668,treino_auxiliar,0,grupo_ja_representado
jmuben,jmuben2,2780,data/raw/jmuben/Miner/1 (14648).jpg,12,bicho_mineiro,128,128,8ff16987eaa5425870bc19a29a7787c0bbb119038006329770242859a0acdab8,89244cd2ee39f309f8e83871e3cf1c61373c191f36870e238fe10c7c1f9c3cc7,jmuben-1668,treino_auxiliar,0,grupo_ja_representado
jmuben,jmuben2,2781,data/raw/jmuben/Miner/1 (14649).jpg,12,bicho_mineiro,128,128,97b30b85ed6a6e44457060d8f28194b1077f02e97fa52c9336d8de02d7359989,89a6036cf309ce390716787837381c38fcf004e13e07d8dc8df0d1f3fae33ccd,jmuben-1672,treino_auxiliar,0,grupo_ja_representado
jmuben,jmuben2,2782,data/raw/jmuben/Miner/1 (14650).jpg,12,bicho_mineiro,128,128,6872f36d782c4212ed44f16e88bec45a03f0a1a56654862ae96bfaf981b69330,89a2032cf309ce312717787837381c38fcf004e53e07d8dc8df0d8f3fbe31ccd,jmuben-1672,treino_auxiliar,0,grupo_ja_representado
jmuben,jmuben2,2783,data/raw/jmuben/Miner/1 (14651).jpg,12,bicho_mineiro,128,128,43267c99880f1a1398c412e24b2a6d8281f5dd3dc8c2786bf8230c33dedb0d9d,8b24334df63b0e343850fc701c42d8e389c7b99fc9f8cf23fb0f0f18c33a6661,jmuben-1674,treino_auxiliar,0,grupo_ja_representado
jmuben,jmuben2,2784,data/raw/jmuben/Miner/1 (14652).jpg,12,bicho_mineiro,128,128,1265276b7ff3434d91d2c5de1afa6f153528b2880d7c5c7972728de9b65f5278,8924334df63b0eb43850fc701c62d8e381c7b99fc9f8cf23fb070f1cc33a6661,jmuben-1674,treino_auxiliar,1,
jmuben,jmuben2,2785,data/raw/jmuben/Miner/1 (14653).jpg,12,bicho_mineiro,128,128,41eb4f88bc699ab6e260c865eb81ca4301ec7d86e221661b6c38c2cc1cfd6666,8926132df4390eb53853dcf10ccfc8c7038eff18c370262f723c0ff8c1a37ec6,jmuben-1676,treino_auxiliar,0,acima_do_limite_da_classe
jmuben,jmuben2,2786,data/raw/jmuben/Miner/1 (14654).jpg,12,bicho_mineiro,128,128,939d1b2f6c8471437358337fa43eef90ea01f5ee401344ba4d3be6067dcaf18b,8926132df4310ef53853ccf00ccfc8c7031eff38c370362e36fc0ef0e1e33ec6,jmuben-1676,treino_auxiliar,0,acima_do_limite_da_classe
jmuben,jmuben2,2787,data/raw/jmuben/Miner/1 (14655).jpg,12,bicho_mineiro,128,128,980a7fbf70831b4a8aeeaaded39822a5d0b2a130c70d192bfff5745ca9a97da4,89b248d9c69cf339f4ee7c78f3cfdce13438ed1e38c73623738384f10398048c,jmuben-1668,treino_auxiliar,0,grupo_ja_representado
jmuben,jmuben2,2788,data/raw/jmuben/Miner/1 (14656).jpg,12,bicho_mineiro,128,128,8f4967e3bb220c1b0dbd9a2d859645717a5a27eb440c1a000450ae9fcd964b3e,89b248d9c61cf319f4ee7c78f3cfdce13638ef1e39c73623738184f1019804cc,jmuben-1668,treino_auxiliar,0,grupo_ja_representado
jmuben,jmuben2,2789,data/raw/jmuben/Miner/1 (14657).jpg,8,bicho_mineiro,128,128,93d64eee15a3e302d627c2013cb8eaf4e29184399e7f473fee977a73d7f9f1b9,8924b52dfc390cf6b8eac78ee38ec39c3738e2e03607f8dc85c1f1073f0cc338,jmuben-1680,treino_auxiliar,0,grupo_ja_representado
jmuben,jmuben2,2790,data/raw/jmuben/Miner/1 (14658).jpg,8,bicho_mineiro,128,128,d70342b1d84490f6d98bd67b600dd741d1506c7646cb93e8c944808799bdc6dd,89264ad2fc39f309b8ea3871e38e1c6337381d1f36a707238dc10ef83f9c3cc6,jmuben-1668,treino_auxiliar,0,grupo_ja_representado
jmuben,jmuben2,2791,data/raw/jmuben/Miner/1 (14659).jpg,8,bicho_mineiro,128,128,7d6f28ed94d3f190ba382cfa2f039ba1b3a6dabd06e9f16ddb2221878f169752,89b648dbe639f339fc6a3879e3cfdc61371e3d1f36a7230381c10478058c3cc6,jmuben-1668,treino_auxiliar,0,grupo_ja_representado
jmuben,jmuben2,2792,data/raw/jmuben/Miner/1 (14660).jpg,8,bicho_mineiro,128,128,2c15413afcb5b90ea729c78786de46ec6190712d7ac0d5f0097ee123bf24b21f,89b648dbf639f329fc6a3879e3cfdc61371e191f36a7230381c10478078c3cc7,jmuben-1668,treino_auxiliar,0,grupo_ja_representado
jmuben,jmuben2,2793,data/raw/jmuben/Miner/1 (14661).jpg,4,bicho_mineiro,128,128,4fe75b79c5b55a54cead91cb998645e7bc05b8a181a9020c5cde03fabd5cae84,892648d3c6b8f339f4ee7871e3cedce13738f91c34873623f383847103980ccf,jmuben-1668,treino_auxiliar,0,grupo_ja_representado
jmuben,jmuben2,2794,data/raw/jmuben/Miner/1 (14662).jpg,4,bicho_mineiro,128,128,c8f234200b92a6bd1563fda8f96808292e212d1a1cb14f0ad397617961f1b24b,892648d3c6b8f339fcea7871e3cedce13738fd1c34873223d38384f1039c0ccd,jmuben-1668,treino_auxiliar,0,grupo_ja_representado
jmuben,jmuben2,2795,data/raw/jmuben/Miner/1 (14663).jpg,4,bicho_mineiro,128,128,43644196cc64545d24034fd4c279246f5f937a36d90be2f79df0b2c0655ec7c2,89b268dbf61cf3adbc783b5dc6c73c21271e1d472623c30084f40e1c1ec77e72,jmuben-1668,treino_auxiliar,0,grupo_ja_representado
jmuben,jmuben2,2796,data/raw/jmuben/Miner/1 (14664).jpg,4,bicho_mineiro,128,128,5e7f343b52f81293a8182b1a618fad53038012a5d9b87e188303161a45f7b16f,89b268dbf61cf3adbc6a395de2c73c21371e1d473623c30084f0067c1ecf3e62,jmuben-1668,treino_auxiliar,0,grupo_ja_representado
jmuben,jmuben2,2797,data/raw/jmuben/Miner/1 (14665).jpg,4,bicho_mineiro,128,128,d621d320181ce3d962fd6d843eba06654f1cfbebf3db2de75c837d60aa77830e,89244892ecb1f331f8e87073e39cdce336389b1e368f262783838cf03f183cdf,jmuben-1668,treino_auxiliar,0,grupo_ja_representado
jmuben,jmuben2,2798,data/raw/jmuben/Miner/1 (14666).jpg,4,bicho_mineiro,128,128,f8744682df749b3c19a4dec24eca7dea87892f58c07eae4eb9fe79a0635641b0,89244c92ecb1f311f8e87073e39c9ceb36381b1e368f26278fc30cf03f183ccf,jmuben-1668,treino_auxiliar,0,grupo_ja_representado
jmuben,jmuben2,2799,data/raw/jmuben/Miner/1 (14667).jpg,8,bicho_mineiro,128,128,efd63021159a55204502776e1a92135d4763ead4d50a1822d86c082ab5f1cdc8,a9931932f70cc35d3c78dc3e0c38dc60c0f10fc1cccfc1f8f1817f27a707e338,jmuben-1690,treino_auxiliar,0,grupo_ja_representado
jmuben,jmuben2,2800,data/raw/jmuben/Miner/1 (14668).jpg,8,bicho_mineiro,128,128,687d61bd332cdfce7e7aec0e2af2489047076bde195b47efc86ce8b319ead8a7,a9931932f70cc35d3c78dc3e0c38dc60c0f11fc0cccfc1bcf1817f27a707e338,jmuben-1690,treino_auxiliar,0,grupo_ja_representado
jmuben,jmuben2,2801,data/raw/jmuben/Miner/1 (14669).jpg,16,bicho_mineiro,128,128,8832c2cdd6ab04c2ea117fb8153eb77473c0e9d2ac31a4b4d2c1af07d9d7c93a,897825c38e7a93974f26d6da371ce0734ccc9719e0970ccbcbf317292f44e861,jmuben-1692,treino_auxiliar,0,grupo_ja_representado
jmuben,jmuben2,2802,data/raw/jmuben/Miner/1 (14670).jpg,16,bicho_mineiro,128,128,ba7d5500b1909660093bc545a35ecffa4121f16876928c84f7775d67ff2b75c8,897a25c38e7a93974f27d6da371ce0734ccc9719e0970ccbcbf317212f0ce061,jmuben-1692,treino_auxiliar,0,grupo_ja_representado
jmuben,jmuben2,2803,data/raw/jmuben/Miner/1 (14671).jpg,16,bicho_mineiro,256,87,e892b9a3dcf4a3c536583ca175a9b5412ada09bc8908fb97d069a0aedb5bb6c8,955b135be26d436c512b26a32257490c988901ba8d52e9e972af1276ef76f3bc,jmuben-1694,treino_auxiliar,0,grupo_ja_representado
jmuben,jmuben2,2804,data/raw/jmuben/Miner/1 (14672).jpg,16,bicho_mineiro,128,128,901369ad626590be9c6e7ba319ae9a329a2243de7b6f02ed4eb071a0737e18a8,b1f23612fe0f89f3a1d1714b0f6ca1b4dcd41f1bb862eb5a18c2fa145f2b022b,jmuben-1695,treino_auxiliar,0,acima_do_limite_da_classe
jmuben,jmuben2,2805,data/raw/jmuben/Miner/1 (14673).jpg,16,bicho_mineiro,128,128,9bab279549296e3563856e7ac2dab120b5bcb1d60c734f5b69bd0aa81918dfe8,870a32fdc0c89fb3742a89551e06f9bb6a41d8155ae230abf13fcb1056ef1daa,jmuben-1696,treino_auxiliar,0,acima_do_limite_da_classe
jmuben,jmuben2,2806,data/raw/jmuben/Miner/1 (14674).jpg,16,bicho_mineiro,128,128,328ef68f474412fc9f36dbc05101fb3ef6b7cc3b3c57f63cc3ddb99817d1fa34,870a32fdc0489fb3742a89511e06f9bb6a41d8155ae332abf13fcb1056ef1daa,jmuben-1696,treino_auxiliar,0,acima_do_limite_da_classe
jmuben,jmuben2,2807,data/raw/jmuben/Miner/1 (14705).jpg,16,bicho_mineiro,256,98,577bf7979f16f11777f01b3890490d4b268c37c6ddf1d7f4f0ec8ced0f1dc783,95ac596fb317633659ad7aa52619635269c78c85008b8daaed3c31f53a388f3a,jmuben-1705,treino_auxiliar,1,
jmuben,jmuben2,2808,data/raw/jmuben/Miner/1 (14706).jpg,16,bicho_mineiro,128,128,eaec0a3638f1bcdd7f02c932fdd28c9a73b8dc66c4c055351d268f22bdbe01b2,95ac438c2653aaced335bc892d750a7274d1bde5b00e1f9f5517a2db62c251c5,jmuben-1706,treino_auxiliar,1,
jmuben,jmuben2,2809,data/raw/jmuben/Miner/1 (14707).jpg,16,bicho_mineiro,256,125,f59495ea2a6bb6d26110efc30aa21bfe8f40eade143c8654f4119dd73d9ffb05,91ec596fbb33e1b7592b7dad2299a318e942cdc29cae908aad1ae51432b312da,jmuben-1707,treino_auxiliar,0,grupo_ja_representado
jmuben,jmuben2,2810,data/raw/jmuben/Miner/1 (14708).jpg,16,bicho_mineiro,128,128,cd5901d6cfcb62863e5371c7593a90d7c7d34203cdbeaa281d21ceca93c78393,80f8e1332317037086743b1f78c685e487dd5f32ee347c081c52efe7f696d207,jmuben-1708,treino_auxiliar,1,
jmuben,jmuben2,2811,data/raw/jmuben/Miner/1 (14709).jpg,16,bicho_mineiro,256,90,762a2da42d2662ac1c039fd14dcd2c3a9247b93d4b5e91313a443f0682f2e27d,9529536be354436651a922a526736346090c089d0bbaed2bedfd33d71a72ef6a,jmuben-1705,treino_auxiliar,0,grupo_ja_representado
jmuben,jmuben2,2812,data/raw/jmuben/Miner/1 (14710).jpg,16,bicho_mineiro,128,128,28a36d5ccf69d8b9c5b189a6a3bd193f066c30805305b9c81b65e6cb6f505445,90f91689fb07bcbb84f471884e268596f07bc74e18a4bd39eb2d0871e94a7b29,jmuben-1710,treino_auxiliar,0,acima_do_limite_da_classe
jmuben,jmuben2,2813,data/raw/jmuben/Miner/1 (14711).jpg,16,bicho_mineiro,128,128,cfbd4a025962b9228dc71f0b4e5ca91fa81d3741887844960feefb8fed6a199c,81de7f0ae370e05a9d88e43b26311df0dc1fd1f43dbbff204b67304b9c2480cd,jmuben-1711,treino_auxiliar,0,acima_do_limite_da_classe
jmuben,jmuben2,2814,data/raw/jmuben/Miner/1 (14712).jpg,16,bicho_mineiro,128,128,364dee2e22c67e72f1c4bf4314f35be4208a2754744a5a918626826ee7e25f30,81de7f0ae370e06a9d88e43b26311df0dc1fd1f63dbbff204b63304b9c2480cd,jmuben-1711,treino_auxiliar,0,acima_do_limite_da_classe
jmuben,jmuben2,2815,data/raw/jmuben/Miner/1 (14713).jpg,16,bicho_mineiro,128,128,93a30118ea0f4bafe85a6965e3c150bea1738cd2ca13f024aafff49b4dc1eb48,9430c5e589f923c961ec566572a4182e0e6e615c2f06fe97da46e522ffb1b6d0,jmuben-1713,treino_auxiliar,0,grupo_ja_representado
jmuben,jmuben2,2816,data/raw/jmuben/Miner/1 (14714).jpg,16,bicho_mineiro,128,128,a4dc2647022556f57fadf71a044d9a75f136437310cc5e014d18e41de76cc41e,8420321e89f8dc3661ecab1a76a5e7910e7e94a76f0e0148fa663a9dffa3482f,jmuben-1714,treino_auxiliar,0,grupo_ja_representado
jmuben,jmuben2,2817,data/raw/jmuben/Miner/1 (14715).jpg,16,bicho_mineiro,128,128,469f54376f6dfd5732e38b8444ed8a7f10095d2ea2551883fba8861079e763a7,8575c97dc1b663de64403449182e62ae6f26b562f8efa762353e0a2fc22f2965,jmuben-1715,treino_auxiliar,0,grupo_ja_representado
jmuben,jmuben2,2818,data/raw/jmuben/Miner/1 (14716).jpg,16,bicho_mineiro,128,128,a440b06ba1359d26c25abf9e2db369499e9a9d6bfda5cb1ae7a4e153ac994e09,85753682c1b69d216444cbb61a2e9d516f260a95faeb589d353ef5d0c22fd49a,jmuben-1716,treino_auxiliar,1,
jmuben,jmuben2,2819,data/raw/jmuben/Miner/1 (14717).jpg,16,bicho_mineiro,128,128,20b6a6f201325fc13ff4f841d1ad12c5c4b05bce2dd863f1ce1d31d1e6080882,9c9c68e7998c867a5a86f5296ced5f93cb3630c0cc324b2471db8ef533ac48c3,jmuben-1717,treino_auxiliar,0,grupo_ja_representado
jmuben,jmuben2,2820,data/raw/jmuben/Miner/1 (14718).jpg,16,bicho_mineiro,128,128,b0f4d8dfe7f01eb68a86aeb3d1e01cd824e4fd528fa357d744ab8e83a224368b,9c9c6ce7998c867a5ac6f5296ced5f83cb36b0c8cc324b2471cb8ed523ac48c3,jmuben-1717,treino_auxiliar,0,grupo_ja_representado
jmuben,jmuben2,2821,data/raw/jmuben/Miner/1 (14719).jpg,16,bicho_mineiro,128,128,5d235cb2bd5e0e298e64650296ad2f930f7053217dae794e837abca2082a6821,88b257b45ac8e70db50e9e53bc1eba70ec54c86cc6d1f58ff8c59107a0e17916,jmuben-1719,treino_auxiliar,0,acima_do_limite_da_classe
jmuben,jmuben2,2822,data/raw/jmuben/Miner/1 (14720).jpg,16,bicho_mineiro,128,128,5ab9ef51e1cd61b0adf6ceb47385566881949fae7a99f18febd6d4235892cb71,88b257b45ac8e70db50e9e53bc1eba70ec14c874c6d1f58ff8c59107a0e17996,jmuben-1719,treino_auxiliar,0,acima_do_limite_da_classe
jmuben,jmuben2,2823,data/raw/jmuben/Miner/1 (14721).jpg,32,bicho_mineiro,128,128,16df582b72a6f0c3860c8af96aad064b9d993e1a179b58ea6d6b20705b1f739e,841f583f639c2d78c7d0946bf994871615606b5bae1a73e605f1bf8280af5f28,jmuben-1721,treino_auxiliar,0,acima_do_limite_da_classe
jmuben,jmuben2,2824,data/raw/jmuben/Miner/1 (14722).jpg,32,bicho_mineiro,128,128,64259e852c9f9d8c86d05b79ebce163a593699b8e95df3973a5bf2c085d5818f,841f583f639c2d78c7d0946ff994871615606b5bae1a73e605f1af8280af5f28,jmuben-1721,treino_auxiliar,0,acima_do_limite_da_classe
jmuben,jmuben2,2825,data/raw/jmuben/Miner/1 (14777).jpg,16,bicho_mineiro,128,128,1b1b64c018633c0c798ebd57e4008d671062740436ac6c85d0c80e96f17f7843,851683a746c36e40fa78e10e693ccd72fec32c78730d720fb906ff665360d711,jmuben-1723,treino_auxiliar,0,acima_do_limite_da_classe
jmuben,jmuben2,2826,data/raw/jmuben/Miner/1 (14778).jpg,16,bicho_mineiro,128,128,a9dc8d8970321024b7cf1032ad4937d899c5c73ee30ce45950308ab38cae71cd,851683a546c36e40fa78e10e693ecd72fec32c58730d720fb806ff665b60d719,jmuben-1723,treino_auxiliar,0,acima_do_limite_da_classe
jmuben,jmuben2,2827,data/raw/jmuben/Miner/1 (14779).jpg,16,bicho_mineiro,128,128,42e2251f220ca9befccf0527dfefee48a1fbe21ccda69527f43946281659fad9,99133326f6b5eb4a854994ae5d5678a2d6b9692d8769cc45851694e9ca9956d5,jmuben-1725,treino_auxiliar,0,acima_do_limite_da_classe
jmuben,jmuben2,2828,data/raw/jmuben/Miner/1 (14780).jpg,16,bicho_mineiro,128,128,b3842a4e618af6576a0b4a662204dd95891b9572faf7db9492a3c16a9fc7785b,99113336f2f4eb4b854994ae5d5678aad6996925c769cc64851694a4cadd5ed4,jmuben-1725,treino_auxiliar,0,acima_do_limite_da_classe
jmuben,jmuben2,2829,data/raw/jmuben/Miner/1 (14783).jpg,16,bicho_mineiro,124,256,05c8e68657cac068d773034cbc4f2f8d1d55eee6481007cadf1d184d8486c817,87980ece7a6fa1304da3dcc72050f37838a24365b77ac81bdc7cbf46c09b3c6c,jmuben-1727,treino_auxiliar,0,grupo_ja_representado
jmuben,jmuben2,2830,data/raw/jmuben/Miner/1 (14784).jpg,16,bicho_mineiro,128,128,76d4b2ae2a9cc893481f23d30c764b4557c6072d936ebc4511b7fda11deefa02,957a07a5d3e5e60d0e9299b21cc4d9cd3349eb7d71ca66126647191cc66978e6,jmuben-1728,treino_auxiliar,0,grupo_ja_representado
jmuben,jmuben2,2831,data/raw/jmuben/Miner/1 (14785).jpg,16,bicho_mineiro,128,128,471a5d19f80f9836851c8949263107414750a44b2b4bb83b090817a1ad829d65,98917367e656b54af2a446f04a6a259d535ae8aa832d86ab8fade49496bb15e4,jmuben-1729,treino_auxiliar,0,acima_do_limite_da_classe
jmuben,jmuben2,2832,data/raw/jmuben/Miner/1 (14786).jpg,16,bicho_mineiro,128,128,f81eede74ebd8c202ddc3f6984719bc9b5aa70f72c8cdfceef4048a438b17835,98917367e656b54af0a446f06aea259d535ae8aa832d86ab8fade49496ab35a4,jmuben-1729,treino_auxiliar,0,acima_do_limite_da_classe
jmuben,jmuben2,2833,data/raw/jmuben/Miner/1 (14787).jpg,16,bicho_mineiro,128,128,7234aa895682248c0f8707357c2002c7506996b51009dcbffc9d9dd30c6453eb,9cde5131a753b16af296437a6ea234d25b5a7c89d10482adc9b6eec3c6233cb2,jmuben-1731,treino_auxiliar,0,acima_do_limite_da_classe
jmuben,jmuben2,2834,data/raw/jmuben/Miner/1 (14788).jpg,16,bicho_mineiro,128,128,a5f184adce276a786e3362c776c3ea1951e2d622154a358c6390710d5ed23520,9cde5131a753b16af296437a6ea234d65b5a7c89d10482adc9a6eec3c6233cb2,jmuben-1731,treino_auxiliar,0,acima_do_limite_da_classe
jmuben,jmuben2,2835,data/raw/jmuben/Miner/1 (14789).jpg,16,bicho_mineiro,128,128,7e48c20fea344cbe5b98f53e3c2692b585d2774ddfb883f15b54ecd89e0104f9,877878ee4d9da710e6c19d8c4bc32272fd819f4976f04b06fadb8979862449d1,jmuben-1733,treino_auxiliar,0,grupo_ja_representado
jmuben,jmuben2,2836,data/raw/jmuben/Miner/1 (14790).jpg,16,bicho_mineiro,128,128,0a62a30e796700b73b6ab4651a5f07794c43a27331958bab9e028f8c7abe22be,877878ee4d9da710e6c19d8c4bc32272fda19f4976f04b46facb8979860449d1,jmuben-1733,treino_auxiliar,1,
jmuben,jmuben2,2837,data/raw/jmuben/Miner/1 (14791).jpg,16,bicho_mineiro,128,128,12a6d4bd4cb8d3be045848228e034f630c348fe50cba0498b759878e06290b9a,957805ad13a7e6656629cc16c3333c924cb6dd8e1e9e8d6559ed99b0c4c3d8c6,jmuben-1735,treino_auxiliar,0,grupo_ja_representado
jmuben,jmuben2,2838,data/raw/jmuben/Miner/1 (14792).jpg,16,bicho_mineiro,128,128,a5296c16b4b4dc327fd719bb76361cf8665ebc9f6db1e7352a00816f21eaf565,957845ad13a5e3656629cc16c3333e924cb6dd8a369e8d2559cd99b0cce3d8c6,jmuben-1735,treino_auxiliar,0,grupo_ja_representado
jmuben,jmuben2,2839,data/raw/jmuben/Miner/1 (14821).jpg,16,bicho_mineiro,105,256,a5fde6827d4ffa2d67440ca7074753669a987184a6cd1cf7206ac788fb8f5b94,9931b64d62b2564dad4d4d9bb2dae51bed65d4821e9279502b893534b087d69b,jmuben-1737,treino_auxiliar,0,acima_do_limite_da_classe
jmuben,jmuben2,2840,data/raw/jmuben/Miner/1 (14822).jpg,16,bicho_mineiro,128,128,5615042775f06fe140c0fcdf944f8a026fec5b05997291bdb931da193c7818ba,82137c6a0dcae22c8deb50547e39895a77044ee51ad8a724d8bf5b6934d6dfa8,jmuben-1738,treino_auxiliar,0,acima_do_limite_da_classe
jmuben,jmuben2,2841,data/raw/jmuben/Miner/1 (14823).jpg,16,bicho_mineiro,109,256,b5c67fbba5228fc0f1649afecc73f8881604b7df5feadfde96e275dcfdc5f464,81e527917edcd0ee2b64cf10311d38cdd8866542cdcfde81c62b9fde3af02033,jmuben-1739,treino_auxiliar,0,grupo_ja_representado
jmuben,jmuben2,2842,data/raw/jmuben/Miner/1 (14824).jpg,16,bicho_mineiro,128,128,5b791c7f95cbd0908d84d64dc8cb627744f31ff2b8bed8967848c173b0c4e5a1,82330dce39cddaaa7362a54c6cad58b3d1623b7588d1f0da34accdb0536516ed,jmuben-1740,treino_auxiliar,0,acima_do_limite_da_classe
jmuben,jmuben2,2843,data/raw/jmuben/Miner/1 (14849).jpg,16,bicho_mineiro,114,256,4a1809b09461224f2d6278abfec986c5405c7c224bec6884a75a0857d1f21ac9,99da71cbf365cab61cc683c74e592deb46f2a3fc5d6407c292830e2197c144e9,jmuben-1741,treino_auxiliar,1,
jmuben,jmuben2,2844,data/raw/jmuben/Miner/1 (14850).jpg,16,bicho_mineiro,128,128,fe7fb86e699163049dfa9e3d7093e5ee2d57d82eca1fce6df78c077f90fc395c,984b1dadb5a4d25a0e69af6469744fb3471af499c6256f908fca450dbd594d44,jmuben-1742,treino_auxiliar,0,grupo_ja_representado
jmuben,jmuben2,2845,data/raw/jmuben/Miner/1 (14853).jpg,16,bicho_mineiro,102,256,60b7d8aa028617fe0be4f9fd7c60a8a654c0fbe4466a7e01b02f2fc46ab680e5,9bbf3197c6ca9989059c4eb22dccc7e0bb51878d8456be0aa7f0cc60e781a27b,jmuben-1743,treino_auxiliar,1,
jmuben,jmuben2,2846,data/raw/jmuben/Miner/1 (14854).jpg,16,bicho_mineiro,128,128,41283147dd394a192cef3f34d9c3c4b004e62f91cad4bfab972d2ec8e100493b,95623aafedbd994adca5d29d5cd0e6581b3afe5f8e46c348120de2337b04a304,jmuben-1744,treino_auxiliar,0,grupo_ja_representado
jmuben,jmuben2,2847,data/raw/jmuben/Miner/1 (14855).jpg,16,bicho_mineiro,74,256,2f13da2ba926d8ab49134250f13ddec0904b19b02f7b122b335ef37929b04224,99cd70add332d8db92c7c10c3cb5c3db3cb46fc8c1f44f1293c3183f8b06d464,jmuben-1745,treino_auxiliar,0,acima_do_limite_da_classe
jmuben,jmuben2,2848,data/raw/jmuben/Miner/1 (14856).jpg,16,bicho_mineiro,128,128,b8c4e1c7a5073cff570c80b7838cf4377590fa9084d40778824b35a7112cc948,8a592d24b7959649a37caf26411ef8d647395fa74236559e07e1b521052fe9d2,jmuben-1746,treino_auxiliar,0,acima_do_limite_da_classe
jmuben,jmuben2,2849,data/raw/jmuben/Miner/1 (14857).jpg,16,bicho_mineiro,93,256,43aa03f844ad3d52eda62d15956e876df597e98b1a08bbbc8150fe916c8886f7,9bbd31dec64a9989879c48320fccc7813b01879d985e1f0fa9f24f23a785167b,jmuben-1743,treino_auxiliar,0,grupo_ja_representado
jmuben,jmuben2,2850,data/raw/jmuben/Miner/1 (14858).jpg,16,bicho_mineiro,128,128,d7b2ced0d5b0aedcea79b8e2ea1e972ae9dc0eeb2afcd5bfe530048993d0f763,95543faae1bf9950dd2bd3b9cc90f259193afe1d8ed4dfd88622e2221b0ca02a,jmuben-1744,treino_auxiliar,0,grupo_ja_representado
jmuben,jmuben2,2851,data/raw/jmuben/Miner/1 (14859).jpg,16,bicho_mineiro,128,128,70b1a5408bedef3c18bba3d38e9b14a6074b65371f3f768b02ea78a4a0664bbf,bc25026cd76aae25e878bb7262d4e6551eafe2090eb583fc67018daa67d28ec4,jmuben-1749,treino_auxiliar,0,grupo_ja_representado
jmuben,jmuben2,2852,data/raw/jmuben/Miner/1 (14860).jpg,16,bicho_mineiro,128,128,96915c49dda7ce306f2ee2d5be2d2bb18935bc8de7012cec70dcf74d8623509b,bc250268d76aae25e87cfb726ad4e6551ee7e2890eb183bc6701cd8a65d2c6c4,jmuben-1749,treino_auxiliar,1,
jmuben,jmuben2,2853,data/raw/jmuben/Miner/1 (14861).jpg,16,bicho_mineiro,109,256,4f02552dbf9aa03f0050f95319f6faa81292fd5d29830485f68ca27781f71c42,999571c3d761d9a40586ce1b6d4ac6e4f3389d059613bc0b77b1e07af629e185,jmuben-1751,treino_auxiliar,0,acima_do_limite_da_classe
jmuben,jmuben2,2854,data/raw/jmuben/Miner/1 (14862).jpg,16,bicho_mineiro,128,128,4d9706cb80306925aa15b3e83341275946a91df542ab4079c42700baabb5fe51,9ab53b52a6cbdcb49e50e34b5f6ce625b196c540b321c1fd71b64189714858e7,jmuben-1752,treino_auxiliar,0,acima_do_limite_da_classe
jmuben,jmuben2,2855,data/raw/jmuben/Miner/1 (14909).jpg,16,bicho_mineiro,128,128,7d27ca22086f796dbaede58736aff53cd20ae9801bee08665efcd25310b67e9e,98050475d710edf25c23f93ea9e07344433fb7809b89f85f033993d8fa6d524b,jmuben-1757,treino_auxiliar,0,grupo_ja_representado
jmuben,jmuben2,2856,data/raw/jmuben/Miner/1 (14910).jpg,16,bicho_mineiro,128,128,c044d8bc78f46b9322a2d46c73ac3eeb3531e8b638f950cab53b23f6d64e6ece,9804147ad718fdf35c21f92ea9e07344433fb7809bc9f84f0319f3c86a6d5a4b,jmuben-1757,treino_auxiliar,0,grupo_ja_representado
jmuben,jmuben2,2857,data/raw/jmuben/Miner/1 (14911).jpg,16,bicho_mineiro,128,128,65e17cc60df3103e4c4c4334b1680128c29faf5653cd82d01ada95b9469967b2,98fdfb3acc12166808ac14872b9f992046f84b648ad2bf0f26a603757cecfb6b,jmuben-1759,treino_auxiliar,0,acima_do_limite_da_classe
jmuben,jmuben2,2858,data/raw/jmuben/Miner/1 (14912).jpg,16,bicho_mineiro,128,128,49cf62b4abb8f9cc69a367e887de1616a11d7fa7a2a8b6ffaa3a10b229c53093,98fdfb39cc12126908ac14872b9f89a046f84b648ad3bf0f26a603757cecfb69,jmuben-1759,treino_auxiliar,0,acima_do_limite_da_classe
jmuben,jmuben2,2859,data/raw/jmuben/Miner/1 (14913).jpg,16,bicho_mineiro,128,128,cdf65c80b2c1492f4e67ebd3e165e6933def5c8aa6c4ba13bb374a849fec67c3,99f805c58c76e91409e9ea432fbe46924683a5babb8643c73e2dfc3f2109077d,jmuben-1761,treino_auxiliar,0,acima_do_limite_da_classe
jmuben,jmuben2,2860,data/raw/jmuben/Miner/1 (14914).jpg,16,bicho_mineiro,128,128,63f23e0edfec899d522eb48a0baacbee2fe56802bd2214837b37b506a30d6a18,99f805c58c66e91409e9ea41afbe469246c3a5babb8643c73e2dfc3f2109077d,jmuben-1761,treino_auxiliar,0,acima_do_limite_da_classe
jmuben,jmuben2,2861,data/raw/jmuben/Miner/1 (14915).jpg,16,bicho_mineiro,128,128,9dc080aa2c5d87d4b8e527cebc35fe98ce98d02a70d48ca48363ace4a0861ec1,860a0b6a9bb2c2c517acd7b9f48765cf5d38ab8ab49ec7781c36a816e0780b5e,jmuben-1764,treino_auxiliar,0,acima_do_limite_da_classe
jmuben,jmuben2,2862,data/raw/jmuben/Miner/1 (14916).jpg,16,bicho_mineiro,128,128,0f2c5314c8cfb7c876a3671ee5d4efc1e0364e11e7b292c55bff35a7a33ca0e6,860a0b6e9bb4c2c517acd5b9f4874dcf5d38ab8ab41ec7703c37e816e2780b54,jmuben-1764,treino_auxiliar,0,acima_do_limite_da_classe
jmuben,jmuben2,2863,data/raw/jmuben/Miner/1 (14917).jpg,16,bicho_mineiro,128,128,8dd80309e2dbbe801e238197b4966df8f82f04ee369615e742e9d478697ca574,a36e09d9ed438b1e29d0d1e1b21cd15353e12c1fff5ef17018d19af44e0ae345,jmuben-1766,treino_auxiliar,0,grupo_ja_representado
jmuben,jmuben2,2864,data/raw/jmuben/Miner/1 (14918).jpg,16,bicho_mineiro,128,128,398dadde851d97f9528fb6aa1a7614670a28f8c6ae5877bc559b9fd593962c42,a36e09d9ed478b1e29d0d1e1b21cd15353e12c1fff5cf17018d19af44e0ae345,jmuben-1766,treino_auxiliar,0,grupo_ja_representado
jmuben,jmuben2,2865,data/raw/jmuben/Miner/1 (14919).jpg,16,bicho_mineiro,128,128,e51f6e4161140b2ed36a28c76d96c8a1e66b42b06f726fc03384199d91933680,99f905c48c76e91409e9ea41af9e46d146c3a4babb9643c3362cfe3f2109077f,jmuben-1761,treino_auxiliar,0,acima_do_limite_da_classe
jmuben,jmuben2,2866,data/raw/jmuben/Miner/1 (14920).jpg,16,bicho_mineiro,128,128,613fde64783c10242b912520787626edb393e066c5061b88e6e3e37dc3804fa0,99f905c48c76e99409e9ea412f9e46d046c3a4babb9443c7362cfe3f2149077f,jmuben-1761,treino_auxiliar,0,acima_do_limite_da_classe
jmuben,jmuben2,2867,data/raw/jmuben/Miner/1 (14959).jpg,16,bicho_mineiro,128,128,89c03172a1430c0c90bc4660de3772c60aff11761d21d14fda10a2df27a8ce1b,81fb3aaa3d9652b0ea6fa1e2730b052cafe1ae3c2ac06e3f42b24f0fc470ad87,jmuben-1774,treino_auxiliar,0,acima_do_limite_da_classe
jmuben,jmuben2,2868,data/raw/jmuben/Miner/1 (14960).jpg,16,bicho_mineiro,128,128,13f5faa42b04cc623eefaba76229b41e97618a8663e6be3bfa425e727ff40e2e,81fb7aaa3c9652b0ea2fa1e2730b042cafe1ae1c6ac07c3f42f24d4fa570ad87,jmuben-1774,treino_auxiliar,0,acima_do_limite_da_classe
jmuben,jmuben2,2869,data/raw/jmuben/Miner/1 (14961).jpg,16,bicho_mineiro,128,128,c5a945b13d4fdbb16f31cc826100850c59835427122b75e7285afed29ae7723a,838a8c5f7a7478a835b03dbfe5499b4dab4ad6538ed6eea605b4f5250129384a,jmuben-1776,treino_auxiliar,1,
jmuben,jmuben2,2870,data/raw/jmuben/Miner/1 (14962).jpg,16,bicho_mineiro,128,128,309e5791a01cdc95483f38ce8cc94c2517dece4fa38e603bd644f2ac52df2529,83898c5f7a7478b835b03dbee569994dab4ad6528ed2eeb705b4b52501b1382a,jmuben-1776,treino_auxiliar,0,grupo_ja_representado
jmuben,jmuben2,2871,data/raw/jmuben/Miner/1 (14963).jpg,16,bicho_mineiro,128,128,0350c5eb10fdd9bdb14ed1be8f0a9bdbd6f52a0beb478376b7ed0f6257b551b5,86027101624187156523cbdb2d8a4eb5bb591da5de57656be8a4ea4ae4b5fada,jmuben-1778,treino_auxiliar,0,acima_do_limite_da_classe
jmuben,jmuben2,2872,data/raw/jmuben/Miner/1 (14964).jpg,16,bicho_mineiro,128,128,dcf9f5e1b405781f121b55d01d4b2b0849ebb628a8e58d1369a6b6d406de65c7,86127107624587156523cbdb2d084ea4bb591da5de57656be8a4ea5ae4b5f2da,jmuben-1778,treino_auxiliar,0,acima_do_limite_da_classe
jmuben,jmuben2,2873,data/raw/jmuben/Miner/1 (14965).jpg,16,bicho_mineiro,128,128,fa588d09eae0504a12cf3e1f1aa83a76cd148dd3a4da0af6eb78ab9eeac480d8,90091fef3da6d2103b75e68d3362ac9a1e4cc0325ecc3166e4cbb664d59f0cee,jmuben-1781,treino_auxiliar,0,acima_do_limite_da_classe
jmuben,jmuben2,2874,data/raw/jmuben/Miner/1 (14966).jpg,16,bicho_mineiro,128,128,24d1ca2b9a0956c20ca084c07316b38459a8880fa247e390a9458d4bb2b8d774,9008e0103da62def3b751972336253651e4c3fc85eccce99e4cb499b559ff311,jmuben-1782,treino_auxiliar,0,acima_do_limite_da_classe
jmuben,jmuben2,2875,data/raw/jmuben/Miner/1 (14967).jpg,16,bicho_mineiro,118,256,7a35e28557381ea0014f3622491bca96daa51e1dbea08059a153339bd18e9735,8853631a367b9a6f46b88cd9a4ced8b2e938ed7e275cc6bc99bb216468b410a9,jmuben-1783,treino_auxiliar,0,acima_do_limite_da_classe
jmuben,jmuben2,2876,data/raw/jmuben/Miner/1 (14968).jpg,16,bicho_mineiro,128,128,d018d1b2af5b9f7018cc27128c1c4d83505073cbca561901698f5611fcd2c451,87027180274185576bebc9db6fb6da5f503fce36606be8b49b5a15b512da0127,jmuben-1784,treino_auxiliar,0,acima_do_limite_da_classe
jmuben,jmuben2,2877,data/raw/jmuben/Miner/1 (14969).jpg,16,bicho_mineiro,128,128,eb4f6cc1ecca1151f809c74a79e2983b90174ae1e66be52f1af8afabdd56a934,943c5795a1f191ec19ecade7b4924ed9c9598da99685a2d6574e3cc7e01606e4,jmuben-1785,treino_auxiliar,0,grupo_ja_representado
jmuben,jmuben2,2878,data/raw/jmuben/Miner/1 (14970).jpg,16,bicho_mineiro,128,128,db3efedfcd9f8df10076b0e6a2feea4a8058a73a069db40b43e59eecca690fdf,943c5795a1f191ec19ecade7b4924ed9c9599da99685a2d6564f3cc6e01606e4,jmuben-1785,treino_auxiliar,0,grupo_ja_representado
jmuben,jmuben2,2879,data/raw/jmuben/Miner/1 (14971).jpg,16,bicho_mineiro,128,128,1072aebd7e16f0fc5ee8e2a471f3c00accdde7b4ff702c7fefef66d9c2804079,81765adf3d0bd13c32cdfb4af4b2664ee135bc12ae48cda412d3432d4896a2cf,jmuben-1787,treino_auxiliar,0,grupo_ja_representado
jmuben,jmuben2,2880,data/raw/jmuben/Miner/1 (14972).jpg,16,bicho_mineiro,128,128,33809b1e77a53424fb0f70204cb5c22980dca4df7a39da7dd66b63fa31f1352b,81765adf3d09d13d32cdfb4bd4b2664ee134bc13ae4ccda412d343254896a2cf,jmuben-1787,treino_auxiliar,0,grupo_ja_representado
jmuben,jmuben2,2881,data/raw/jmuben/Miner/1 (14973).jpg,16,bicho_mineiro,128,128,ee28feb1a2b54a381c9150023024c775ab714c8b5b1b88af621bef850ed5a815,898765e75be09af8d670f278e375a71e8a2d854a20abb0d768ead3c5c08ae3d0,jmuben-1789,treino_auxiliar,0,grupo_ja_representado
jmuben,jmuben2,2882,data/raw/jmuben/Miner/1 (14974).jpg,16,bicho_mineiro,128,128,36eb03dbd919a08cb73db4f1cc8ac1dd3d0249ba63952bda1f82a7e2dc4055f6,89c767e75be09af8d670f278e335a71e8a25854a20abb0d768aad3c5c48ae3d0,jmuben-1789,treino_auxiliar,0,grupo_ja_representado
jmuben,jmuben2,2883,data/raw/jmuben/Miner/1 (14975).jpg,16,bicho_mineiro,125,256,2ca406bd057c78f3f3dea0e3aec7a1326069821d549ec5eab755d88bdad9cfb7,8a066b0527b69ecf546b8cb0a4cbb5e67133f949e816ee09d5b48714ae8d6b26,jmuben-1791,treino_auxiliar,0,acima_do_limite_da_classe
jmuben,jmuben2,2884,data/raw/jmuben/Miner/1 (14976).jpg,16,bicho_mineiro,128,128,a3e7a990737626f88ea6718512187ae2bc99a7a0734321c1762747112c3ecd25,8617710f628f8f1d674fca976f405ea13b121d6a5e16654ac8a5e252eca876d5,jmuben-1778,treino_auxiliar,0,acima_do_limite_da_classe
jmuben,jmuben2,2885,data/raw/jmuben/Miner/1 (14977).jpg,16,bicho_mineiro,122,256,a3e419a62fbd7570f7ddfea0d328d52116bfe279de2b55592969e5302cdded22,8a46631736f69cef04ab8890a1cdd132eb78ec7ca638d7b89bb2296d59a890ab,jmuben-1783,treino_auxiliar,0,acima_do_limite_da_classe
jmuben,jmuben2,2886,data/raw/jmuben/Miner/1 (14978).jpg,16,bicho_mineiro,128,128,79df5e27232697bff43f2ea28f1429b44729d376729ca86972b230834f11d9dd,86168cf02e8f72ab4bea346f7de06d0a716a3f12605a3f5693d4ca1017d5f495,jmuben-1794,treino_auxiliar,0,acima_do_limite_da_classe
jmuben,jmuben2,2887,data/raw/jmuben/Miner/1 (14979).jpg,16,bicho_mineiro,128,128,096b2b713f36ec3603f866c63042a9b9a057df2a204843d84f7fc13be9a07da0,8ce8647064b08c736e51deac4a3f5c1af6ad795955ab4ab5c1eac2afe144552a,jmuben-1795,treino_auxiliar,0,acima_do_limite_da_classe
jmuben,jmuben2,2888,data/raw/jmuben/Miner/1 (14980).jpg,16,bicho_mineiro,128,128,f8e677ba635437a68c636bd22aac41aa58b5452b72c8fb13dd4a960e7c0474e3,8ce8647064b88c736e51daac4a3f5c1ab6ad7955d5ab4295c1fac2afe144d52a,jmuben-1795,treino_auxiliar,0,acima_do_limite_da_classe
jmuben,jmuben2,2889,data/raw/jmuben/Miner/1 (14981).jpg,16,bicho_mineiro,119,256,c1ca685d8232d1e11c1473e6e70d2767bcc1c368c4921decc15cbd50b458c972,88a5be1b01f0168bd27770d313024c3123bad87c1e3bc3dc62efbc18278ee5bf,jmuben-1797,treino_auxiliar,1,
jmuben,jmuben2,2890,data/raw/jmuben/Miner/1 (14982).jpg,16,bicho_mineiro,128,128,25197a03f7f2ce6405310f3f0c562900750050b1c406504f3243177ae9e0c66d,889d6b951d8cce0b81f89c76df0091dafc1ba7c44a67ed1552e46560d47e3b07,jmuben-1798,treino_auxiliar,0,grupo_ja_representado
jmuben,jmuben2,2891,data/raw/jmuben/Miner/1 (14983).jpg,16,bicho_mineiro,128,128,76184632e34f7436c508ca87a634f5dd27b7b79aa49904fa0f5c4f8026941f7b,93b356b2819f9fc7da2d4cace4d3b2dbcb69c524b2d49258734a6c2579b4c012,jmuben-1799,treino_auxiliar,1,
jmuben,jmuben2,2892,data/raw/jmuben/Miner/1 (14984).jpg,16,bicho_mineiro,128,128,9023857389e0e944a19310251a3797c68533211d1628750f75df7b5dcbd98585,97b316b281bf9f87da394cace4d3b2d3cb69c125b29492d0774a6c2579b4c016,jmuben-1799,treino_auxiliar,0,grupo_ja_representado
jmuben,jmuben2,2893,data/raw/jmuben/Miner/1 (14985).jpg,16,bicho_mineiro,128,128,18b69cc8bd301930bf459879e2f3b8cf9f0e1ff225689a679513d5d86c66ae13,81fb585f349fd2f4324fe513a632216688b21e4943a4689bf749edb0fcc17334,jmuben-1801,treino_auxiliar,0,grupo_ja_representado
jmuben,jmuben2,2894,data/raw/jmuben/Miner/1 (14986).jpg,16,bicho_mineiro,128,128,c9ff76a2d07c2e52831eb33b73b3e10e041af4b22611c4a1e129d8607c254c59,81fa58ff34bfd2f4324fe513a4b2236e89b21e4943a4619b7349ed20fcc17324,jmuben-1801,treino_auxiliar,1,
jmuben,jmuben2,2895,data/raw/jmuben/Miner/1 (14987).jpg,16,bicho_mineiro,128,128,e142796e14ea8897729a31590d40b713cb94d390cdab39e30be9de9d36a20ff5,92004fbb3ef3d8403939f546f362b199f6450f33c0196a6639b3e4d4b732f08b,jmuben-1803,treino_auxiliar,0,grupo_ja_representado
jmuben,jmuben2,2896,data/raw/jmuben/Miner/1 (14988).jpg,16,bicho_mineiro,128,128,5579e9b6c884bcafc29b45204810eb92b7e7ea8b5718320cb530590b0d7bcd90,92004fbb3ef3d8403939f547f362b199f6450f33c0186a6639b3e4d4b732f08b,jmuben-1803,treino_auxiliar,0,grupo_ja_representado
jmuben,jmuben2,2897,data/raw/jmuben/Miner/1 (14989).jpg,16,bicho_mineiro,128,128,c60baee0f62994eb79efde86ef9037b2064a699788202dcdfa1a6b09f37cb962,83a72f0f2dcef72370669cea343d1b746465dcf773311d9c7632c00a92e86588,jmuben-1805,treino_auxiliar,0,acima_do_limite_da_classe
jmuben,jmuben2,2898,data/raw/jmuben/Miner/1 (14990).jpg,16,bicho_mineiro,128,128,d699719351da0a4b58c901dfe7eaeadc15561eef21976b4ea1b779f4921dcd98,83a72f0f2dced73370269cea343d1b746465dcf773311d9c7632c00a92e865c8,jmuben-1805,treino_auxiliar,0,acima_do_limite_da_classe
jmuben,jmuben2,2899,data/raw/jmuben/Miner/1 (14991).jpg,16,bicho_mineiro,128,128,b76f76e8f8cfa1874170d73c792f570f9415452cc4a4de26a57750e8088191c6,97cc14c9c26b2f1cb67e1a51f812a14b352b5cb57b9c485e1b48c9698e4d7c76,jmuben-1807,treino_auxiliar,1,
jmuben,jmuben2,2900,data/raw/jmuben/Miner/1 (14992).jpg,16,bicho_mineiro,128,128,b25ef42e6aa7dff5458e6a98427db99b73829660624c98de3c9fad95a44b1f6a,8b1622711ba9ce9b167fd887bc2a91a8c0c2ed1f28c71e71fbbc98776b1145c4,jmuben-1808,treino_auxiliar,0,acima_do_limite_da_classe
jmuben,jmuben2,2901,data/raw/jmuben/Miner/1 (14993).jpg,16,bicho_mineiro,128,128,df88ea922fb0f0a66a240cd783278b81d4bb583d9ce5ec543cbac9d5aa31650f,9cbc54e4ef7060da45fd2639126b8129f084d816f709f6b7e953796bac052e92,jmuben-1809,treino_auxiliar,0,acima_do_limite_da_classe
jmuben,jmuben2,2902,data/raw/jmuben/Miner/1 (14994).jpg,16,bicho_mineiro,128,128,a7fda617ea2a5bf81f3bfa752e8b79c2a2c4ed55dfc0cdded12868ac64e20701,81f2a70334bd3d0fa04f13ce2631d6f3d99185f3e71443e69f2433691a4df4c1,jmuben-1810,treino_auxiliar,0,grupo_ja_representado
jmuben,jmuben2,2903,data/raw/jmuben/Miner/1 (14995).jpg,16,bicho_mineiro,128,128,f11327e643271505d0e8b33f54476c535fcb4277d84ed217c05d7831548e126c,816c9f9360140deef1098078b703d8279dca79985f7d6ea3cfb7a5c480b05797,jmuben-1811,treino_auxiliar,0,acima_do_limite_da_classe
jmuben,jmuben2,2904,data/raw/jmuben/Miner/1 (14996).jpg,16,bicho_mineiro,128,128,f8300e6a29f0543dd0fb4c37348bda2facfabf9c2264c2ebd6c19f6c29117aa1,816d602c6014f210f1097f87f72727d0ddca86675f7d115ccfb65a3f90b3a868,jmuben-1812,treino_auxiliar,0,acima_do_limite_da_classe
jmuben,jmuben2,2905,data/raw/jmuben/Miner/1 (14997).jpg,16,bicho_mineiro,128,128,cfee24b81f0a56849edaba49edf06d2aedbc4ed6b5eb0f1bf5f8af1662b030aa,96af7078fa077c68587f4914609cd4f72e381b42cd952db30d9cbcc2af0e4707,jmuben-1813,treino_auxiliar,0,grupo_ja_representado
jmuben,jmuben2,2906,data/raw/jmuben/Miner/1 (14998).jpg,16,bicho_mineiro,128,128,21639b2e7cd472ef8c116bc2deddf867f75f8d11f16a8684022a9e3058887816,96af7078fa0f7c68587e4914609cd4f72e383f42cd942cb30d9cbcc0ae0ee70e,jmuben-1813,treino_auxiliar,0,grupo_ja_representado
jmuben,jmuben2,2907,data/raw/jmuben/Miner/1 (14999).jpg,16,bicho_mineiro,128,128,2e3abb1418aa9cb46b6247df617b11ccb91d11abbf0c3ba8b93551d891cbebf1,82d056bff5486b5e32971b22cfac3d8721d5c8b8c6ca701607c558e71e7ef181,jmuben-1815,treino_auxiliar,0,grupo_ja_representado
jmuben,jmuben2,2908,data/raw/jmuben/Miner/1 (15000).jpg,16,bicho_mineiro,128,128,7240a58f0ee569d99e328ce4cee2db06561e36aab803c4b1b000b981f4415f02,82d056bff5482b5e32871b22cfac3d8721d5c8b8c6ca741607c598e71e7ef183,jmuben-1815,treino_auxiliar,0,grupo_ja_representado
jmuben,jmuben2,2909,data/raw/jmuben/Miner/1 (15001).jpg,16,bicho_mineiro,128,128,d5dcaff9da4ec609b9c01b1ec4ceef28962d81d6835d07b8bcb789adbb76ac99,8ea540a641dec4dde6e53877a4d36c7eb53a8d3ff4851786f8c314c3870063ac,jmuben-1817,treino_auxiliar,0,grupo_ja_representado
jmuben,jmuben2,2910,data/raw/jmuben/Miner/1 (15002).jpg,16,bicho_mineiro,128,128,a2bf8f773df950d1f24e73b6fdbe6acbae5683507fbf11f3d77e3c3069fa1f87,8ea540a641dec4dde6e53877a4d36c7eb63a8d3ff4851786f8c314c3870063ac,jmuben-1817,treino_auxiliar,0,grupo_ja_representado
jmuben,jmuben2,2911,data/raw/jmuben/Miner/1 (15003).jpg,16,bicho_mineiro,128,128,1c45d2992a968dfea9cdad1247017cf386e872ff8f3a027e70aa69a7d12dd0b0,96a777e8fa177ea4782ed927610c6286d0e3765d3229c966f8756f31459818e0,jmuben-1819,treino_auxiliar,0,grupo_ja_representado
jmuben,jmuben2,2912,data/raw/jmuben/Miner/1 (15004).jpg,16,bicho_mineiro,128,128,a2684ab820c958d56909926ff104f2a8299a748851e94573b94bbb12f0fe4de7,96a777e0fa177ea4782ed92761086286d0e3765c3229db6af8756f33459818e0,jmuben-1819,treino_auxiliar,0,grupo_ja_representado
jmuben,jmuben2,2913,data/raw/jmuben/Miner/1 (15005).jpg,16,bicho_mineiro,128,128,3902b1539bdd20e5242dedfadb52f5512e2788fd7ae11b107bc945b1673588c2,9ade7eb0f90f3a1238bc0cbb644d3245de793f381585ccc12648174f9b47b923,jmuben-1821,treino_auxiliar,0,acima_do_limite_da_classe
jmuben,jmuben2,2914,data/raw/jmuben/Miner/1 (15006).jpg,16,bicho_mineiro,128,128,4d2cd2fa1fde6b5cba2f3af42410f24998a8e15bf5a14b401931a8f11b3c689a,9ada7eb0f90f3a1238b40cbf644d7241de793f381585ccc1264a174f9b47b923,jmuben-1821,treino_auxiliar,0,acima_do_limite_da_classe
jmuben,jmuben2,2915,data/raw/jmuben/Miner/1 (15007).jpg,16,bicho_mineiro,128,128,8a9426f2bac0624cd6d0291b5dc74b86fd569dd8a84e8b50a12542dff1210a40,9eb675f8fa073ea4782f492360ce72fb5e7a371c89abcc9a2490068e1cc19707,jmuben-1823,treino_auxiliar,0,acima_do_limite_da_classe
jmuben,jmuben2,2916,data/raw/jmuben/Miner/1 (15008).jpg,16,bicho_mineiro,128,128,6f3fe72ee3df4d063e7d2354df55f8cd622487c255ea35e0495d30725455f490,9eb675f8fa027ea4782e4933604e72f7dc7a371cb9a9cdaa2490068c1cc89e47,jmuben-1823,treino_auxiliar,0,acima_do_limite_da_classe
jmuben,jmuben2,2917,data/raw/jmuben/Miner/1 (15201).jpg,16,bicho_mineiro,128,128,2680186bb70149991899ee0e22e1fc4087dca5eb8b4d1049fd5b248c579673c8,871e267cd8f14b2fb4c303b31b849ccf4f64f433859eb18ccc67369eb2484c66,jmuben-1825,treino_auxiliar,0,acima_do_limite_da_classe
jmuben,jmuben2,2918,data/raw/jmuben/Miner/1 (15202).jpg,16,bicho_mineiro,128,128,a9a8ca6cd38c2404aece33124fe2d9aad2f0771f55838f4674793b137efce45b,871e2678d8f14f2fb4c30bb31b849ccf4e66f433019eb48d4e77369c32486c66,jmuben-1825,treino_auxiliar,0,acima_do_limite_da_classe
jmuben,jmuben2,2919,data/raw/jmuben/Miner/1 (15203).jpg,16,bicho_mineiro,128,128,94ea47d4814ed854bf54426b7f12f6c716223a089c1d3527d4d90162c3931f95,84672e63a69e91bcdb201a4ff1b325b199124cd96cc8d0dccc9d6657b322f6d2,jmuben-1827,treino_auxiliar,0,grupo_ja_representado
jmuben,jmuben2,2920,data/raw/jmuben/Miner/1 (15204).jpg,16,bicho_mineiro,128,128,bac7fcc48922886cdb8b211bc320a59057e1fcc7ac50627d398e4b8f7d8dc025,84672e63a49e91bcdb201a4ff0b325b199124cdb6cc8d0dccc956e57b322f6f2,jmuben-1827,treino_auxiliar,0,grupo_ja_representado
jmuben,jmuben2,2921,data/raw/jmuben/Miner/1 (15205).jpg,16,bicho_mineiro,128,128,d648a437105599e3c37a481aa2cd9e105c0c29171751c404fd93e854b6345541,8a39488f58c3b2ed37262d300d920fb1c7e29ccc31d97231673733dc47be6761,jmuben-1829,treino_auxiliar,0,acima_do_limite_da_classe
jmuben,jmuben2,2922,data/raw/jmuben/Miner/1 (15206).jpg,16,bicho_mineiro,128,128,2d86df74c4266472bf6d5b5b304cd44489769833d81cca40689027b6f61e2cce,8a39488f58c3b3e937262d300d900fb1f6e094cc31f9663367a7369c47bf6663,jmuben-1829,treino_auxiliar,0,acima_do_limite_da_classe
jmuben,jmuben2,2923,data/raw/jmuben/Miner/1 (15207).jpg,16,bicho_mineiro,128,128,49e5fb53a9f31109a497c51e38b6c3f27c4ce5ff43e4df0249975d52d74206ac,9d91c664ad7169a8d4b98b06e34d55a5d169b6db653624d94db15b24e50aacd3,jmuben-1831,treino_auxiliar,0,acima_do_limite_da_classe
jmuben,jmuben2,2924,data/raw/jmuben/Miner/1 (15208).jpg,16,bicho_mineiro,128,128,781239c34d5c0f49fcb123b3f4e95bcc88a19b9a77069fc2b3ffc4712a98c969,9d913999ad719657d6bd14a9e34daa4ad3ed4924e53699205db824d9e54b512c,jmuben-1832,treino_auxiliar,0,grupo_ja_representado
jmuben,jmuben2,2925,data/raw/jmuben/Miner/1 (15209).jpg,16,bicho_mineiro,128,128,c4bbd150011a23e9d34c6e3fd8ec80f0c363087ec547afe9cf15086f72249c5b,807f4f01df60b336331d4cfce0c4c71f9e33c1e09e419c3f9a7f264b43d4c0e1,jmuben-1833,treino_auxiliar,0,acima_do_limite_da_classe
jmuben,jmuben2,2926,data/raw/jmuben/Miner/1 (15210).jpg,16,bicho_mineiro,128,128,488076f0fc90a264bc42286de21cd3e151b09ff2d7f7d6ec0685d20842dd06dd,807e4f01df60b336331d4cdce0c0c71f9e33c1e09e519c7f9a7f26cb4394c4e1,jmuben-1833,treino_auxiliar,0,acima_do_limite_da_classe
jmuben,jmuben2,2927,data/raw/jmuben/Miner/1 (15211).jpg,16,bicho_mineiro,111,256,de783180ae235a88404fb4c96cdf29027a8b1d6ebedb9b01104627998c8c7d81,885129b9f391563b2463d2074cbce91d968e7f35e91a16e6b2509b6bcc9cb6c8,jmuben-1835,treino_auxiliar,0,acima_do_limite_da_classe
jmuben,jmuben2,2928,data/raw/jmuben/Miner/1 (15212).jpg,16,bicho_mineiro,128,128,a0a566b6b8ccf72266c6fac4cc8fcf63dd58a3185361082844ff47f9c6fd8a0d,848d225755aa6db5b6c5ba7a0d8f74e77a70c96c85a4b5c7371be25d40424cb2,jmuben-1836,treino_auxiliar,0,grupo_ja_representado
jmuben,jmuben2,2929,data/raw/jmuben/Miner/1 (15249).jpg,16,bicho_mineiro,128,128,8e3ae8a019cc987dc63d497ea735c1b1bec4a18d951a199f359c0ade6fb3f1e0,9a3c488fd0c3b4cbb7452f241bb40f31966d9cccd9f93333b663199c59884c6e,jmuben-1837,treino_auxiliar,0,grupo_ja_representado
jmuben,jmuben2,2930,data/raw/jmuben/Miner/1 (15250).jpg,16,bicho_mineiro,128,128,a3a1817c94444d9bcb751a1ffa8048c5bed56ca09e8dbdfb958ab5cc56882369,9a3c488fd0c3b4cbb7452f241b340f33966c9cccd9b93333b663199d79884c6e,jmuben-1837,treino_auxiliar,0,grupo_ja_representado
jmuben,jmuben2,2931,data/raw/jmuben/Miner/1 (15251).jpg,16,bicho_mineiro,128,128,2cd2786d4912d8a5f20eda2f422b0ce4db50c733ebcac64ef7e0a1e114e66b9c,8b8e58d0b4f0a7fc0b2e09bc833994cdd8db7330267649ce6e63e621b371b49c,jmuben-1839,treino_auxiliar,0,acima_do_limite_da_classe
jmuben,jmuben2,2932,data/raw/jmuben/Miner/1 (15252).jpg,16,bicho_mineiro,128,128,c083823f5de1abb805ab11d4ede83501ec2fcedb3f32f63e0bef4a4ad4f21146,8b0e58c0b4f0a7fc0b6e09bc833994cdd9db7330267449ce6e67e621b371b49c,jmuben-1839,treino_auxiliar,0,acima_do_limite_da_classe
jmuben,jmuben2,2933,data/raw/jmuben/Miner/1 (15253).jpg,16,bicho_mineiro,128,128,4871d6a437d87d90a604e6a07f0077188e56d404679d0959bf5749b0cefffdff,8b834cf8dc58b64db67c2f6309bf619f233284e3c8e1e738f610919e994e34c6,jmuben-1841,treino_auxiliar,0,grupo_ja_representado
jmuben,jmuben2,2934,data/raw/jmuben/Miner/1 (15254).jpg,16,bicho_mineiro,128,128,c17f6776038da6446e7a9655e49df5dcd503b0ba12dfa8631ca3e874984e68bc,8b834cf8dc58b649b67c2f6309bf619f03348ce3c8e1e738b610919e99cf34c6,jmuben-1841,treino_auxiliar,0,grupo_ja_representado
jmuben,jmuben2,2935,data/raw/jmuben/Miner/1 (15333).jpg,16,bicho_mineiro,128,128,4c5e3335387efcccaa228a500ed8c79531274ade133e04b373caeadd3c4ac190,bd5516a8c6eee1d59b12a130d25ddb292da9cb57357621b40980cb596cc7e6e1,jmuben-1843,treino_auxiliar,0,acima_do_limite_da_classe
jmuben,jmuben2,2936,data/raw/jmuben/Miner/1 (15334).jpg,16,bicho_mineiro,128,128,1d2b781ee79b231a15faad25f8b7d7a7abcf34331ed1d1af49561f9e3aedcbcb,bd5516a8c6eee1d59b12a138d25ddb292da9cb57352621b409c0cb596cc7e6e1,jmuben-1843,treino_auxiliar,0,acima_do_limite_da_classe
jmuben,jmuben2,2937,data/raw/jmuben/Miner/1 (15335).jpg,16,bicho_mineiro,128,128,0d09c9cf1c213c105d843ad76067b3f0847270a1de35b7a7a66417c0dae02931,938567946004f06303dbcd5e2073e390b625e9747fafd483d7be1b40e1463d73,jmuben-1845,treino_auxiliar,0,grupo_ja_representado
jmuben,jmuben2,2938,data/raw/jmuben/Miner/1 (15336).jpg,16,bicho_mineiro,128,128,abd42c1604293a686f72365d243d44c2748ab01128c34ce522f57c9c775e00d0,93859a6b60040f9c13db32a520731c6eb6251e8b7faf2b7cd4b6e4bfe142c29c,jmuben-1846,treino_auxiliar,1,
jmuben,jmuben2,2939,data/raw/jmuben/Miner/1 (15337).jpg,16,bicho_mineiro,128,128,33a8bc6bd8968fece6b28f4f054443e0e915a5cc1674224263d82958f2fccc5c,91bb183d9bc5cdc6ccb8ba53710f86a86e60b9baf25b4747a61b4079b58456c8,jmuben-1847,treino_auxiliar,0,acima_do_limite_da_classe
jmuben,jmuben2,2940,data/raw/jmuben/Miner/1 (15338).jpg,16,bicho_mineiro,128,128,9664d959ea799fc4bb0c4e91fa0a943c4b4633a082652f41cfe21ec392d4edc0,91bb183d9bc5cdc6ccbcba53710f86a86e60b99af25b4747a6194079b5c456c8,jmuben-1847,treino_auxiliar,0,acima_do_limite_da_classe
jmuben,jmuben2,2941,data/raw/jmuben/Miner/1 (15339).jpg,16,bicho_mineiro,128,128,ac934e822fe934fb8eb65ab3dabfe02d0c0211653ef4d6b5eb607c8776f023ff,98419f22c1dcf32219819cdc61768f9b7e6181342b9ede63bd8942fea7094e6e,jmuben-1849,treino_auxiliar,0,grupo_ja_representado
jmuben,jmuben2,2942,data/raw/jmuben/Miner/1 (15340).jpg,16,bicho_mineiro,128,128,e571ca468569c64b98f6dd0dabba577ba8177e0afbb4d21c6a14a6feb16f4389,98419e26c1dce22219879cdc61768f9b7c4081752b9ede63b99946fea70b4e6c,jmuben-1849,treino_auxiliar,0,grupo_ja_representado
jmuben,jmuben2,2943,data/raw/jmuben/Miner/1 (15341).jpg,16,bicho_mineiro,128,128,fbc312c92ad42bd107aeeef9439fc6fc981bd8046a519484f0b82de06ae07883,b95514aacc8cc19db336bb62a6b9da590d2bda51da573768332d8b034b313c8e,jmuben-1851,treino_auxiliar,0,grupo_ja_representado
jmuben,jmuben2,2944,data/raw/jmuben/Miner/1 (15342).jpg,16,bicho_mineiro,128,128,fb9044c72329669f131dccd5a964130f8439f2c4cb72ffe8a288c9bccf89b8fc,b95514aacc8cc19db337bb62b6b9da590d2bda51da563568332d8b034b312c8f,jmuben-1851,treino_auxiliar,0,grupo_ja_representado
jmuben,jmuben2,2945,data/raw/jmuben/Miner/1 (15343).jpg,16,bicho_mineiro,128,128,95260fc5fd173e653c50991e19d41bba58a5363a40c5e6d174f89a3304d04c19,b7cb32e49539cabf99c471b162e00d1d1687e9cc72150c54d1cbe6407f0af8f6,jmuben-1853,treino_auxiliar,0,acima_do_limite_da_classe
jmuben,jmuben2,2946,data/raw/jmuben/Miner/1 (15344).jpg,16,bicho_mineiro,128,128,2dc2d87171d516809b53ec4202951d98e46cff46f747fb3fac701c0913be2326,b7cb32c49539cabf99cc71b162e08d3d1e87abcc72150c54d1cba2407f0af8f2,jmuben-1853,treino_auxiliar,0,acima_do_limite_da_classe
jmuben,jmuben2,2947,data/raw/jmuben/Miner/1 (15345).jpg,16,bicho_mineiro,128,128,b37265cc6e2c7bb83a736484085fa250d39b7a59197837d64421c03bb6acb2f1,952b652a838d1ce5433ab35834c626953d0cc9233c5c71c3ecf0f392db726daf,jmuben-1855,treino_auxiliar,0,grupo_ja_representado
jmuben,jmuben2,2948,data/raw/jmuben/Miner/1 (15346).jpg,16,bicho_mineiro,128,128,4caa035daaff67ab9105befcabcdeea305433de811858871032a4b917b5901cc,952b652a838d1ce5433ab35834c626950d2cc9233c5c71d3ecf0f392fb706daf,jmuben-1855,treino_auxiliar,0,grupo_ja_representado
jmuben,jmuben2,2949,data/raw/jmuben/Miner/1 (15347).jpg,16,bicho_mineiro,128,128,ce0e7bba702a3138a975268f3b36467bbe15c1798420518c515ee7ef07eb9f32,9d62654ee63b823b998d0cb9cb26db5b495acb6634d132906b4c89e3f7249297,jmuben-1857,treino_auxiliar,0,acima_do_limite_da_classe
jmuben,jmuben2,2950,data/raw/jmuben/Miner/1 (15348).jpg,16,bicho_mineiro,128,128,cb98c8c030b1315c6b8ab10023e87fecd403c5454cbc62d966989dc2fcae0255,9d62654ae63b8239998d0cfdcb26db7b495acb6634d132906b4c89e1f7249297,jmuben-1857,treino_auxiliar,0,acima_do_limite_da_classe
jmuben,jmuben2,2951,data/raw/jmuben/Miner/1 (15357).jpg,16,bicho_mineiro,128,128,de203713c16af1525f277820768f15ec4318919813c565d72d3eabe8807c9f77,847150e69d9c1e2235f4e5e6edf5c93f3220e42476382d66136f065cc93e5367,jmuben-1859,treino_auxiliar,1,
jmuben,jmuben2,2952,data/raw/jmuben/Miner/1 (15358).jpg,16,bicho_mineiro,128,128,219c4c1b62667a74efecc554fcff95f72e1dcae14d0cbfab07907bfd0bb8cbbc,847150e69d9c1e2235e4e5e6edf5493f3220e46476282d6e136d0e5ccb3e5367,jmuben-1859,treino_auxiliar,0,grupo_ja_representado
jmuben,jmuben2,2953,data/raw/jmuben/Miner/1 (15359).jpg,16,bicho_mineiro,128,128,e998a2191e93c2c8eec4c1d1ec3818241b48215984d8d02d7820b7ffe2c07211,8dc74aaef626176bc9e10ee7ea19c5aa3825d89d50ee7ca977a43d4239c2e108,jmuben-1861,treino_auxiliar,0,acima_do_limite_da_classe
jmuben,jmuben2,2954,data/raw/jmuben/Miner/1 (15360).jpg,16,bicho_mineiro,128,128,0425ccbdef933a4d113b5c7a67a837ab9e3918f6bfb2c7fa6198d67b4ffaf0ff,8dc74aaef626176bc9e10ee7ee19c1aa3825d89d50ee7ca977a43d4239c2e108,jmuben-1861,treino_auxiliar,0,acima_do_limite_da_classe
jmuben,jmuben2,2955,data/raw/jmuben/Miner/1 (15361).jpg,16,bicho_mineiro,128,128,cf53a955482b5dfec0c546c13baae3beff2fdbce97efc278093c66043b3a0019,8ce40e73c739e19c1c31cbffadd8b4802dcef56404a236c7d24e3b764a1aa16d,jmuben-1863,treino_auxiliar,1,
jmuben,jmuben2,2956,data/raw/jmuben/Miner/1 (15362).jpg,16,bicho_mineiro,128,128,ed3a1518f7133a6c438fedebe86fbc1fa691561c03ba94a31e98a83d6314adaf,8ce40e73c739e19c1c31cbffadd8b4802dcef56404a236c7d24e3b764a1aa16d,jmuben-1863,treino_auxiliar,0,grupo_ja_representado
jmuben,jmuben2,2957,data/raw/jmuben/Miner/1 (15363).jpg,16,bicho_mineiro,128,128,e57cfbbe3e002d45ea987440e1bc5d8911ba4c01c6d26b3cd6f5d014edd00706,8466118e1f7168e7ebce5a33360025ee4bb7c381f1b0696e2ce8493f524d7ace,jmuben-1865,treino_auxiliar,0,grupo_ja_representado
jmuben,jmuben2,2958,data/raw/jmuben/Miner/1 (15364).jpg,16,bicho_mineiro,128,128,dce237d5a1213fd17cea64e709cf35a3dcafde8e8c37e618cb9760cb194aeebd,8466118e1f6168e7ebce5a33360025ec4bb7c383f1302d6e2ce94b3f524d7ada,jmuben-1865,treino_auxiliar,0,grupo_ja_representado
jmuben,jmuben2,2959,data/raw/jmuben/Miner/1 (15365).jpg,16,bicho_mineiro,128,128,bd7d46bef0efc5af0bdf608fb8c1677dfd7263e89143491d1bcf8d701d53f957,8356ee8f0dc0aee5f1ca5378e87eb43d6e35721fb515684f1081e9d7c2383414,jmuben-1867,treino_auxiliar,0,grupo_ja_representado
jmuben,jmuben2,2960,data/raw/jmuben/Miner/1 (15366).jpg,16,bicho_mineiro,128,128,71775e5b8f0ebb4c997fb7c81ecc222c08c296b23a76e6bdcdee6ac4b9f065b4,8356eecf0de0aee5f1ca5378e87eb43d6a35320fb515684f1081e957563c3414,jmuben-1867,treino_auxiliar,0,grupo_ja_representado
jmuben,jmuben2,2961,data/raw/jmuben/Miner/1 (15367).jpg,16,bicho_mineiro,128,128,b7552702ab92b95822e42aef7de5ac1c8cc92f806001eb7db58092197152721b,84e62e739719e1de3cf4ca3ae9f4b4c888013ecd7420169126c7d34f0937fa1f,jmuben-1869,treino_auxiliar,0,grupo_ja_representado
jmuben,jmuben2,2962,data/raw/jmuben/Miner/1 (15368).jpg,16,bicho_mineiro,128,128,2e4c86ea9bfcf7fc50a7cf928a56aac131bb65f59afbbc6a464cbc66fa76108f,84e62e739719e1de3cf4ca3ae9f4b4c888013ecd7420169126c7d24f0937fa9f,jmuben-1869,treino_auxiliar,1,
jmuben,jmuben2,2963,data/raw/jmuben/Miner/1 (15369).jpg,16,bicho_mineiro,128,128,93c8c239e674110350a7845e07e64c9e2ba9a092ce243c50f3d09da4541b06b7,84676e311f78d78de9cfa5ecb608db0007877d7fd1b7041a2cf856cc652c9092,jmuben-1871,treino_auxiliar,0,acima_do_limite_da_classe
jmuben,jmuben2,2964,data/raw/jmuben/Miner/1 (15370).jpg,16,bicho_mineiro,128,128,21b5a4ff69fb27bb4619afcc6f3f7caccb479944c30a29625fc6c6bc621badc0,84636e310f78d78de9cfa5efb60adb0007837d57d197041a2cfc56cce52c90d2,jmuben-1871,treino_auxiliar,0,acima_do_limite_da_classe
jmuben,jmuben2,2965,data/raw/jmuben/Miner/1 (15461).jpg,16,bicho_mineiro,128,128,10add4734399152e6e80e802f3696530d4e754ec31e2d48318cfdeee06803c7f,8d0a099d55afb3477baa26514a56cebe13d53d2aeaa748c1194eb3b1a7580e66,jmuben-1873,treino_auxiliar,0,acima_do_limite_da_classe
jmuben,jmuben2,2966,data/raw/jmuben/Miner/1 (15462).jpg,16,bicho_mineiro,128,128,876b73e894b9d92b490b2c178e7934ef6792898afa34bc3b3b8103be1e982681,8d0a099d55afb3477baa26514a56cebe13d53d2aeaa748c1194eb3b1a7580e66,jmuben-1873,treino_auxiliar,0,acima_do_limite_da_classe
jmuben,jmuben2,2967,data/raw/jmuben/Miner/1 (15489).jpg,16,bicho_mineiro,128,128,ddbf955d19deb36ed9d1a6363570a093144c0b9ca693e4bba5928a31184ad881,84a8f2655cb54e547bc158ab634ab5e8c75eea253ab493ac40e8e51815d54ef7,jmuben-1875,treino_auxiliar,0,acima_do_limite_da_classe
jmuben,jmuben2,2968,data/raw/jmuben/Miner/1 (15490).jpg,16,bicho_mineiro,128,128,07dc7b921c6ad65322b98fa74c94e20d0b3ff8cd4da01c83ec682abb7db83061,84a8f6655cb54e547be158ab634ab5e0c75eaa253ab493ac40e8e51815d54ef7,jmuben-1875,treino_auxiliar,0,acima_do_limite_da_classe
jmuben,jmuben2,2969,data/raw/jmuben/Miner/1 (15525).jpg,16,bicho_mineiro,256,108,59df411f9d6a2d8e21e3fd25f6706e8e7279c8377121102a1afb2c40323f7601,8d944ca239a891770c9c819abd342bed14eeb569b9a35e6a219276eeb54a2bda,jmuben-1877,treino_auxiliar,0,acima_do_limite_da_classe
jmuben,jmuben2,2970,data/raw/jmuben/Miner/1 (15526).jpg,16,bicho_mineiro,128,128,4371e0d502ceff09554831593e6bac23460085f429ced84a609de9e27001b5e3,90801fddec672f30539fa7b88b1feb052b709630fc44138fc71acf3c01acf9c4,jmuben-1878,treino_auxiliar,0,grupo_ja_representado
jmuben,jmuben2,2971,data/raw/jmuben/Miner/1 (15527).jpg,16,bicho_mineiro,256,124,cf2ade15b059323fe83c271d8468fc9a6633bb5336f70e40d2cf35464a207965,9137134c79f0c04d337737bd8050fc811b6f711a2f0782737c3ff2123de381e5,jmuben-1879,treino_auxiliar,0,acima_do_limite_da_classe
jmuben,jmuben2,2972,data/raw/jmuben/Miner/1 (15528).jpg,16,bicho_mineiro,128,128,3768273dce96bd28f6ceb39b7dd878e6c1354e675a0f8ca72c4880c0eeffdf39,900f3f90c0d8fcc15afff01e37e394ede0147b9c0736c624ce6203e3f383391b,jmuben-1880,treino_auxiliar,0,acima_do_limite_da_classe
jmuben,jmuben2,2973,data/raw/jmuben/Miner/1 (15529).jpg,16,bicho_mineiro,128,128,48d534a8a6c122d380db26bfad4550f856ddd17f7244915070d00ce6c947be88,914259cd2b1594ef6e09d7e823cdba6041fd193e15d8a818a67e1d878e393eb9,jmuben-1881,treino_auxiliar,0,grupo_ja_representado
jmuben,jmuben2,2974,data/raw/jmuben/Miner/1 (15530).jpg,16,bicho_mineiro,128,128,ba9b739c0f5e117e72c45a3993f01c0da2ba288349199865125ce51b29dbe9ac,914259cd2b1594e76e09d3e823cdba6241fd193e15d8a818a6fc1d878e393ebd,jmuben-1881,treino_auxiliar,0,grupo_ja_representado
jmuben,jmuben2,2975,data/raw/jmuben/Miner/1 (15531).jpg,16,bicho_mineiro,128,128,ed258a7f7a725be8cd1871c94c9919440f81276db1195170d457bd74f8943f8f,95104cc06b999565eb75586c2d0aaed56c2dcb24954121f68cfa77bb8778835f,jmuben-1883,treino_auxiliar,0,grupo_ja_representado
jmuben,jmuben2,2976,data/raw/jmuben/Miner/1 (15532).jpg,16,bicho_mineiro,128,128,3ac50940de182ef5a533555de14aed7935bfce5f5d8637530f3a17e19718744c,95104cc06b909565eb75d86c2d1aaed56c2dcb24954121f68cfa77bb8778835f,jmuben-1883,treino_auxiliar,1,
jmuben,jmuben2,2977,data/raw/jmuben/Miner/1 (15533).jpg,16,bicho_mineiro,128,128,477cccb63f54817c40c958f7a16f097c426b204dcb02165789987735c73c7fdc,91f83bbf444f8064781047b0b62f0f77c078e175ba479ef7c0eed3086731c478,jmuben-1885,treino_auxiliar,0,acima_do_limite_da_classe
jmuben,jmuben2,2978,data/raw/jmuben/Miner/1 (15534).jpg,16,bicho_mineiro,128,128,1fcfcc97989ced7895ef6c076e403ea6503da14432805bc418b0954774885bb3,91f83bbf444f806578104730f62e8f77c079e175b8479ee7c0efd3006631c479,jmuben-1885,treino_auxiliar,0,acima_do_limite_da_classe
jmuben,jmuben2,2979,data/raw/jmuben/Miner/1 (15535).jpg,16,bicho_mineiro,256,110,408df871764b439c36a5dc366229abb7eae63d73e9fedfda13c59158c633344a,8386978c943bc33b5b747b84304b9ec278ece261e3328f7836cc38a76b0ce55b,jmuben-1887,treino_auxiliar,0,acima_do_limite_da_classe
jmuben,jmuben2,2980,data/raw/jmuben/Miner/1 (15536).jpg,16,bicho_mineiro,128,128,c941789af323a7934f9aba81475af01d01a5985b44b454a33856f5944b132323,a58e526bf03d29948a532cd09fa4d66a89c9cc6c5bb244c96eb499d76e697227,jmuben-1888,treino_auxiliar,1,
jmuben,jmuben2,2981,data/raw/jmuben/Miner/1 (15537).jpg,16,bicho_mineiro,128,128,78a2fd485f57589af9d313fb8fdb17c3bcde021560d8b2dd3c675f5f5d678429,8178367c3f6b85e7791e0f825972c0e372213e212e4dc06bd87f9cc18f9dc60d,jmuben-1889,treino_auxiliar,0,grupo_ja_representado
jmuben,jmuben2,2982,data/raw/jmuben/Miner/1 (15538).jpg,16,bicho_mineiro,128,128,efe545ef862e8793841ecb4087597a41220571df0f4fbe7416181852fbc234e1,8178367c3f6b85e7791e0f821972c0e372217e212e4dc06bd87f9cc18f9dc60d,jmuben-1889,treino_auxiliar,0,grupo_ja_representado
jmuben,jmuben2,2983,data/raw/jmuben/Miner/1 (15539).jpg,16,bicho_mineiro,128,128,9bd0db5cf0cac946c74dd7b8f20bf7ce2723cbc83e2a2bb4a02e00daa9a84d4c,94e3466a2acdd22ef952db131ded95493e4c6a534ba651729510d9da56b5469a,jmuben-1891,treino_auxiliar,1,
jmuben,jmuben2,2984,data/raw/jmuben/Miner/1 (15540).jpg,16,bicho_mineiro,128,128,9959ec87ddc2f2872f340ddd16b3b83fa37be6a4200fd300b377163a7212f91e,94e3466a2ac4d62af952df131ded95493e4c6a534ba651729d1848da56b566da,jmuben-1891,treino_auxiliar,0,grupo_ja_representado
jmuben,jmuben2,2985,data/raw/jmuben/Miner/1 (15541).jpg,16,bicho_mineiro,128,128,e3c8f8adf1935e33d0d246a2210a8088da6aa1e148cff4b50b09b715e11d5b21,915426646a3bcf13693a23c8455be563f28f114cd4dce2fc736e590e61bd7462,jmuben-1893,treino_auxiliar,0,grupo_ja_representado
jmuben,jmuben2,2986,data/raw/jmuben/Miner/1 (15542).jpg,16,bicho_mineiro,128,128,703390bb29355dcc43b08ae5349b67d35ceb395753e53516fc1e49e94fcb588a,915426646a3bcf1369ba23c8455be5e3f08f114cc2dce2f47b2f598e61b97462,jmuben-1893,treino_auxiliar,0,grupo_ja_representado
jmuben,jmuben2,2987,data/raw/jmuben/Miner/1 (15597).jpg,16,bicho_mineiro,256,111,fee4541150acaf052e0f583905a4f29cd55af653bf5aab27cdde46666433bd7e,824d69247d65373ec099c4e24e56731cf864e98ba5e3869cc6668b977b1c6ce1,jmuben-1895,treino_auxiliar,0,acima_do_limite_da_classe
jmuben,jmuben2,2988,data/raw/jmuben/Miner/1 (15598).jpg,16,bicho_mineiro,128,128,97bec03bc525d7395adb5951ef85de1e6e37745b962838d39a79a5cdc862cf63,864d363f3e46cce37866b66c393987dee4891e1b1d9cc818a03b6323e3317279,jmuben-1896,treino_auxiliar,0,acima_do_limite_da_classe
jmuben,jmuben2,2989,data/raw/jmuben/Miner/1 (15599).jpg,16,bicho_mineiro,128,128,ac3854ef3788fac03efcc611e662a7c9c96f0660b57e84e2ef4ef7dd7090080b,83331f9cc41e390133f1cc7c7b191c9ac523afe78ee5f10731fc38213a38e1ce,jmuben-1897,treino_auxiliar,0,acima_do_limite_da_classe
jmuben,jmuben2,2990,data/raw/jmuben/Miner/1 (15600).jpg,16,bicho_mineiro,128,128,2e9f6f7e266e692f12105fae72c20b1d86f9b37f79701ca64c533788e570ce1d,81331f9cc41e390133f1cc3c7b191c9ae523afe78ae5f10731fc38213bb8e1ce,jmuben-1897,treino_auxiliar,0,acima_do_limite_da_classe
jmuben,jmuben2,2991,data/raw/jmuben/Miner/1 (15613).jpg,16,bicho_mineiro,128,128,d89392c561f5e3053e9a36a98a8313fe0be06228376a6e92d6d8fd8a3514b822,83331f0d47b8c478399f97e2acc4c33938d80bb9743b5f328ef7ce07d00a6788,jmuben-1899,treino_auxiliar,0,acima_do_limite_da_classe
jmuben,jmuben2,2992,data/raw/jmuben/Miner/1 (15614).jpg,16,bicho_mineiro,128,128,f88eebdb1e8d0bb007f9971892b5a961f1c771a5586b03c80b0d1e1ea7a7a25b,83331f0d4738c478399f97e2acc4c33938d889b9743bdf328ee7ce07d04a6788,jmuben-1899,treino_auxiliar,0,acima_do_limite_da_classe
jmuben,jmuben2,2993,data/raw/jmuben/Miner/1 (15615).jpg,16,bicho_mineiro,128,128,bcebf70578306fe0b05bed1daeed68822ce11b108c324827313b96c598f54ae5,83643732cc3d320735eec8f976311831e6271eeccc47cf8c61bc9a060ee3ce73,jmuben-1901,treino_auxiliar,0,acima_do_limite_da_classe
jmuben,jmuben2,2994,data/raw/jmuben/Miner/1 (15616).jpg,16,bicho_mineiro,128,128,0173b140281f4bcc2b9480f96e997f6ee4818328fc6ab31b7a7108615937b2e8,83643732cc3d320335eec8f976311831e6271eeccc47cf8c61fc9a060ee3ce73,jmuben-1901,treino_auxiliar,0,acima_do_limite_da_classe
jmuben,jmuben2,2995,data/raw/jmuben/Miner/1 (15617).jpg,16,bicho_mineiro,256,111,4f365498e540c9bbd9d72d8256a62f7891bff687d387ee6eb5cd267201612a19,83266d933fb71b98d0c4c43dc77b3be37919fcc4b4bc92c7d23981e8094228bc,jmuben-1903,treino_auxiliar,0,acima_do_limite_da_classe
jmuben,jmuben2,2996,data/raw/jmuben/Miner/1 (15618).jpg,16,bicho_mineiro,128,128,4e48b03d357db70a41f08e19caba613fbc98f778cfa4ff493810d6b0d0fb0a1b,83263b80073bcc3d7b113633199cc0736f6697e80cc3cf43bdf5c3cdf08e5a0c,jmuben-1904,treino_auxiliar,0,acima_do_limite_da_classe
jmuben,jmuben2,2997,data/raw/jmuben/Miner/1 (15619).jpg,16,bicho_mineiro,128,128,47870c1e30651793efc227603452e13288b364ffceaf12028792d0a4743c7b08,876c698e78607331c9c7949d96c3c6ee8f393ba6eef967448f9b320cc30a8849,jmuben-1905,treino_auxiliar,0,grupo_ja_representado
jmuben,jmuben2,2998,data/raw/jmuben/Miner/1 (15620).jpg,16,bicho_mineiro,128,128,5f30233a2447c77ee949e2ed5fb2aaec0f31dc7ff9691d86f348cba354435c9d,876c690e78627231d9c7949d9683c6e68f391ba6eaf967448f933e8cd30a88c9,jmuben-1905,treino_auxiliar,0,grupo_ja_representado
jmuben,jmuben2,2999,data/raw/jmuben/Miner/1 (15621).jpg,16,bicho_mineiro,128,128,2abbc7f50094572328c334dd2e06e081ca0ab9bcc63480393210c6bb1a7fdb2b,83331f8cc67dec1e33c394e6e1e83a9418b8711b7b300ef1ce07d4d6e1ced80e,jmuben-1907,treino_auxiliar,0,acima_do_limite_da_classe
jmuben,jmuben2,3000,data/raw/jmuben/Miner/1 (15622).jpg,16,bicho_mineiro,128,128,999400e8d560b6eddbd1c1346c87d54a42dbf4f16b5308e5a590bd028c478bc3,83331f8cc67dec0e338194e6e1e8329618bc711b79301ef9ce03de86e5cef80e,jmuben-1907,treino_auxiliar,0,acima_do_limite_da_classe
jmuben,jmuben2,3001,data/raw/jmuben/Miner/1 (15623).jpg,16,bicho_mineiro,128,128,fe07e8001626e58c980ef49f47d500de30e2f3de8919731a5968c9e13357e534,819964f156983983388fec0e94e13ce7783cd3a3c2bc89e68f337998c5172e9b,jmuben-1909,treino_auxiliar,0,acima_do_limite_da_classe
jmuben,jmuben2,3002,data/raw/jmuben/Miner/1 (15624).jpg,16,bicho_mineiro,128,128,934314c3c58c21ece18b055b91232c2e60c3de8d8f2eb1be0e0509743f22886b,819964f156983983388fec0e94e13ce7783cd3a3c2bc89e68f337998c5172e9b,jmuben-1909,treino_auxiliar,0,acima_do_limite_da_classe
jmuben,jmuben2,3003,data/raw/jmuben/Miner/1 (15625).jpg,16,bicho_mineiro,128,128,1c9ddb78640b7ef390f0df5aa0a5b53fc0a82acf6d98551f616611f385f27b7d,864936307c66c9c37a71b6993b1b8e19ecb91f1285b0c27337a67f06bec03ccc,jmuben-1911,treino_auxiliar,0,grupo_ja_representado
jmuben,jmuben2,3004,data/raw/jmuben/Miner/1 (15626).jpg,16,bicho_mineiro,128,128,4127a54f8e28d01dba2935df9e9c122f29833b6f1cbac4e0f1eb663aecaae601,864936303c66c9c37a71b6d9399b8e19ecb91f1285b0c27337a67f07bec038cc,jmuben-1911,treino_auxiliar,0,grupo_ja_representado
jmuben,jmuben2,3005,data/raw/jmuben/Miner/1 (15627).jpg,16,bicho_mineiro,128,128,bdbea933cde9c3bda767a4d323c9a66a5139ad065311df910bb72485ad7f3a35,83333f19c670a85e330784f2e9393a3b09bde6273f468acde18c33c0393fb037,jmuben-1913,treino_auxiliar,0,acima_do_limite_da_classe
jmuben,jmuben2,3006,data/raw/jmuben/Miner/1 (15628).jpg,16,bicho_mineiro,128,128,c6d9898f5af106179b635aa9bfd461c50d6b059dd7229138bb322a623df425a4,83333f19c670e87a331794f2e9317a3b09b9c6232f068ecde10c33c839f9b837,jmuben-1913,treino_auxiliar,0,acima_do_limite_da_classe
jmuben,jmuben2,3007,data/raw/jmuben/Miner/1 (15677).jpg,16,bicho_mineiro,128,128,e1bb9da4145a871a3813df752ae4313f2c834a50d823fc48c933500efac08bbd,817333ce5a3dd70da742898c37923ae464c8cc7a9ed6bd78368de131cd031e2e,jmuben-1915,treino_auxiliar,0,acima_do_limite_da_classe
jmuben,jmuben2,3008,data/raw/jmuben/Miner/1 (15678).jpg,16,bicho_mineiro,128,128,738aeabc8897e43c4d2a8ae465908d4c46307a1cf21208a61f7904a670d51144,817333ce5a3dd78fa742898c17923ae464c8cc7a9ed69d78368de131cd031e2e,jmuben-1915,treino_auxiliar,0,acima_do_limite_da_classe
jmuben,jmuben2,3009,data/raw/jmuben/Miner/1 (15679).jpg,16,bicho_mineiro,128,128,3ecf50bc929a269e7885c4bfd70b1bd3c5ed7eac08a7b1335635038715505a45,92d6707aa4714a874a38b7176ca1d56968f490ae0c5c97b6ed4cabc36ad595a9,jmuben-1917,treino_auxiliar,1,
jmuben,jmuben2,3010,data/raw/jmuben/Miner/1 (15680).jpg,16,bicho_mineiro,128,128,5bf47e78d736a34f9a64f223fd1dfe53e3e24eb204c07b93b7c1b2dc42a32aae,92d28f85a471b5794a3868fa6ca12a9668f47f530d5c684ded4c543e4ad56a5e,jmuben-1918,treino_auxiliar,1,
jmuben,jmuben2,3011,data/raw/jmuben/Miner/1 (15681).jpg,16,bicho_mineiro,128,128,2abae867169a4a80401f776743d1edd7bb3092f1bc3a99e1f03d698e4fa38387,869b27a277c5cc7388fa8268201a6fbcc98c9583becc6ae140491afb3df2f574,jmuben-1919,treino_auxiliar,0,grupo_ja_representado
jmuben,jmuben2,3012,data/raw/jmuben/Miner/1 (15682).jpg,16,bicho_mineiro,128,128,a5f15d7e75e3865d534a8ab348c47344591dd60d8ce2a3df0afa6a1653dd2c61,869b27a277c5cc7188ba8268201f6f3cc98c9d03becc6ae140591afb3df6f534,jmuben-1919,treino_auxiliar,0,grupo_ja_representado
jmuben,jmuben2,3013,data/raw/jmuben/Miner/1 (15683).jpg,16,bicho_mineiro,128,128,6d7075ee19639aa680b10b5548c208aa857153742905256fe0e3edf1fbda359d,8073234e5afd533de742891d959a3a26638d6569c8e69d749dc8368de171c533,jmuben-1921,treino_auxiliar,0,acima_do_limite_da_classe
jmuben,jmuben2,3014,data/raw/jmuben/Miner/1 (15684).jpg,16,bicho_mineiro,128,128,5540ceaf74cac6bc40c840795d9f3453287b9373475b842de84569657e729095,8073234e5afd533de742891d959a3a26628d6569c8e69f749dc8368de171c533,jmuben-1921,treino_auxiliar,0,acima_do_limite_da_classe
jmuben,jmuben2,3015,data/raw/jmuben/Miner/1 (15685).jpg,16,bicho_mineiro,256,127,2992ae128984dd3de109efaca8194cd33ab639176978f08fe228087cc3e7df87,8fb9389f61d8cf1b32310f63d8fef364a7260c72522e6d055496a4dc6979ab10,jmuben-1923,treino_auxiliar,0,acima_do_limite_da_classe
jmuben,jmuben2,3016,data/raw/jmuben/Miner/1 (15686).jpg,16,bicho_mineiro,128,128,16b050364f88033bf511f032c393778cc884318b3add5e3d28bf61a2718e3d36,8e36c71949ce0c63a551f565292865ec178aaa6759d964db82d7de6342b93794,jmuben-1924,treino_auxiliar,0,grupo_ja_representado
jmuben,jmuben2,3017,data/raw/jmuben/Miner/1 (15701).jpg,16,bicho_mineiro,256,120,476c5a99865c8eed7924e8cdc6e6f469857c9a6e415b06f9b47d427e3cc6e402,963c2758c29c9d9438c478e358e71cb33d53e06a4ead3569a1d32ebd590d539c,jmuben-1925,treino_auxiliar,0,acima_do_limite_da_classe
jmuben,jmuben2,3018,data/raw/jmuben/Miner/1 (15702).jpg,16,bicho_mineiro,128,128,1644c678640b08d51fcbcd662d246766f847cf2ee29db9ba7217c81c610d79a0,a0209fd6f8b6650a0e87f0035f5264f30f8aba78c5affa806b5fb1ea942443dd,jmuben-1926,treino_auxiliar,0,grupo_ja_representado
jmuben,jmuben2,3019,data/raw/jmuben/Miner/1 (15703).jpg,16,bicho_mineiro,128,128,9416e9759a40ff02d696564e87c6de37dbf2625ad70ddfa87cd480cfb21942ea,8f19271e6f58933b92b111aa3cb078f1d8c53ad03ad578e5c1e7856a1c567a74,jmuben-1927,treino_auxiliar,0,acima_do_limite_da_classe
jmuben,jmuben2,3020,data/raw/jmuben/Miner/1 (15704).jpg,16,bicho_mineiro,128,128,4fca882ff9975e5c0f5b73cb88ed16a11a9f5126d32e44e4c0ac44a8de053640,8f19271e6f58933b9ab111aa3cb078f0d8c53ad03ad478e5c96785eb1c563a74,jmuben-1927,treino_auxiliar,0,acima_do_limite_da_classe
jmuben,jmuben2,3021,data/raw/jmuben/Miner/1 (15705).jpg,16,bicho_mineiro,128,128,fe070d5dc35bc3d6280c09502691dc5fd6cc43795865f73265396ddc52c96a27,a0fb3036d9dd8f400f4d0fa4df09b09f30c470dbf03239397969c25296933ded,jmuben-1929,treino_auxiliar,0,acima_do_limite_da_classe
jmuben,jmuben2,3022,data/raw/jmuben/Miner/1 (15706).jpg,16,bicho_mineiro,128,128,533dc2c29de6d7291162e6c5bf68f95cde02ca580acd19a687756bf54234f42c,a07b303edddd8f600f4d0fa4cf0db09f30c4705bf032393c7d65c2529292bdec,jmuben-1929,treino_auxiliar,0,acima_do_limite_da_classe
jmuben,jmuben2,3023,data/raw/jmuben/Miner/1 (15707).jpg,16,bicho_mineiro,128,128,fd285c4f6cde1c018e22bf4dbdbe84c8c3b1606c5b16d150c493b53b80a844b7,8e3b2f1ef34892e719a338c478d5d2cd2e58652fc53a87123e917285c3af952a,jmuben-1931,treino_auxiliar,0,acima_do_limite_da_classe
jmuben,jmuben2,3024,data/raw/jmuben/Miner/1 (15708).jpg,16,bicho_mineiro,128,128,c0fc0449d98e4bf0448ee92a07272ff87464cbbcfb6ffc248dd32c4210e6b70c,8e3b2f1cf34892e719a338c478d5d2cd2e58652fc52a87323e917295c3af952a,jmuben-1931,treino_auxiliar,0,acima_do_limite_da_classe
jmuben,jmuben2,3025,data/raw/jmuben/Miner/1 (15709).jpg,16,bicho_mineiro,256,114,1bcdc609cf2268bb1c2b66abafb6c117c2df54a5dfa89a30182b8f2712284adb,96312669467997b1889e39cc69ce419619d63152a1cacedc5eed31eb25d3ed84,jmuben-1933,treino_auxiliar,0,grupo_ja_representado
jmuben,jmuben2,3026,data/raw/jmuben/Miner/1 (15710).jpg,16,bicho_mineiro,128,128,9e4eead92b55272cc296487c9d30e699ab5398b4d2315bbf64396a2d5eab6710,81ec21ca61e3938f98af1da95e1fde349a531e565e3dcd3985283f536a124e11,jmuben-1934,treino_auxiliar,0,grupo_ja_representado
jmuben,jmuben2,3027,data/raw/jmuben/Miner/1 (15757).jpg,16,bicho_mineiro,128,128,ac3dc473cef995d1bc4fb4908a0863c6725fb822dc3229d8106ac6202d0bf039,a17dd7818a6aa13d9e85e27c6903f450dac68ffb34957700c039c91f0f563ee4,jmuben-1935,treino_auxiliar,0,acima_do_limite_da_classe
jmuben,jmuben2,3028,data/raw/jmuben/Miner/1 (15758).jpg,16,bicho_mineiro,128,128,3871f9507d59b6a2696c26524edf98d018a7d8e6c1b2227c3bb41361bdb8ef3d,a17cd7818a6aa13d9e95e27c6903f450dac68ffb3c957700c039c91f0f563ec4,jmuben-1935,treino_auxiliar,0,acima_do_limite_da_classe
jmuben,jmuben2,3029,data/raw/jmuben/Miner/1 (15759).jpg,16,bicho_mineiro,256,91,258d8a6660a37208704c25ea20cc98545c0755fcf04c198c9bd9b7abf8b4abd7,a27914d8ccd6e9a6388c2ef9d0806f3d17e580b36e3033af8472c4b4394b9fdb,jmuben-1937,treino_auxiliar,0,acima_do_limite_da_classe
jmuben,jmuben2,3030,data/raw/jmuben/Miner/1 (15760).jpg,16,bicho_mineiro,128,128,3907b1eb57cf3cd5ea273676ed313878cf5669086d9d4abc2674f3d3b64c33ce,a81c0a3cceec95c01d047b0690cd760d351ad034777f1defe22ed54f2e85baf8,jmuben-1938,treino_auxiliar,0,acima_do_limite_da_classe
jmuben,jmuben2,3031,data/raw/jmuben/Miner/1 (15761).jpg,16,bicho_mineiro,128,128,5542cb0c4978c8f32d3280724002176d20884348cf0a9a19d8b363bcb9f4069d,a34e16a4dd933b5ae05931d126cd8ecf430fe7851c943d9d3e1e253185d6e712,jmuben-1939,treino_auxiliar,0,acima_do_limite_da_classe
jmuben,jmuben2,3032,data/raw/jmuben/Miner/1 (15762).jpg,16,bicho_mineiro,128,128,da45a6d1272fc8046a90db827eb0987eacb589045e723a067c1ab0ccd770e5ae,a34e16a4dd923b5ae05931d126cd8ecf630fe7851c943dbd3e16253185d6e712,jmuben-1939,treino_auxiliar,0,acima_do_limite_da_classe
jmuben,jmuben2,3033,data/raw/jmuben/Miner/1 (15763).jpg,16,bicho_mineiro,256,116,07e1c016e750679339644d237b09e062c2593bfb08bffce5f2fc242c95035f5f,a24d3566db321a532b6ae5ad81b37ad4e81312be6669cf83f92c2a379c191ad4,jmuben-1941,treino_auxiliar,0,grupo_ja_representado
jmuben,jmuben2,3034,data/raw/jmuben/Miner/1 (15764).jpg,16,bicho_mineiro,128,128,5436bba8a063850cc676709ba9fa25c9ac367f6a17faaa26fe148ce32ae57ea7,aaf708fbdc9bbd1f380f425991da6012206691f964413fd8c67dfc103faaa2a3,jmuben-1942,treino_auxiliar,1,
jmuben,jmuben2,3035,data/raw/jmuben/Miner/1 (15765).jpg,16,bicho_mineiro,256,102,e1ccecd97d2fa7efa93bf66016756e4bd20060560e0de838efa70bdfb0e348b2,a26c16489c4be9d798a638cc26f9d8806f3e33f4909bee387b871de1867a4c96,jmuben-1943,treino_auxiliar,0,acima_do_limite_da_classe
jmuben,jmuben2,3036,data/raw/jmuben/Miner/1 (15766).jpg,16,bicho_mineiro,128,128,278d6d922957b200ca2f90bc5e07373edffee46dc7e0be11a3e62dfbca42ad42,a51d2c1f8b6a56e496802d8169a39ae272563594880ff32b3eff0153f31f56a7,jmuben-1944,treino_auxiliar,0,acima_do_limite_da_classe
jmuben,jmuben2,3037,data/raw/jmuben/Miner/1 (15767).jpg,16,bicho_mineiro,128,128,6731b4565daea869fe035029229fb8da5ec8ef1ab71d58a3a5d4af8bff7e8863,a34d162c9d923b5ee0db3385c68b9e1c670dccad18353f743e7285c58784c66b,jmuben-1939,treino_auxiliar,0,acima_do_limite_da_classe
jmuben,jmuben2,3038,data/raw/jmuben/Miner/1 (15768).jpg,16,bicho_mineiro,128,128,083006c46f5b2e00c07d4d8d9b66fab865e9a3af9ffaa0d37d1d1548c9765eaa,a34d162c9d963b56e1db3385c68b9e1c670dccad18353f743e7285c48784c66b,jmuben-1939,treino_auxiliar,0,acima_do_limite_da_classe
jmuben,jmuben2,3039,data/raw/jmuben/Miner/1 (15805).jpg,16,bicho_mineiro,128,128,07af981cb7a3eb7654cf4558d8d36c1d3750f00b432ced8c0ad9fb1bcb13986e,8c63671c531adb3101941f187f60fd35f4d2fe244836a0db74d9cecd78327271,jmuben-1947,treino_auxiliar,0,grupo_ja_representado
jmuben,jmuben2,3040,data/raw/jmuben/Miner/1 (15806).jpg,16,bicho_mineiro,128,128,77412b28f5612b03896b52942463caff6519c2356399ba29e6a26c64dd28b480,8c63671c531adb3101941f187f60fd35f4d6fe246826a0db74d9cecd78327270,jmuben-1947,treino_auxiliar,0,grupo_ja_representado
jmuben,jmuben2,3041,data/raw/jmuben/Miner/1 (15807).jpg,16,bicho_mineiro,128,128,d8c460f04441e8d358f81904791db803db7864e72c0cd89d3c9cd25e1a45e34a,99334cccf6c89259794ce131c7770d2a16b62e1928fd33d226927f6951ce7598,jmuben-1949,treino_auxiliar,0,acima_do_limite_da_classe
jmuben,jmuben2,3042,data/raw/jmuben/Miner/1 (15808).jpg,16,bicho_mineiro,128,128,0ed9174262d2a3c2c288891aa235df8a8610db9fab26fc445062d854ed47aa48,99334cccf6c89258f94ce1b1c3770d0a16b62e19287d33d2269a7f69516e759a,jmuben-1949,treino_auxiliar,0,acima_do_limite_da_classe
jmuben,jmuben2,3043,data/raw/jmuben/Miner/1 (15809).jpg,16,bicho_mineiro,128,128,481a8863193d8e5e0327c81c730cd1d6d73220c9cbaa3b6ba637b292defbe514,999944c4f66492087db2608a43bb8f2a16b53edb3e2cbcf77bc0ab497f2448b2,jmuben-1951,treino_auxiliar,0,acima_do_limite_da_classe
jmuben,jmuben2,3044,data/raw/jmuben/Miner/1 (15810).jpg,16,bicho_mineiro,128,128,e46e8ce3edb4b64a86f6e17239401701a6192fe76baa73a7ab6f055d7c53731f,999944c4f66492087db2608843bb8f2a16b53edb3e2cbcf77bc0ab497f24c8b2,jmuben-1951,treino_auxiliar,0,acima_do_limite_da_classe
jmuben,jmuben2,3045,data/raw/jmuben/Miner/1 (15811).jpg,16,bicho_mineiro,128,128,c92422b82ac07c5af933855bdc13bbafac36d25c4987f6d41e915067145e11d1,8c71671c5b98d9d1764cf863e0e702fa0b6a05d8bf043936215b4ecd5a3e7b70,jmuben-1953,treino_auxiliar,0,acima_do_limite_da_classe
jmuben,jmuben2,3046,data/raw/jmuben/Miner/1 (15812).jpg,16,bicho_mineiro,128,128,2d7bb6296a3d5c68d1e6a1fe56478b8c2bf0e5a357fd211237a72f191f5306c6,8c71671c5b99d9d1764cf863e0e702fa0b2807d8bf043936215b4ecd5a3e7b70,jmuben-1953,treino_auxiliar,0,acima_do_limite_da_classe
jmuben,jmuben2,3047,data/raw/jmuben/Miner/1 (15813).jpg,16,bicho_mineiro,128,128,3a5f21d9f2fbf1ae9eb9b5cebe916feacea27137c2959475305901d6e64f23e0,98cc6673d326a59a60d9835d1e313a57f960d8fdc3e4cd169c59a2cd0d3458e5,jmuben-1955,treino_auxiliar,0,acima_do_limite_da_classe
jmuben,jmuben2,3048,data/raw/jmuben/Miner/1 (15814).jpg,16,bicho_mineiro,128,128,2e79aea8a4245d90fd455470e1a7e832324ef01d4cadef4fef1e38870d1fe681,988c4663d327a59b60d9835d1e753a76f920d8fdc3e4cd16bc59a34d0d3470c5,jmuben-1955,treino_auxiliar,0,acima_do_limite_da_classe
jmuben,jmuben2,3049,data/raw/jmuben/Miner/1 (15815).jpg,16,bicho_mineiro,256,118,bd6a3e7c5167b6e7561d5b7cef75665ec5a86562a43361a819e8701ca26e6cb9,94086d993931ae33dd6764662a49999c44e3676729de96d4d63763072cdd9615,jmuben-1957,treino_auxiliar,0,acima_do_limite_da_classe
jmuben,jmuben2,3050,data/raw/jmuben/Miner/1 (15816).jpg,16,bicho_mineiro,128,128,b6ffd76d229f9adb4385aef520c5449d4798c9dfd59264134b5b6c0c2266427d,991944cc965d6924c3b20ece3cecfac2f1f6c74bdc6ba1b50a5159c47596a139,jmuben-1958,treino_auxiliar,0,acima_do_limite_da_classe
jmuben,jmuben2,3051,data/raw/jmuben/Miner/1 (15817).jpg,16,bicho_mineiro,128,128,33c40a084716d838c34dee9f659310e9760495a90db9f08eb04f9c7856db89df,9933488cf6cd9658fd64f188c3f7870c05a3d7820c2bac7d29d2ae9aae71186f,jmuben-1959,treino_auxiliar,0,acima_do_limite_da_classe
jmuben,jmuben2,3052,data/raw/jmuben/Miner/1 (15818).jpg,16,bicho_mineiro,128,128,a57ba6962909d0a43e41ad80e1778750ca073fca61c3fcdd3e9b49dc1bdc428c,993348ccf6cc9658f964e199c3f78f0805a2570a0c2fa8fd2bd2ae9aae63594e,jmuben-1959,treino_auxiliar,0,acima_do_limite_da_classe
jmuben,jmuben2,3053,data/raw/jmuben/Miner/1 (15819).jpg,16,bicho_mineiro,128,128,061208924478a99567d98053f383183191f5202975a7c2f10fc80ebd9dfb0635,99984c6696cd964c3c67f888eb7be432c1fccf49dd29e580a70b8b2d8a790536,jmuben-1961,treino_auxiliar,0,acima_do_limite_da_classe
jmuben,jmuben2,3054,data/raw/jmuben/Miner/1 (15820).jpg,16,bicho_mineiro,128,128,b057d90663116d4f73136ae42f37d89705656deb763be12d4d83cb4ae0d47f31,99984c6696cd966c3c67f888eb73e432c1fccf49dd29e580a70b8b2d8a790536,jmuben-1961,treino_auxiliar,0,acima_do_limite_da_classe
jmuben,jmuben2,3055,data/raw/jmuben/Miner/1 (15821).jpg,16,bicho_mineiro,128,128,08f862954ed71bc7fc89903b97da1780190e2dc168b1cc5dd9c17fb1d53d2bc9,99333333b6c1d6db4bb6613538cd1c6ac305fac8047dd60a3696a99751e5596a,jmuben-1963,treino_auxiliar,0,acima_do_limite_da_classe
jmuben,jmuben2,3056,data/raw/jmuben/Miner/1 (15822).jpg,16,bicho_mineiro,128,128,347890afff70edaca3703f39cd72afccf38868dc8616b091a022cf5d5aaf0ce6,99333333b6c1d6db4bb6613538cd1c6ac305fac8047dd60a3696a99651e55b6a,jmuben-1963,treino_auxiliar,0,acima_do_limite_da_classe
jmuben,jmuben2,3057,data/raw/jmuben/Miner/1 (15823).jpg,16,bicho_mineiro,128,128,275cfa6630669e48f4cf737257607e0c12df09ec18f08bc37c69832a29d82319,99984c64d667964c3e66788cf891e949c0b3d3dac769cd2d50a3e48fa7158b3c,jmuben-1965,treino_auxiliar,0,grupo_ja_representado
jmuben,jmuben2,3058,data/raw/jmuben/Miner/1 (15824).jpg,16,bicho_mineiro,128,128,32a19ed1915c9a7d33e7e7a808b90e93800253fd67fdebb8c3874d7bc2eba09d,99994c64d667964c3e66788cea91e149c0b3c3d8c729cd2d7093a49daf358b7c,jmuben-1965,treino_auxiliar,0,grupo_ja_representado
jmuben,jmuben2,3059,data/raw/jmuben/Miner/1 (15877).jpg,16,bicho_mineiro,128,128,a8d3b16c3ba0dc11193bf9083b7085cb85e9495b88d83e60508ba703b8d8b1d9,85b02ecb6d3687d5e217c3c3599b01d5f2fa726c40e38d7fb410b07948eb8b0e,jmuben-1967,treino_auxiliar,1,
jmuben,jmuben2,3060,data/raw/jmuben/Miner/1 (15878).jpg,16,bicho_mineiro,128,128,54ee0354dd6987581d286a61b69039e0178c529a8bde60e0d4ce0a4ac9a56698,85b02ecb6d3687d5e217c3c3599b01d5f2fa726c40e38d7fb410b07948ea8f0e,jmuben-1967,treino_auxiliar,0,grupo_ja_representado
jmuben,jmuben2,3061,data/raw/jmuben/Miner/1 (15879).jpg,16,bicho_mineiro,128,128,2a5f0fd855b76057a0c25d9b977e7e0f72f2cacf9245107c4435c32e49ef95b4,9f7549cecb568c4dcd63522a7fb5e50041bd1ec2e09f65e0562778f265130d31,jmuben-1969,treino_auxiliar,0,grupo_ja_representado
jmuben,jmuben2,3062,data/raw/jmuben/Miner/1 (15880).jpg,16,bicho_mineiro,128,128,6dbca72a2818fdfe03d076acd796bca21e737d3cb8dae2e4438eb70242262bbd,9f7549cecb568c4dcd63522a7fb5e50441bd1ec2e09d65e0563778f065130d31,jmuben-1969,treino_auxiliar,0,grupo_ja_representado
jmuben,jmuben2,3063,data/raw/jmuben/Miner/1 (15881).jpg,16,bicho_mineiro,128,128,c2f2a4bf2450b24e5254359d3be616dc203a272c5cb41d728ccf1b60b227e440,84162bff6c1883d7f2fe4a6844d5d05a77025835cd2cb5d8fe07c60ec9623d4b,jmuben-1971,treino_auxiliar,0,grupo_ja_representado
jmuben,jmuben2,3064,data/raw/jmuben/Miner/1 (15882).jpg,16,bicho_mineiro,128,128,8656a325c26b1692b9ba0c19b8e55e529da5212d9252bca02692738cc526d486,84162bff6c1883d7f2fe4ae84cd5c05a73025835c83d05f8bf07c61ec1e22d6f,jmuben-1971,treino_auxiliar,0,grupo_ja_representado
jmuben,jmuben2,3065,data/raw/jmuben/Miner/1 (15883).jpg,16,bicho_mineiro,128,128,794b1fc4b706d14019093accc64cd5ff9bd4b47c15e6cae746c3cf1002055ee0,81766ab17d138765e06ce32cd179fd08a74b589b5b4380e6d2f156b2ab164ae6,jmuben-1973,treino_auxiliar,0,acima_do_limite_da_classe
jmuben,jmuben2,3066,data/raw/jmuben/Miner/1 (15884).jpg,16,bicho_mineiro,128,128,114a1bf9a6f24a36886c5e036404e706392b02533813974ae7a8f9760d51a83b,81766ab17d138765e06ce32cd179fd08a749d89b5b4380e6d2f156b2ab164ae6,jmuben-1973,treino_auxiliar,0,acima_do_limite_da_classe
jmuben,jmuben,3067,data/raw/jmuben/Phoma/1 (1).jpg,6,phoma,128,128,dbad57d57a31d6d9d9db700958e5fb33ceebd5293da190c277c67b5f03c4fbc6,9ba17be8898ef8003d0acdbb3fb82684e5d40df231f2267b01f9986942fd2c7c,jmuben-3067,treino_auxiliar,0,grupo_ja_representado
jmuben,jmuben,3068,data/raw/jmuben/Phoma/1 (101).jpg,9,phoma,128,128,8b0fd969866e116206c5772c5bed034381841a172dfc697cceedf96571b5ef67,85e9fe833af0161da027c8260fcfc3fc701a4f109fe29ef3650e290e985c4f3d,jmuben-3068,treino_auxiliar,0,acima_do_limite_da_classe
jmuben,jmuben,3069,data/raw/jmuben/Phoma/1 (102).jpg,9,phoma,128,128,38bc166fad61c64eabadcd9f48830fb1ff0007c723a0e46f40e0537ae7a19266,85f109f83bf8e9e3a0963f4d4e8e3c1561f8e1e6c7a0610c662f96f0b94a67c1,jmuben-3069,treino_auxiliar,0,grupo_ja_representado
jmuben,jmuben,3070,data/raw/jmuben/Phoma/1 (103).jpg,9,phoma,128,128,9c4e467ba863d39b3b54ee8592b50d280e0f0fea77e4c85efdb38e7e1d55590a,8b66326479898359f6b309c6325b3c86636d5cc2a9f04c2d5303f0f0d7b9f5ce,jmuben-3070,treino_auxiliar,0,grupo_ja_representado
jmuben,jmuben,3071,data/raw/jmuben/Phoma/1 (105).jpg,10,phoma,128,128,d4a25a966b583918d341c29dc549e12e2e0a741bae03aa9969cf95996c1510d3,9b3d74d7e7194d6ddb52ba52dac5362dc0a0d6aa95b43b233828a7a43c4c6391,jmuben-3071,treino_auxiliar,0,grupo_ja_representado
jmuben,jmuben,3072,data/raw/jmuben/Phoma/1 (106).jpg,10,phoma,128,128,eb6ea2185fad0feeb8d1fee0af884e97ff1543a7df4e22efb452387b66357788,afcc1839fbc6d71c92619ece0cde7462d4363b04026ece198f6781c499cc1efc,jmuben-3072,treino_auxiliar,0,grupo_ja_representado
jmuben,jmuben,3073,data/raw/jmuben/Phoma/1 (107).jpg,10,phoma,128,128,6f87c13419f6e2f163d0e783a97b4b7641d1c3b0dbe2b012783c8d0dfd0940c8,83f648bfddab29b43893331b299d6628ac4d900cbcc940dbacd276ee5e20957b,jmuben-3073,treino_auxiliar,0,acima_do_limite_da_classe
jmuben,jmuben,3074,data/raw/jmuben/Phoma/1 (11).jpg,6,phoma,128,128,05989a896e844aa7f5ba7970367ac4141725f4691dd11720f8d6d3634cfa5f6d,9a937b99ae980ffbeda3c4a500b5b058c6484e4d72ad37e58e845b303be0afa4,jmuben-3074,treino_auxiliar,0,grupo_ja_representado
jmuben,jmuben,3075,data/raw/jmuben/Phoma/1 (117).jpg,10,phoma,128,128,f57a143597d6f23ac9e16d172ea7e89b5cfca3d31905b6f128a3db41a041c304,8e5454c1b5e7a5162bc78c8e63b00f8bfe0e503e54b995cd983e6b69a923311f,jmuben-3075,treino_auxiliar,0,acima_do_limite_da_classe
jmuben,jmuben,3076,data/raw/jmuben/Phoma/1 (118).jpg,10,phoma,128,128,cd21548957400b3e9bef7f54ad8c1048f8efdee2b0c3bc17ec8f071304d9dd5a,93f4616bfda51fb507934232aac43950f762275cc1230f46755a642a9c79f1a7,jmuben-3076,treino_auxiliar,0,grupo_ja_representado
jmuben,jmuben,3077,data/raw/jmuben/Phoma/1 (119).jpg,10,phoma,128,128,7a96de992ad6ba5d429d90aff7c7d135a1ef270d57512257c900770da7b1d81f,97ec2256e04afd4999cb2d93557e04ae013dd1270e8f3c5c655c1c3b8de23b2e,jmuben-3077,treino_auxiliar,0,grupo_ja_representado
jmuben,jmuben,3078,data/raw/jmuben/Phoma/1 (12).jpg,6,phoma,128,128,b32b3dd360f53de57de7d809d8da3704be1be49f5fdd590d7fc0463f97e748a8,8d646ceaa703a773045bf658020c3926f2a3c3935fb128493f58d77cdd8e289f,jmuben-3078,treino_auxiliar,0,grupo_ja_representado
jmuben,jmuben,3079,data/raw/jmuben/Phoma/1 (13).jpg,4,phoma,128,128,237e7a972fcf6168256fb2c0b7214c4df6b3dce4e81d82c8d0c0e9875624dc69,855d6fae2992a4da0c88b6c8f2a8746c52e42fa42a6eb976f5d3cb526cc92a6c,jmuben-3079,treino_auxiliar,0,grupo_ja_representado
jmuben,jmuben,3080,data/raw/jmuben/Phoma/1 (131).jpg,10,phoma,128,128,096b107edaf8873e7f48bec04571472f5cc321fc48c949618ad862e8360540bf,9d3335ecfa1354c18d3d3ad54da5937a75923844c49ae9443e9bc7a825c3ec1c,jmuben-3080,treino_auxiliar,0,grupo_ja_representado
jmuben,jmuben,3081,data/raw/jmuben/Phoma/1 (132).jpg,10,phoma,128,128,61580dd38ceeb200fd523eaf478e8b7df03e185e709d790e23f6a641c6ac26f6,a93636fae4d199b1ae64493266327d4bfa542ca5e9734ad446af492a2554734d,jmuben-3081,treino_auxiliar,0,grupo_ja_representado
jmuben,jmuben,3082,data/raw/jmuben/Phoma/1 (133).jpg,10,phoma,128,128,61f483e8f5d59702698d7b6aa1203be238754ac681f9ac97d2b401bcccd18462,8cac656d9f3db1252169ba4861c84d4b9a5fce9ad5d245ac5ac858b7a56f48d1,jmuben-3082,treino_auxiliar,0,grupo_ja_representado
jmuben,jmuben,3083,data/raw/jmuben/Phoma/1 (134).jpg,10,phoma,128,128,fbbf6e0dda21094f50b12c4e9bfeed1bb57dd4b2c21f4fdba93c404065836f4f,8679740be26b86131cb365c6092f93e842469ad6a4bfa529343d4c69c9dbbb9e,jmuben-3083,treino_auxiliar,0,grupo_ja_representado
jmuben,jmuben,3084,data/raw/jmuben/Phoma/1 (139).jpg,10,phoma,128,128,3cfe84a78ea0131ac350191eb9630c59fc46e20392a22a0c28a36c0236959141,87de6308e0b9ed3d641984d3932bf7658c992d61a75896129b9626b1cce54f2e,jmuben-3084,treino_auxiliar,0,grupo_ja_representado
jmuben,jmuben,3085,data/raw/jmuben/Phoma/1 (14).jpg,6,phoma,128,128,af0170997a4b58cbfce6b5b8df9294fbe701a28d64a0b890b950719d84452d85,87dc2715a555a7457504f33a51baaa8fb95d50cd4a862d669962d58b6a6d2475,jmuben-3085,treino_auxiliar,0,grupo_ja_representado
jmuben,jmuben,3086,data/raw/jmuben/Phoma/1 (140).jpg,10,phoma,128,128,14aea577441613eef815a9098be04548521931d6c81afbbe883504772ceca588,838a1d6be83591dc91a7492bcd70c538956aecb72edfe37632995298562aca51,jmuben-3086,treino_auxiliar,0,acima_do_limite_da_classe
jmuben,jmuben,3087,data/raw/jmuben/Phoma/1 (143).jpg,10,phoma,128,128,61b1f7872a734d34b0ed5ca8793f0ed9c424221433525273621372aab8522aa0,81c4dde16ffd8e754f3016c6b756a532ddcaa4b83726d9ac548462c21b639929,jmuben-3087,treino_auxiliar,0,grupo_ja_representado
jmuben,jmuben,3088,data/raw/jmuben/Phoma/1 (144).jpg,10,phoma,128,128,56651a8ede426cf83ef84d5a2b97e21a4eb6fe1ba0e1ff26e6a0c116449a2f05,80c32f18362929cf53309aefb19963624f6c7bca723444295f8bbb53b334c5e9,jmuben-3088,treino_auxiliar,0,acima_do_limite_da_classe
jmuben,jmuben,3089,data/raw/jmuben/Phoma/1 (145).jpg,10,phoma,128,128,b6dc11b3bea87524107e203d0f8ac10bad13c65c01aa4bb87f71daf3bc66d148,8184231e7ffd718a4eb8a97bb7425b65dc8a33433217046bdc849dbdab6146d2,jmuben-3089,treino_auxiliar,0,grupo_ja_representado
jmuben,jmuben,3090,data/raw/jmuben/Phoma/1 (147).jpg,10,phoma,128,128,c3eafc50dfa2a6134e481e32b10cde71b3cc8ac7b20f67bffe83419877841d5a,8259198e671a10c669d9d0877ff9b622c87ff6c8819f3962072d38d80ea3ee7c,jmuben-3090,treino_auxiliar,0,acima_do_limite_da_classe
jmuben,jmuben,3091,data/raw/jmuben/Phoma/1 (148).jpg,10,phoma,128,128,7669305d70e08e1c762629c2cae66d9b170e897f23befd544f6261d15c69679f,846543d27c25257867a384ce9e35d69c4a7728d213082b38e8e996c77f399f75,jmuben-3091,treino_auxiliar,0,grupo_ja_representado
jmuben,jmuben,3092,data/raw/jmuben/Phoma/1 (149).jpg,10,phoma,128,128,8199af31d8fe1f391d0e316bf921f18f0e3e841cf5cc098cebe6ef4f8dec29ef,8099c740783f3fcc6e29e16e27f1be723cc41ac01b312e370cebc59c8bf86f60,jmuben-3092,treino_auxiliar,0,grupo_ja_representado
jmuben,jmuben,3093,data/raw/jmuben/Phoma/1 (15).jpg,6,phoma,128,128,75b5b99203591f8e60494989eb456d2295a7cbfbdc3a234d80f1e9c091562e5e,b5212a18d09cb73fa43ed07873f481dbfdd926f044923c85e64f98be9f20c54c,jmuben-3093,treino_auxiliar,0,acima_do_limite_da_classe
jmuben,jmuben,3094,data/raw/jmuben/Phoma/1 (150).jpg,10,phoma,128,128,e54b7cd531939b507aa2c3f4542e2483549b22f35ca4db6895a2a51a6d823638,809dc76a7e1f3ae67614e93b23f4bf791ce218c21988a7110679e4ccc3caeb38,jmuben-3094,treino_auxiliar,1,
jmuben,jmuben,3095,data/raw/jmuben/Phoma/1 (151).jpg,10,phoma,128,128,0d1860166428cb5243be4ccdbc4ab06c7cd874ba85217d56772eb832a4e8bd82,91a3b9fc9c189d1e0e5f8b23e198fec75f71438196c10f30c90b3ec2cae46d72,jmuben-3095,treino_auxiliar,0,grupo_ja_representado
jmuben,jmuben,3096,data/raw/jmuben/Phoma/1 (152).jpg,10,phoma,128,128,1c84d38284212f645bc7ac3b4003949af3688d3832d3d016c6923726a11fffc2,862c23216a383f0af91ce74d4aee9629c5c578f06c832b7132dff460bd6acc3b,jmuben-3096,treino_auxiliar,0,grupo_ja_representado
jmuben,jmuben,3097,data/raw/jmuben/Phoma/1 (153).jpg,10,phoma,128,128,1cd93e9ffba918ae10ed49454b092c87eac84d97a0a6714b2831e06f03c5ba79,94915a4fc925cf39078dc5e7a466f3f0e27672b073fb732a114809c264fc18ed,jmuben-3097,treino_auxiliar,0,grupo_ja_representado
jmuben,jmuben,3098,data/raw/jmuben/Phoma/1 (154).jpg,4,phoma,128,128,bed473430b3f5b6a1f87efad0571d65b155c9907881724fa424f49591e1b372e,8d90453eb1053eb6f78201d6eaf331be94d66d0d1fe0e0592da797d3807e011f,jmuben-3098,treino_auxiliar,1,
jmuben,jmuben,3099,data/raw/jmuben/Phoma/1 (16).jpg,6,phoma,128,128,2a07d608e54d280c083746b526348c3c973ea6e4535895d686dfa14ebd86b104,aaf3024cb51dad9c0fb8f439e477c87e70305d1213e7e026d604b4e7c9e17f22,jmuben-3099,treino_auxiliar,0,acima_do_limite_da_classe
jmuben,jmuben,3100,data/raw/jmuben/Phoma/1 (182).jpg,10,phoma,128,128,d4e12e8df280ecbadf07179306bb46053f676595de0da8ea44c76954fdc6f95e,8d1c498c7699dea3d1a53e7a7c52a44fe24dd10c62882aaba83901fed3cd5bb6,jmuben-3100,treino_auxiliar,0,grupo_ja_representado
jmuben,jmuben,3101,data/raw/jmuben/Phoma/1 (183).jpg,10,phoma,128,128,3e22ec90ea26413e44696faf040ec08411516b98ce77e81f1494681ba1bf3163,8a524b334f273caec3168715f6c79a43396d4faf1c4ca1c81f90c7171758dc3c,jmuben-3101,treino_auxiliar,0,grupo_ja_representado
jmuben,jmuben,3102,data/raw/jmuben/Phoma/1 (184).jpg,10,phoma,128,128,c09f37be5587739cbfffdfb33edb8dcc5ee8ed6bac97db4e165707d110e690e6,8d2b10f52c5ae467c0f0676a36f310dceca7fbb2197a4c2ce60979f84c8be342,jmuben-3102,treino_auxiliar,1,
jmuben,jmuben,3103,data/raw/jmuben/Phoma/1 (185).jpg,10,phoma,128,128,63509e270c890b3bd31e1e5b1f817740aa52cc3306d0bedcf1da2dde33895b3b,9b542edaaed64d4bdd945b56c4b41e5ab88591d8392c232b5f6b50f4538cb21c,jmuben-3103,treino_auxiliar,0,grupo_ja_representado
jmuben,jmuben,3104,data/raw/jmuben/Phoma/1 (186).jpg,10,phoma,128,128,5eb276b742c542c3029a770db6cf04a719b09c13f9d5cbabb40d8f1f02b41e09,981c7061ee381c38f786d63cdac2da1eea63f91ce948e506e4bae491f0d665b4,jmuben-3104,treino_auxiliar,0,grupo_ja_representado
jmuben,jmuben,3105,data/raw/jmuben/Phoma/1 (191).jpg,10,phoma,128,128,a284824cd77fe539f06b54889090c0e2ef10bf18ebb4136fb1e5158090bcb396,91903993a6198beea5e67a50ab02b636a5c3f718207fd42fbf62d526109e4b6b,jmuben-3105,treino_auxiliar,0,acima_do_limite_da_classe
jmuben,jmuben,3106,data/raw/jmuben/Phoma/1 (192).jpg,10,phoma,128,128,bee09b4df301f18d21c088cbb61d742b26a986824dc70c5a8a77245a91aa8d2b,88d84ccc3fafa98fed09b740077e44330441a7a55e3e31e6929c79e6d798ea70,jmuben-3106,treino_auxiliar,0,grupo_ja_representado
jmuben,jmuben,3107,data/raw/jmuben/Phoma/1 (193).jpg,10,phoma,128,128,117590693174547bf8986efdb2cecb59b6258e5e8913813f67851427ac06fd9b,8ccc3c46b9c1e9d9a75d453a241992a85a05b2cf7b0aef11ca20117357e9bfaf,jmuben-3107,treino_auxiliar,0,grupo_ja_representado
jmuben,jmuben,3108,data/raw/jmuben/Phoma/1 (194).jpg,10,phoma,128,128,daaab299dc506fc5ad69438940201da29bf2903dcf73680e75d37ff7c4269be3,949325a4796d8212ecdb11bbce663805a8745d62f079c9c7c3b9874cce193e6f,jmuben-3108,treino_auxiliar,0,acima_do_limite_da_classe
jmuben,jmuben,3109,data/raw/jmuben/Phoma/1 (195).jpg,10,phoma,128,128,dd8acb0ab9badf2d40164fd8e62204357e0c45e8b844648933450a9e674f7da4,8cc446cd3a66f9e3eb3d423a159dc2b3c7b9214ec060cf1f38d0cc35c369f38c,jmuben-3109,treino_auxiliar,0,acima_do_limite_da_classe
jmuben,jmuben,3110,data/raw/jmuben/Phoma/1 (204).jpg,10,phoma,128,128,9eae96117195b1d9ce01c82d8f8e9027c7359ddd324962ba3cf35e5ceb40873d,9b395694bd2456925ed278294aa4a8d3b5d4ab52254e560a52a563aee2bdeb5d,jmuben-3110,treino_auxiliar,0,grupo_ja_representado
jmuben,jmuben,3111,data/raw/jmuben/Phoma/1 (21).jpg,10,phoma,128,128,b7df0cb3445b00a36660e5ea03c063b4efb5cfe03ece7f30e745714ae8246188,891372a6edcc876ae6d629b1704c8e9a11ec0d4f4764a34f56f1ed743a8f54d0,jmuben-3111,treino_auxiliar,0,grupo_ja_representado
jmuben,jmuben,3112,data/raw/jmuben/Phoma/1 (219).jpg,10,phoma,128,128,2375870b73fd8fbb954da34bc0723c331523cad9d4fb03caf7849c4eafcb6810,8b2626330d8efa0c91aabd2c394546b87d360659f3aabed5c14a995f0bcaf0c7,jmuben-3112,treino_auxiliar,0,grupo_ja_representado
jmuben,jmuben,3113,data/raw/jmuben/Phoma/1 (22).jpg,10,phoma,128,128,f2ad5c8f592ea3972710b2b36d5a04f7906c3e5f67030ad41ff5aac6c63f93bc,897632acec998f4ac6cc29377269f092d62299d90d7e57dd263c55c32d613a1a,jmuben-3113,treino_auxiliar,0,grupo_ja_representado
jmuben,jmuben,3114,data/raw/jmuben/Phoma/1 (220).jpg,10,phoma,128,128,8c8eae5a5f32ae2f6947691f6c8ac56546251648e03c6b8808e57e61196be726,991935238caca295e2551a9e2b23d5c4eb2e8ab7cfe879dc9fabc2eb007094d4,jmuben-3114,treino_auxiliar,0,acima_do_limite_da_classe
jmuben,jmuben,3115,data/raw/jmuben/Phoma/1 (225).jpg,10,phoma,128,128,3ea1930fb822a0f2bcdd0c9cc040af95d7874a7f4aab9455390e0633ad43a1ce,9c79338dd6a14af49e9ca0126792d0aae69ae935175984b1c763459b3d6ab69c,jmuben-3115,treino_auxiliar,0,grupo_ja_representado
jmuben,jmuben,3116,data/raw/jmuben/Phoma/1 (226).jpg,4,phoma,128,128,9991bd98dcc97f922ca3e6d322e69a7bd9ac82096b9dc79c03a27c39874cefb9,a6db62f0e504e1b63d2e5dfa1b1e18d4d9f564ba4193911e76c2119e4e61919b,jmuben-3116,treino_auxiliar,0,acima_do_limite_da_classe
jmuben,jmuben,3117,data/raw/jmuben/Phoma/1 (227).jpg,4,phoma,128,128,780f27e7571a1792ff1d68d9d4322594ab750c5337591f3520ac394f048c64ae,a1cd5f089639b62910999197c5d8f792ffc8808d9fe47e6829267b04cbd66536,jmuben-3117,treino_auxiliar,1,
jmuben,jmuben,3118,data/raw/jmuben/Phoma/1 (228).jpg,10,phoma,128,128,e22f6cc303897bdc13585e38afda41ef69ea6cf8b0ba00d284e6e1d18e495a08,9d19158b442a9c8de795c9f5be162a3990d147e878cf3eadc1ab42d8113496fe,jmuben-3118,treino_auxiliar,0,grupo_ja_representado
jmuben,jmuben,3119,data/raw/jmuben/Phoma/1 (229).jpg,10,phoma,128,128,92e4574b86392d9aed34e3e98dcc4e4e6dabdf5fddf123c47460ae011f5c2f75,8efa1e5362c3cb4abb6d76e5daa5a1564562b122c0c076b61cac965bab9a6549,jmuben-3119,treino_auxiliar,1,
jmuben,jmuben,3120,data/raw/jmuben/Phoma/1 (23).jpg,10,phoma,128,128,f50e093cb9d6da0373d6063808dc26abf976d7ea1ae95f994c5e82b821ee9c55,9a64cc92e9bb64adc4dd70d2474a9f6146640c7c7c26269cea7889e3d1a31eee,jmuben-3120,treino_auxiliar,0,grupo_ja_representado
jmuben,jmuben,3121,data/raw/jmuben/Phoma/1 (24).jpg,10,phoma,128,128,eb2bbf5f147efca68e3c0032320687ebbf2ff472734ce783a1ad74800627455f,98cc4fc63b93d8e89736f8cd24e1ad18aecc8d9b7bd011fbd65207b0916b7050,jmuben-3121,treino_auxiliar,0,grupo_ja_representado
jmuben,jmuben,3122,data/raw/jmuben/Phoma/1 (257).jpg,10,phoma,128,128,4181d6a16edecfbd346d061faf70c0d5481a48ff60054bb9b1e520afb587a652,99993331cacd8dcd5b8e6f3faf76f04cfa300c507be29e05d884d6ca30045e78,jmuben-3122,treino_auxiliar,0,grupo_ja_representado
jmuben,jmuben,3123,data/raw/jmuben/Phoma/1 (258).jpg,10,phoma,128,128,cc38c32ef67f08b3683f84f05ef8b864b0da2efab62ac23bde15670dff3c2a42,9e7314c6e71c8f39e187bf8c60ebfd0b65e1e819df7060d93802636a8c1be360,jmuben-3123,treino_auxiliar,0,grupo_ja_representado
jmuben,jmuben,3124,data/raw/jmuben/Phoma/1 (259).jpg,10,phoma,128,128,94fe07c620e59776d2804170cb15fa5b7056d4d175656b202434e93565d072d7,b26c324dc7c3cfcdb997f3364e269c4d7f90022d00b6fb56012c9b7a7f6000ad,jmuben-3124,treino_auxiliar,1,
jmuben,jmuben,3125,data/raw/jmuben/Phoma/1 (260).jpg,10,phoma,128,128,ebe0570fa21c93d4262b1a14c72b745b1ece6dae178c4318f56b94ada0ddbc61,b32408cdcd33c7c7cee8072ec113c3bea01f6680e9ca938740d774b765ec17e3,jmuben-3125,treino_auxiliar,0,acima_do_limite_da_classe
jmuben,jmuben,3126,data/raw/jmuben/Phoma/1 (261).jpg,10,phoma,128,128,38f8dacc66004ce722a9cd39cb6b7f6e5c2498d84dac575d2b00875a133cff0f,999b153bcc4c1c9ce777e062af1447d7985d673591cc6e3d030766b0c2af5981,jmuben-3126,treino_auxiliar,0,grupo_ja_representado
jmuben,jmuben,3127,data/raw/jmuben/Phoma/1 (283).jpg,10,phoma,128,128,c95c5c810c42aed31ce9bbbccd2b23dc9ba2e4279925f5fd2896a09c689fd34e,9b504fa1d36094e074b0c11c654e4953c0d479717a55c3f95af66796a9a7dd74,jmuben-3127,treino_auxiliar,0,acima_do_limite_da_classe
jmuben,jmuben,3128,data/raw/jmuben/Phoma/1 (284).jpg,10,phoma,128,128,84858c791e0c8fd1c2026f0c73af559531c1c0990262e08082899dd2dad8cced,999f666ee8dc983e331f44c7721124966c369b0d39cd938df1690709b359945b,jmuben-3128,treino_auxiliar,0,acima_do_limite_da_classe
jmuben,jmuben,3129,data/raw/jmuben/Phoma/1 (285).jpg,10,phoma,128,128,0921b0fe0a59f1b403a1416a8799cd54ba7d9b807ce426fcb2fea1f759e92175,9bc33c79d3c81a0fc97865a3d8370a565962276df224695e9ea96135d2c2e12f,jmuben-3129,treino_auxiliar,0,grupo_ja_representado
jmuben,jmuben,3130,data/raw/jmuben/Phoma/1 (286).jpg,10,phoma,128,128,53b4142fb1576b42466fa15a6d548915ea68462fd1f64e01d3e234c36f193e83,99a730b1c78fda38eb63154e12ec6ad5b750faaa0151c7e6a3d6070e66b42476,jmuben-3130,treino_auxiliar,0,acima_do_limite_da_classe
jmuben,jmuben,3131,data/raw/jmuben/Phoma/1 (287).jpg,10,phoma,128,128,dbe329e41fa8df53159b06325f0137d5261e4c5e6e40fca17dd32d22e2d4586b,8e424880d70075e16d786b4f9a93b3b4b6ad263a9d22db2c1b6dcd19cd5b31d9,jmuben-3131,treino_auxiliar,0,acima_do_limite_da_classe
jmuben,jmuben,3132,data/raw/jmuben/Phoma/1 (293).jpg,10,phoma,128,128,0b6f1ed7c6bb3da09def35009d154990bb253f294d7e3feec2b65f593ea4f3fe,90ff7a715e8afd96ab328628655923b7d268a4d20937126a650dba1abc943f69,jmuben-3132,treino_auxiliar,0,grupo_ja_representado
jmuben,jmuben,3133,data/raw/jmuben/Phoma/1 (294).jpg,10,phoma,128,128,2c288375f22ae7ae79a542ad30772981652a8ef19b241050f4dead4ae36cd5b7,8a81755b4855ff892522865666aa310aea17d8ad359afb35f6ef8c9a0f6304d5,jmuben-3133,treino_auxiliar,0,grupo_ja_representado
jmuben,jmuben,3134,data/raw/jmuben/Phoma/1 (295).jpg,10,phoma,128,128,84682d69e899dc956355cac5f12ec2b1a2abac1be6943699960f333daf59b65b,86757a4158a2d921fc501bb436ea4cda9e965539b26e4cdcd92bae4a9a945d8d,jmuben-3134,treino_auxiliar,1,
jmuben,jmuben,3135,data/raw/jmuben/Phoma/1 (296).jpg,10,phoma,128,128,2917ff75b2b8b5822fcd79f91c9e4876b0739f4d51b3f23cb900b99a6154b22a,92ab0e295aef86656d777550cce98a2726343d9284daf6cb0b439b7541b90daa,jmuben-3135,treino_auxiliar,0,grupo_ja_representado
jmuben,jmuben,3136,data/raw/jmuben/Phoma/1 (297).jpg,10,phoma,128,128,412c90d3a90b7977debb3633aa3d036daebbec333cefd688900be0b51777d742,932c0fa70cfde90d4eebd19e9e83c670361e19c16e6477b110eef6134338c217,jmuben-3136,treino_auxiliar,0,acima_do_limite_da_classe
jmuben,jmuben,3137,data/raw/jmuben/Phoma/1 (313).jpg,10,phoma,128,128,e19e2085a4c923d285c2d48de745affd8dd789508cf7a301a563fc7567a4af71,99481b499bdb3b9a5515a7150e38d47838f3c1b20dc7be05f44fc8df02bc073b,jmuben-3137,treino_auxiliar,1,
jmuben,jmuben,3138,data/raw/jmuben/Phoma/1 (314).jpg,10,phoma,128,128,82ae8e7064bdcb4604601e7c6429640915e9e0c0ba766ce5c48f5fbf7253df60,94c332bcad0321c02eadcb11c1aafadb1b6207b2114eb7a6ef59e84d5e145bdb,jmuben-3138,treino_auxiliar,0,grupo_ja_representado
jmuben,jmuben,3139,data/raw/jmuben/Phoma/1 (315).jpg,10,phoma,128,128,e175c4223aa20465970c44b0d764e5956c1c835a66c2ac1fcd1153ba5c964f6c,a71c0f1cf1b001c7bcd445f176e1d9016ded6647a52cb4b537c3520c52f65a5b,jmuben-3139,treino_auxiliar,0,grupo_ja_representado
jmuben,jmuben,3140,data/raw/jmuben/Phoma/1 (316).jpg,10,phoma,128,128,13d27161bddd105efeb09c48b871fb1d713e1f4c1db02b2d73e07a95cd212384,86b54c5ac1024ef27e1145abb332e648fad1e43db0e9109b17761a646aadefab,jmuben-3140,treino_auxiliar,0,grupo_ja_representado
jmuben,jmuben,3141,data/raw/jmuben/Phoma/1 (317).jpg,10,phoma,128,128,0ba8aa355b5411bf672dad61e6d6745396558552e1472b3994ab12be3d5e9dc4,9833b807b91ce21c76b809f8e370327136a0fd95a53b4363edc617f72211f9c3,jmuben-3141,treino_auxiliar,0,grupo_ja_representado
jmuben,jmuben,3142,data/raw/jmuben/Phoma/1 (326).jpg,10,phoma,128,128,a97c7e4bc0767599b57f033e7dbc575f1ffae06f39e8b0c07cc97bf4f3e163f7,87351227861dc4935c7636c68aecec9e3d20a37cc2c9bda11d2d874de15af9d1,jmuben-3142,treino_auxiliar,0,grupo_ja_representado
jmuben,jmuben,3143,data/raw/jmuben/Phoma/1 (327).jpg,10,phoma,128,128,349594ba42fc7933f9df8ebde639081ff20aee3900fcb9f7df87033d8c48d365,a6d96a51f2b3fca8f1387d057dc2e8304df8e33e1d1c000fde0be8d8d601672d,jmuben-3143,treino_auxiliar,0,acima_do_limite_da_classe
jmuben,jmuben,3144,data/raw/jmuben/Phoma/1 (328).jpg,10,phoma,128,128,5db16218c5f16357f48444cdafe39199a125fe2d3d83af9f2a118442093f6f2c,a5b51732829216d37cd3fb6196ca08a39bcdb09b03771f0d3806e1cc877837fa,jmuben-3144,treino_auxiliar,1,
jmuben,jmuben,3145,data/raw/jmuben/Phoma/1 (329).jpg,10,phoma,128,128,39687c35527c6531f5570c1b7c9126ec4345ecc3f75643ec7cf1da8e29bda523,a52b2527c32686a41db5fb78e6956d370e4fbf92e04c81bd16307de1df823604,jmuben-3145,treino_auxiliar,0,acima_do_limite_da_classe
jmuben,jmuben,3146,data/raw/jmuben/Phoma/1 (330).jpg,10,phoma,128,128,28a0500732cdb869df88c83859af7fd83fa4fa804fed1224a1b8e06b176cf203,a56406a496b43c96fa5a86983b7dc25164f75c4bf01743ef1e26709c83919fe3,jmuben-3146,treino_auxiliar,0,grupo_ja_representado
jmuben,jmuben,3147,data/raw/jmuben/Phoma/1 (331).jpg,10,phoma,128,128,849d9033c446d9378781b717f50b0867148cec3a51bf1426befbcd14f4a46982,a7f42427e92ce349e8c2500cfd9b7803f7c3fc7d6e00a1fc7a083ee6e07f0e02,jmuben-3147,treino_auxiliar,1,
jmuben,jmuben,3148,data/raw/jmuben/Phoma/1 (333).jpg,10,phoma,128,128,bcde7f37b4cbe260fac3e53bc20e480fae7f4764cb19f9c9cebb04c34c3ce4d7,b3aed15ae1913ed28eede5647b6858347a14361d17d2a4936dcd690c7b0813f1,jmuben-3148,treino_auxiliar,0,acima_do_limite_da_classe
jmuben,jmuben,3149,data/raw/jmuben/Phoma/1 (334).jpg,10,phoma,128,128,6a8c9e07697e371a12bb4b4ed6f359841958a4c086f5ffc90e430047b0f2beac,a23c25ebed4b9816d96e728c92dcb59aa6b4da9414b9c5151f75a08bb758ac15,jmuben-3149,treino_auxiliar,0,grupo_ja_representado
jmuben,jmuben,3150,data/raw/jmuben/Phoma/1 (335).jpg,10,phoma,128,128,73b96ba23b7df2b38cb5591e822513773ae0f72f2bf69303df71d4bed11811e3,8d1c3cd3339dfa3be09137239c737132c9a2262cfeb18054d3a30ddfb60a08fd,jmuben-3150,treino_auxiliar,0,acima_do_limite_da_classe
jmuben,jmuben,3151,data/raw/jmuben/Phoma/1 (336).jpg,10,phoma,128,128,aa6aa27084b80a3844a2fb6ec2efba8421b78265a46cf581de553f4b62893013,856c1995ba65b13132d0e347192db2f6cfb1506bb4d68926584e67a4db1456ef,jmuben-3151,treino_auxiliar,1,
jmuben,jmuben,3152,data/raw/jmuben/Phoma/1 (337).jpg,10,phoma,128,128,5d1c056ff8505013357dc8d43f8b8f2157bc68730cbc3379e22c3c4ebe66153d,8e6f5e7bd1c2b1c7af0d60b8928f61d90d12dbc5323fc5daf90a23d4fc005981,jmuben-3152,treino_auxiliar,0,acima_do_limite_da_classe
jmuben,jmuben,3153,data/raw/jmuben/Phoma/1 (338).jpg,10,phoma,128,128,e2a749cc9265091562a573cb7c1d41f778d57e08b69dfd2af14fbb2c30488a40,84eb0ce49d8cb08d31666198cec5bb2ef3764ed9701b87e06cc15b37d3ec8c83,jmuben-3153,treino_auxiliar,0,grupo_ja_representado
jmuben,jmuben,3154,data/raw/jmuben/Phoma/1 (353).jpg,10,phoma,128,128,963f16f5045f6e3b4d6ca58ca2f6bd5daec89dc8b133014c5b543eb69b3d0e0f,a1e974399f0985e962597337b1865a74de138d99adccb5e3346c325c5214c787,jmuben-3154,treino_auxiliar,1,
jmuben,jmuben,3155,data/raw/jmuben/Phoma/1 (354).jpg,10,phoma,128,128,650018a3f8b4e53d613e4ecf617767851342bfd828e56b2642be94a58f148baf,8ce62eee5911919837c05588a9b12b4eaadde798eeb0d6a9f429550bfd42d456,jmuben-3155,treino_auxiliar,0,acima_do_limite_da_classe
jmuben,jmuben,3156,data/raw/jmuben/Phoma/1 (369).jpg,10,phoma,128,128,e2376ee7b89b6f6bab8a4e78614efce5bf54ded02b36e9c4633fdbd70bc226b2,835b66ab33c998aac369e0a3ff5017ea504abc63b579d4094328cf7d352ab8a9,jmuben-3156,treino_auxiliar,0,grupo_ja_representado
jmuben,jmuben,3157,data/raw/jmuben/Phoma/1 (370).jpg,10,phoma,128,128,25013c73ae97890a451e23645f26a49efd4a57509cbb6da9d763d9202ca7bbf7,88d0712b343e0f2bca5ce9a9ae5ee1b1106e68b44d0ebc8097269a76e9add3fc,jmuben-3157,treino_auxiliar,0,grupo_ja_representado
jmuben,jmuben,3158,data/raw/jmuben/Phoma/1 (371).jpg,10,phoma,128,128,85969e26eb587d083c4f03fdf22ab141b11b59111470fc541e7ccc13831376cc,ae4e1cef80fbee62279555c842fc840e92827a586e66134b876991667e356767,jmuben-3158,treino_auxiliar,0,acima_do_limite_da_classe
jmuben,jmuben,3159,data/raw/jmuben/Phoma/1 (372).jpg,10,phoma,128,128,cb4ef7b7d2901bf7dfa95bdd59d511c80d432b73bdbef627c716120f46ad506e,85ed610b71d2327493c81be455aaa547ca747d75aa16122f6ab355ee885277b8,jmuben-3159,treino_auxiliar,0,grupo_ja_representado
jmuben,jmuben,3160,data/raw/jmuben/Phoma/1 (373).jpg,10,phoma,128,128,ee96de0b31834aebf5998751b22fd93bf9a50fdd11244b49f6bf7e5c0a619cbb,95184863bac7a8563f63fd14e0e203eb018981f50f961e4a642aaae72e37b5ff,jmuben-3160,treino_auxiliar,0,grupo_ja_representado
jmuben,jmuben,3161,data/raw/jmuben/Phoma/1 (374).jpg,10,phoma,128,128,87d12aa712b3d1d9eb0fb3fed3dcec01a88b84bed98ca84efb6c47d8d4a6f990,a5401edab12b8e6c99bf277668efc13dbc27240e5e91d58e98c52ac36a74c354,jmuben-3161,treino_auxiliar,0,acima_do_limite_da_classe
jmuben,jmuben,3162,data/raw/jmuben/Phoma/1 (377).jpg,10,phoma,128,128,9a1e9aa8f3e8ba438aa379ee123dc9d002aaec3f95489a3a458a1e5a1604616d,889039008d01ad81c4d156d066f91f7d947dc53f6f5f380f076dce14e3fc7792,jmuben-3162,treino_auxiliar,0,acima_do_limite_da_classe
jmuben,jmuben,3163,data/raw/jmuben/Phoma/1 (378).jpg,10,phoma,128,128,f85d87e1820e6415e6326fee9970f778dd2fe503c9cab5d5f18e76ce1321b95e,90b0c6ebe95652a8fc35b9eb3f1a2a3545cb811e16992cd64ead9ace12c1f255,jmuben-3163,treino_auxiliar,0,grupo_ja_representado
jmuben,jmuben,3164,data/raw/jmuben/Phoma/1 (379).jpg,10,phoma,128,128,f719672b4438b1dbc45effc9693ba4279c6a77b5234c5e7aa6f7046c44513b1a,8d762d7785572455c66dd6647324233617b297d350bb6b7dba9215530b8a6318,jmuben-3164,treino_auxiliar,0,acima_do_limite_da_classe
jmuben,jmuben,3165,data/raw/jmuben/Phoma/1 (380).jpg,10,phoma,128,128,1c12e0bad6c2be2b59508cc29e2c25bb230c856b6d2322fcb8f026cefa5ec097,9321333de955a954ed200c35be14c51e5d4a768a1573d3cb6d29b6c71f95494b,jmuben-3165,treino_auxiliar,0,grupo_ja_representado
jmuben,jmuben,3166,data/raw/jmuben/Phoma/1 (381).jpg,10,phoma,128,128,b967aaa0ac1d5e82186fffda4b90816a213eeb767d6f48911087051e66905ed2,85b1d8c4c628e9ddd2aaa44c3999fa229add259b6a945aad92c03c51ebd7cbc5,jmuben-3166,treino_auxiliar,0,grupo_ja_representado
jmuben,jmuben,3167,data/raw/jmuben/Phoma/1 (382).jpg,10,phoma,128,128,2c6b6cbdbda19786c32462a0d5f61215112960b09954d931febc591999ca119a,8eac2698d69a23fee37e395e85dfd88b63401de09024c1db7f27945a43a3e84c,jmuben-3167,treino_auxiliar,0,grupo_ja_representado
jmuben,jmuben,3168,data/raw/jmuben/Phoma/1 (383).jpg,10,phoma,128,128,382010e85c9ae3f841144451dd928966f312e187bc585e5ff79b6d9803ef0004,86b526bed6ad12aec3b03b9131d19ddcfaeee06e2bba954a40806962385117ef,jmuben-3168,treino_auxiliar,0,grupo_ja_representado
jmuben,jmuben,3169,data/raw/jmuben/Phoma/1 (392).jpg,10,phoma,128,128,0defc652bd1c7d96e270bfc4645b25586be9dc6090a3b54cac0715617538edba,b4b60a528d498bfac2b0f7da06eb23f8712f556661fd9870acd4d67960f50036,jmuben-3169,treino_auxiliar,0,grupo_ja_representado
jmuben,jmuben,3170,data/raw/jmuben/Phoma/1 (397).jpg,10,phoma,128,128,c3eedae1a36fecb52939971858fb29b652c10e3dc931bdefdff814ac5722b684,96961adae85b6721b4419a6da59e70a04dfba8ebcc3f3f49cd856e810521e353,jmuben-3170,treino_auxiliar,0,grupo_ja_representado
jmuben,jmuben,3171,data/raw/jmuben/Phoma/1 (398).jpg,10,phoma,128,128,509b33c3a4663f4809f9c4bf9c01fd6ebb7f009929dc8c77fb752b69785cf509,855a316a3f2d95af9258e1aa3e92cb4be4940fffc891e7141dc38eeae32c0866,jmuben-3171,treino_auxiliar,1,
jmuben,jmuben,3172,data/raw/jmuben/Phoma/1 (407).jpg,10,phoma,128,128,b7d94dd068ed4a1beedff9449228119465cfc19f0d5775f2ce75d582e4e04dc3,9c00007f97f84bc09ca230e067e02d61f3d78f07988f97d09debb9da36b3258f,jmuben-3172,treino_auxiliar,0,acima_do_limite_da_classe
jmuben,jmuben,3173,data/raw/jmuben/Phoma/1 (408).jpg,10,phoma,128,128,e0ce02c7322d9ff7a33ea220314ee76d61a6a74d1467a2fb39f159379684b9a0,96065ffb80ff8a03c1c04a3f6d015aa889fae2fb6a95b2ca4a19c326a9d5f653,jmuben-3173,treino_auxiliar,1,
jmuben,jmuben,3174,data/raw/jmuben/Phoma/1 (409).jpg,10,phoma,128,128,0bc8a35ec2e05be6223cd5a3faf8d9abbe07679205f57bc53db97f22854ecd37,8041fc0faf83c9e0613cb0c7347892af197778a41874859d2d5fb5bddc744ca7,jmuben-3174,treino_auxiliar,0,grupo_ja_representado
jmuben,jmuben,3175,data/raw/jmuben/Phoma/1 (433).jpg,10,phoma,128,128,609ed8e7d27f719fe9f6833d0bbd18174b28495b8e24508570704eee42104d63,a473670a93c0b8b6b964287d5a0b16dfb492cda0454a195d9a4c5fd2ed35e8bd,jmuben-3175,treino_auxiliar,0,acima_do_limite_da_classe
jmuben,jmuben,3176,data/raw/jmuben/Phoma/1 (434).jpg,10,phoma,128,128,1a85155aeb98fad1b0eadd5632c22fda0c0b5c446432e6b87c3af4d6dcd69c2b,834242f3458b3a647cd9c93bcc6a39b48729b0e4cea866b3666dcb10b7b79c5c,jmuben-3176,treino_auxiliar,0,acima_do_limite_da_classe
jmuben,jmuben,3177,data/raw/jmuben/Phoma/1 (435).jpg,10,phoma,128,128,2eece0a2784205d58244d9001f19c307c4845eb78a9ab6c7c878172b5b6579d0,a4737748b9d0b8b62a6c6a1f5ecb1652cdb04f2c194f935546daa037a2ec13cb,jmuben-3177,treino_auxiliar,1,
jmuben,jmuben,3178,data/raw/jmuben/Phoma/1 (436).jpg,10,phoma,128,128,4557ab9c54c213a17b00e7b9e6beaf44904e3997c31ac688c28fd3d82744b212,860a4dec874c749b7bafda6dd8b92330ac4cb392996725d848b3660ecc59374e,jmuben-3178,treino_auxiliar,0,grupo_ja_representado
jmuben,jmuben,3179,data/raw/jmuben/Phoma/1 (437).jpg,10,phoma,128,128,fa78336f879f678dd4ae1ffa0c7157c1476b2c23e0f31477b90bf9cca8442320,a08f4ac9d427b88933381c53c1b64fdd433a734e7395697cb84ba1c61f41647f,jmuben-3179,treino_auxiliar,0,grupo_ja_representado
jmuben,jmuben,3180,data/raw/jmuben/Phoma/1 (445).jpg,10,phoma,128,128,b6bbee5d27f58fd0474db776cec59e0af3cf62c24240ec5e17e4010d6f4b0e43,b4db2b11e1ca9e71800cb4d9160cb3445dc8e3087fb07fe653a4338c64e7bdfc,jmuben-3180,treino_auxiliar,0,grupo_ja_representado
jmuben,jmuben,3181,data/raw/jmuben/Phoma/1 (446).jpg,10,phoma,128,128,a5f72567e3b5a3228e7ce438963e549221b7c92a841e3654d070ef7efb049647,97c42c6fe344b2f79926d4dc3a271226a1277c826902ff027dc096f0b5f1bcf2,jmuben-3181,treino_auxiliar,1,
jmuben,jmuben,3182,data/raw/jmuben/Phoma/1 (447).jpg,10,phoma,128,128,9a4a4f8b6cf65cffa90c40336b047ba7f3c2ea4df2f4cfbca65a5b3e7ae850ff,b4363b40e637b1c8b277746f78ec007f6836d837b80e1d271f828ce069f24a79,jmuben-3182,treino_auxiliar,0,grupo_ja_representado
jmuben,jmuben,3183,data/raw/jmuben/Phoma/1 (469).jpg,10,phoma,128,128,87505c7206c44a7a81f5e82fe4b27612383b14403ab6484899cd386e17ceb0fc,9a47414cae64602647975db181f9679c20f2adde4ceb5ce886a62b935367a8be,jmuben-3183,treino_auxiliar,0,grupo_ja_representado
jmuben,jmuben,3184,data/raw/jmuben/Phoma/1 (470).jpg,10,phoma,128,128,6009d6400197ac22e4e806abc44121cf054f2c4945218112fe40444e1c2ac943,9a574066a746e83245965f9980fba7d860baaadb84ed6a6d54868a9761514bbf,jmuben-3184,treino_auxiliar,0,acima_do_limite_da_classe
jmuben,jmuben,3185,data/raw/jmuben/Phoma/1 (471).jpg,10,phoma,128,128,5bdc17a219d8a795d480ff9f51cd0548a5188d609c2df775a23eaa2932c020fc,91824ea2c8da027b584d13093f20718abba371f577f0345b72add394a97e74bd,jmuben-3185,treino_auxiliar,0,grupo_ja_representado
jmuben,jmuben,3186,data/raw/jmuben/Phoma/1 (481).jpg,10,phoma,128,128,feb6707b8728c513633c25fb2373e6202dba2744adcbf6f17d7f69928c7b4c38,86cc5999c1b3d28e8eb0c6b63e988b342c1b1e61e95e596a9ca7d2da1a6939ce,jmuben-3186,treino_auxiliar,0,grupo_ja_representado
jmuben,jmuben,3187,data/raw/jmuben/Phoma/1 (482).jpg,10,phoma,128,128,ab07067ce120e4d0a28578843683eb918287cc36499a8b88a7666f0714ccb8b6,84d95b32c327d6bc0e275cac1a81ea3c3cd31acf6a5c1d63a4ac1ed2397d618b,jmuben-3187,treino_auxiliar,0,acima_do_limite_da_classe
jmuben,jmuben,3188,data/raw/jmuben/Phoma/1 (483).jpg,10,phoma,128,128,be8e0485dc590a5a71ca666ee529873f60754d004ccd2ff75af6f92bca0d7275,86cc185bf178f1c2835ef52114fcf125e5968539f4831adb296461fe0629d76d,jmuben-3188,treino_auxiliar,0,grupo_ja_representado
jmuben,jmuben,3189,data/raw/jmuben/Phoma/1 (484).jpg,10,phoma,128,128,5427fc07d1ca54b72ea44118498247cf4b865db6dca536a9a99704c3a8d340f2,84cc59dac1a2d28e87b2c4a71e88cb246d9e1ee1ea8f5b582d25e696de733856,jmuben-3186,treino_auxiliar,0,grupo_ja_representado
jmuben,jmuben,3190,data/raw/jmuben/Phoma/1 (485).jpg,10,phoma,128,128,fab61772621c71982d69a9af13eb29a87a5fe7390bd057d808eb0cfe83148fbd,93315d337cc6da38a2a5f2cd1a7cd999f4ec0247b75e39220c92b659e052a3ab,jmuben-3190,treino_auxiliar,0,grupo_ja_representado
jmuben,jmuben,3191,data/raw/jmuben/Phoma/1 (486).jpg,10,phoma,128,128,c6a6f15c0fdddf91133eeabe1877fac7e158e8a46c673c3490bfdf2b6e9060e0,93384c65dc94fa3cf2c1524f0a99e45c02e2b35f6936249bf25cc3d389e8ed69,jmuben-3191,treino_auxiliar,0,grupo_ja_representado
jmuben,jmuben,3192,data/raw/jmuben/Phoma/1 (487).jpg,10,phoma,128,128,dbb6afc9ac1857e82e7f60a9f3650af1660ff7d385f8e666a9aa08c896df4fe2,80cc0cdd7f8828312373be16d03d43fb6f02d834b16156726ddd9b99986cddcc,jmuben-3192,treino_auxiliar,1,
jmuben,jmuben,3193,data/raw/jmuben/Phoma/1 (522).jpg,10,phoma,128,128,4845cceb6b6fe76359a91beb10cf03f723c07613f7d9f6d87d4c69820e0f4726,84cc59e3d1a1d28e86b2f4871bdee5970ed9aa656b5c0d21e496de59395449d8,jmuben-3193,treino_auxiliar,0,acima_do_limite_da_classe
jmuben,jmuben,3194,data/raw/jmuben/Phoma/1 (523).jpg,10,phoma,128,128,8959d0a015c2eccdefbfec0d89f420cb2b8b1f80fcf77514ea667e2fc9169446,8db22d47c6692b5138898d5c3ad47425311079ace76d4ac7e6a285ebcb4b7b5a,jmuben-3194,treino_auxiliar,0,grupo_ja_representado
jmuben,jmuben,3195,data/raw/jmuben/Phoma/1 (525).jpg,10,phoma,128,128,ef68ff4e919afcdbf9701ca9198591db287d250cfb0cf2954ea318f6228cc54c,9ce117e8e11b15e86913b3369b88487b3ece9a4dd2724ec8ccc7662eae30e91e,jmuben-3195,treino_auxiliar,1,
jmuben,jmuben,3196,data/raw/jmuben/Phoma/1 (526).jpg,10,phoma,128,128,0390fc5263e5ed52d49bae5ca37c0d6b16cb2b370a6cdabd2ae86a3d80213ab5,94571fa06609a3fcd6024eec64fb3217930a95bf49b32c99646eb39337353711,jmuben-3196,treino_auxiliar,0,grupo_ja_representado
jmuben,jmuben,3197,data/raw/jmuben/Phoma/1 (527).jpg,10,phoma,128,128,27760d53505be5f75b088aab0ce16c6c44cea770479caf8dff867bd5914df2b7,98621fdce617b4fe4dda480734edb798d26351344cdaa185665e0751aadc6a56,jmuben-3197,treino_auxiliar,0,acima_do_limite_da_classe
jmuben,jmuben,3198,data/raw/jmuben/Phoma/1 (542).jpg,10,phoma,128,128,ae589db7d3ac22d9db8ddf713c832894bd4bdb438b6c995dee228687a435f419,8739306673b6cb1e6831809b2f8ef489d2c6ca5fc7727f0341aa63199b2cacd6,jmuben-3198,treino_auxiliar,0,grupo_ja_representado
jmuben,jmuben,3199,data/raw/jmuben/Phoma/1 (543).jpg,10,phoma,128,128,a68f2f04e6649ad04d8f4c8f5ed1940261c4b6a2e73dcfba1b9bdf24ae1ddb17,b631669c8debb919e95c524212f9e01af0f5db35b020fced4f58bb94c4474169,jmuben-3199,treino_auxiliar,0,acima_do_limite_da_classe
jmuben,jmuben,3200,data/raw/jmuben/Phoma/1 (544).jpg,10,phoma,128,128,41d58c1a6e0aeb796f95f231f57a53178be216619f2a3799720ba4cbf4bd36a8,9cda6e1537cc9a43c45fc696972276ec3171b57949adc349752884a472f24ce9,jmuben-3200,treino_auxiliar,0,grupo_ja_representado
jmuben,jmuben,3201,data/raw/jmuben/Phoma/1 (551).jpg,10,phoma,128,128,2a71a37b857c2f294ae96d5e32048451b9b9a91be2f51f013350a918cfc7ae02,81e53a121e15c3d1615c613b78c62f6325cc9065695acd974fb867599b2bd6ae,jmuben-3201,treino_auxiliar,0,acima_do_limite_da_classe
jmuben,jmuben,3202,data/raw/jmuben/Phoma/1 (552).jpg,10,phoma,128,128,aed3f26791ff7088f1f27262f8cbfceb6d6d67365e3429c017c8ef4ab75acbde,87c57c52471fe3c96468de9f8e79c3b078922d0130e56d5e59376e219ae8cca4,jmuben-3202,treino_auxiliar,0,grupo_ja_representado
jmuben,jmuben,3203,data/raw/jmuben/Phoma/1 (553).jpg,10,phoma,128,128,379269e61637ccee0998ae0bbdbba1caebc504e36f0c6ea7de08e216b7681dc0,80ecb2763e8587e3cad0ae4f831dd0c7da116bd2c9a743bb22bc1b1b9328b3e8,jmuben-3203,treino_auxiliar,0,acima_do_limite_da_classe
jmuben,jmuben,3204,data/raw/jmuben/Phoma/1 (554).jpg,10,phoma,128,128,e3043393f93ff843791c9e841d0899754ff8eb79dda4ce58824aea1749b9a87b,87c678594e1dc38b60e4ca87ce4f8735d0de2d1125c492e265cf5d9b6a91ba3c,jmuben-3204,treino_auxiliar,0,grupo_ja_representado
jmuben,jmuben,3205,data/raw/jmuben/Phoma/1 (555).jpg,10,phoma,128,128,d8a011f24c250ec5739d32eac8f8975b3a438532fc6fe7ca3b6e2fbe718eead8,8fc970a55c7ec31761c2d5187c988e57d5f8ca65ce229442e8b8915969adbae6,jmuben-3205,treino_auxiliar,0,acima_do_limite_da_classe
jmuben,jmuben,3206,data/raw/jmuben/Phoma/1 (558).jpg,10,phoma,128,128,56317a82dbc670ec59b5082177ae2ff2d955059089cf940501ce703b31e96441,990239d8a96e95263ff97207395dc01c66013df8fc1ecf8670791e2b81dd9d94,jmuben-3206,treino_auxiliar,0,grupo_ja_representado
jmuben,jmuben,3207,data/raw/jmuben/Phoma/1 (559).jpg,10,phoma,128,128,00f4f088fe9fe1d985c4aac0b142b115ba24a2ff19e3906c5e87abbfe71f4670,983a3041a2f657fa625a87ec9c05e2443da9c7e93c0fe1c1df7c2383fc79c306,jmuben-3207,treino_auxiliar,0,grupo_ja_representado
jmuben,jmuben,3208,data/raw/jmuben/Phoma/1 (560).jpg,10,phoma,128,128,c6749f2e7eba38d3f75655f9dc38674b4063bf5dabc7dd7115f0f7a90d9ecc7f,92688fd3a397c3044589b80d8d080f8e321f7a1d0f3d1e3b9c769c473c8f69bf,jmuben-3208,treino_auxiliar,0,acima_do_limite_da_classe
jmuben,jmuben,3209,data/raw/jmuben/Phoma/1 (561).jpg,10,phoma,128,128,499a5ff83876abd51d7b4c9ef15fe213dc826b0ca7b33bd3857de02fee2cb022,92f5229e8fdb5e84cf02bc3e62b64f16cc24333e86c12f3cf0478e79758e9821,jmuben-3209,treino_auxiliar,0,grupo_ja_representado
jmuben,jmuben,3210,data/raw/jmuben/Phoma/1 (562).jpg,10,phoma,128,128,a879acb18b833d27053d5e29260bf6119e2401b16b085eb89b4c44ee0cc5e537,96e0602ca3b735fb458947e28d19f073321e85e20f3de38c9c7663bc3d8f9642,jmuben-3210,treino_auxiliar,0,acima_do_limite_da_classe
jmuben,jmuben,3211,data/raw/jmuben/Phoma/1 (563).jpg,10,phoma,128,128,54d2b40aa2c81f9355387c613c731c42e2eeef85327cb7c4dbbb0fcff537620e,90153a01a04c56a642fc05fbcc2f3bc88279079e79c3de3d63c714f48baf74de,jmuben-3211,treino_auxiliar,0,acima_do_limite_da_classe
jmuben,jmuben,3212,data/raw/jmuben/Phoma/1 (564).jpg,10,phoma,128,128,f357162ea053448f58f884e548e113f18c9b2e9f1f8a3808b890eb6afcc1a961,958260b387fa30fcc7246f189f0770e6627399880ee67b14948f47e9fb47c833,jmuben-3212,treino_auxiliar,0,grupo_ja_representado
jmuben,jmuben,3213,data/raw/jmuben/Phoma/1 (565).jpg,10,phoma,128,128,258ddeadd698414c75857f311c82bbea149ed08d08609d69d70f305ee628f5e1,92e5239e8f9b4c80ad16b87c62ac9d44f07932c78e69711c8ce37f1d9863637c,jmuben-3213,treino_auxiliar,1,
jmuben,jmuben,3214,data/raw/jmuben/Phoma/1 (566).jpg,10,phoma,128,128,d064b18698d9c467695f5a6023531728b626d0e2f0b4af1117b713579676cb08,92c122fca7d81fcb52a94f833d008c7b62fa9e8ece837d78e18e9cf367181c84,jmuben-3214,treino_auxiliar,0,acima_do_limite_da_classe
jmuben,jmuben,3215,data/raw/jmuben/Phoma/1 (587).jpg,10,phoma,128,128,eda0a244ddf48197e2d533e6685ae54a2f3f6fd5ca0b5fcd058706ad9a8b0cd2,877563e2eb646d36e62c8eb4cf121eca1c8359a971e3c3c78786250e425f983b,jmuben-3215,treino_auxiliar,0,grupo_ja_representado
jmuben,jmuben,3216,data/raw/jmuben/Phoma/1 (588).jpg,10,phoma,128,128,99a0ba75d094a3f51dfa796c1aaf1c62c2ee60b91a49615f6ca398d88870b749,8f611c3beb4c929be6a9735acc16e3343903ae24e1c7fc72ac0cbdc40c266ec7,jmuben-3216,treino_auxiliar,0,grupo_ja_representado
jmuben,jmuben,3217,data/raw/jmuben/Phoma/1 (589).jpg,10,phoma,128,128,c5c17b31b48fde4542eb87e5688db2b3cf756fd2f1ca452bfffd9a224eaa6b58,983d0d8fcd50656a43e84a4691ea9a6eb29e723ea22c664fcccd739bc43cd992,jmuben-3217,treino_auxiliar,0,grupo_ja_representado
jmuben,jmuben,3218,data/raw/jmuben/Phoma/1 (590).jpg,10,phoma,128,128,c0bef941bbdbb9b206e143e43d542b04ce730d07106f1e09d69855d2d0f227a1,a0c4f0ca9f451f2be5b310fb4c5c960f2907f133192d6b3d995475b1c9c931f1,jmuben-3218,treino_auxiliar,0,acima_do_limite_da_classe
jmuben,jmuben,3219,data/raw/jmuben/Phoma/1 (604).jpg,8,phoma,128,128,2f6094706593af6a6d4eba4cc1b1c7535a9bbb2f87552088df7c7d4facea9b02,8ae67ae6af46d40614defcad7ea5a243615ad1425e425a3dee358540f52831af,jmuben-3219,treino_auxiliar,0,grupo_ja_representado
jmuben,jmuben,3220,data/raw/jmuben/Phoma/1 (608).jpg,10,phoma,128,128,75e6f7619ad2d46fe93ac6b49f651071598c960451190cf64a86687b634be04e,8b530d27b1b68eb6a6e41cc6b19a863ad87837c9e411852a7d21a9e7150d7ebb,jmuben-3220,treino_auxiliar,0,acima_do_limite_da_classe
jmuben,jmuben,3221,data/raw/jmuben/Phoma/1 (625).jpg,10,phoma,128,128,6fbab75733405ab5cd3a72ae1ce9b86ffe6241221c6e7d8df0f2b3f2cd1713dc,ac13325b8935f9093de40d3b70b1fc39def4271f018fcc25e38270e17e52583d,jmuben-3221,treino_auxiliar,0,acima_do_limite_da_classe
jmuben,jmuben,3222,data/raw/jmuben/Phoma/1 (635).jpg,10,phoma,128,128,8890561526435444cad6b0ff271d4c32a6a83bc54d6603279740f1e13d649b3c,89a731c54cc3d8b2c9278cc96dc76c359e74b6db2732626dc3b98336b09c6391,jmuben-3222,treino_auxiliar,1,
jmuben,jmuben,3223,data/raw/jmuben/Phoma/1 (647).jpg,10,phoma,128,128,bec2bd84e8d53be0785be4c8f6abfd158ed11d3bcd8c37c0393e13dee0617f47,87182c7179c75f47c8ded21836d124bd9da4912ce54b6cd15891cb36efa660e9,jmuben-3223,treino_auxiliar,0,acima_do_limite_da_classe
jmuben,jmuben,3224,data/raw/jmuben/Phoma/1 (672).jpg,10,phoma,128,128,4ec635f169e28314aecef79f977c8317385b94e298c3405f33e8d90cbb1016eb,ac143ecf8668ba36998bf3f4fccff5c0bd3036a174b883ae00c030d8d347f155,jmuben-3224,treino_auxiliar,0,acima_do_limite_da_classe
jmuben,jmuben,3225,data/raw/jmuben/Phoma/1 (767).jpg,10,phoma,128,128,7b2eaa9b7eda962a56cd490afd446e09300d6de6042b1df31fe4024160b14c7c,8b3131ab2cd0fe2ad2c60c5577aae0950679d98a1ca32335dd3f91ee5f2669c8,jmuben-3225,treino_auxiliar,0,grupo_ja_representado
jmuben,jmuben,3226,data/raw/jmuben/Phoma/1 (773).jpg,10,phoma,128,128,9a7eb5e4626548c0435b86211b6c392f6e0e8cf78208f9f88dd4b3274aebf02f,9c6327c3c738b9c66acc96e36edb64b1edb618dcd5879230b426a336fe300262,jmuben-3226,treino_auxiliar,0,acima_do_limite_da_classe
jmuben,jmuben,3227,data/raw/jmuben/Phoma/1 (774).jpg,10,phoma,128,128,075509a6bf04ffdf1693486ff315022d0865778dd33027c52d49e87a3a6109ab,8e69638ef2c3737130c734312d3cbf1e2f444b860bc713e137f820f5627c48de,jmuben-3227,treino_auxiliar,0,grupo_ja_representado
jmuben,jmuben,3228,data/raw/jmuben/Phoma/1 (806).jpg,7,phoma,128,128,a12ebd32edc1256398be935e7448c9f65ee38f07df5ddfa121945e45d377cc5c,8f232cf416a68325da1ac1cae958e8aa7e8255d32097f55a57ca787b39497a95,jmuben-3228,treino_auxiliar,0,grupo_ja_representado
jmuben,jmuben,3229,data/raw/jmuben/Phoma/1 (809).jpg,10,phoma,128,128,c54513fead80830ac635f0b5b44a492e6eb4f626e7ab2e32617bf62129e45641,9c71239ce1cc60c7c33161235be652e77273f0d35a9cb4eab424fb34ae34362c,jmuben-3229,treino_auxiliar,1,
jmuben,jmuben,3230,data/raw/jmuben/Phoma/1 (810).jpg,10,phoma,128,128,b8993db7f45e677240b1be4e964f722c80eaf8a5b80ad426bdf987425f1d4f51,9c633c73c738b87863ce9e4cb2c3560f6471ed9340986d919ad8a4cb18dc75ab,jmuben-3230,treino_auxiliar,0,acima_do_limite_da_classe
jmuben,jmuben,3231,data/raw/jmuben/Phoma/1 (811).jpg,10,phoma,128,128,e533e00d08aa7cf83a6115cea75ed8b1894c5c8ff40c601c8babd0d695c61eb5,9cc637a78673219cd798a4e76c3ead67cb0d9129bf4aa549424fee648a24145b,jmuben-3231,treino_auxiliar,0,grupo_ja_representado
jmuben,jmuben,3232,data/raw/jmuben/Phoma/1 (823).jpg,10,phoma,128,128,cf603d0712a9330fa265a99b7f9b1b37db661947f3199c4685d430e8af978d45,91993c7c8dcc4a4752c6569697a633249649bfd9a5b30608bdeb62bab4f620d9,jmuben-3232,treino_auxiliar,0,grupo_ja_representado
jmuben,jmuben,3233,data/raw/jmuben/Phoma/1 (863).jpg,10,phoma,128,128,eb71c95ecb79379919e08b0a0edb52d8d2cf69c8f5b89c3c37d7ce0c67264990,86ad7ce9bcc80adcf1d411d568377636930b31c2b8722379681c1fdff0031fb2,jmuben-3233,treino_auxiliar,0,grupo_ja_representado
jmuben,jmuben,3234,data/raw/jmuben/Phoma/1 (898).jpg,10,phoma,128,128,3d57bb479ec83c5ac991b04f97cb548b190b8d1539ef09e4bdf3cc35050cc055,a2895c3f812cc402f15f7fd60c3503f4e7121a754fb5477fb0e1581d4df8958c,jmuben-3234,treino_auxiliar,0,grupo_ja_representado
jmuben,jmuben,3235,data/raw/jmuben/Phoma/1 (915).jpg,7,phoma,128,128,e93c66ab87e4655b24857f6302830667d5c0b699fa95ebe0554b406db1a8fb8e,976b6aa8e874613a2c0fe689a29363507b0e3b8b398c398739873c9b3d9a3d0f,jmuben-3235,treino_auxiliar,0,acima_do_limite_da_classe
jmuben,jmuben,3236,data/raw/jmuben/Phoma/1 (921).jpg,10,phoma,128,128,45ac0e757c95a204ea807095b266b07960881f2b9b6d636eb7e489632be1d9e5,821446d471051c29bf0263da6cf2447d9dbec8cfd7b79891836ffb3232e14ba2,jmuben-3236,treino_auxiliar,1,
jmuben,jmuben,3237,data/raw/jmuben/Phoma/2 (1).jpg,6,phoma,128,128,de9446e40b2db9151422aab7aa257f7a7520c36c43098e2c09819c5cad858026,9ba17be8898ef8003d0acdbb3fb82684e5d40df231f2267b01f9986942fd2c7c,jmuben-3067,treino_auxiliar,1,
jmuben,jmuben,3238,data/raw/jmuben/Phoma/2 (101).jpg,10,phoma,128,128,26665fcc42f515292abfcc631113c48614125ddd39dff67adb06f0d8cca2f02f,85e9fe833af0161da027c8260fcfc3fc701a4f109fe29ef3650e290e985c4f3d,jmuben-3068,treino_auxiliar,0,acima_do_limite_da_classe
jmuben,jmuben,3239,data/raw/jmuben/Phoma/2 (102).jpg,10,phoma,128,128,d58e1a1088921dcbb93bcc70663941dfb67a6877b773c1f2e86022439d81f817,85f109f83bf8e9e3a0963f4d4e8e3c1561f8e1e6c7a0610c662f96f0b94a67c1,jmuben-3069,treino_auxiliar,1,
jmuben,jmuben,3240,data/raw/jmuben/Phoma/2 (103).jpg,10,phoma,128,128,2f5213e70d0bfc0ebdbf7b89640f75f3af82e24b056f36568efe29b505e22275,8b66326479898359f6b309c6325b3c86636d5cc2a9f04c2d5303f0f0d7b9f5ce,jmuben-3070,treino_auxiliar,0,grupo_ja_representado
jmuben,jmuben,3241,data/raw/jmuben/Phoma/2 (104).jpg,9,phoma,128,128,97ccf0ab8df9ee0159631cf30bb1a5be928b591e29463f4f4ca76ce0a15b3fab,8e8362bcb8766b528cc93d2c431617c1b1ad80f1a30ff90fe05c3c707fb334af,jmuben-3241,treino_auxiliar,0,grupo_ja_representado
jmuben,jmuben,3242,data/raw/jmuben/Phoma/2 (105).jpg,10,phoma,128,128,f02414fbb17c91cae8188c798b7fef98ce3f8426c658ed492c0f76e6752f0150,9b3d74d7e7194d6ddb52ba52dac5362dc0a0d6aa95b43b233828a7a43c4c6391,jmuben-3071,treino_auxiliar,0,grupo_ja_representado
jmuben,jmuben,3243,data/raw/jmuben/Phoma/2 (106).jpg,10,phoma,128,128,05053f525551194ee93f10da7bee05466d800f35813b330a02bc85855bf291aa,afcc1839fbc6d71c92619ece0cde7462d4363b04026ece198f6781c499cc1efc,jmuben-3072,treino_auxiliar,0,grupo_ja_representado
jmuben,jmuben,3244,data/raw/jmuben/Phoma/2 (107).jpg,10,phoma,128,128,8ade7077010542b0404f272096d1c944e2f269c7cb9838fbd3b427126d0ac666,83f648bfddab29b43893331b299d6628ac4d900cbcc940dbacd276ee5e20957b,jmuben-3073,treino_auxiliar,0,acima_do_limite_da_classe
jmuben,jmuben,3245,data/raw/jmuben/Phoma/2 (11).jpg,6,phoma,128,128,2f369053b06dd8f427e2c3fdf8c694e6560975cef2c0d0624586f7f2c467b0da,9a937b99ae980ffbeda3c4a500b5b058c6484e4d72ad37e58e845b303be0afa4,jmuben-3074,treino_auxiliar,0,grupo_ja_representado
jmuben,jmuben,3246,data/raw/jmuben/Phoma/2 (115).jpg,8,phoma,128,128,2f47d061b169782fe519e90ec63cb138725ec95654509b77d38be225805fcbda,8e83623cb8766b528cc9352c431617c1b0ad80f1e307f90ff4583f727eb334af,jmuben-3241,treino_auxiliar,1,
jmuben,jmuben,3247,data/raw/jmuben/Phoma/2 (117).jpg,10,phoma,128,128,86b856e23e6abc0d15d1a491ee49b1427f16df59d3e1432a1d0c5d4020e96feb,8e5454c1b5e7a5162bc78c8e63b00f8bfe0e503e54b995cd983e6b69a923311f,jmuben-3075,treino_auxiliar,0,acima_do_limite_da_classe
jmuben,jmuben,3248,data/raw/jmuben/Phoma/2 (118).jpg,10,phoma,128,128,e2832444b4e22836587702d4d55d3b3f41028cc66541b6408ed0de8c91313668,93f4616bfda51fb507934232aac43950f762275cc1230f46755a642a9c79f1a7,jmuben-3076,treino_auxiliar,1,
jmuben,jmuben,3249,data/raw/jmuben/Phoma/2 (119).jpg,10,phoma,128,128,d0d1fb12cd80687d7d8831f0439611305ac5d20c168dca5b047148a7a119212f,97ec2256e04afd4999cb2d93557e04ae013dd1270e8f3c5c655c1c3b8de23b2e,jmuben-3077,treino_auxiliar,0,grupo_ja_representado
jmuben,jmuben,3250,data/raw/jmuben/Phoma/2 (12).jpg,6,phoma,128,128,1dfc9bddcfcd090894da3bcaadd2b3914cda4b04473979e76799a13c0d5e367a,8d646ceaa703a773045bf658020c3926f2a3c3935fb128493f58d77cdd8e289f,jmuben-3078,treino_auxiliar,0,grupo_ja_representado
jmuben,jmuben,3251,data/raw/jmuben/Phoma/2 (13).jpg,4,phoma,128,128,05dab07b6eed8f87846afcbd9f5fc0e7684176de298a32341742a1bd19bd2692,855d6fae2992a4da0c88b6c8f2a8746c52e42fa42a6eb976f5d3cb526cc92a6c,jmuben-3079,treino_auxiliar,0,grupo_ja_representado
jmuben,jmuben,3252,data/raw/jmuben/Phoma/2 (131).jpg,10,phoma,128,128,e45bdb7c4867746933962765dacb759d2e0ea4fea75ff2a242c28bceb0e22ecc,9d3335ecfa1354c18d3d3ad54da5937a75923844c49ae9443e9bc7a825c3ec1c,jmuben-3080,treino_auxiliar,0,grupo_ja_representado
jmuben,jmuben,3253,data/raw/jmuben/Phoma/2 (132).jpg,10,phoma,128,128,839213a7ce7374ccd70a5b788673f6ac6da9cbc4a5b07e765ae1e28ae866e89d,a93636fae4d199b1ae64493266327d4bfa542ca5e9734ad446af492a2554734d,jmuben-3081,treino_auxiliar,1,
jmuben,jmuben,3254,data/raw/jmuben/Phoma/2 (133).jpg,10,phoma,128,128,a90afd7eb8ef433475718d7872971e38c65ba81f965279711363c1fd0a6c9144,8cac656d9f3db1252169ba4861c84d4b9a5fce9ad5d245ac5ac858b7a56f48d1,jmuben-3082,treino_auxiliar,0,grupo_ja_representado
jmuben,jmuben,3255,data/raw/jmuben/Phoma/2 (134).jpg,10,phoma,128,128,3946110733e9abf532baed20c9a3a3fe3bef810cb818584c5d57aa98fea24f24,8679740be26b86131cb365c6092f93e842469ad6a4bfa529343d4c69c9dbbb9e,jmuben-3083,treino_auxiliar,0,grupo_ja_representado
jmuben,jmuben,3256,data/raw/jmuben/Phoma/2 (139).jpg,10,phoma,128,128,af8905f4c4e1e2e9a13ab1addefbf2b3ba4b001bdae074af3cc23441589cfb66,87de6308e0b9ed3d641984d3932bf7658c992d61a75896129b9626b1cce54f2e,jmuben-3084,treino_auxiliar,0,grupo_ja_representado
jmuben,jmuben,3257,data/raw/jmuben/Phoma/2 (14).jpg,6,phoma,128,128,28e1b022e3cc28f79eb12b4cbdf3a1dbb6dc58baa53d2485676a1ef82f13975e,87dc2715a555a7457504f33a51baaa8fb95d50cd4a862d669962d58b6a6d2475,jmuben-3085,treino_auxiliar,1,
jmuben,jmuben,3258,data/raw/jmuben/Phoma/2 (140).jpg,10,phoma,128,128,ad94e261f017a5419379aa82a843952e556c8dbfc3b8532882fc0399f174a509,838a1d6be83591dc91a7492bcd70c538956aecb72edfe37632995298562aca51,jmuben-3086,treino_auxiliar,0,acima_do_limite_da_classe
jmuben,jmuben,3259,data/raw/jmuben/Phoma/2 (143).jpg,10,phoma,128,128,b2e1b53b0b2b6751c4b63d43f7d6f121d6ee46ef0a9fcc12535d38bbb7ce0bb5,81c4dde16ffd8e754f3016c6b756a532ddcaa4b83726d9ac548462c21b639929,jmuben-3087,treino_auxiliar,1,
jmuben,jmuben,3260,data/raw/jmuben/Phoma/2 (144).jpg,10,phoma,128,128,1ce0ec3501cdb9d5c5ebbb5b3dccda4d24047c2f4c8617f01572610c5b0f76db,80c32f18362929cf53309aefb19963624f6c7bca723444295f8bbb53b334c5e9,jmuben-3088,treino_auxiliar,0,acima_do_limite_da_classe
jmuben,jmuben,3261,data/raw/jmuben/Phoma/2 (145).jpg,10,phoma,128,128,697e7e1ca543eaf30b3470ea9e33b6cd03daed349d9ab7172ae20ed9b6faf391,8184231e7ffd718a4eb8a97bb7425b65dc8a33433217046bdc849dbdab6146d2,jmuben-3089,treino_auxiliar,0,grupo_ja_representado
jmuben,jmuben,3262,data/raw/jmuben/Phoma/2 (147).jpg,10,phoma,128,128,d4ef597450ec8eeece6e5261fb90098b7c6e62d9ac7ed9a488b822af8fdbaa00,8259198e671a10c669d9d0877ff9b622c87ff6c8819f3962072d38d80ea3ee7c,jmuben-3090,treino_auxiliar,0,acima_do_limite_da_classe
jmuben,jmuben,3263,data/raw/jmuben/Phoma/2 (148).jpg,10,phoma,128,128,1af840ee84414492dd1751f688ff7c586cec7958c29876206e8332c05c442f0c,846543d27c25257867a384ce9e35d69c4a7728d213082b38e8e996c77f399f75,jmuben-3091,treino_auxiliar,0,grupo_ja_representado
jmuben,jmuben,3264,data/raw/jmuben/Phoma/2 (149).jpg,10,phoma,128,128,3d10e9094fa3220fbbaf4f8264748f41078cc77f77231ddd8be63e6c6353c203,8099c740783f3fcc6e29e16e27f1be723cc41ac01b312e370cebc59c8bf86f60,jmuben-3092,treino_auxiliar,1,
jmuben,jmuben,3265,data/raw/jmuben/Phoma/2 (15).jpg,6,phoma,128,128,c1740e729fe13a04ad9341d8e3b0ba852f8aec9a2276e5abdc843aed850e2ae0,b5212a18d09cb73fa43ed07873f481dbfdd926f044923c85e64f98be9f20c54c,jmuben-3093,treino_auxiliar,0,acima_do_limite_da_classe
jmuben,jmuben,3266,data/raw/jmuben/Phoma/2 (150).jpg,10,phoma,128,128,42b8c6e1678e690bc0b97d8e50002245216e8a1adbd8d7322b31abc64fecbef0,809dc76a7e1f3ae67614e93b23f4bf791ce218c21988a7110679e4ccc3caeb38,jmuben-3094,treino_auxiliar,0,grupo_ja_representado
jmuben,jmuben,3267,data/raw/jmuben/Phoma/2 (151).jpg,10,phoma,128,128,d64b231bf10887472910db01576951cb459bbb9e73ba81b19f88c2b9fb5d4f10,91a3b9fc9c189d1e0e5f8b23e198fec75f71438196c10f30c90b3ec2cae46d72,jmuben-3095,treino_auxiliar,1,
jmuben,jmuben,3268,data/raw/jmuben/Phoma/2 (152).jpg,10,phoma,128,128,2f47ad103602f5b544a6c57082cdd083239f27e0c56b6ea0075e89fa0b16c675,862c23216a383f0af91ce74d4aee9629c5c578f06c832b7132dff460bd6acc3b,jmuben-3096,treino_auxiliar,1,
jmuben,jmuben,3269,data/raw/jmuben/Phoma/2 (153).jpg,10,phoma,128,128,28cfedb5b821619f29911d39ff0c52bb020510c24b114af0d777dafb31517b37,94915a4fc925cf39078dc5e7a466f3f0e27672b073fb732a114809c264fc18ed,jmuben-3097,treino_auxiliar,1,
jmuben,jmuben,3270,data/raw/jmuben/Phoma/2 (16).jpg,6,phoma,128,128,0a66d8211f0968da1823d88fd8bb3c961e2a0ce7008a537149db794647cde6b1,aaf3024cb51dad9c0fb8f439e477c87e70305d1213e7e026d604b4e7c9e17f22,jmuben-3099,treino_auxiliar,0,acima_do_limite_da_classe
jmuben,jmuben,3271,data/raw/jmuben/Phoma/2 (182).jpg,10,phoma,128,128,fd449d1948a416b04b1636ea0244ce55f7ee31b1c8ea4f324f5950e194acb44a,8d1c498c7699dea3d1a53e7a7c52a44fe24dd10c62882aaba83901fed3cd5bb6,jmuben-3100,treino_auxiliar,0,grupo_ja_representado
jmuben,jmuben,3272,data/raw/jmuben/Phoma/2 (183).jpg,10,phoma,128,128,33823b1a9a4a9ff9c3adbacb0ecfe59b26c85742c7ad664f3cc65980f814b500,8a524b334f273caec3168715f6c79a43396d4faf1c4ca1c81f90c7171758dc3c,jmuben-3101,treino_auxiliar,0,grupo_ja_representado
jmuben,jmuben,3273,data/raw/jmuben/Phoma/2 (184).jpg,10,phoma,128,128,fb580451a1382a55c4a4bb1ac9bb6fbb0367f5f23fd13c247a149f4a7048bc96,8d2b10f52c5ae467c0f0676a36f310dceca7fbb2197a4c2ce60979f84c8be342,jmuben-3102,treino_auxiliar,0,grupo_ja_representado
jmuben,jmuben,3274,data/raw/jmuben/Phoma/2 (185).jpg,10,phoma,128,128,f5cb1d72eb21bff23fcf2bcf7290fdf02d46945f4e6e41014804eff3acc927e2,9b542edaaed64d4bdd945b56c4b41e5ab88591d8392c232b5f6b50f4538cb21c,jmuben-3103,treino_auxiliar,1,
jmuben,jmuben,3275,data/raw/jmuben/Phoma/2 (186).jpg,10,phoma,128,128,19790c2afb4814c424114a0331f79e012f5366db5e2224e49fafe3e28ad98de5,981c7061ee381c38f786d63cdac2da1eea63f91ce948e506e4bae491f0d665b4,jmuben-3104,treino_auxiliar,0,grupo_ja_representado
jmuben,jmuben,3276,data/raw/jmuben/Phoma/2 (191).jpg,10,phoma,128,128,fa41add3706790269bdf21ffb8d735cbddfecdc10d12d65434045c411ad39ef1,91903993a6198beea5e67a50ab02b636a5c3f718207fd42fbf62d526109e4b6b,jmuben-3105,treino_auxiliar,0,acima_do_limite_da_classe
jmuben,jmuben,3277,data/raw/jmuben/Phoma/2 (192).jpg,10,phoma,128,128,102b9b641075c40a8720010dd6a9494183df4ff1567759a071d16548efbbea3e,88d84ccc3fafa98fed09b740077e44330441a7a55e3e31e6929c79e6d798ea70,jmuben-3106,treino_auxiliar,0,grupo_ja_representado
jmuben,jmuben,3278,data/raw/jmuben/Phoma/2 (193).jpg,10,phoma,128,128,e4878301d74a58a28e4950e25f8b5b2b62c181d37065dd811a56e24fd6591dc7,8ccc3c46b9c1e9d9a75d453a241992a85a05b2cf7b0aef11ca20117357e9bfaf,jmuben-3107,treino_auxiliar,1,
jmuben,jmuben,3279,data/raw/jmuben/Phoma/2 (194).jpg,10,phoma,128,128,4b6f65feae51789927b1a0d5275d031f04d4c9bf0a8dafcd988abd344d0ac55a,949325a4796d8212ecdb11bbce663805a8745d62f079c9c7c3b9874cce193e6f,jmuben-3108,treino_auxiliar,0,acima_do_limite_da_classe
jmuben,jmuben,3280,data/raw/jmuben/Phoma/2 (195).jpg,10,phoma,128,128,6d09057e2317fa3dff5e67052e33ca7f0bee478ca5207a218511ae99682f0da9,8cc446cd3a66f9e3eb3d423a159dc2b3c7b9214ec060cf1f38d0cc35c369f38c,jmuben-3109,treino_auxiliar,0,acima_do_limite_da_classe
jmuben,jmuben,3281,data/raw/jmuben/Phoma/2 (204).jpg,10,phoma,128,128,f32c582b28269b316cd2fad7560798c1b768d961e8994eede98447cee671ec84,9b395694bd2456925ed278294aa4a8d3b5d4ab52254e560a52a563aee2bdeb5d,jmuben-3110,treino_auxiliar,0,grupo_ja_representado
jmuben,jmuben,3282,data/raw/jmuben/Phoma/2 (21).jpg,10,phoma,128,128,ee38671609f735ea0f187cb6af7ab15d35142d091a094bb8fb5c2ca29414ce3b,891372a6edcc876ae6d629b1704c8e9a11ec0d4f4764a34f56f1ed743a8f54d0,jmuben-3111,treino_auxiliar,1,
jmuben,jmuben,3283,data/raw/jmuben/Phoma/2 (219).jpg,10,phoma,128,128,92abbadb659dfd82327c4e407766d959b9e46b36fb079586bc9014f1f6826bae,8b2626330d8efa0c91aabd2c394546b87d360659f3aabed5c14a995f0bcaf0c7,jmuben-3112,treino_auxiliar,0,grupo_ja_representado
jmuben,jmuben,3284,data/raw/jmuben/Phoma/2 (22).jpg,10,phoma,128,128,39aa03445b1efe6fbdbef0c93b057d002d5b07db79fd973789fe163aebc96561,897632acec998f4ac6cc29377269f092d62299d90d7e57dd263c55c32d613a1a,jmuben-3113,treino_auxiliar,0,grupo_ja_representado
jmuben,jmuben,3285,data/raw/jmuben/Phoma/2 (220).jpg,10,phoma,128,128,197dd81859ef3409af0857dad1f631d89c83f0f8bccc096b0e4467a09143ce16,991935238caca295e2551a9e2b23d5c4eb2e8ab7cfe879dc9fabc2eb007094d4,jmuben-3114,treino_auxiliar,0,acima_do_limite_da_classe
jmuben,jmuben,3286,data/raw/jmuben/Phoma/2 (225).jpg,10,phoma,128,128,62d0581b6db5d968bcad31b8dde249376556e25f6bbcdb67568eb9d4fe074cc6,9c79338dd6a14af49e9ca0126792d0aae69ae935175984b1c763459b3d6ab69c,jmuben-3115,treino_auxiliar,1,
jmuben,jmuben,3287,data/raw/jmuben/Phoma/2 (228).jpg,10,phoma,128,128,814a6e4da77bbc9fe6c060dd9163a6b0b139c70d5c2a309eb81f16269e2c0a17,9d19158b442a9c8de795c9f5be162a3990d147e878cf3eadc1ab42d8113496fe,jmuben-3118,treino_auxiliar,0,grupo_ja_representado
jmuben,jmuben,3288,data/raw/jmuben/Phoma/2 (229).jpg,10,phoma,128,128,d468b669813adb559740656a9fff533bfcd77bc477b2c8bdf5e75cc7d9779f9e,8efa1e5362c3cb4abb6d76e5daa5a1564562b122c0c076b61cac965bab9a6549,jmuben-3119,treino_auxiliar,0,grupo_ja_representado
jmuben,jmuben,3289,data/raw/jmuben/Phoma/2 (23).jpg,10,phoma,128,128,32237caab710524ad8d2d267eb24e516190d2a1f95314e32cb74ea1a4c01ba88,9a64cc92e9bb64adc4dd70d2474a9f6146640c7c7c26269cea7889e3d1a31eee,jmuben-3120,treino_auxiliar,1,
jmuben,jmuben,3290,data/raw/jmuben/Phoma/2 (231).jpg,2,phoma,128,128,54af76b26075fff56a50b588ea75990fcbd6e5befdce00773eca7b7ec7a6f7fd,a6db62f0e504e1b63d2e5dfa1b1e18d4d9f564ba4193911e76c2119e4e61919b,jmuben-3116,treino_auxiliar,0,acima_do_limite_da_classe
jmuben,jmuben,3291,data/raw/jmuben/Phoma/2 (232).jpg,2,phoma,128,128,255ccc0c4d40a7fce07f895888256cec2bbd780db28a1ad2b8b1458e862540a6,a1cd5f089639b62910999197c5d8f792ffc8808d9fe47e6829267b04cbd66536,jmuben-3117,treino_auxiliar,0,grupo_ja_representado
jmuben,jmuben,3292,data/raw/jmuben/Phoma/2 (24).jpg,10,phoma,128,128,f8ac15c65deaf488067d299cf629b3393bfc0ceda0acb9097ab2998096bc31cb,98cc4fc63b93d8e89736f8cd24e1ad18aecc8d9b7bd011fbd65207b0916b7050,jmuben-3121,treino_auxiliar,1,
jmuben,jmuben,3293,data/raw/jmuben/Phoma/2 (257).jpg,10,phoma,128,128,a21ce548051a194c56bbdede6c0f346d70e385f69d87d25c800f0edde6696e3f,99993331cacd8dcd5b8e6f3faf76f04cfa300c507be29e05d884d6ca30045e78,jmuben-3122,treino_auxiliar,0,grupo_ja_representado
jmuben,jmuben,3294,data/raw/jmuben/Phoma/2 (258).jpg,10,phoma,128,128,dcc4fdf1ddd2bd2e5f438cf032d246658c5417ddce440ce5e51ee232f7991dff,9e7314c6e71c8f39e187bf8c60ebfd0b65e1e819df7060d93802636a8c1be360,jmuben-3123,treino_auxiliar,0,grupo_ja_representado
jmuben,jmuben,3295,data/raw/jmuben/Phoma/2 (259).jpg,10,phoma,128,128,e2495c1c6f17e16dff71d04c46517e4cb385d46c96e0154d7c9e7173b87e3fdd,b26c324dc7c3cfcdb997f3364e269c4d7f90022d00b6fb56012c9b7a7f6000ad,jmuben-3124,treino_auxiliar,0,grupo_ja_representado
jmuben,jmuben,3296,data/raw/jmuben/Phoma/2 (260).jpg,10,phoma,128,128,d2ce752540082e38a9f7a51142a76292bee5eb0017627f10ab2b9b2b8a3b1cf9,b32408cdcd33c7c7cee8072ec113c3bea01f6680e9ca938740d774b765ec17e3,jmuben-3125,treino_auxiliar,0,acima_do_limite_da_classe
jmuben,jmuben,3297,data/raw/jmuben/Phoma/2 (261).jpg,10,phoma,128,128,bce1dafa8168df1fd5d1e2c0871ad4915686f384eff48b3b520215bf14b29159,999b153bcc4c1c9ce777e062af1447d7985d673591cc6e3d030766b0c2af5981,jmuben-3126,treino_auxiliar,1,
jmuben,jmuben,3298,data/raw/jmuben/Phoma/2 (283).jpg,10,phoma,128,128,8c62c87e551e8b1901751f9dee79c10ebf8d06ce417578c2fb1ee279d2865773,9b504fa1d36094e074b0c11c654e4953c0d479717a55c3f95af66796a9a7dd74,jmuben-3127,treino_auxiliar,0,acima_do_limite_da_classe
jmuben,jmuben,3299,data/raw/jmuben/Phoma/2 (284).jpg,10,phoma,128,128,62cca56cafaaa9979c617eb2e9d8875a6bc124907a109aa6d1287dfae129e3ad,999f666ee8dc983e331f44c7721124966c369b0d39cd938df1690709b359945b,jmuben-3128,treino_auxiliar,0,acima_do_limite_da_classe
jmuben,jmuben,3300,data/raw/jmuben/Phoma/2 (285).jpg,10,phoma,128,128,e1c862884cd25c569d4215bb640704b9e18a04d34c3cbc57e792d7744e86c28e,9bc33c79d3c81a0fc97865a3d8370a565962276df224695e9ea96135d2c2e12f,jmuben-3129,treino_auxiliar,0,grupo_ja_representado
jmuben,jmuben,3301,data/raw/jmuben/Phoma/2 (286).jpg,10,phoma,128,128,71ab40732d10d4b6e81435eb2d804a2d568c65d62ad4921e5c5971e3ac95ebae,99a730b1c78fda38eb63154e12ec6ad5b750faaa0151c7e6a3d6070e66b42476,jmuben-3130,treino_auxiliar,0,acima_do_limite_da_classe
jmuben,jmuben,3302,data/raw/jmuben/Phoma/2 (287).jpg,10,phoma,128,128,653c23d234d4dab78a957e8b187513a6565a8ba292bb2f95c82ee1194b9bd296,8e424880d70075e16d786b4f9a93b3b4b6ad263a9d22db2c1b6dcd19cd5b31d9,jmuben-3131,treino_auxiliar,0,acima_do_limite_da_classe
jmuben,jmuben,3303,data/raw/jmuben/Phoma/2 (293).jpg,10,phoma,128,128,06b71017117d564157d420597e1d754c6ab75b0552a18910be3701ba04ee6f7c,90ff7a715e8afd96ab328628655923b7d268a4d20937126a650dba1abc943f69,jmuben-3132,treino_auxiliar,0,grupo_ja_representado
jmuben,jmuben,3304,data/raw/jmuben/Phoma/2 (294).jpg,10,phoma,128,128,c08de48fa103d8c8be8a76ec283f935b69a3fb4e33da5c288943601cbaeff4a7,8a81755b4855ff892522865666aa310aea17d8ad359afb35f6ef8c9a0f6304d5,jmuben-3133,treino_auxiliar,0,grupo_ja_representado
jmuben,jmuben,3305,data/raw/jmuben/Phoma/2 (295).jpg,10,phoma,128,128,95aa45fc176ba7f9ecda1b4ab62173e3f0470cc9c19b17026936ce415538ce60,86757a4158a2d921fc501bb436ea4cda9e965539b26e4cdcd92bae4a9a945d8d,jmuben-3134,treino_auxiliar,0,grupo_ja_representado
jmuben,jmuben,3306,data/raw/jmuben/Phoma/2 (296).jpg,10,phoma,128,128,1ba49bc218917b63fef326e77374649142947d23bf5ef35e0bacc14dfc4846e7,92ab0e295aef86656d777550cce98a2726343d9284daf6cb0b439b7541b90daa,jmuben-3135,treino_auxiliar,1,
jmuben,jmuben,3307,data/raw/jmuben/Phoma/2 (297).jpg,10,phoma,128,128,2231d8634847fa864a2242839d28c16cd50718b797d37b57cd16d6b97733339f,932c0fa70cfde90d4eebd19e9e83c670361e19c16e6477b110eef6134338c217,jmuben-3136,treino_auxiliar,0,acima_do_limite_da_classe
jmuben,jmuben,3308,data/raw/jmuben/Phoma/2 (306).jpg,1,phoma,128,128,1840cea72a74c75c2a5d55c362ee58d76daf98aa87a4d947488c0959d31e0bba,8fa33e37b6c2998c9e9e348d883f728b4d563cdee51ec3f2244f8c0ab1a54514,jmuben-3308,treino_auxiliar,1,
jmuben,jmuben,3309,data/raw/jmuben/Phoma/2 (307).jpg,2,phoma,128,128,505c9494f849f62a366ae8c8eb71619853fcc821a735b6e17aa68a7a5f4fca04,8d0f5793c6a16a7c601d60343df9bc5b762eba04d0f524b1165a035e5fe31d65,jmuben-3309,treino_auxiliar,0,acima_do_limite_da_classe
jmuben,jmuben,3310,data/raw/jmuben/Phoma/2 (309).jpg,2,phoma,128,128,f6bd4838a619e602cb03d48d2df15922e7897b6bbfac799c4e02f43749bf93ee,8d0f5681c2a5687d6415243c3cf9fe6a7629faf030fd2e11425e536b5d633869,jmuben-3309,treino_auxiliar,0,acima_do_limite_da_classe
jmuben,jmuben,3311,data/raw/jmuben/Phoma/2 (311).jpg,2,phoma,128,128,69fd0bdd06974e67fa82bcf45ca5f241133a3a2cf084e67508b5e9e3c4271953,8d094683c28f297d641124fe3cbbfe6c2b75fb522ada32300b5c51255db71a3d,jmuben-3309,treino_auxiliar,0,acima_do_limite_da_classe
jmuben,jmuben,3312,data/raw/jmuben/Phoma/2 (313).jpg,10,phoma,128,128,c6a2edb0a551edd523e138b878a352bfbbcb39a85b8fddafaa1d1c980a27bed5,99481b499bdb3b9a5515a7150e38d47838f3c1b20dc7be05f44fc8df02bc073b,jmuben-3137,treino_auxiliar,0,grupo_ja_representado
jmuben,jmuben,3313,data/raw/jmuben/Phoma/2 (314).jpg,10,phoma,128,128,ca2ed0bce14fca04aa457083bed23ef582d7c1b81f8574b86bfa075be1cd80b8,94c332bcad0321c02eadcb11c1aafadb1b6207b2114eb7a6ef59e84d5e145bdb,jmuben-3138,treino_auxiliar,0,grupo_ja_representado
jmuben,jmuben,3314,data/raw/jmuben/Phoma/2 (315).jpg,10,phoma,128,128,cc6597c2373f53d62a6ffb8142aca0d6978256852d2230eece35d4dc18e0acbe,a71c0f1cf1b001c7bcd445f176e1d9016ded6647a52cb4b537c3520c52f65a5b,jmuben-3139,treino_auxiliar,0,grupo_ja_representado
jmuben,jmuben,3315,data/raw/jmuben/Phoma/2 (316).jpg,10,phoma,128,128,35e938b29304d3e9fefd631a0c065333e5ab373d7ec8c044dc10e188668a1032,86b54c5ac1024ef27e1145abb332e648fad1e43db0e9109b17761a646aadefab,jmuben-3140,treino_auxiliar,0,grupo_ja_representado
jmuben,jmuben,3316,data/raw/jmuben/Phoma/2 (317).jpg,10,phoma,128,128,689c0e52ff75745dcf9e71723cb872a114f1b11fa2510de993901556f49bce95,9833b807b91ce21c76b809f8e370327136a0fd95a53b4363edc617f72211f9c3,jmuben-3141,treino_auxiliar,0,grupo_ja_representado
jmuben,jmuben,3317,data/raw/jmuben/Phoma/2 (326).jpg,10,phoma,128,128,a31387763036d0229590383c05f4beda76cdca2075fcf9257161f2ad8388c98a,87351227861dc4935c7636c68aecec9e3d20a37cc2c9bda11d2d874de15af9d1,jmuben-3142,treino_auxiliar,1,
jmuben,jmuben,3318,data/raw/jmuben/Phoma/2 (327).jpg,10,phoma,128,128,5e476f21b3f695a4dc7d18cb1cfb2f4247126d20c435984050a74ebe328bf752,a6d96a51f2b3fca8f1387d057dc2e8304df8e33e1d1c000fde0be8d8d601672d,jmuben-3143,treino_auxiliar,0,acima_do_limite_da_classe
jmuben,jmuben,3319,data/raw/jmuben/Phoma/2 (328).jpg,10,phoma,128,128,07ac9106aa2e5c43eb9a96266c94a1f773acf9557e8f574bd9b40305abb389e0,a5b51732829216d37cd3fb6196ca08a39bcdb09b03771f0d3806e1cc877837fa,jmuben-3144,treino_auxiliar,0,grupo_ja_representado
jmuben,jmuben,3320,data/raw/jmuben/Phoma/2 (329).jpg,10,phoma,128,128,4343351564d89d6736019d2468c1e7ba337936df167bf25cc87ebe56336a0bca,a52b2527c32686a41db5fb78e6956d370e4fbf92e04c81bd16307de1df823604,jmuben-3145,treino_auxiliar,0,acima_do_limite_da_classe
jmuben,jmuben,3321,data/raw/jmuben/Phoma/2 (330).jpg,10,phoma,128,128,fed44273371bc7c801c2dfa6f426ac1e1ac606c20ac19bc681e8718438ec7550,a56406a496b43c96fa5a86983b7dc25164f75c4bf01743ef1e26709c83919fe3,jmuben-3146,treino_auxiliar,0,grupo_ja_representado
jmuben,jmuben,3322,data/raw/jmuben/Phoma/2 (331).jpg,10,phoma,128,128,835b810570de60873f88d074e512db1b3fea12d53e5e80a6eb0fe3cc3e4355cf,a7f42427e92ce349e8c2500cfd9b7803f7c3fc7d6e00a1fc7a083ee6e07f0e02,jmuben-3147,treino_auxiliar,0,grupo_ja_representado
jmuben,jmuben,3323,data/raw/jmuben/Phoma/2 (333).jpg,10,phoma,128,128,d3ed1b09324fe42c598701aea51f9b8503d252070e4790636c6f23647ecb89bc,b3aed15ae1913ed28eede5647b6858347a14361d17d2a4936dcd690c7b0813f1,jmuben-3148,treino_auxiliar,0,acima_do_limite_da_classe
jmuben,jmuben,3324,data/raw/jmuben/Phoma/2 (334).jpg,10,phoma,128,128,f171279a44bc9b37550f906aef97352966ecb1f962171d5df283493cba87c291,a23c25ebed4b9816d96e728c92dcb59aa6b4da9414b9c5151f75a08bb758ac15,jmuben-3149,treino_auxiliar,0,grupo_ja_representado
jmuben,jmuben,3325,data/raw/jmuben/Phoma/2 (335).jpg,10,phoma,128,128,d6adebd34ce28c963f52758abf820340af831c1c9812b78d5e6b77cec6ddacef,8d1c3cd3339dfa3be09137239c737132c9a2262cfeb18054d3a30ddfb60a08fd,jmuben-3150,treino_auxiliar,0,acima_do_limite_da_classe
jmuben,jmuben,3326,data/raw/jmuben/Phoma/2 (336).jpg,10,phoma,128,128,16e13e6398fbac8fe7dae8de630c1412aa9b43e027cb4feafb1fe21f05f430b7,856c1995ba65b13132d0e347192db2f6cfb1506bb4d68926584e67a4db1456ef,jmuben-3151,treino_auxiliar,0,grupo_ja_representado
jmuben,jmuben,3327,data/raw/jmuben/Phoma/2 (337).jpg,10,phoma,128,128,ab540524de92f34454cb189162d6a1636e2e88a062911bb1b268a307e4bc8403,8e6f5e7bd1c2b1c7af0d60b8928f61d90d12dbc5323fc5daf90a23d4fc005981,jmuben-3152,treino_auxiliar,0,acima_do_limite_da_classe
jmuben,jmuben,3328,data/raw/jmuben/Phoma/2 (338).jpg,10,phoma,128,128,3eea640f2dc62c3231d60d3aba0ee5031fa55e83678cbe07c65339b00c26f779,84eb0ce49d8cb08d31666198cec5bb2ef3764ed9701b87e06cc15b37d3ec8c83,jmuben-3153,treino_auxiliar,1,
jmuben,jmuben,3329,data/raw/jmuben/Phoma/2 (353).jpg,10,phoma,128,128,c32f8379badc3c8e6ef7f41297d95e1497cc3b0372f6ab4405851264a0417856,a1e974399f0985e962597337b1865a74de138d99adccb5e3346c325c5214c787,jmuben-3154,treino_auxiliar,0,grupo_ja_representado
jmuben,jmuben,3330,data/raw/jmuben/Phoma/2 (354).jpg,10,phoma,128,128,313582e7dd49b863da6c2154942e6b330ee33fd726e1f310083b72da95a1bfe3,8ce62eee5911919837c05588a9b12b4eaadde798eeb0d6a9f429550bfd42d456,jmuben-3155,treino_auxiliar,0,acima_do_limite_da_classe
jmuben,jmuben,3331,data/raw/jmuben/Phoma/2 (369).jpg,10,phoma,128,128,ca7317d75aab213a0a9846519957d2954157578d02b7c5300779d79e103f79da,835b66ab33c998aac369e0a3ff5017ea504abc63b579d4094328cf7d352ab8a9,jmuben-3156,treino_auxiliar,0,grupo_ja_representado
jmuben,jmuben,3332,data/raw/jmuben/Phoma/2 (370).jpg,10,phoma,128,128,a17bada65e94ca6354dc0484e8bdab8810a4264d1bcd9a075b05f6f2e88c909a,88d0712b343e0f2bca5ce9a9ae5ee1b1106e68b44d0ebc8097269a76e9add3fc,jmuben-3157,treino_auxiliar,1,
jmuben,jmuben,3333,data/raw/jmuben/Phoma/2 (371).jpg,10,phoma,128,128,d07c6536624879c15dcb7a046108d81e9fb491add491a7061e891356758c1364,ae4e1cef80fbee62279555c842fc840e92827a586e66134b876991667e356767,jmuben-3158,treino_auxiliar,0,acima_do_limite_da_classe
jmuben,jmuben,3334,data/raw/jmuben/Phoma/2 (372).jpg,10,phoma,128,128,4a844eac8d6b49e19e3a88e046ad76cbc1c9aca31febe5af37792f8f14e6be97,85ed610b71d2327493c81be455aaa547ca747d75aa16122f6ab355ee885277b8,jmuben-3159,treino_auxiliar,1,
jmuben,jmuben,3335,data/raw/jmuben/Phoma/2 (373).jpg,10,phoma,128,128,cfa4d892431dc53d0e6b324b00783c4674b50b675f5bcf141e0aba8d4da8d7ba,95184863bac7a8563f63fd14e0e203eb018981f50f961e4a642aaae72e37b5ff,jmuben-3160,treino_auxiliar,0,grupo_ja_representado
jmuben,jmuben,3336,data/raw/jmuben/Phoma/2 (374).jpg,10,phoma,128,128,60f9186fa5b825637e5dce9727e451dfbb95e8545d3821196b68a13b9b8b18f5,a5401edab12b8e6c99bf277668efc13dbc27240e5e91d58e98c52ac36a74c354,jmuben-3161,treino_auxiliar,0,acima_do_limite_da_classe
jmuben,jmuben,3337,data/raw/jmuben/Phoma/2 (377).jpg,10,phoma,128,128,d029af2a442ccfa74048e87f4b2fc1826e584df830bd5883c2307f7dd82af292,889039008d01ad81c4d156d066f91f7d947dc53f6f5f380f076dce14e3fc7792,jmuben-3162,treino_auxiliar,0,acima_do_limite_da_classe
jmuben,jmuben,3338,data/raw/jmuben/Phoma/2 (378).jpg,10,phoma,128,128,b24ab16bc0d6aeff759764b9c3a19d5f665e4e37fdede4e9e5030418d154b7fa,90b0c6ebe95652a8fc35b9eb3f1a2a3545cb811e16992cd64ead9ace12c1f255,jmuben-3163,treino_auxiliar,0,grupo_ja_representado
jmuben,jmuben,3339,data/raw/jmuben/Phoma/2 (379).jpg,10,phoma,128,128,2b3dddec63bac7c885aac44b813a3274250e4ff3672af8124be08a586b14fd30,8d762d7785572455c66dd6647324233617b297d350bb6b7dba9215530b8a6318,jmuben-3164,treino_auxiliar,0,acima_do_limite_da_classe
jmuben,jmuben,3340,data/raw/jmuben/Phoma/2 (380).jpg,10,phoma,128,128,437523597764cec4ededc93c59e16fd0eb1bf6a84595a593e8dad3aba1ea7087,9321333de955a954ed200c35be14c51e5d4a768a1573d3cb6d29b6c71f95494b,jmuben-3165,treino_auxiliar,0,grupo_ja_representado
jmuben,jmuben,3341,data/raw/jmuben/Phoma/2 (381).jpg,10,phoma,128,128,b876d875c9aaa9c9d84b5857f35d59c293e3ad16bea18fed7c58e1d1199f919c,85b1d8c4c628e9ddd2aaa44c3999fa229add259b6a945aad92c03c51ebd7cbc5,jmuben-3166,treino_auxiliar,0,grupo_ja_representado
jmuben,jmuben,3342,data/raw/jmuben/Phoma/2 (382).jpg,10,phoma,128,128,cf72b36f9c8dfef8c0320cba4a6a62e4d523f10fe4c4b0b40b3cb9b165ab74ae,8eac2698d69a23fee37e395e85dfd88b63401de09024c1db7f27945a43a3e84c,jmuben-3167,treino_auxiliar,0,grupo_ja_representado
jmuben,jmuben,3343,data/raw/jmuben/Phoma/2 (383).jpg,10,phoma,128,128,fee1c34cfe10bbf1508fdae38e9877fc280c0483339d7ecaab5c7b6def88a283,86b526bed6ad12aec3b03b9131d19ddcfaeee06e2bba954a40806962385117ef,jmuben-3168,treino_auxiliar,0,grupo_ja_representado
jmuben,jmuben,3344,data/raw/jmuben/Phoma/2 (392).jpg,10,phoma,128,128,7215ab84814bbe907d9eaff04f655814375c0f9ed57d5ea44d15d2f2a16a590d,b4b60a528d498bfac2b0f7da06eb23f8712f556661fd9870acd4d67960f50036,jmuben-3169,treino_auxiliar,0,grupo_ja_representado
jmuben,jmuben,3345,data/raw/jmuben/Phoma/2 (397).jpg,10,phoma,128,128,83ffad04077380482d736d5df81fbe74275d19069953c76da54942d080c7829b,96961adae85b6721b4419a6da59e70a04dfba8ebcc3f3f49cd856e810521e353,jmuben-3170,treino_auxiliar,0,grupo_ja_representado
jmuben,jmuben,3346,data/raw/jmuben/Phoma/2 (398).jpg,10,phoma,128,128,2af0c024488320f6aa7d17afe26c4d972148284980e9cf38907687738f68d282,855a316a3f2d95af9258e1aa3e92cb4be4940fffc891e7141dc38eeae32c0866,jmuben-3171,treino_auxiliar,0,grupo_ja_representado
jmuben,jmuben,3347,data/raw/jmuben/Phoma/2 (407).jpg,10,phoma,128,128,0f53c446ffef5233ac0efa2829b483e81b9ffe78e521774d8ff1aff1b8a39342,9c00007f97f84bc09ca230e067e02d61f3d78f07988f97d09debb9da36b3258f,jmuben-3172,treino_auxiliar,0,acima_do_limite_da_classe
jmuben,jmuben,3348,data/raw/jmuben/Phoma/2 (408).jpg,10,phoma,128,128,a85028da724ff51cf2746e11b624aebc4548a147e2351e53312297c687a25bac,96065ffb80ff8a03c1c04a3f6d015aa889fae2fb6a95b2ca4a19c326a9d5f653,jmuben-3173,treino_auxiliar,0,grupo_ja_representado
jmuben,jmuben,3349,data/raw/jmuben/Phoma/2 (409).jpg,10,phoma,128,128,c291f2a9e567af31b2f07be6cb1e22937c6a391799657a6b05400c25b0bf9dc2,8041fc0faf83c9e0613cb0c7347892af197778a41874859d2d5fb5bddc744ca7,jmuben-3174,treino_auxiliar,0,grupo_ja_representado
jmuben,jmuben,3350,data/raw/jmuben/Phoma/2 (41).jpg,6,phoma,128,128,68d600205a513b16a364c566665c7f0b3eed73c25807e750745852cb599a02fd,8b3a7c6c351ac3ffce50ca52a5e872231fe0b58f947a9d0f3059a94133ca583e,jmuben-3350,treino_auxiliar,0,acima_do_limite_da_classe
jmuben,jmuben,3351,data/raw/jmuben/Phoma/2 (433).jpg,10,phoma,128,128,97f6922a636b6f2d60d98eddfd7de9abfef5c00069e2702b4fdce00efe552e96,a473670a93c0b8b6b964287d5a0b16dfb492cda0454a195d9a4c5fd2ed35e8bd,jmuben-3175,treino_auxiliar,0,acima_do_limite_da_classe
jmuben,jmuben,3352,data/raw/jmuben/Phoma/2 (434).jpg,10,phoma,128,128,0cd846c42c0b7a59d2563e1bc55b70d4baeffb2a526e9991d042c7174d062cc5,834242f3458b3a647cd9c93bcc6a39b48729b0e4cea866b3666dcb10b7b79c5c,jmuben-3176,treino_auxiliar,0,acima_do_limite_da_classe
jmuben,jmuben,3353,data/raw/jmuben/Phoma/2 (435).jpg,10,phoma,128,128,30ea6b021e5db046f45c2ebb7649e0c0fffc38a60f19d8a3b104a2ab942416f5,a4737748b9d0b8b62a6c6a1f5ecb1652cdb04f2c194f935546daa037a2ec13cb,jmuben-3177,treino_auxiliar,0,grupo_ja_representado
jmuben,jmuben,3354,data/raw/jmuben/Phoma/2 (436).jpg,10,phoma,128,128,9ea63cbb037d3b86ad4a5a6c2e3f83388629e4fb56e009091ce6a6a08050a264,860a4dec874c749b7bafda6dd8b92330ac4cb392996725d848b3660ecc59374e,jmuben-3178,treino_auxiliar,0,grupo_ja_representado
jmuben,jmuben,3355,data/raw/jmuben/Phoma/2 (437).jpg,10,phoma,128,128,9a82cde3eb29dea9e0e688a7d0c10a4ab831bcbe46d772ef051c54c9b73883a8,a08f4ac9d427b88933381c53c1b64fdd433a734e7395697cb84ba1c61f41647f,jmuben-3179,treino_auxiliar,0,grupo_ja_representado
jmuben,jmuben,3356,data/raw/jmuben/Phoma/2 (445).jpg,10,phoma,128,128,ae40124d5de4c83ae6e0f464ae664e1c72e5f12898df0fcbec3c1bfccdfa9174,b4db2b11e1ca9e71800cb4d9160cb3445dc8e3087fb07fe653a4338c64e7bdfc,jmuben-3180,treino_auxiliar,0,grupo_ja_representado
jmuben,jmuben,3357,data/raw/jmuben/Phoma/2 (446).jpg,10,phoma,128,128,d98d396e9ecba42937ceab56e359b3d356f6cd85593db1769268b458bdb04101,97c42c6fe344b2f79926d4dc3a271226a1277c826902ff027dc096f0b5f1bcf2,jmuben-3181,treino_auxiliar,0,grupo_ja_representado
jmuben,jmuben,3358,data/raw/jmuben/Phoma/2 (447).jpg,10,phoma,128,128,d3e645710028ed31ba680f6e50f803f0aca7dbbd58ab089371c2e43cc0336691,b4363b40e637b1c8b277746f78ec007f6836d837b80e1d271f828ce069f24a79,jmuben-3182,treino_auxiliar,0,grupo_ja_representado
jmuben,jmuben,3359,data/raw/jmuben/Phoma/2 (469).jpg,10,phoma,128,128,247d08dcf2a5b55b88750348fde9558d3f2003690af55f963ba57e8fa9ca9783,9a47414cae64602647975db181f9679c20f2adde4ceb5ce886a62b935367a8be,jmuben-3183,treino_auxiliar,1,
jmuben,jmuben,3360,data/raw/jmuben/Phoma/2 (470).jpg,10,phoma,128,128,8fe057be181feeac0b092e46127fd878ada372e5ed78cec2a0561de7183c99a9,9a574066a746e83245965f9980fba7d860baaadb84ed6a6d54868a9761514bbf,jmuben-3184,treino_auxiliar,0,acima_do_limite_da_classe
jmuben,jmuben,3361,data/raw/jmuben/Phoma/2 (471).jpg,10,phoma,128,128,44699213788433b1af8192e9747ac527f262837efc8504d170b7e8fe9a20af08,91824ea2c8da027b584d13093f20718abba371f577f0345b72add394a97e74bd,jmuben-3185,treino_auxiliar,0,grupo_ja_representado
jmuben,jmuben,3362,data/raw/jmuben/Phoma/2 (481).jpg,10,phoma,128,128,5783d3312c2a1541902f13ee591fa68c8652e432fc7dc2ab41ac0c85db191089,86cc5999c1b3d28e8eb0c6b63e988b342c1b1e61e95e596a9ca7d2da1a6939ce,jmuben-3186,treino_auxiliar,0,grupo_ja_representado
jmuben,jmuben,3363,data/raw/jmuben/Phoma/2 (482).jpg,10,phoma,128,128,f084b0e4eb74955e123f01bca11f59f61b927c7069331fd9a54f89579346a457,84d95b32c327d6bc0e275cac1a81ea3c3cd31acf6a5c1d63a4ac1ed2397d618b,jmuben-3187,treino_auxiliar,0,acima_do_limite_da_classe
jmuben,jmuben,3364,data/raw/jmuben/Phoma/2 (483).jpg,10,phoma,128,128,a42d9a4e0d7b8a3c182d0abb2f6176d88bd7788b8516986a63bd834998065b53,86cc185bf178f1c2835ef52114fcf125e5968539f4831adb296461fe0629d76d,jmuben-3188,treino_auxiliar,1,
jmuben,jmuben,3365,data/raw/jmuben/Phoma/2 (484).jpg,10,phoma,128,128,e4a181cf4fa6d7dccb94612425e9bd7b7e13d2d991e4ec3405af52f8611089a3,84cc59dac1a2d28e87b2c4a71e88cb246d9e1ee1ea8f5b582d25e696de733856,jmuben-3186,treino_auxiliar,0,grupo_ja_representado
jmuben,jmuben,3366,data/raw/jmuben/Phoma/2 (485).jpg,10,phoma,128,128,ef134d95c250e00128a1d6fbc8b58a4181b9842a429ad5fc76dbda14c6cfa863,93315d337cc6da38a2a5f2cd1a7cd999f4ec0247b75e39220c92b659e052a3ab,jmuben-3190,treino_auxiliar,0,grupo_ja_representado
jmuben,jmuben,3367,data/raw/jmuben/Phoma/2 (486).jpg,10,phoma,128,128,20516a42f3800f4246eec992a5f24b800738674cc795307fae768acca948b748,93384c65dc94fa3cf2c1524f0a99e45c02e2b35f6936249bf25cc3d389e8ed69,jmuben-3191,treino_auxiliar,0,grupo_ja_representado
jmuben,jmuben,3368,data/raw/jmuben/Phoma/2 (487).jpg,10,phoma,128,128,ddf351a917aa312c13f160c9237395d8eb20070b53bdc3f1bec18fbce77798d5,80cc0cdd7f8828312373be16d03d43fb6f02d834b16156726ddd9b99986cddcc,jmuben-3192,treino_auxiliar,0,grupo_ja_representado
jmuben,jmuben,3369,data/raw/jmuben/Phoma/2 (522).jpg,10,phoma,128,128,e0991bdfbb04573a2f426584e8057e9ee750a5eeb2eaf4db6fcb5425ff71139d,84cc59e3d1a1d28e86b2f4871bdee5970ed9aa656b5c0d21e496de59395449d8,jmuben-3193,treino_auxiliar,0,acima_do_limite_da_classe
jmuben,jmuben,3370,data/raw/jmuben/Phoma/2 (523).jpg,10,phoma,128,128,5aaf5775a07562b7d04ba7f2070a9edda59e488d51151d9772bd2b2589a5bbca,8db22d47c6692b5138898d5c3ad47425311079ace76d4ac7e6a285ebcb4b7b5a,jmuben-3194,treino_auxiliar,0,grupo_ja_representado
jmuben,jmuben,3371,data/raw/jmuben/Phoma/2 (525).jpg,10,phoma,128,128,fc1ee814cddafef20576350dd30d093167af2a74a0a95e349626f085356f70f2,9ce117e8e11b15e86913b3369b88487b3ece9a4dd2724ec8ccc7662eae30e91e,jmuben-3195,treino_auxiliar,0,grupo_ja_representado
jmuben,jmuben,3372,data/raw/jmuben/Phoma/2 (526).jpg,10,phoma,128,128,5028fdff5ef8fb6e810e2295dbaec97a64b28e0749c37c50d88ffe74c332b23e,94571fa06609a3fcd6024eec64fb3217930a95bf49b32c99646eb39337353711,jmuben-3196,treino_auxiliar,1,
jmuben,jmuben,3373,data/raw/jmuben/Phoma/2 (527).jpg,10,phoma,128,128,d5b846f4ca1c472137611d413468f66c3ce1d53c599441ad2f63a460adee07d7,98621fdce617b4fe4dda480734edb798d26351344cdaa185665e0751aadc6a56,jmuben-3197,treino_auxiliar,0,acima_do_limite_da_classe
jmuben,jmuben,3374,data/raw/jmuben/Phoma/2 (542).jpg,10,phoma,128,128,87130ac569732827af4bef4fe9d131770be5ea3c794b78bcfe32d398ff24e176,8739306673b6cb1e6831809b2f8ef489d2c6ca5fc7727f0341aa63199b2cacd6,jmuben-3198,treino_auxiliar,0,grupo_ja_representado
jmuben,jmuben,3375,data/raw/jmuben/Phoma/2 (543).jpg,10,phoma,128,128,054d7acc0c7bbaf5885b8cdc240de2ad46cc3a9e02a8128e72b8d2aca8d673f4,b631669c8debb919e95c524212f9e01af0f5db35b020fced4f58bb94c4474169,jmuben-3199,treino_auxiliar,0,acima_do_limite_da_classe
jmuben,jmuben,3376,data/raw/jmuben/Phoma/2 (544).jpg,10,phoma,128,128,7aa3bfd365ac3437689100a77b5f9fb58ec296386b2f2ca89da289e97c59faa1,9cda6e1537cc9a43c45fc696972276ec3171b57949adc349752884a472f24ce9,jmuben-3200,treino_auxiliar,0,grupo_ja_representado
jmuben,jmuben,3377,data/raw/jmuben/Phoma/2 (551).jpg,10,phoma,128,128,15ea20d995a9ec305ccd1937dbb6be902cbac35f24f9e93c0b70b795a7d4d5a3,81e53a121e15c3d1615c613b78c62f6325cc9065695acd974fb867599b2bd6ae,jmuben-3201,treino_auxiliar,0,acima_do_limite_da_classe
jmuben,jmuben,3378,data/raw/jmuben/Phoma/2 (552).jpg,10,phoma,128,128,6ad1dfdb4ceb6406573bb559dada4c724152e72d4d143a06f9a0e990304d6c35,87c57c52471fe3c96468de9f8e79c3b078922d0130e56d5e59376e219ae8cca4,jmuben-3202,treino_auxiliar,0,grupo_ja_representado
jmuben,jmuben,3379,data/raw/jmuben/Phoma/2 (553).jpg,10,phoma,128,128,d0a151dd799884155a46f4064e6bfeae11bb3aae01b2ab4d77bf577e558ee602,80ecb2763e8587e3cad0ae4f831dd0c7da116bd2c9a743bb22bc1b1b9328b3e8,jmuben-3203,treino_auxiliar,0,acima_do_limite_da_classe
jmuben,jmuben,3380,data/raw/jmuben/Phoma/2 (554).jpg,10,phoma,128,128,0c70c015667d68f9eb0be17e98c659ed8c7facac64dd1ae5da747655c30226dd,87c678594e1dc38b60e4ca87ce4f8735d0de2d1125c492e265cf5d9b6a91ba3c,jmuben-3204,treino_auxiliar,1,
jmuben,jmuben,3381,data/raw/jmuben/Phoma/2 (555).jpg,10,phoma,128,128,377d57550d81ca4b036d363c93284b944a7143a7e8e86b04f8955be572fd2aac,8fc970a55c7ec31761c2d5187c988e57d5f8ca65ce229442e8b8915969adbae6,jmuben-3205,treino_auxiliar,0,acima_do_limite_da_classe
jmuben,jmuben,3382,data/raw/jmuben/Phoma/2 (558).jpg,10,phoma,128,128,13f005c7e15bc72ba669d5f817a53527c9790d68c46a419e5098e059c5d67f18,990239d8a96e95263ff97207395dc01c66013df8fc1ecf8670791e2b81dd9d94,jmuben-3206,treino_auxiliar,1,
jmuben,jmuben,3383,data/raw/jmuben/Phoma/2 (559).jpg,10,phoma,128,128,223ef76c4c26bda737e178541599db3df8f2a0cdc8c7692878ff3dffade3ae68,983a3041a2f657fa625a87ec9c05e2443da9c7e93c0fe1c1df7c2383fc79c306,jmuben-3207,treino_auxiliar,0,grupo_ja_representado
jmuben,jmuben,3384,data/raw/jmuben/Phoma/2 (560).jpg,10,phoma,128,128,29d750543b58fb7393a893a5a390022d4a8cad7eb68d77d15354a4382086fdcb,92688fd3a397c3044589b80d8d080f8e321f7a1d0f3d1e3b9c769c473c8f69bf,jmuben-3208,treino_auxiliar,0,acima_do_limite_da_classe
jmuben,jmuben,3385,data/raw/jmuben/Phoma/2 (561).jpg,10,phoma,128,128,d3e30a5fc2f617b22aec752cda0ca697d052db28e9a64b4ebad44a41b570d2ec,92f5229e8fdb5e84cf02bc3e62b64f16cc24333e86c12f3cf0478e79758e9821,jmuben-3209,treino_auxiliar,0,grupo_ja_representado
jmuben,jmuben,3386,data/raw/jmuben/Phoma/2 (562).jpg,10,phoma,128,128,ed1d007ea297a8bd832bd9a7117589564394db2af58198e58985e8ea33ffd1cb,96e0602ca3b735fb458947e28d19f073321e85e20f3de38c9c7663bc3d8f9642,jmuben-3210,treino_auxiliar,0,acima_do_limite_da_classe
jmuben,jmuben,3387,data/raw/jmuben/Phoma/2 (563).jpg,10,phoma,128,128,e51e715bc87599e623d957e3a0104efd2a4fdddd1cce8a4c64c4a04a17582327,90153a01a04c56a642fc05fbcc2f3bc88279079e79c3de3d63c714f48baf74de,jmuben-3211,treino_auxiliar,0,acima_do_limite_da_classe
jmuben,jmuben,3388,data/raw/jmuben/Phoma/2 (564).jpg,10,phoma,128,128,8c0490791078f2e0f80b3b649b5d2180cbf9db25276abd278590d526aa9ccf5b,958260b387fa30fcc7246f189f0770e6627399880ee67b14948f47e9fb47c833,jmuben-3212,treino_auxiliar,0,grupo_ja_representado
jmuben,jmuben,3389,data/raw/jmuben/Phoma/2 (565).jpg,10,phoma,128,128,4a01a10ec9fbc979aaaf8ee6908b86474f1944bddc322ef45f0a57f43d7a88a1,92e5239e8f9b4c80ad16b87c62ac9d44f07932c78e69711c8ce37f1d9863637c,jmuben-3213,treino_auxiliar,0,grupo_ja_representado
jmuben,jmuben,3390,data/raw/jmuben/Phoma/2 (566).jpg,10,phoma,128,128,6588f9c12ba830411c5d6df828ae0a9d825d2f1ee432593d2d06dc6b9473a6a5,92c122fca7d81fcb52a94f833d008c7b62fa9e8ece837d78e18e9cf367181c84,jmuben-3214,treino_auxiliar,0,acima_do_limite_da_classe
jmuben,jmuben,3391,data/raw/jmuben/Phoma/2 (587).jpg,10,phoma,128,128,380bee20f2285d601e6f4103ebd54abe3309faad5e4b28a3094b90200fb57f6a,877563e2eb646d36e62c8eb4cf121eca1c8359a971e3c3c78786250e425f983b,jmuben-3215,treino_auxiliar,0,grupo_ja_representado
jmuben,jmuben,3392,data/raw/jmuben/Phoma/2 (588).jpg,10,phoma,128,128,213126d9a703d7a819a2d10dd343c7ef80422d9514853a8076dbb355d3e3efdf,8f611c3beb4c929be6a9735acc16e3343903ae24e1c7fc72ac0cbdc40c266ec7,jmuben-3216,treino_auxiliar,0,grupo_ja_representado
jmuben,jmuben,3393,data/raw/jmuben/Phoma/2 (589).jpg,10,phoma,128,128,afb3502945169690cbef952fa29ffc134af821b7ee88710538c2e6082843c3d2,983d0d8fcd50656a43e84a4691ea9a6eb29e723ea22c664fcccd739bc43cd992,jmuben-3217,treino_auxiliar,0,grupo_ja_representado
jmuben,jmuben,3394,data/raw/jmuben/Phoma/2 (590).jpg,10,phoma,128,128,65f2335bb941ba8dd5729253c347826d3115f9a9c6752254d3200e68ccc01984,a0c4f0ca9f451f2be5b310fb4c5c960f2907f133192d6b3d995475b1c9c931f1,jmuben-3218,treino_auxiliar,0,acima_do_limite_da_classe
jmuben,jmuben,3395,data/raw/jmuben/Phoma/2 (604).jpg,2,phoma,128,128,42cdff7e32c3e562bdf1ed256f247a5135e0dc6549ae46519c7c533220fc8246,8ae67ae6af46d40614defcad7ea5a243615ad1425e425a3dee358540f52831af,jmuben-3219,treino_auxiliar,0,grupo_ja_representado
jmuben,jmuben,3396,data/raw/jmuben/Phoma/2 (608).jpg,7,phoma,128,128,6e98fd4903fd182faad0a10e58864b93838aca1e470df575e2f4b1a2f039d789,8b530d27b1b68eb6a6e41cc6b19a863ad87837c9e411852a7d21a9e7150d7ebb,jmuben-3220,treino_auxiliar,0,acima_do_limite_da_classe
jmuben,jmuben,3397,data/raw/jmuben/Phoma/2 (625).jpg,10,phoma,128,128,f048814e3202808537512dfcae6e4648a322d96921b93fd817a821a43262445d,ac13325b8935f9093de40d3b70b1fc39def4271f018fcc25e38270e17e52583d,jmuben-3221,treino_auxiliar,0,acima_do_limite_da_classe
jmuben,jmuben,3398,data/raw/jmuben/Phoma/2 (635).jpg,10,phoma,128,128,95710612e593039951067360d7eb9dfb0e05bea787571dd21b09cd23c7fe2674,89a731c54cc3d8b2c9278cc96dc76c359e74b6db2732626dc3b98336b09c6391,jmuben-3222,treino_auxiliar,0,grupo_ja_representado
jmuben,jmuben,3399,data/raw/jmuben/Phoma/2 (647).jpg,10,phoma,128,128,2be40168038ae2246af390422b2c9d20863dfe0f81e7b0ee01acaf4109b60b77,87182c7179c75f47c8ded21836d124bd9da4912ce54b6cd15891cb36efa660e9,jmuben-3223,treino_auxiliar,0,acima_do_limite_da_classe
jmuben,jmuben,3400,data/raw/jmuben/Phoma/2 (672).jpg,10,phoma,128,128,28fd975fa038922dfc8763f049c8b915a3952c8ed0ec2a13fbe249b3ee313c5a,ac143ecf8668ba36998bf3f4fccff5c0bd3036a174b883ae00c030d8d347f155,jmuben-3224,treino_auxiliar,0,acima_do_limite_da_classe
jmuben,jmuben,3401,data/raw/jmuben/Phoma/2 (767).jpg,10,phoma,128,128,c394aceec6acb2dc5884be83ead81e177a4aeddc4e1005479804e3cf02760887,8b3131ab2cd0fe2ad2c60c5577aae0950679d98a1ca32335dd3f91ee5f2669c8,jmuben-3225,treino_auxiliar,0,grupo_ja_representado
jmuben,jmuben,3402,data/raw/jmuben/Phoma/2 (773).jpg,10,phoma,128,128,dd4204689f79f8bf55e15a1401bc71b3130ed70648b711d5fa74b42a8a841766,9c6327c3c738b9c66acc96e36edb64b1edb618dcd5879230b426a336fe300262,jmuben-3226,treino_auxiliar,0,acima_do_limite_da_classe
jmuben,jmuben,3403,data/raw/jmuben/Phoma/2 (774).jpg,10,phoma,128,128,f9c55837229d7a7c2f2eba296868c8df175de5f6739f55ac863e81edfc158f32,8e69638ef2c3737130c734312d3cbf1e2f444b860bc713e137f820f5627c48de,jmuben-3227,treino_auxiliar,0,grupo_ja_representado
jmuben,jmuben,3404,data/raw/jmuben/Phoma/2 (806).jpg,2,phoma,128,128,b6b960703dd21d85f55fc3587ddc0490f38061ac6f08725b43a85015f95b2476,8f232cf416a68325da1ac1cae958e8aa7e8255d32097f55a57ca787b39497a95,jmuben-3228,treino_auxiliar,1,
jmuben,jmuben,3405,data/raw/jmuben/Phoma/2 (809).jpg,10,phoma,128,128,8014e65999e38102e43ac0e2e967d83a5b50c7b8e0d011252cdaddc2cf7b4c11,9c71239ce1cc60c7c33161235be652e77273f0d35a9cb4eab424fb34ae34362c,jmuben-3229,treino_auxiliar,0,grupo_ja_representado
jmuben,jmuben,3406,data/raw/jmuben/Phoma/2 (810).jpg,10,phoma,128,128,291b06685bd069aee864cf98a4dbba90c1f034340f45dd1891b9cebbe32451eb,9c633c73c738b87863ce9e4cb2c3560f6471ed9340986d919ad8a4cb18dc75ab,jmuben-3230,treino_auxiliar,0,acima_do_limite_da_classe
jmuben,jmuben,3407,data/raw/jmuben/Phoma/2 (811).jpg,10,phoma,128,128,e0f7adf8969ae9f77d32412de749cd6b750ef7ad4c401ecdbe044eb2f3b3603a,9cc637a78673219cd798a4e76c3ead67cb0d9129bf4aa549424fee648a24145b,jmuben-3231,treino_auxiliar,0,grupo_ja_representado
jmuben,jmuben,3408,data/raw/jmuben/Phoma/2 (823).jpg,10,phoma,128,128,133d090bfacbe94ad3abfd9d464e8df228e684d4e235e4dee50c26ccc1c5330c,91993c7c8dcc4a4752c6569697a633249649bfd9a5b30608bdeb62bab4f620d9,jmuben-3232,treino_auxiliar,1,
jmuben,jmuben,3409,data/raw/jmuben/Phoma/2 (853).jpg,10,phoma,128,128,fbe1a7ad7d12d7ccd5d3a979a0a1f0323ad88e980cbf3646d6cd8185c8b4cd4d,976b6aa8e874613a2c0fe689a29363507b0e3b8b398c398739873c9b3d9a3d0f,jmuben-3235,treino_auxiliar,0,acima_do_limite_da_classe
jmuben,jmuben,3410,data/raw/jmuben/Phoma/2 (863).jpg,10,phoma,128,128,acaff73bf138b3119851ae4de94227b0d25fdb5c77a067bfd218bc45f099a7e7,86ad7ce9bcc80adcf1d411d568377636930b31c2b8722379681c1fdff0031fb2,jmuben-3233,treino_auxiliar,0,grupo_ja_representado
jmuben,jmuben,3411,data/raw/jmuben/Phoma/2 (873).jpg,1,phoma,128,128,31c1e854fa5a115af430526387f93934d5f840a1c73810ebaa5225a1a4cb6d08,84ac037712ab4549bfc9d97b6dd52223ed9c2db4149ced431aabf55014a7965c,jmuben-3411,treino_auxiliar,0,grupo_ja_representado
jmuben,jmuben,3412,data/raw/jmuben/Phoma/2 (898).jpg,10,phoma,128,128,a183ad1b2ca08fa60aa679908ef190ba20091b1361eb744c8f46a0283538223d,a2895c3f812cc402f15f7fd60c3503f4e7121a754fb5477fb0e1581d4df8958c,jmuben-3234,treino_auxiliar,0,grupo_ja_representado
jmuben,jmuben,3413,data/raw/jmuben/Phoma/2 (921).jpg,10,phoma,128,128,7da7acde3131eff1cf18c45879bd217561b356501f0430f895a51b9b45e01a29,821446d471051c29bf0263da6cf2447d9dbec8cfd7b79891836ffb3232e14ba2,jmuben-3236,treino_auxiliar,0,grupo_ja_representado
jmuben,jmuben,3414,data/raw/jmuben/Phoma/3 (1).jpg,10,phoma,128,128,95fa6ca1f5f787f7c493ca7d02b7871deae24531a63fe52f0fc6a84eaadb3676,891372a6edcc876ae6d629b1704c8e9a11ec0d4f4764a34f56f1ed743a8f54d0,jmuben-3111,treino_auxiliar,0,grupo_ja_representado
jmuben,jmuben,3415,data/raw/jmuben/Phoma/3 (1000).jpg,10,phoma,128,128,2ffb44865375dbbe06e7bd37458e031b447cd4aafe6455d02d39fa94f5bf1887,9b395694bd2456925ed278294aa4a8d3b5d4ab52254e560a52a563aee2bdeb5d,jmuben-3110,treino_auxiliar,0,grupo_ja_representado
jmuben,jmuben,3416,data/raw/jmuben/Phoma/3 (1005).jpg,10,phoma,128,128,8f2b4ac9b30d26dea897f3b5eeeba7e413010bdd36e5cb71b91246b62f6914a5,85e9fe833af0161da027c8260fcfc3fc701a4f109fe29ef3650e290e985c4f3d,jmuben-3068,treino_auxiliar,0,acima_do_limite_da_classe
jmuben,jmuben,3417,data/raw/jmuben/Phoma/3 (1006).jpg,10,phoma,128,128,839db781b39315d4a0529b3b2c2124220df27750f464e3c256aa39566e7dc306,85f109f83bf8e9e3a0963f4d4e8e3c1561f8e1e6c7a0610c662f96f0b94a67c1,jmuben-3069,treino_auxiliar,0,grupo_ja_representado
jmuben,jmuben,3418,data/raw/jmuben/Phoma/3 (1007).jpg,10,phoma,128,128,0616c9c48bdfa958f1589fcd5ed15493dd03dfa00d9a59d342149d759827df7a,8b66326479898359f6b309c6325b3c86636d5cc2a9f04c2d5303f0f0d7b9f5ce,jmuben-3070,treino_auxiliar,1,
jmuben,jmuben,3419,data/raw/jmuben/Phoma/3 (1009).jpg,10,phoma,128,128,eea1fa7d9e52d85bfe7749bd33d86900dcd3c5a7d21f89adc32331816e9fb7d0,9b3d74d7e7194d6ddb52ba52dac5362dc0a0d6aa95b43b233828a7a43c4c6391,jmuben-3071,treino_auxiliar,1,
jmuben,jmuben,3420,data/raw/jmuben/Phoma/3 (1010).jpg,10,phoma,128,128,22b25f12b6ae3db770793aba5b84f84bc872e03c31509b4bd81ecbc13c245893,afcc1839fbc6d71c92619ece0cde7462d4363b04026ece198f6781c499cc1efc,jmuben-3072,treino_auxiliar,1,
jmuben,jmuben,3421,data/raw/jmuben/Phoma/3 (1011).jpg,10,phoma,128,128,a0d1a23c0d60f14f8cdfaa39dc39fbb778ecd4e3c309fc96d8788b9f8f0d8ebf,83f648bfddab29b43893331b299d6628ac4d900cbcc940dbacd276ee5e20957b,jmuben-3073,treino_auxiliar,0,acima_do_limite_da_classe
jmuben,jmuben,3422,data/raw/jmuben/Phoma/3 (1021).jpg,10,phoma,128,128,73f6031bf879b1def4da60651086b7401a763c7e714939c09b535ce38d199871,8e5454c1b5e7a5162bc78c8e63b00f8bfe0e503e54b995cd983e6b69a923311f,jmuben-3075,treino_auxiliar,0,acima_do_limite_da_classe
jmuben,jmuben,3423,data/raw/jmuben/Phoma/3 (1022).jpg,10,phoma,128,128,14093d6ef0227811d68a97b59f02bc5bfa99b78f063d9494df879c01907fbd96,93f4616bfda51fb507934232aac43950f762275cc1230f46755a642a9c79f1a7,jmuben-3076,treino_auxiliar,0,grupo_ja_representado
jmuben,jmuben,3424,data/raw/jmuben/Phoma/3 (1023).jpg,10,phoma,128,128,173f0a0ac28bb364ccfff85d2f9976aa1d652e359f8cf7b5a31054064acfbe1e,97ec2256e04afd4999cb2d93557e04ae013dd1270e8f3c5c655c1c3b8de23b2e,jmuben-3077,treino_auxiliar,1,
jmuben,jmuben,3425,data/raw/jmuben/Phoma/3 (1035).jpg,10,phoma,128,128,1bf286db746ff92c3abc3d1931c20a5a96518aaaf33721dacf52aacaac3e984a,9d3335ecfa1354c18d3d3ad54da5937a75923844c49ae9443e9bc7a825c3ec1c,jmuben-3080,treino_auxiliar,0,grupo_ja_representado
jmuben,jmuben,3426,data/raw/jmuben/Phoma/3 (1036).jpg,10,phoma,128,128,7ec98bc8c5cbe1c28860359c74639e1b015d659a3728f54deabc68d33f5ed4a7,a93636fae4d199b1ae64493266327d4bfa542ca5e9734ad446af492a2554734d,jmuben-3081,treino_auxiliar,0,grupo_ja_representado
jmuben,jmuben,3427,data/raw/jmuben/Phoma/3 (1037).jpg,10,phoma,128,128,120885bb277e9989bc416db923485c44c55ddde1846bf0e918b0d44e9d117c2c,8cac656d9f3db1252169ba4861c84d4b9a5fce9ad5d245ac5ac858b7a56f48d1,jmuben-3082,treino_auxiliar,0,grupo_ja_representado
jmuben,jmuben,3428,data/raw/jmuben/Phoma/3 (1038).jpg,10,phoma,128,128,ca555dc6cd9f8fa4d26d4349c64b8d727d7cb94a61b56993bde2cee9122aaee3,8679740be26b86131cb365c6092f93e842469ad6a4bfa529343d4c69c9dbbb9e,jmuben-3083,treino_auxiliar,1,
jmuben,jmuben,3429,data/raw/jmuben/Phoma/3 (1043).jpg,10,phoma,128,128,2d39471642f5831b31bd9eda416a9213b735f3f61988e211a89ba8a5ec8f6a39,87de6308e0b9ed3d641984d3932bf7658c992d61a75896129b9626b1cce54f2e,jmuben-3084,treino_auxiliar,0,grupo_ja_representado
jmuben,jmuben,3430,data/raw/jmuben/Phoma/3 (1044).jpg,10,phoma,128,128,a57725bc30dda7d3fcce0dfb39d256a575d187575a1837d995196f0918e9caaa,838a1d6be83591dc91a7492bcd70c538956aecb72edfe37632995298562aca51,jmuben-3086,treino_auxiliar,0,acima_do_limite_da_classe
jmuben,jmuben,3431,data/raw/jmuben/Phoma/3 (1047).jpg,10,phoma,128,128,97a0cf99c6f7eb257c43c174364dcecc3710fe1ab7d46e4e74e5f801cfb4c69d,81c4dde16ffd8e754f3016c6b756a532ddcaa4b83726d9ac548462c21b639929,jmuben-3087,treino_auxiliar,0,grupo_ja_representado
jmuben,jmuben,3432,data/raw/jmuben/Phoma/3 (1048).jpg,10,phoma,128,128,c6b16a4d542438e1f7c8cd590323c6897ec7326c86ec4bb934c3a2b98dcc2292,80c32f18362929cf53309aefb19963624f6c7bca723444295f8bbb53b334c5e9,jmuben-3088,treino_auxiliar,0,acima_do_limite_da_classe
jmuben,jmuben,3433,data/raw/jmuben/Phoma/3 (1049).jpg,10,phoma,128,128,47d24bd0fcffeca6864b2f595425355f335c31bf67b79d26bfb072f8432a6cb0,8184231e7ffd718a4eb8a97bb7425b65dc8a33433217046bdc849dbdab6146d2,jmuben-3089,treino_auxiliar,1,
jmuben,jmuben,3434,data/raw/jmuben/Phoma/3 (1051).jpg,10,phoma,128,128,160e015e6c9b44bbadf17ce3bfab94302015d704f256981f177d64943bc534be,8259198e671a10c669d9d0877ff9b622c87ff6c8819f3962072d38d80ea3ee7c,jmuben-3090,treino_auxiliar,0,acima_do_limite_da_classe
jmuben,jmuben,3435,data/raw/jmuben/Phoma/3 (1052).jpg,10,phoma,128,128,e9ce648941e815d5d2e16e1a95ec948e0d1413a1bf7f3a000bd5a274488cf3ea,846543d27c25257867a384ce9e35d69c4a7728d213082b38e8e996c77f399f75,jmuben-3091,treino_auxiliar,1,
jmuben,jmuben,3436,data/raw/jmuben/Phoma/3 (1053).jpg,10,phoma,128,128,c0cfe374304f3c40e3e4daa50215854d51b9a7043597f444cfcd25a8ca8bdbf2,8099c740783f3fcc6e29e16e27f1be723cc41ac01b312e370cebc59c8bf86f60,jmuben-3092,treino_auxiliar,0,grupo_ja_representado
jmuben,jmuben,3437,data/raw/jmuben/Phoma/3 (1054).jpg,10,phoma,128,128,21ead9a95bc0a849c4c004d21e85ebcb80919d64abdb829422829a3d935d2717,809dc76a7e1f3ae67614e93b23f4bf791ce218c21988a7110679e4ccc3caeb38,jmuben-3094,treino_auxiliar,0,grupo_ja_representado
jmuben,jmuben,3438,data/raw/jmuben/Phoma/3 (1055).jpg,10,phoma,128,128,126092c651542e888ff61a6d7dbf7e35c28a181d40df244abfb2af50c2f2d8ee,91a3b9fc9c189d1e0e5f8b23e198fec75f71438196c10f30c90b3ec2cae46d72,jmuben-3095,treino_auxiliar,0,grupo_ja_representado
jmuben,jmuben,3439,data/raw/jmuben/Phoma/3 (1056).jpg,10,phoma,128,128,9729f898e6378af2e30d7ad887a5d03c8dde1f5dee2922d89f2101d737730379,862c23216a383f0af91ce74d4aee9629c5c578f06c832b7132dff460bd6acc3b,jmuben-3096,treino_auxiliar,0,grupo_ja_representado
jmuben,jmuben,3440,data/raw/jmuben/Phoma/3 (1057).jpg,10,phoma,128,128,e7a2e9a5b61eca18358ce9e54809be581c6fc29253593236297678ae79f3e7eb,94915a4fc925cf39078dc5e7a466f3f0e27672b073fb732a114809c264fc18ed,jmuben-3097,treino_auxiliar,0,grupo_ja_representado
jmuben,jmuben,3441,data/raw/jmuben/Phoma/3 (1086).jpg,10,phoma,128,128,5c760cf16461fbfcb239d67036b7376db8be55c8edab11662f19c8bc868606a5,8d1c498c7699dea3d1a53e7a7c52a44fe24dd10c62882aaba83901fed3cd5bb6,jmuben-3100,treino_auxiliar,1,
jmuben,jmuben,3442,data/raw/jmuben/Phoma/3 (1087).jpg,10,phoma,128,128,ee8406066b5715f70a763ed6c5645d350b0c224fbf65ce0c402d774a4de47d82,8a524b334f273caec3168715f6c79a43396d4faf1c4ca1c81f90c7171758dc3c,jmuben-3101,treino_auxiliar,0,grupo_ja_representado
jmuben,jmuben,3443,data/raw/jmuben/Phoma/3 (1088).jpg,10,phoma,128,128,bd526bf477d08aa30d41d18ad661ec5ac040d60bc1fc2042ab9ce970f04391ec,8d2b10f52c5ae467c0f0676a36f310dceca7fbb2197a4c2ce60979f84c8be342,jmuben-3102,treino_auxiliar,0,grupo_ja_representado
jmuben,jmuben,3444,data/raw/jmuben/Phoma/3 (1089).jpg,10,phoma,128,128,36554bfe290aa122ba1e3e14e0a48d0a3a7dc4e3e3efbfa06419c8bc70660fb0,9b542edaaed64d4bdd945b56c4b41e5ab88591d8392c232b5f6b50f4538cb21c,jmuben-3103,treino_auxiliar,0,grupo_ja_representado
jmuben,jmuben,3445,data/raw/jmuben/Phoma/3 (1090).jpg,10,phoma,128,128,90655d92e0a179e9022b0c3a61089740568e82ac914d54a15fedb38488c414e6,981c7061ee381c38f786d63cdac2da1eea63f91ce948e506e4bae491f0d665b4,jmuben-3104,treino_auxiliar,0,grupo_ja_representado
jmuben,jmuben,3446,data/raw/jmuben/Phoma/3 (1095).jpg,10,phoma,128,128,64988f9c75fcea2a4d44a1ebc83b8805c34c2e77607be86ee4e898d2d53ae390,91903993a6198beea5e67a50ab02b636a5c3f718207fd42fbf62d526109e4b6b,jmuben-3105,treino_auxiliar,0,acima_do_limite_da_classe
jmuben,jmuben,3447,data/raw/jmuben/Phoma/3 (1096).jpg,10,phoma,128,128,2947b4e5ceb8ed1c3a45fd2b489de18633cb3bdb946deda70401a1ba58c13964,88d84ccc3fafa98fed09b740077e44330441a7a55e3e31e6929c79e6d798ea70,jmuben-3106,treino_auxiliar,0,grupo_ja_representado
jmuben,jmuben,3448,data/raw/jmuben/Phoma/3 (1097).jpg,10,phoma,128,128,a00e010996df7cbfa1d4dbddc562c93b38b2b780cf6a76688b45c11a347bc08b,8ccc3c46b9c1e9d9a75d453a241992a85a05b2cf7b0aef11ca20117357e9bfaf,jmuben-3107,treino_auxiliar,0,grupo_ja_representado
jmuben,jmuben,3449,data/raw/jmuben/Phoma/3 (1098).jpg,10,phoma,128,128,a9ee094f5f7972ff3e8c8b07850a45375b672feea236f199f550d1a473e890e4,949325a4796d8212ecdb11bbce663805a8745d62f079c9c7c3b9874cce193e6f,jmuben-3108,treino_auxiliar,0,acima_do_limite_da_classe
jmuben,jmuben,3450,data/raw/jmuben/Phoma/3 (1099).jpg,10,phoma,128,128,621a5810abaa291cee5261bf831631e2916d64ff07885c9cf08991babbb187be,8cc446cd3a66f9e3eb3d423a159dc2b3c7b9214ec060cf1f38d0cc35c369f38c,jmuben-3109,treino_auxiliar,0,acima_do_limite_da_classe
jmuben,jmuben,3451,data/raw/jmuben/Phoma/3 (1123).jpg,10,phoma,128,128,d669b4d0a0c4b0e68d646a9105c7e0e2fcf236b119790f2262e265993f80d37d,8b2626330d8efa0c91aabd2c394546b87d360659f3aabed5c14a995f0bcaf0c7,jmuben-3112,treino_auxiliar,0,grupo_ja_representado
jmuben,jmuben,3452,data/raw/jmuben/Phoma/3 (1124).jpg,10,phoma,128,128,c58a085dd72b3dcea7d27f9dcbc7cf999cd1341408deb3b13728bca0088796a5,991935238caca295e2551a9e2b23d5c4eb2e8ab7cfe879dc9fabc2eb007094d4,jmuben-3114,treino_auxiliar,0,acima_do_limite_da_classe
jmuben,jmuben,3453,data/raw/jmuben/Phoma/3 (1129).jpg,10,phoma,128,128,f6a76dae4e79ca5c8b38a496955847983ea6b9054f8e63749c0d5665f3c2e776,9c79338dd6a14af49e9ca0126792d0aae69ae935175984b1c763459b3d6ab69c,jmuben-3115,treino_auxiliar,0,grupo_ja_representado
jmuben,jmuben,3454,data/raw/jmuben/Phoma/3 (1132).jpg,10,phoma,128,128,a4bab1c406e840b8e367ab772d6908f068558f410195ec54636048e9f1175a18,9d19158b442a9c8de795c9f5be162a3990d147e878cf3eadc1ab42d8113496fe,jmuben-3118,treino_auxiliar,0,grupo_ja_representado
jmuben,jmuben,3455,data/raw/jmuben/Phoma/3 (1133).jpg,10,phoma,128,128,2300a0da1b97476651dbf7b052196961a15d287c7636740f2fd9f1d6bc3fba8f,8efa1e5362c3cb4abb6d76e5daa5a1564562b122c0c076b61cac965bab9a6549,jmuben-3119,treino_auxiliar,0,grupo_ja_representado
jmuben,jmuben,3456,data/raw/jmuben/Phoma/3 (1161).jpg,10,phoma,128,128,5859b98dd1bf0aa4b1ee584755b870c1c98894cd6e4c712a046134997b0a80fa,99993331cacd8dcd5b8e6f3faf76f04cfa300c507be29e05d884d6ca30045e78,jmuben-3122,treino_auxiliar,1,
jmuben,jmuben,3457,data/raw/jmuben/Phoma/3 (1162).jpg,10,phoma,128,128,bcf6639632bfa67a2c7396f044fca50202a0790a0a445c3fabaa839f3a3f44a3,9e7314c6e71c8f39e187bf8c60ebfd0b65e1e819df7060d93802636a8c1be360,jmuben-3123,treino_auxiliar,0,grupo_ja_representado
jmuben,jmuben,3458,data/raw/jmuben/Phoma/3 (1163).jpg,10,phoma,128,128,3682ae47ca33d72f12a088ee560fa20152fb802a91e9865579400636c6d7693b,b26c324dc7c3cfcdb997f3364e269c4d7f90022d00b6fb56012c9b7a7f6000ad,jmuben-3124,treino_auxiliar,0,grupo_ja_representado
jmuben,jmuben,3459,data/raw/jmuben/Phoma/3 (1164).jpg,10,phoma,128,128,505213c619bf110ab6c5d186b98a62d6494aed7b52e2f2161734be2a64a61576,b32408cdcd33c7c7cee8072ec113c3bea01f6680e9ca938740d774b765ec17e3,jmuben-3125,treino_auxiliar,0,acima_do_limite_da_classe
jmuben,jmuben,3460,data/raw/jmuben/Phoma/3 (1165).jpg,10,phoma,128,128,53e2221ffe818fc163aaf440c14e3bde6e5794adddc3b74bf102f23036e54441,999b153bcc4c1c9ce777e062af1447d7985d673591cc6e3d030766b0c2af5981,jmuben-3126,treino_auxiliar,0,grupo_ja_representado
jmuben,jmuben,3461,data/raw/jmuben/Phoma/3 (1187).jpg,10,phoma,128,128,44e7e870ab287117aea1631e95d34e993ef419cd7a88c827e6d86e322462b917,9b504fa1d36094e074b0c11c654e4953c0d479717a55c3f95af66796a9a7dd74,jmuben-3127,treino_auxiliar,0,acima_do_limite_da_classe
jmuben,jmuben,3462,data/raw/jmuben/Phoma/3 (1188).jpg,10,phoma,128,128,d4d15a5cc17f0e5f37c5e23d8ed96046e97aa1dfbe4a268b93f9180a29e2b79b,999f666ee8dc983e331f44c7721124966c369b0d39cd938df1690709b359945b,jmuben-3128,treino_auxiliar,0,acima_do_limite_da_classe
jmuben,jmuben,3463,data/raw/jmuben/Phoma/3 (1189).jpg,10,phoma,128,128,1f94bd94109a4fef365a7c9dd85383dbf21c8047ea7e295a4e5f1d9a23387a82,9bc33c79d3c81a0fc97865a3d8370a565962276df224695e9ea96135d2c2e12f,jmuben-3129,treino_auxiliar,0,grupo_ja_representado
jmuben,jmuben,3464,data/raw/jmuben/Phoma/3 (1190).jpg,10,phoma,128,128,396ed834b02f20995406857c459dcd516a3a0bedb3fa04c9d8d06b9a48f8e367,99a730b1c78fda38eb63154e12ec6ad5b750faaa0151c7e6a3d6070e66b42476,jmuben-3130,treino_auxiliar,0,acima_do_limite_da_classe
jmuben,jmuben,3465,data/raw/jmuben/Phoma/3 (1191).jpg,10,phoma,128,128,8bcc9609b4ea89120ef8dca1222dbcd4b8ccb272da4c601bcb23150fbff1c5e1,8e424880d70075e16d786b4f9a93b3b4b6ad263a9d22db2c1b6dcd19cd5b31d9,jmuben-3131,treino_auxiliar,0,acima_do_limite_da_classe
jmuben,jmuben,3466,data/raw/jmuben/Phoma/3 (1197).jpg,10,phoma,128,128,5002d5898192179bd3afc0a0d4a944cd586f90006284cec47ddff7f670311220,90ff7a715e8afd96ab328628655923b7d268a4d20937126a650dba1abc943f69,jmuben-3132,treino_auxiliar,1,
jmuben,jmuben,3467,data/raw/jmuben/Phoma/3 (1198).jpg,10,phoma,128,128,f504afe215114a7d83d01248bd1085efb7f4bf9728eb3e41977fc602e36c1939,8a81755b4855ff892522865666aa310aea17d8ad359afb35f6ef8c9a0f6304d5,jmuben-3133,treino_auxiliar,0,grupo_ja_representado
jmuben,jmuben,3468,data/raw/jmuben/Phoma/3 (1199).jpg,10,phoma,128,128,5f985798848ed9962882be060ccef2ddee98d487f4625d4792604dd838072da6,86757a4158a2d921fc501bb436ea4cda9e965539b26e4cdcd92bae4a9a945d8d,jmuben-3134,treino_auxiliar,0,grupo_ja_representado
jmuben,jmuben,3469,data/raw/jmuben/Phoma/3 (1200).jpg,10,phoma,128,128,cd4bf3581368fab8547fff415a4e7481c1f6f3bc341936516f7d88c148825d05,92ab0e295aef86656d777550cce98a2726343d9284daf6cb0b439b7541b90daa,jmuben-3135,treino_auxiliar,0,grupo_ja_representado
jmuben,jmuben,3470,data/raw/jmuben/Phoma/3 (1201).jpg,10,phoma,128,128,e1a4f2dc2f2cb9ae533f8cccd18790f2984e25a95ba52c4531f44117b0c1f4f2,932c0fa70cfde90d4eebd19e9e83c670361e19c16e6477b110eef6134338c217,jmuben-3136,treino_auxiliar,0,acima_do_limite_da_classe
jmuben,jmuben,3471,data/raw/jmuben/Phoma/3 (1217).jpg,10,phoma,128,128,baa9d8141f000d6f7ad19430a6b246dd9041d1c194e765e251c3a0097c12329d,99481b499bdb3b9a5515a7150e38d47838f3c1b20dc7be05f44fc8df02bc073b,jmuben-3137,treino_auxiliar,0,grupo_ja_representado
jmuben,jmuben,3472,data/raw/jmuben/Phoma/3 (1218).jpg,10,phoma,128,128,7b08453dc29d4ee16acb08874e12d3c391c722a17d47204fc0ed249893185930,94c332bcad0321c02eadcb11c1aafadb1b6207b2114eb7a6ef59e84d5e145bdb,jmuben-3138,treino_auxiliar,0,grupo_ja_representado
jmuben,jmuben,3473,data/raw/jmuben/Phoma/3 (1219).jpg,10,phoma,128,128,65c64c91136d8dc2b0edd26d84df78728c2a22502e04c4751b1aa9f990253f04,a71c0f1cf1b001c7bcd445f176e1d9016ded6647a52cb4b537c3520c52f65a5b,jmuben-3139,treino_auxiliar,0,grupo_ja_representado
jmuben,jmuben,3474,data/raw/jmuben/Phoma/3 (1220).jpg,10,phoma,128,128,b86b549050c0efff5447400291e54d3f196e6ae25ad693e1d45634527c479a15,86b54c5ac1024ef27e1145abb332e648fad1e43db0e9109b17761a646aadefab,jmuben-3140,treino_auxiliar,0,grupo_ja_representado
jmuben,jmuben,3475,data/raw/jmuben/Phoma/3 (1221).jpg,10,phoma,128,128,54400569f176af12ba557475ab458b4677a68d3c21f8e7d5705a9affa50eb0dd,9833b807b91ce21c76b809f8e370327136a0fd95a53b4363edc617f72211f9c3,jmuben-3141,treino_auxiliar,0,grupo_ja_representado
jmuben,jmuben,3476,data/raw/jmuben/Phoma/3 (1230).jpg,10,phoma,128,128,bf513b0e51a450f2e0cb167ff46fc0c23f36a906b6cbd209bce640df760a713f,87351227861dc4935c7636c68aecec9e3d20a37cc2c9bda11d2d874de15af9d1,jmuben-3142,treino_auxiliar,0,grupo_ja_representado
jmuben,jmuben,3477,data/raw/jmuben/Phoma/3 (1231).jpg,10,phoma,128,128,042674bd626ddc57677476e2ea14afb710d5d2f40ae3eea6d1afc677802f2676,a6d96a51f2b3fca8f1387d057dc2e8304df8e33e1d1c000fde0be8d8d601672d,jmuben-3143,treino_auxiliar,0,acima_do_limite_da_classe
jmuben,jmuben,3478,data/raw/jmuben/Phoma/3 (1232).jpg,10,phoma,128,128,c8821e63c37f0d4ee3ec6b414d446e2abfe21588346581705028696f700099a1,a5b51732829216d37cd3fb6196ca08a39bcdb09b03771f0d3806e1cc877837fa,jmuben-3144,treino_auxiliar,0,grupo_ja_representado
jmuben,jmuben,3479,data/raw/jmuben/Phoma/3 (1233).jpg,10,phoma,128,128,0e4a8027b7ea1e3fac6ab6bbb29610eb470fca4a6aac8bb846670c86021ead2f,a52b2527c32686a41db5fb78e6956d370e4fbf92e04c81bd16307de1df823604,jmuben-3145,treino_auxiliar,0,acima_do_limite_da_classe
jmuben,jmuben,3480,data/raw/jmuben/Phoma/3 (1234).jpg,10,phoma,128,128,06ceb0ead2b2efaf548483c2097519c929eb386d73b9ebb74acc29a12eb74a76,a56406a496b43c96fa5a86983b7dc25164f75c4bf01743ef1e26709c83919fe3,jmuben-3146,treino_auxiliar,0,grupo_ja_representado
jmuben,jmuben,3481,data/raw/jmuben/Phoma/3 (1235).jpg,10,phoma,128,128,749179de2f3d0b3f58bc711e443c431156825b28c3fbe471e59cf7571530089c,a7f42427e92ce349e8c2500cfd9b7803f7c3fc7d6e00a1fc7a083ee6e07f0e02,jmuben-3147,treino_auxiliar,0,grupo_ja_representado
jmuben,jmuben,3482,data/raw/jmuben/Phoma/3 (1237).jpg,10,phoma,128,128,0a01cf885650c3025e790deaf17d758d25a7e3ca5a56f1c24108bb76bb2fc86a,b3aed15ae1913ed28eede5647b6858347a14361d17d2a4936dcd690c7b0813f1,jmuben-3148,treino_auxiliar,0,acima_do_limite_da_classe
jmuben,jmuben,3483,data/raw/jmuben/Phoma/3 (1238).jpg,10,phoma,128,128,bcc3eceaf5261ba832fbac3d5a0443689e711727c9fbaa8ccb866cc4962ff7e2,a23c25ebed4b9816d96e728c92dcb59aa6b4da9414b9c5151f75a08bb758ac15,jmuben-3149,treino_auxiliar,0,grupo_ja_representado
jmuben,jmuben,3484,data/raw/jmuben/Phoma/3 (1239).jpg,10,phoma,128,128,dc0881167e83a5cfa7e987b9e9add64bc412aeaf7290fc03f1ffdb15fa642500,8d1c3cd3339dfa3be09137239c737132c9a2262cfeb18054d3a30ddfb60a08fd,jmuben-3150,treino_auxiliar,0,acima_do_limite_da_classe
jmuben,jmuben,3485,data/raw/jmuben/Phoma/3 (1240).jpg,10,phoma,128,128,3281109f8e4c799fb2630d6543eb9853fbc1e6d48289661b1cc13637296ad223,856c1995ba65b13132d0e347192db2f6cfb1506bb4d68926584e67a4db1456ef,jmuben-3151,treino_auxiliar,0,grupo_ja_representado
jmuben,jmuben,3486,data/raw/jmuben/Phoma/3 (1241).jpg,10,phoma,128,128,7ce8e2665e8860268c1e358fe9bf06b88133bf83b797b5edf932c6a387d3ab42,8e6f5e7bd1c2b1c7af0d60b8928f61d90d12dbc5323fc5daf90a23d4fc005981,jmuben-3152,treino_auxiliar,0,acima_do_limite_da_classe
jmuben,jmuben,3487,data/raw/jmuben/Phoma/3 (1242).jpg,10,phoma,128,128,81638be13f7f7aa438bf5cf7079d7d5a486e4c486c1543e56f1e929cfd7d076e,84eb0ce49d8cb08d31666198cec5bb2ef3764ed9701b87e06cc15b37d3ec8c83,jmuben-3153,treino_auxiliar,0,grupo_ja_representado
jmuben,jmuben,3488,data/raw/jmuben/Phoma/3 (1257).jpg,10,phoma,128,128,a826714940d0a726b4c235b3bfc15eb15c25944fa688be76b1ce46fdada0e56d,a1e974399f0985e962597337b1865a74de138d99adccb5e3346c325c5214c787,jmuben-3154,treino_auxiliar,0,grupo_ja_representado
jmuben,jmuben,3489,data/raw/jmuben/Phoma/3 (1258).jpg,10,phoma,128,128,2c3700c23c2ddc2219362e59083eda798da25d8956ad3c57d033106aef45229c,8ce62eee5911919837c05588a9b12b4eaadde798eeb0d6a9f429550bfd42d456,jmuben-3155,treino_auxiliar,0,acima_do_limite_da_classe
jmuben,jmuben,3490,data/raw/jmuben/Phoma/3 (1273).jpg,10,phoma,128,128,676050c32d030524adfc512e42120c253a577aaea8cbc53efd8d4ab7bbd74c52,835b66ab33c998aac369e0a3ff5017ea504abc63b579d4094328cf7d352ab8a9,jmuben-3156,treino_auxiliar,1,
jmuben,jmuben,3491,data/raw/jmuben/Phoma/3 (1274).jpg,10,phoma,128,128,bc73c4ae608611cb5b606ba23f593371e538aa7b87a59702a60d557f38730afd,88d0712b343e0f2bca5ce9a9ae5ee1b1106e68b44d0ebc8097269a76e9add3fc,jmuben-3157,treino_auxiliar,0,grupo_ja_representado
jmuben,jmuben,3492,data/raw/jmuben/Phoma/3 (1275).jpg,10,phoma,128,128,22a9461874d093d4d6b60b60b1649cf4b6356d513fa7ebb6e41ee08209d3a045,ae4e1cef80fbee62279555c842fc840e92827a586e66134b876991667e356767,jmuben-3158,treino_auxiliar,0,acima_do_limite_da_classe
jmuben,jmuben,3493,data/raw/jmuben/Phoma/3 (1276).jpg,10,phoma,128,128,025848b0ca4f0902e36db1ece45864e5bf9d676ea35e6e02b7841de8b76ac01e,85ed610b71d2327493c81be455aaa547ca747d75aa16122f6ab355ee885277b8,jmuben-3159,treino_auxiliar,0,grupo_ja_representado
jmuben,jmuben,3494,data/raw/jmuben/Phoma/3 (1277).jpg,10,phoma,128,128,af7567520bd0a4894a3e4e7c04856d05a466dcafb26aa71a326b1bc7417a1337,95184863bac7a8563f63fd14e0e203eb018981f50f961e4a642aaae72e37b5ff,jmuben-3160,treino_auxiliar,1,
jmuben,jmuben,3495,data/raw/jmuben/Phoma/3 (1278).jpg,10,phoma,128,128,facb9bfcb82911077a3918036039a229fb08c307987a94bbd91b58e984a7cf89,a5401edab12b8e6c99bf277668efc13dbc27240e5e91d58e98c52ac36a74c354,jmuben-3161,treino_auxiliar,0,acima_do_limite_da_classe
jmuben,jmuben,3496,data/raw/jmuben/Phoma/3 (1281).jpg,10,phoma,128,128,1b4d65b39ea9af6794d6894e301fb22f10b379b1bccd6a91bcada8c7be3cd0a6,889039008d01ad81c4d156d066f91f7d947dc53f6f5f380f076dce14e3fc7792,jmuben-3162,treino_auxiliar,0,acima_do_limite_da_classe
jmuben,jmuben,3497,data/raw/jmuben/Phoma/3 (1282).jpg,10,phoma,128,128,d2a8af47c0a7ce9ab189602fb3ba9bbb6e91a4fd841b4ebe77b7c24ae9eb934b,90b0c6ebe95652a8fc35b9eb3f1a2a3545cb811e16992cd64ead9ace12c1f255,jmuben-3163,treino_auxiliar,1,
jmuben,jmuben,3498,data/raw/jmuben/Phoma/3 (1283).jpg,10,phoma,128,128,12c822b43c4f24ea24c81df1e2362a404ea294115ad9dfc893a72856036d26cb,8d762d7785572455c66dd6647324233617b297d350bb6b7dba9215530b8a6318,jmuben-3164,treino_auxiliar,0,acima_do_limite_da_classe
jmuben,jmuben,3499,data/raw/jmuben/Phoma/3 (1284).jpg,10,phoma,128,128,2afad5e25c86abbed50a4c99980b863afab43de0f2e08b754387e66740b85721,9321333de955a954ed200c35be14c51e5d4a768a1573d3cb6d29b6c71f95494b,jmuben-3165,treino_auxiliar,0,grupo_ja_representado
jmuben,jmuben,3500,data/raw/jmuben/Phoma/3 (1285).jpg,10,phoma,128,128,d41c3b88a86562143a1a5dd12eba5a78d97f0bba6273b78a66f758c02df6cd2a,85b1d8c4c628e9ddd2aaa44c3999fa229add259b6a945aad92c03c51ebd7cbc5,jmuben-3166,treino_auxiliar,0,grupo_ja_representado
jmuben,jmuben,3501,data/raw/jmuben/Phoma/3 (1286).jpg,10,phoma,128,128,5a00fa6bf3ae39cc08b0c89827b47ced62f85d881c4a2fd46aa148af678a7cde,8eac2698d69a23fee37e395e85dfd88b63401de09024c1db7f27945a43a3e84c,jmuben-3167,treino_auxiliar,0,grupo_ja_representado
jmuben,jmuben,3502,data/raw/jmuben/Phoma/3 (1287).jpg,10,phoma,128,128,f4cef4ee87242a81512e422601fea5924f6089011aaff04c96c3c0f54a80bfb2,86b526bed6ad12aec3b03b9131d19ddcfaeee06e2bba954a40806962385117ef,jmuben-3168,treino_auxiliar,1,
jmuben,jmuben,3503,data/raw/jmuben/Phoma/3 (1296).jpg,10,phoma,128,128,31f6df783a59fcf089669942526626f2ed2934f28ddd06ce6b729b000c2eac98,b4b60a528d498bfac2b0f7da06eb23f8712f556661fd9870acd4d67960f50036,jmuben-3169,treino_auxiliar,1,
jmuben,jmuben,3504,data/raw/jmuben/Phoma/3 (1301).jpg,10,phoma,128,128,fcdec2f076bc6efca9d4cad975533b6a473417b80c7dbd5b7d1359ba5123f47e,96961adae85b6721b4419a6da59e70a04dfba8ebcc3f3f49cd856e810521e353,jmuben-3170,treino_auxiliar,1,
jmuben,jmuben,3505,data/raw/jmuben/Phoma/3 (1302).jpg,10,phoma,128,128,a2f1184cd7bda67ac21e5e51ee040e15255b4bbdad96c891d2861c8c224442b6,855a316a3f2d95af9258e1aa3e92cb4be4940fffc891e7141dc38eeae32c0866,jmuben-3171,treino_auxiliar,0,grupo_ja_representado
jmuben,jmuben,3506,data/raw/jmuben/Phoma/3 (1311).jpg,10,phoma,128,128,3aef389b74e709a945a94fc6b52c6cf45fa823a2230ea2ec51e5a8610c95f7a3,9c00007f97f84bc09ca230e067e02d61f3d78f07988f97d09debb9da36b3258f,jmuben-3172,treino_auxiliar,0,acima_do_limite_da_classe
jmuben,jmuben,3507,data/raw/jmuben/Phoma/3 (1312).jpg,10,phoma,128,128,9af01adddd9bf9c5b2e7eb2dbc0e7ab28fbafaa55f5ee093f3e3f4e51f0c102f,96065ffb80ff8a03c1c04a3f6d015aa889fae2fb6a95b2ca4a19c326a9d5f653,jmuben-3173,treino_auxiliar,0,grupo_ja_representado
jmuben,jmuben,3508,data/raw/jmuben/Phoma/3 (1313).jpg,10,phoma,128,128,16826fc9d6f70922e538ee480255185c00ed917a35bb4f01b862bdd4819a7dfe,8041fc0faf83c9e0613cb0c7347892af197778a41874859d2d5fb5bddc744ca7,jmuben-3174,treino_auxiliar,1,
jmuben,jmuben,3509,data/raw/jmuben/Phoma/3 (1337).jpg,10,phoma,128,128,eec27eaaa8b635bc8adf1749974e6f421e596d8bc8ee3861718342f18279754a,a473670a93c0b8b6b964287d5a0b16dfb492cda0454a195d9a4c5fd2ed35e8bd,jmuben-3175,treino_auxiliar,0,acima_do_limite_da_classe
jmuben,jmuben,3510,data/raw/jmuben/Phoma/3 (1338).jpg,10,phoma,128,128,1aaa3d2654916f177e9c0f13a4c5ad4c2e8779998b47aa5519e7c121f0c6c695,834242f3458b3a647cd9c93bcc6a39b48729b0e4cea866b3666dcb10b7b79c5c,jmuben-3176,treino_auxiliar,0,acima_do_limite_da_classe
jmuben,jmuben,3511,data/raw/jmuben/Phoma/3 (1339).jpg,10,phoma,128,128,ba270d1922ea848d8b9ec29bac8a871f196bbcbd6a3801e5f8397b7a9674c902,a4737748b9d0b8b62a6c6a1f5ecb1652cdb04f2c194f935546daa037a2ec13cb,jmuben-3177,treino_auxiliar,0,grupo_ja_representado
jmuben,jmuben,3512,data/raw/jmuben/Phoma/3 (1340).jpg,10,phoma,128,128,46f4ea0832135e98486aea9e1de53d045241a5109d7ec918c8bfa5779f030833,860a4dec874c749b7bafda6dd8b92330ac4cb392996725d848b3660ecc59374e,jmuben-3178,treino_auxiliar,0,grupo_ja_representado
jmuben,jmuben,3513,data/raw/jmuben/Phoma/3 (1341).jpg,10,phoma,128,128,8b8cba74ac5d7e77ebb2f21c22a1fbc43c0600e75a3339df48ea49ca194715a4,a08f4ac9d427b88933381c53c1b64fdd433a734e7395697cb84ba1c61f41647f,jmuben-3179,treino_auxiliar,1,
jmuben,jmuben,3514,data/raw/jmuben/Phoma/3 (1349).jpg,10,phoma,128,128,10f8896e891533fcad90c0742184ecf90387716b4bc1901a0030669fa0b93952,b4db2b11e1ca9e71800cb4d9160cb3445dc8e3087fb07fe653a4338c64e7bdfc,jmuben-3180,treino_auxiliar,1,
jmuben,jmuben,3515,data/raw/jmuben/Phoma/3 (1350).jpg,10,phoma,128,128,326059ac74a6a15473229c84accbc2b731688634c3e6d99c716b65230452b518,97c42c6fe344b2f79926d4dc3a271226a1277c826902ff027dc096f0b5f1bcf2,jmuben-3181,treino_auxiliar,0,grupo_ja_representado
jmuben,jmuben,3516,data/raw/jmuben/Phoma/3 (1351).jpg,10,phoma,128,128,ae22bf43791572380e18bafa1eaa127c5d25adffc32623e8374eb29ece0a5e29,b4363b40e637b1c8b277746f78ec007f6836d837b80e1d271f828ce069f24a79,jmuben-3182,treino_auxiliar,1,
jmuben,jmuben,3517,data/raw/jmuben/Phoma/3 (1370).jpg,1,phoma,128,128,7a8761bbc353a018822c60312b054ee6fbbfcd78cba35a187e2f3471bc9b53e2,8d90453eb1053eb6f78201d6eaf331be94d66d0d1fe0e0592da797d3807e011f,jmuben-3098,treino_auxiliar,0,grupo_ja_representado
jmuben,jmuben,3518,data/raw/jmuben/Phoma/3 (1373).jpg,10,phoma,128,128,f4937d65c8b77870bb91ff4cad2e20e8052fc25d68e6a4e78a5d2eafa630ffdd,9a47414cae64602647975db181f9679c20f2adde4ceb5ce886a62b935367a8be,jmuben-3183,treino_auxiliar,0,grupo_ja_representado
jmuben,jmuben,3519,data/raw/jmuben/Phoma/3 (1374).jpg,10,phoma,128,128,4690f0ffaccb95456751b6348110160cfbe34c031725b787fdd3a2b9765b8eed,9a574066a746e83245965f9980fba7d860baaadb84ed6a6d54868a9761514bbf,jmuben-3184,treino_auxiliar,0,acima_do_limite_da_classe
jmuben,jmuben,3520,data/raw/jmuben/Phoma/3 (1375).jpg,10,phoma,128,128,a7178a0c2a5607ade7e87056c619d8c0f9af0bc7df7d2ff90da5b0859a417f57,91824ea2c8da027b584d13093f20718abba371f577f0345b72add394a97e74bd,jmuben-3185,treino_auxiliar,1,
jmuben,jmuben,3521,data/raw/jmuben/Phoma/3 (1385).jpg,10,phoma,128,128,b91d5792e560f06f263f137c5d518fca2ae613eb8c2b3102800a1424bcb16558,86cc5999c1b3d28e8eb0c6b63e988b342c1b1e61e95e596a9ca7d2da1a6939ce,jmuben-3186,treino_auxiliar,0,grupo_ja_representado
jmuben,jmuben,3522,data/raw/jmuben/Phoma/3 (1386).jpg,10,phoma,128,128,f0bdf04c9fc2983b4aeab94bb28ada849e5b3971813804dfe317d99dd9c2cf57,84d95b32c327d6bc0e275cac1a81ea3c3cd31acf6a5c1d63a4ac1ed2397d618b,jmuben-3187,treino_auxiliar,0,acima_do_limite_da_classe
jmuben,jmuben,3523,data/raw/jmuben/Phoma/3 (1387).jpg,10,phoma,128,128,26f04791b884d17e0115053503d42a3796ce34b51318713521523d52eaa8f401,86cc185bf178f1c2835ef52114fcf125e5968539f4831adb296461fe0629d76d,jmuben-3188,treino_auxiliar,0,grupo_ja_representado
jmuben,jmuben,3524,data/raw/jmuben/Phoma/3 (1388).jpg,10,phoma,128,128,20894700d35e7b58849ab8cb21613ef93a0de6aaf57a23efdcf62882afa6d0eb,84cc59dac1a2d28e87b2c4a71e88cb246d9e1ee1ea8f5b582d25e696de733856,jmuben-3186,treino_auxiliar,0,grupo_ja_representado
jmuben,jmuben,3525,data/raw/jmuben/Phoma/3 (1389).jpg,10,phoma,128,128,1ba4b35aaa60e1d61a298090439d5228373ef05cc2e54fa5b3ec6678bcb5b9f7,93315d337cc6da38a2a5f2cd1a7cd999f4ec0247b75e39220c92b659e052a3ab,jmuben-3190,treino_auxiliar,0,grupo_ja_representado
jmuben,jmuben,3526,data/raw/jmuben/Phoma/3 (1390).jpg,10,phoma,128,128,33ddd26f033d6e6f5f0a07cf4285f8b446980d9325b77c27fdc5eab754de6499,93384c65dc94fa3cf2c1524f0a99e45c02e2b35f6936249bf25cc3d389e8ed69,jmuben-3191,treino_auxiliar,0,grupo_ja_representado
jmuben,jmuben,3527,data/raw/jmuben/Phoma/3 (1391).jpg,10,phoma,128,128,0f26ccff093aefd38a26f21eac86644b71d2c6cf9b229554544fdf7efa0132d5,80cc0cdd7f8828312373be16d03d43fb6f02d834b16156726ddd9b99986cddcc,jmuben-3192,treino_auxiliar,0,grupo_ja_representado
jmuben,jmuben,3528,data/raw/jmuben/Phoma/3 (1426).jpg,10,phoma,128,128,4757fed2e1402ad3f2f899cbef0f3563f7deefdd546514463a26f8554ee220b6,84cc59e3d1a1d28e86b2f4871bdee5970ed9aa656b5c0d21e496de59395449d8,jmuben-3193,treino_auxiliar,0,acima_do_limite_da_classe
jmuben,jmuben,3529,data/raw/jmuben/Phoma/3 (1427).jpg,10,phoma,128,128,f649feac95861bd7b8e8f5d0f8592e4f1cd0dff0d8d06a813541918ee68241a7,8db22d47c6692b5138898d5c3ad47425311079ace76d4ac7e6a285ebcb4b7b5a,jmuben-3194,treino_auxiliar,0,grupo_ja_representado
jmuben,jmuben,3530,data/raw/jmuben/Phoma/3 (1428).jpg,9,phoma,128,128,4fdbbc63c5974122a31ee88d1636d00baac1a824bb1ca3218560b1ede2280063,8f232cf416a68325da1ac1cae958e8aa7e8255d32097f55a57ca787b39497a95,jmuben-3228,treino_auxiliar,0,grupo_ja_representado
jmuben,jmuben,3531,data/raw/jmuben/Phoma/3 (1429).jpg,10,phoma,128,128,aad625cf09fe6008f05799448b20cdc3c178a6459c63c492d2255b371cde1d6b,9ce117e8e11b15e86913b3369b88487b3ece9a4dd2724ec8ccc7662eae30e91e,jmuben-3195,treino_auxiliar,0,grupo_ja_representado
jmuben,jmuben,3532,data/raw/jmuben/Phoma/3 (1430).jpg,10,phoma,128,128,62d6d0f1adb5b03195988a2d996014e387b07e936d95e84d0f340061f6c61ce7,94571fa06609a3fcd6024eec64fb3217930a95bf49b32c99646eb39337353711,jmuben-3196,treino_auxiliar,0,grupo_ja_representado
jmuben,jmuben,3533,data/raw/jmuben/Phoma/3 (1431).jpg,10,phoma,128,128,c26304c7d72b42261ef0c87c9768d5ca9814128b50b3080d4284a182f75b52c7,98621fdce617b4fe4dda480734edb798d26351344cdaa185665e0751aadc6a56,jmuben-3197,treino_auxiliar,0,acima_do_limite_da_classe
jmuben,jmuben,3534,data/raw/jmuben/Phoma/3 (1446).jpg,10,phoma,128,128,6118a4c25980593712e9c9b0715712a128d66ba77dbf70c71525183c41d3a85c,8739306673b6cb1e6831809b2f8ef489d2c6ca5fc7727f0341aa63199b2cacd6,jmuben-3198,treino_auxiliar,0,grupo_ja_representado
jmuben,jmuben,3535,data/raw/jmuben/Phoma/3 (1447).jpg,10,phoma,128,128,64e4eb745be5364347dc904ede7f6195984e25fb735ca6ba3aa22a15659d71f1,b631669c8debb919e95c524212f9e01af0f5db35b020fced4f58bb94c4474169,jmuben-3199,treino_auxiliar,0,acima_do_limite_da_classe
jmuben,jmuben,3536,data/raw/jmuben/Phoma/3 (1448).jpg,10,phoma,128,128,bb02b13cc0495ddaf58a4f4e09547cfadb1a56d02a463e186d0e5802da81a4d7,9cda6e1537cc9a43c45fc696972276ec3171b57949adc349752884a472f24ce9,jmuben-3200,treino_auxiliar,0,grupo_ja_representado
jmuben,jmuben,3537,data/raw/jmuben/Phoma/3 (1455).jpg,10,phoma,128,128,6dd9541c1dab13e253cd67ea0e2ece34df3602748079bfae7ab20e0da3bc753a,81e53a121e15c3d1615c613b78c62f6325cc9065695acd974fb867599b2bd6ae,jmuben-3201,treino_auxiliar,0,acima_do_limite_da_classe
jmuben,jmuben,3538,data/raw/jmuben/Phoma/3 (1456).jpg,10,phoma,128,128,ebc3f8971b6b6f0888464081be8f518896d799a2f5485c5f44004f3ae09352f5,87c57c52471fe3c96468de9f8e79c3b078922d0130e56d5e59376e219ae8cca4,jmuben-3202,treino_auxiliar,0,grupo_ja_representado
jmuben,jmuben,3539,data/raw/jmuben/Phoma/3 (1457).jpg,10,phoma,128,128,f3e292c27e35b6bfa2751e886498c8c4170c41f00ec8d35e84754edcab7a8ae5,80ecb2763e8587e3cad0ae4f831dd0c7da116bd2c9a743bb22bc1b1b9328b3e8,jmuben-3203,treino_auxiliar,0,acima_do_limite_da_classe
jmuben,jmuben,3540,data/raw/jmuben/Phoma/3 (1458).jpg,10,phoma,128,128,6bef22d79bbc0f94d900c634c5c7bcf203bf0c2507774f1f1215092b25ea3f64,87c678594e1dc38b60e4ca87ce4f8735d0de2d1125c492e265cf5d9b6a91ba3c,jmuben-3204,treino_auxiliar,0,grupo_ja_representado
jmuben,jmuben,3541,data/raw/jmuben/Phoma/3 (1459).jpg,10,phoma,128,128,526e841cea6ebafb380254368d4f1e3518d785d925a71ac255c94ac3d3874e25,8fc970a55c7ec31761c2d5187c988e57d5f8ca65ce229442e8b8915969adbae6,jmuben-3205,treino_auxiliar,0,acima_do_limite_da_classe
jmuben,jmuben,3542,data/raw/jmuben/Phoma/3 (1462).jpg,10,phoma,128,128,eace50b1a02b2b6b1a1f7770039ce715055d0bd790f75a2e10636d3da8a3a5da,990239d8a96e95263ff97207395dc01c66013df8fc1ecf8670791e2b81dd9d94,jmuben-3206,treino_auxiliar,0,grupo_ja_representado
jmuben,jmuben,3543,data/raw/jmuben/Phoma/3 (1463).jpg,10,phoma,128,128,6ad5dba5582c76989681192148979d1cc400ac5c67abe07ab2624d7d31cd68ca,983a3041a2f657fa625a87ec9c05e2443da9c7e93c0fe1c1df7c2383fc79c306,jmuben-3207,treino_auxiliar,1,
jmuben,jmuben,3544,data/raw/jmuben/Phoma/3 (1464).jpg,10,phoma,128,128,f6b54c4b18453fafb4bc53ce70b6c3fc1379acf3f46dd720e7e9185a683978c0,92688fd3a397c3044589b80d8d080f8e321f7a1d0f3d1e3b9c769c473c8f69bf,jmuben-3208,treino_auxiliar,0,acima_do_limite_da_classe
jmuben,jmuben,3545,data/raw/jmuben/Phoma/3 (1465).jpg,10,phoma,128,128,3092a304efb7c084b59f080004fe7d282dc16004cb725b4956e32e675d4903c4,92f5229e8fdb5e84cf02bc3e62b64f16cc24333e86c12f3cf0478e79758e9821,jmuben-3209,treino_auxiliar,1,
jmuben,jmuben,3546,data/raw/jmuben/Phoma/3 (1466).jpg,10,phoma,128,128,c64be3a0c960a487350a1e189ae8a620c3c567a70bb08bc5fca8872b9fb8ae51,96e0602ca3b735fb458947e28d19f073321e85e20f3de38c9c7663bc3d8f9642,jmuben-3210,treino_auxiliar,0,acima_do_limite_da_classe
jmuben,jmuben,3547,data/raw/jmuben/Phoma/3 (1467).jpg,10,phoma,128,128,6b3a3667d647497147f79ef2c151619937d21d566027e660abda4dfd49edfbd1,90153a01a04c56a642fc05fbcc2f3bc88279079e79c3de3d63c714f48baf74de,jmuben-3211,treino_auxiliar,0,acima_do_limite_da_classe
jmuben,jmuben,3548,data/raw/jmuben/Phoma/3 (1468).jpg,10,phoma,128,128,2adadc4a14af12f7b34f9c45a4c41eab652e3baf19b6f0257c181deaf2ad7abd,958260b387fa30fcc7246f189f0770e6627399880ee67b14948f47e9fb47c833,jmuben-3212,treino_auxiliar,0,grupo_ja_representado
jmuben,jmuben,3549,data/raw/jmuben/Phoma/3 (1469).jpg,10,phoma,128,128,1ff74980a34b45c0eaed5313aa71c598b199e554a6ad0d777f7e2475094a16db,92e5239e8f9b4c80ad16b87c62ac9d44f07932c78e69711c8ce37f1d9863637c,jmuben-3213,treino_auxiliar,0,grupo_ja_representado
jmuben,jmuben,3550,data/raw/jmuben/Phoma/3 (1470).jpg,10,phoma,128,128,86c126f40038d7a58a8255039eb0f6ef256bbd3f962f4861cc27b70f379a99d9,92c122fca7d81fcb52a94f833d008c7b62fa9e8ece837d78e18e9cf367181c84,jmuben-3214,treino_auxiliar,0,acima_do_limite_da_classe
jmuben,jmuben,3551,data/raw/jmuben/Phoma/3 (1491).jpg,10,phoma,128,128,0a4b6bb08cb4b7aea5a88c684bc936b776b2f7065d86a9c8465356be90d0b7d3,877563e2eb646d36e62c8eb4cf121eca1c8359a971e3c3c78786250e425f983b,jmuben-3215,treino_auxiliar,0,grupo_ja_representado
jmuben,jmuben,3552,data/raw/jmuben/Phoma/3 (1492).jpg,10,phoma,128,128,64e9c1971edbd04b49dbdb58d80b29748b73b0ff369c59eb916e1c2d19b0d50a,8f611c3beb4c929be6a9735acc16e3343903ae24e1c7fc72ac0cbdc40c266ec7,jmuben-3216,treino_auxiliar,1,
jmuben,jmuben,3553,data/raw/jmuben/Phoma/3 (1493).jpg,10,phoma,128,128,a9f0a60dfbbe4fc378448d2d26eb2bbfe21bcee1c210812af080a4534bdf61c6,983d0d8fcd50656a43e84a4691ea9a6eb29e723ea22c664fcccd739bc43cd992,jmuben-3217,treino_auxiliar,1,
jmuben,jmuben,3554,data/raw/jmuben/Phoma/3 (1494).jpg,10,phoma,128,128,0cf2494d7c9489ae1f93599c0541084876e71969aa4334a42fc8d1439d823317,a0c4f0ca9f451f2be5b310fb4c5c960f2907f133192d6b3d995475b1c9c931f1,jmuben-3218,treino_auxiliar,0,acima_do_limite_da_classe
jmuben,jmuben,3555,data/raw/jmuben/Phoma/3 (1508).jpg,5,phoma,128,128,d776f2cece1f692fda6cd76f9d9fd5ad16ea76cee1483b3c475a8ae335a07795,8ae67ae6af46d40614defcad7ea5a243615ad1425e425a3dee358540f52831af,jmuben-3219,treino_auxiliar,1,
jmuben,jmuben,3556,data/raw/jmuben/Phoma/3 (1512).jpg,8,phoma,128,128,03a56489c517390bf15373a5f09da3b6ef86c461eebb3963d254e2577b9421f7,8b530d27b1b68eb6a6e41cc6b19a863ad87837c9e411852a7d21a9e7150d7ebb,jmuben-3220,treino_auxiliar,0,acima_do_limite_da_classe
jmuben,jmuben,3557,data/raw/jmuben/Phoma/3 (1529).jpg,10,phoma,128,128,694cef2fac1d00a05cde9a916b140a73ed58523b9e90ea6d584b397a2795e363,ac13325b8935f9093de40d3b70b1fc39def4271f018fcc25e38270e17e52583d,jmuben-3221,treino_auxiliar,0,acima_do_limite_da_classe
jmuben,jmuben,3558,data/raw/jmuben/Phoma/3 (1539).jpg,10,phoma,128,128,ddfb84a8d137e13467f6309f2e182bb2e1d996b6613c5b590871bebee0366840,89a731c54cc3d8b2c9278cc96dc76c359e74b6db2732626dc3b98336b09c6391,jmuben-3222,treino_auxiliar,0,grupo_ja_representado
jmuben,jmuben,3559,data/raw/jmuben/Phoma/3 (1551).jpg,10,phoma,128,128,472801bc56836d1feb2c50cc5891d2acad855b541702113276ac7aa0fc59a9e4,87182c7179c75f47c8ded21836d124bd9da4912ce54b6cd15891cb36efa660e9,jmuben-3223,treino_auxiliar,0,acima_do_limite_da_classe
jmuben,jmuben,3560,data/raw/jmuben/Phoma/3 (1576).jpg,10,phoma,128,128,96889ba6ad5735e1c892122b5f67e17a7da063d2ad29ef5d448dec864789ad8a,ac143ecf8668ba36998bf3f4fccff5c0bd3036a174b883ae00c030d8d347f155,jmuben-3224,treino_auxiliar,0,acima_do_limite_da_classe
jmuben,jmuben,3561,data/raw/jmuben/Phoma/3 (1671).jpg,10,phoma,128,128,28d45ceeca0cc4e0d2508e02cbeb51c55ebe72e92d7407bf9f7912c0beeae68e,8b3131ab2cd0fe2ad2c60c5577aae0950679d98a1ca32335dd3f91ee5f2669c8,jmuben-3225,treino_auxiliar,0,grupo_ja_representado
jmuben,jmuben,3562,data/raw/jmuben/Phoma/3 (1677).jpg,10,phoma,128,128,9c9117904a1ef17e9cfc20abf958f3dd18fc5ec436f78738ddcbc424f7a4b4a7,9c6327c3c738b9c66acc96e36edb64b1edb618dcd5879230b426a336fe300262,jmuben-3226,treino_auxiliar,0,acima_do_limite_da_classe
jmuben,jmuben,3563,data/raw/jmuben/Phoma/3 (1678).jpg,10,phoma,128,128,4c275fa7ef34957cc30ed4f419fecf1734e2c6c733711e20f5324d4fdca484f4,8e69638ef2c3737130c734312d3cbf1e2f444b860bc713e137f820f5627c48de,jmuben-3227,treino_auxiliar,0,grupo_ja_representado
jmuben,jmuben,3564,data/raw/jmuben/Phoma/3 (1713).jpg,10,phoma,128,128,d48cae2bf0e153a59db1ab8a0a05e224267316f8070fe520a84c821108e509a6,9c71239ce1cc60c7c33161235be652e77273f0d35a9cb4eab424fb34ae34362c,jmuben-3229,treino_auxiliar,0,grupo_ja_representado
jmuben,jmuben,3565,data/raw/jmuben/Phoma/3 (1714).jpg,10,phoma,128,128,d9e0d437f8cc8d3c24b5f5a4739090d977bc3d692f5416d1f9003ec8fde5037d,9c633c73c738b87863ce9e4cb2c3560f6471ed9340986d919ad8a4cb18dc75ab,jmuben-3230,treino_auxiliar,0,acima_do_limite_da_classe
jmuben,jmuben,3566,data/raw/jmuben/Phoma/3 (1715).jpg,10,phoma,128,128,8aff9eed5e79f1742a049ea3d6f9e9a01afd19f8751ef3d06af2f495bba777b7,9cc637a78673219cd798a4e76c3ead67cb0d9129bf4aa549424fee648a24145b,jmuben-3231,treino_auxiliar,1,
jmuben,jmuben,3567,data/raw/jmuben/Phoma/3 (1727).jpg,10,phoma,128,128,522108fc2f38f0f0674d40d6f675a16bd51b92418a1d0efea3ea7362ddac7946,91993c7c8dcc4a4752c6569697a633249649bfd9a5b30608bdeb62bab4f620d9,jmuben-3232,treino_auxiliar,0,grupo_ja_representado
jmuben,jmuben,3568,data/raw/jmuben/Phoma/3 (1767).jpg,10,phoma,128,128,51ad8bc1d321f4a33d9818fd76819b8390eeaa713d6722b58c45fc626f0829ca,86ad7ce9bcc80adcf1d411d568377636930b31c2b8722379681c1fdff0031fb2,jmuben-3233,treino_auxiliar,0,grupo_ja_representado
jmuben,jmuben,3569,data/raw/jmuben/Phoma/3 (1802).jpg,10,phoma,128,128,644498d71b086fbdd99793ec9bbff62a5e4ed3b9c3374efae4a44d8662a3bcce,a2895c3f812cc402f15f7fd60c3503f4e7121a754fb5477fb0e1581d4df8958c,jmuben-3234,treino_auxiliar,1,
jmuben,jmuben,3570,data/raw/jmuben/Phoma/3 (1819).jpg,7,phoma,128,128,6cf5f8e7858e707992aae5dfd263a5b185af7128fd370926e93b9535cf6ed64a,976b6aa8e874613a2c0fe689a29363507b0e3b8b398c398739873c9b3d9a3d0f,jmuben-3235,treino_auxiliar,0,acima_do_limite_da_classe
jmuben,jmuben,3571,data/raw/jmuben/Phoma/3 (1825).jpg,10,phoma,128,128,caa0626eea590d1b7cec89810eb9ffa071b8b689b318680262496d9dadde9424,821446d471051c29bf0263da6cf2447d9dbec8cfd7b79891836ffb3232e14ba2,jmuben-3236,treino_auxiliar,0,grupo_ja_representado
jmuben,jmuben,3572,data/raw/jmuben/Phoma/3 (901).jpg,6,phoma,128,128,b12c8dd870b2937a65c3ba1bfc0dfe6ce41ad2760f241ac43c09484f4c3b2807,9ba17be8898ef8003d0acdbb3fb82684e5d40df231f2267b01f9986942fd2c7c,jmuben-3067,treino_auxiliar,0,grupo_ja_representado
jmuben,jmuben,3573,data/raw/jmuben/Phoma/3 (902).jpg,6,phoma,128,128,b1f1c59d0dc102119c3fe867b8db415858559a2e66bbcdddd4733cd47d5a4d60,9a937b99ae980ffbeda3c4a500b5b058c6484e4d72ad37e58e845b303be0afa4,jmuben-3074,treino_auxiliar,1,
jmuben,jmuben,3574,data/raw/jmuben/Phoma/3 (903).jpg,6,phoma,128,128,cc53d6ddd5e41971ac37b5073dcbfe5f450af75d3c09b54a51185d0b08bb83d3,8d646ceaa703a773045bf658020c3926f2a3c3935fb128493f58d77cdd8e289f,jmuben-3078,treino_auxiliar,0,grupo_ja_representado
jmuben,jmuben,3575,data/raw/jmuben/Phoma/3 (904).jpg,6,phoma,128,128,e23f022bccf3de3e3ecdd43b077072067180a2c7df8ff0373396d27fc583e801,87dc2715a555a7457504f33a51baaa8fb95d50cd4a862d669962d58b6a6d2475,jmuben-3085,treino_auxiliar,0,grupo_ja_representado
jmuben,jmuben,3576,data/raw/jmuben/Phoma/3 (908).jpg,4,phoma,128,128,3b3fa199c096ec36326641160e775cff42bce18d86eb2dd495924cc4113dc9e5,855d6fae2992a4da0c88b6c8f2a8746c52e42fa42a6eb976f5d3cb526cc92a6c,jmuben-3079,treino_auxiliar,1,
jmuben,jmuben,3577,data/raw/jmuben/Phoma/3 (915).jpg,6,phoma,128,128,95f8e48a723ff981522525b6f8a25feb7923c13d68a3d66241b367b6f7282ea1,b5212a18d09cb73fa43ed07873f481dbfdd926f044923c85e64f98be9f20c54c,jmuben-3093,treino_auxiliar,0,acima_do_limite_da_classe
jmuben,jmuben,3578,data/raw/jmuben/Phoma/3 (916).jpg,6,phoma,128,128,98f4441d4db55f0694bd3501a85cc5b1edb5c6c7468e226089baa293095f4a61,aaf3024cb51dad9c0fb8f439e477c87e70305d1213e7e026d604b4e7c9e17f22,jmuben-3099,treino_auxiliar,0,acima_do_limite_da_classe
jmuben,jmuben,3579,data/raw/jmuben/Phoma/3 (921).jpg,10,phoma,128,128,0cd7622676d4c3b737626ce82878fb1aa33f5a12058247d1a2ffd4befa21fb00,897632acec998f4ac6cc29377269f092d62299d90d7e57dd263c55c32d613a1a,jmuben-3113,treino_auxiliar,1,
jmuben,jmuben,3580,data/raw/jmuben/Phoma/3 (922).jpg,10,phoma,128,128,c9d7f8f56a7834a85b19c543e936750dc901b3eb20733f80986ddcc363d2090d,9a64cc92e9bb64adc4dd70d2474a9f6146640c7c7c26269cea7889e3d1a31eee,jmuben-3120,treino_auxiliar,0,grupo_ja_representado
jmuben,jmuben,3581,data/raw/jmuben/Phoma/3 (923).jpg,10,phoma,128,128,2a8df477b2cb32173d1c4ece3038fe29ba13cccf5a9bfc017701793ec6c04b53,98cc4fc63b93d8e89736f8cd24e1ad18aecc8d9b7bd011fbd65207b0916b7050,jmuben-3121,treino_auxiliar,0,grupo_ja_representado
jmuben,jmuben,3582,data/raw/jmuben/Phoma/3 (936).jpg,4,phoma,128,128,1aefdf9d0f10d9131d09b19411a8d5f36061616f1d7ab2471008b299ed0e968a,8e8362bcb8766b528cc93d2c431617c1b1ad80f1a30ff90fe05c3c707fb334af,jmuben-3241,treino_auxiliar,0,grupo_ja_representado
jmuben,jmuben,3583,data/raw/jmuben/Phoma/3 (938).jpg,4,phoma,128,128,b2cdd3610488a1e5d4733f07a6a513a856b25865e2b643f0a5a90cf03b776e1a,8e83623cb8766b528cc9352c431617c1b0ad80f1e307f90ff4583f727eb334af,jmuben-3241,treino_auxiliar,0,grupo_ja_representado
jmuben,jmuben,3584,data/raw/jmuben/Phoma/3 (940).jpg,5,phoma,128,128,89ed48c03646dcc320d4dd92bcea49ef384e7d99f6f1e5e67645d78d74568e5d,8b3a7c6c351ac3ffce50ca52a5e872231fe0b58f947a9d0f3059a94133ca583e,jmuben-3350,treino_auxiliar,0,acima_do_limite_da_classe
jmuben,jmuben,3585,data/raw/jmuben/Phoma/4 (1).jpg,6,phoma,128,128,7ff80c714cc4380184009ac8049535d03025187dccdb0c6ba53b14fd756c5b97,9ba17be8898ef8003d0acdbb3fb82684e5d40df231f2267b01f9986942fd2c7c,jmuben-3067,treino_auxiliar,0,grupo_ja_representado
jmuben,jmuben,3586,data/raw/jmuben/Phoma/4 (101).jpg,10,phoma,128,128,903c6e1372018f55ad00ce3fddd5539ab515f18fde7af4d52af979340fd2a200,85e9fe833af0161da027c8260fcfc3fc701a4f109fe29ef3650e290e985c4f3d,jmuben-3068,treino_auxiliar,0,acima_do_limite_da_classe
jmuben,jmuben,3587,data/raw/jmuben/Phoma/4 (102).jpg,10,phoma,128,128,1f83647ac01262c5bfdc34d8d4d51cd709f4d4fea02861ab794198f54f735619,85f109f83bf8e9e3a0963f4d4e8e3c1561f8e1e6c7a0610c662f96f0b94a67c1,jmuben-3069,treino_auxiliar,0,grupo_ja_representado
jmuben,jmuben,3588,data/raw/jmuben/Phoma/4 (103).jpg,10,phoma,128,128,262b32882095a5437d0eaba766362802cfae1eeecbe0da636f4389c4eb5dd701,8b66326479898359f6b309c6325b3c86636d5cc2a9f04c2d5303f0f0d7b9f5ce,jmuben-3070,treino_auxiliar,0,grupo_ja_representado
jmuben,jmuben,3589,data/raw/jmuben/Phoma/4 (105).jpg,10,phoma,128,128,7fac0db6a60e2891ddec9db88842731ecf3d6b011d106254e8aa5fbbf934dd00,9b3d74d7e7194d6ddb52ba52dac5362dc0a0d6aa95b43b233828a7a43c4c6391,jmuben-3071,treino_auxiliar,0,grupo_ja_representado
jmuben,jmuben,3590,data/raw/jmuben/Phoma/4 (106).jpg,10,phoma,128,128,99fe9eef0638b53bf07a1a315e8a29c1150ff9d52936c91a9457e3c7ea41f3ca,afcc1839fbc6d71c92619ece0cde7462d4363b04026ece198f6781c499cc1efc,jmuben-3072,treino_auxiliar,0,grupo_ja_representado
jmuben,jmuben,3591,data/raw/jmuben/Phoma/4 (107).jpg,10,phoma,128,128,20b40f083eb94cd16d9a4760216e55c1abe40f1df50d2d865f81991527ce83ef,83f648bfddab29b43893331b299d6628ac4d900cbcc940dbacd276ee5e20957b,jmuben-3073,treino_auxiliar,0,acima_do_limite_da_classe
jmuben,jmuben,3592,data/raw/jmuben/Phoma/4 (11).jpg,6,phoma,128,128,dc93c906ee0d34f7378af2f43fca437dc60d3e14894342e851d3d7093e8e626a,9a937b99ae980ffbeda3c4a500b5b058c6484e4d72ad37e58e845b303be0afa4,jmuben-3074,treino_auxiliar,0,grupo_ja_representado
jmuben,jmuben,3593,data/raw/jmuben/Phoma/4 (117).jpg,10,phoma,128,128,886babbcbf7c999b2d84fa30f835e2cbaca855e6c60ffef35ced63828e579c41,8e5454c1b5e7a5162bc78c8e63b00f8bfe0e503e54b995cd983e6b69a923311f,jmuben-3075,treino_auxiliar,0,acima_do_limite_da_classe
jmuben,jmuben,3594,data/raw/jmuben/Phoma/4 (118).jpg,10,phoma,128,128,a98a4964455fefcaf5c68dcade0c35e30e84eff252a2cad2e3857b9f2ca8844d,93f4616bfda51fb507934232aac43950f762275cc1230f46755a642a9c79f1a7,jmuben-3076,treino_auxiliar,0,grupo_ja_representado
jmuben,jmuben,3595,data/raw/jmuben/Phoma/4 (119).jpg,10,phoma,128,128,a86018aab5a13612f8f5158b038728a87e445adf34c9b8a44cba3b22d100a8ea,97ec2256e04afd4999cb2d93557e04ae013dd1270e8f3c5c655c1c3b8de23b2e,jmuben-3077,treino_auxiliar,0,grupo_ja_representado
jmuben,jmuben,3596,data/raw/jmuben/Phoma/4 (12).jpg,6,phoma,128,128,4cd56bff0fc84350be0a0c5e43bdef85c8d061c3b6caa584c70917930f885a92,8d646ceaa703a773045bf658020c3926f2a3c3935fb128493f58d77cdd8e289f,jmuben-3078,treino_auxiliar,1,
jmuben,jmuben,3597,data/raw/jmuben/Phoma/4 (13).jpg,4,phoma,128,128,cb6199105bf9789f727da1cd7d5feacda173a535674a1e5134383d6e74462d46,855d6fae2992a4da0c88b6c8f2a8746c52e42fa42a6eb976f5d3cb526cc92a6c,jmuben-3079,treino_auxiliar,0,grupo_ja_representado
jmuben,jmuben,3598,data/raw/jmuben/Phoma/4 (131).jpg,10,phoma,128,128,056e92dd4499a93bcf274f3de3e2ae077f5604984fb8e7981aa8b095e734571d,9d3335ecfa1354c18d3d3ad54da5937a75923844c49ae9443e9bc7a825c3ec1c,jmuben-3080,treino_auxiliar,1,
jmuben,jmuben,3599,data/raw/jmuben/Phoma/4 (132).jpg,10,phoma,128,128,74c22afc906dc0e63c96a21244780602c12528814e371bda4b459136e369f5b8,a93636fae4d199b1ae64493266327d4bfa542ca5e9734ad446af492a2554734d,jmuben-3081,treino_auxiliar,0,grupo_ja_representado
jmuben,jmuben,3600,data/raw/jmuben/Phoma/4 (133).jpg,10,phoma,128,128,29e0dc69fa362e585814ffe3ddcd0222016251512c4470e29feafc228a1d00af,8cac656d9f3db1252169ba4861c84d4b9a5fce9ad5d245ac5ac858b7a56f48d1,jmuben-3082,treino_auxiliar,1,
jmuben,jmuben,3601,data/raw/jmuben/Phoma/4 (134).jpg,10,phoma,128,128,abf2cf8d8267a008ea50a2149c979ac0ddc0d1f54926b8e7d1181f949ba85efb,8679740be26b86131cb365c6092f93e842469ad6a4bfa529343d4c69c9dbbb9e,jmuben-3083,treino_auxiliar,0,grupo_ja_representado
jmuben,jmuben,3602,data/raw/jmuben/Phoma/4 (139).jpg,10,phoma,128,128,34ec0a6dc42b61c2731d3646fedfc3fe6dd4f682947e65ab2e3bd6b52e8c81da,87de6308e0b9ed3d641984d3932bf7658c992d61a75896129b9626b1cce54f2e,jmuben-3084,treino_auxiliar,1,
jmuben,jmuben,3603,data/raw/jmuben/Phoma/4 (14).jpg,6,phoma,128,128,4b37a9dac9ecef293ca8b523bab11d8369657f52737a7dc078e42ed3cbe685b1,87dc2715a555a7457504f33a51baaa8fb95d50cd4a862d669962d58b6a6d2475,jmuben-3085,treino_auxiliar,0,grupo_ja_representado
jmuben,jmuben,3604,data/raw/jmuben/Phoma/4 (140).jpg,10,phoma,128,128,4818fb7eda124af4f14ad49c1e535a0dade2ec02e4b0693d8a34a9bbce06f292,838a1d6be83591dc91a7492bcd70c538956aecb72edfe37632995298562aca51,jmuben-3086,treino_auxiliar,0,acima_do_limite_da_classe
jmuben,jmuben,3605,data/raw/jmuben/Phoma/4 (143).jpg,10,phoma,128,128,1153c76dd5ea6578c08d2884cd625303a4ddf7126ae6c28a2610ddaa6e17ad3d,81c4dde16ffd8e754f3016c6b756a532ddcaa4b83726d9ac548462c21b639929,jmuben-3087,treino_auxiliar,0,grupo_ja_representado
jmuben,jmuben,3606,data/raw/jmuben/Phoma/4 (144).jpg,10,phoma,128,128,f78394d46b30cff0b33305fb5799a616e9d10b51cce62b3962b60e41a6094525,80c32f18362929cf53309aefb19963624f6c7bca723444295f8bbb53b334c5e9,jmuben-3088,treino_auxiliar,0,acima_do_limite_da_classe
jmuben,jmuben,3607,data/raw/jmuben/Phoma/4 (145).jpg,10,phoma,128,128,23bf99c249edc602d660be52521d9bd2d72f8ce671a27e6f50a1784bcd8a00d2,8184231e7ffd718a4eb8a97bb7425b65dc8a33433217046bdc849dbdab6146d2,jmuben-3089,treino_auxiliar,0,grupo_ja_representado
jmuben,jmuben,3608,data/raw/jmuben/Phoma/4 (147).jpg,10,phoma,128,128,dc0a4d254c237df074b4a85f4c13da9099b5bf1906c356db63f1a68446cdae94,8259198e671a10c669d9d0877ff9b622c87ff6c8819f3962072d38d80ea3ee7c,jmuben-3090,treino_auxiliar,0,acima_do_limite_da_classe
jmuben,jmuben,3609,data/raw/jmuben/Phoma/4 (148).jpg,10,phoma,128,128,6cf884bde23dc5aee3db874adbd31d8f24dcf280c284da18d0851909b4cb4cc3,846543d27c25257867a384ce9e35d69c4a7728d213082b38e8e996c77f399f75,jmuben-3091,treino_auxiliar,0,grupo_ja_representado
jmuben,jmuben,3610,data/raw/jmuben/Phoma/4 (149).jpg,10,phoma,128,128,6f49504a93260e2846452e183021a5b8d30361fb0bc8e134748a8c65148df67e,8099c740783f3fcc6e29e16e27f1be723cc41ac01b312e370cebc59c8bf86f60,jmuben-3092,treino_auxiliar,0,grupo_ja_representado
jmuben,jmuben,3611,data/raw/jmuben/Phoma/4 (15).jpg,6,phoma,128,128,6832cfeb45df225bb74ae0ea600ce802452de1dcbad1c19b33aa3dc5bd98540f,b5212a18d09cb73fa43ed07873f481dbfdd926f044923c85e64f98be9f20c54c,jmuben-3093,treino_auxiliar,0,acima_do_limite_da_classe
jmuben,jmuben,3612,data/raw/jmuben/Phoma/4 (150).jpg,10,phoma,128,128,50086fea617c0f140ddd4115e2fbd38a084fc051b685638774537ef9c071d7de,809dc76a7e1f3ae67614e93b23f4bf791ce218c21988a7110679e4ccc3caeb38,jmuben-3094,treino_auxiliar,0,grupo_ja_representado
jmuben,jmuben,3613,data/raw/jmuben/Phoma/4 (151).jpg,10,phoma,128,128,a6fdd3fd038417294f3b076c165119cc80a6c7c6146e79efb021ee89bf5225ad,91a3b9fc9c189d1e0e5f8b23e198fec75f71438196c10f30c90b3ec2cae46d72,jmuben-3095,treino_auxiliar,0,grupo_ja_representado
jmuben,jmuben,3614,data/raw/jmuben/Phoma/4 (152).jpg,10,phoma,128,128,6ece54700e9c704b37347a649e3ffe417062e50f34e5c3b9f6a501ec4961e667,862c23216a383f0af91ce74d4aee9629c5c578f06c832b7132dff460bd6acc3b,jmuben-3096,treino_auxiliar,0,grupo_ja_representado
jmuben,jmuben,3615,data/raw/jmuben/Phoma/4 (153).jpg,10,phoma,128,128,bd994b9b70c7daf7aa3f625355afd174dd475997914b7324ef290c903872e7d6,94915a4fc925cf39078dc5e7a466f3f0e27672b073fb732a114809c264fc18ed,jmuben-3097,treino_auxiliar,0,grupo_ja_representado
jmuben,jmuben,3616,data/raw/jmuben/Phoma/4 (16).jpg,6,phoma,128,128,7dd067dd8ab149eacb1d9a087642443d5a6bbf8a5a6f21630c416bbf8df7a625,aaf3024cb51dad9c0fb8f439e477c87e70305d1213e7e026d604b4e7c9e17f22,jmuben-3099,treino_auxiliar,0,acima_do_limite_da_classe
jmuben,jmuben,3617,data/raw/jmuben/Phoma/4 (182).jpg,10,phoma,128,128,eefc77514b3a629564d3d1ffdb2663dbfff9cfddd7c108084f34319b0feeadf2,8d1c498c7699dea3d1a53e7a7c52a44fe24dd10c62882aaba83901fed3cd5bb6,jmuben-3100,treino_auxiliar,0,grupo_ja_representado
jmuben,jmuben,3618,data/raw/jmuben/Phoma/4 (183).jpg,10,phoma,128,128,534c2160c05e3591e23dc51d76af7d7f412316996ddacf4476f8a070974248ed,8a524b334f273caec3168715f6c79a43396d4faf1c4ca1c81f90c7171758dc3c,jmuben-3101,treino_auxiliar,1,
jmuben,jmuben,3619,data/raw/jmuben/Phoma/4 (184).jpg,10,phoma,128,128,2d7fed491e6e0b55b21d06fc0ea54412e42d07be3a84b7cee35c9edeee4ffa59,8d2b10f52c5ae467c0f0676a36f310dceca7fbb2197a4c2ce60979f84c8be342,jmuben-3102,treino_auxiliar,0,grupo_ja_representado
jmuben,jmuben,3620,data/raw/jmuben/Phoma/4 (185).jpg,10,phoma,128,128,dfd56b17984f9c0e1ef6eaa0914097e0e53a4484bdb77e7aa95ec7ba68e0be71,9b542edaaed64d4bdd945b56c4b41e5ab88591d8392c232b5f6b50f4538cb21c,jmuben-3103,treino_auxiliar,0,grupo_ja_representado
jmuben,jmuben,3621,data/raw/jmuben/Phoma/4 (186).jpg,10,phoma,128,128,ac9e8716fb79955db8a76a8d4879d9de3f45cb09e5742b62b3ad17e127ed28b9,981c7061ee381c38f786d63cdac2da1eea63f91ce948e506e4bae491f0d665b4,jmuben-3104,treino_auxiliar,1,
jmuben,jmuben,3622,data/raw/jmuben/Phoma/4 (191).jpg,10,phoma,128,128,e5796e3eabdf78a7e6bff782795a5124f5485d85ff9e839c7994e67af18f5e5d,91903993a6198beea5e67a50ab02b636a5c3f718207fd42fbf62d526109e4b6b,jmuben-3105,treino_auxiliar,0,acima_do_limite_da_classe
jmuben,jmuben,3623,data/raw/jmuben/Phoma/4 (192).jpg,10,phoma,128,128,f5cfc154d1a53c69b1971e132797983570da0894f7b0b722398b489be3b120fe,88d84ccc3fafa98fed09b740077e44330441a7a55e3e31e6929c79e6d798ea70,jmuben-3106,treino_auxiliar,1,
jmuben,jmuben,3624,data/raw/jmuben/Phoma/4 (193).jpg,10,phoma,128,128,5e07fcfa8c1c6bc2137936c4c53a5b14e73be35b1aebdb5f308836a7bf84dbd4,8ccc3c46b9c1e9d9a75d453a241992a85a05b2cf7b0aef11ca20117357e9bfaf,jmuben-3107,treino_auxiliar,0,grupo_ja_representado
jmuben,jmuben,3625,data/raw/jmuben/Phoma/4 (194).jpg,10,phoma,128,128,f381d0308b953c8c98531a74ccdd694190ec8f7a432e7135c9efe481d1d2d012,949325a4796d8212ecdb11bbce663805a8745d62f079c9c7c3b9874cce193e6f,jmuben-3108,treino_auxiliar,0,acima_do_limite_da_classe
jmuben,jmuben,3626,data/raw/jmuben/Phoma/4 (195).jpg,10,phoma,128,128,6fcd741b4778b139b9e48d937a653b9f037d01e19590cadb0a1ef1a2303489a9,8cc446cd3a66f9e3eb3d423a159dc2b3c7b9214ec060cf1f38d0cc35c369f38c,jmuben-3109,treino_auxiliar,0,acima_do_limite_da_classe
jmuben,jmuben,3627,data/raw/jmuben/Phoma/4 (204).jpg,10,phoma,128,128,5c3af4036411a56328dbcaec9316301a690bc51d3391e57b6554077de9cdaf2a,9b395694bd2456925ed278294aa4a8d3b5d4ab52254e560a52a563aee2bdeb5d,jmuben-3110,treino_auxiliar,1,
jmuben,jmuben,3628,data/raw/jmuben/Phoma/4 (21).jpg,10,phoma,128,128,07d5bffb8284808da52c38e708bd067f6f8fc24877c22b30b79a52ccb1daccf6,891372a6edcc876ae6d629b1704c8e9a11ec0d4f4764a34f56f1ed743a8f54d0,jmuben-3111,treino_auxiliar,0,grupo_ja_representado
jmuben,jmuben,3629,data/raw/jmuben/Phoma/4 (219).jpg,10,phoma,128,128,f17b9c70a5610e2771c4f813e12fe8f162d9687f9d6d20334afec8859284255e,8b2626330d8efa0c91aabd2c394546b87d360659f3aabed5c14a995f0bcaf0c7,jmuben-3112,treino_auxiliar,1,
jmuben,jmuben,3630,data/raw/jmuben/Phoma/4 (22).jpg,10,phoma,128,128,979d81708288ab3ac77bd9894058f1304b9f6b9ca03d6bf8fbd7111a169dfb81,897632acec998f4ac6cc29377269f092d62299d90d7e57dd263c55c32d613a1a,jmuben-3113,treino_auxiliar,0,grupo_ja_representado
jmuben,jmuben,3631,data/raw/jmuben/Phoma/4 (220).jpg,10,phoma,128,128,9123f62c431f6370b33e87ac5a2b4b913e939d47bbafc0e15fcdd6d5c13b75b9,991935238caca295e2551a9e2b23d5c4eb2e8ab7cfe879dc9fabc2eb007094d4,jmuben-3114,treino_auxiliar,0,acima_do_limite_da_classe
jmuben,jmuben,3632,data/raw/jmuben/Phoma/4 (225).jpg,10,phoma,128,128,c1c2c7d8b8dd5616c98ec55b7465b8cb05114e3489015f5cf9659a16eccd28bd,9c79338dd6a14af49e9ca0126792d0aae69ae935175984b1c763459b3d6ab69c,jmuben-3115,treino_auxiliar,0,grupo_ja_representado
jmuben,jmuben,3633,data/raw/jmuben/Phoma/4 (228).jpg,10,phoma,128,128,149fce6310a2e6e0002777a71b85a249d4963c25fcbf8d1489ff221c20eb4717,9d19158b442a9c8de795c9f5be162a3990d147e878cf3eadc1ab42d8113496fe,jmuben-3118,treino_auxiliar,1,
jmuben,jmuben,3634,data/raw/jmuben/Phoma/4 (229).jpg,10,phoma,128,128,3504190a15a446cf6840c0010209506c89edc9d04e9b038ae60aa95c351fa4de,8efa1e5362c3cb4abb6d76e5daa5a1564562b122c0c076b61cac965bab9a6549,jmuben-3119,treino_auxiliar,0,grupo_ja_representado
jmuben,jmuben,3635,data/raw/jmuben/Phoma/4 (23).jpg,10,phoma,128,128,a407057f8446deec1db3d62150a026c62cfa514cc11b2a5d06258ee0e38236c3,9a64cc92e9bb64adc4dd70d2474a9f6146640c7c7c26269cea7889e3d1a31eee,jmuben-3120,treino_auxiliar,0,grupo_ja_representado
jmuben,jmuben,3636,data/raw/jmuben/Phoma/4 (24).jpg,10,phoma,128,128,cfcd9b27bc11e8d9c61c8cb57875d6cc388ab5d26ec6409efe8d5e5d8d5ae756,98cc4fc63b93d8e89736f8cd24e1ad18aecc8d9b7bd011fbd65207b0916b7050,jmuben-3121,treino_auxiliar,0,grupo_ja_representado
jmuben,jmuben,3637,data/raw/jmuben/Phoma/4 (257).jpg,10,phoma,128,128,7dedf36f18419cdeecd01b02675e46701bea9e097170a1f933076b83664b23db,99993331cacd8dcd5b8e6f3faf76f04cfa300c507be29e05d884d6ca30045e78,jmuben-3122,treino_auxiliar,0,grupo_ja_representado
jmuben,jmuben,3638,data/raw/jmuben/Phoma/4 (258).jpg,10,phoma,128,128,fdf56bc9fcef5e19501ef2671945ff96975c9f148ef0a597f5b4ae4ca80af222,9e7314c6e71c8f39e187bf8c60ebfd0b65e1e819df7060d93802636a8c1be360,jmuben-3123,treino_auxiliar,1,
jmuben,jmuben,3639,data/raw/jmuben/Phoma/4 (259).jpg,10,phoma,128,128,b7a64539aa2f3b3a223b8b3c1f0141d1f407dbf02316863fa389b353e49959a7,b26c324dc7c3cfcdb997f3364e269c4d7f90022d00b6fb56012c9b7a7f6000ad,jmuben-3124,treino_auxiliar,0,grupo_ja_representado
jmuben,jmuben,3640,data/raw/jmuben/Phoma/4 (260).jpg,10,phoma,128,128,76d7a67429399f62c5d1a04e27307cc83b5ad062d1fe4a3a9121854cc8068e18,b32408cdcd33c7c7cee8072ec113c3bea01f6680e9ca938740d774b765ec17e3,jmuben-3125,treino_auxiliar,0,acima_do_limite_da_classe
jmuben,jmuben,3641,data/raw/jmuben/Phoma/4 (261).jpg,10,phoma,128,128,3c91bbc0650a8e87e175a84abcba843eb51f6a8dccaa420a93c68883d50c638b,999b153bcc4c1c9ce777e062af1447d7985d673591cc6e3d030766b0c2af5981,jmuben-3126,treino_auxiliar,0,grupo_ja_representado
jmuben,jmuben,3642,data/raw/jmuben/Phoma/4 (283).jpg,10,phoma,128,128,0dae235d601ecbfa60c1b3eb07ed7f9eaf001e0bf839ad0c7a0bb969ec4ff0b5,9b504fa1d36094e074b0c11c654e4953c0d479717a55c3f95af66796a9a7dd74,jmuben-3127,treino_auxiliar,0,acima_do_limite_da_classe
jmuben,jmuben,3643,data/raw/jmuben/Phoma/4 (284).jpg,10,phoma,128,128,3d5b48b35580981bdbac53462647c2140b585fbfcd2714d9ba4834275583ed59,999f666ee8dc983e331f44c7721124966c369b0d39cd938df1690709b359945b,jmuben-3128,treino_auxiliar,0,acima_do_limite_da_classe
jmuben,jmuben,3644,data/raw/jmuben/Phoma/4 (285).jpg,10,phoma,128,128,6cbbd8f4e2fc4f4120ffe7607f68441f6718ba61f0389c6e6e2b960ea88075f7,9bc33c79d3c81a0fc97865a3d8370a565962276df224695e9ea96135d2c2e12f,jmuben-3129,treino_auxiliar,1,
jmuben,jmuben,3645,data/raw/jmuben/Phoma/4 (286).jpg,10,phoma,128,128,f6fe55916eede6f6922242d095568b4aa21841aea4403e10673bf893b849fb86,99a730b1c78fda38eb63154e12ec6ad5b750faaa0151c7e6a3d6070e66b42476,jmuben-3130,treino_auxiliar,0,acima_do_limite_da_classe
jmuben,jmuben,3646,data/raw/jmuben/Phoma/4 (287).jpg,10,phoma,128,128,3b6494676496e89ce80701d7a9a4afa1f5bba703de676dbe3458ba66c5153a88,8e424880d70075e16d786b4f9a93b3b4b6ad263a9d22db2c1b6dcd19cd5b31d9,jmuben-3131,treino_auxiliar,0,acima_do_limite_da_classe
jmuben,jmuben,3647,data/raw/jmuben/Phoma/4 (293).jpg,10,phoma,128,128,63614d3a6da6ee732e965f8fe2cdbe450eee543f4423f56ce92581c9b4fbb434,90ff7a715e8afd96ab328628655923b7d268a4d20937126a650dba1abc943f69,jmuben-3132,treino_auxiliar,0,grupo_ja_representado
jmuben,jmuben,3648,data/raw/jmuben/Phoma/4 (294).jpg,10,phoma,128,128,e2788f0072882a691cc91758876972d97cf099a8ebdb126614c83c192903d5a5,8a81755b4855ff892522865666aa310aea17d8ad359afb35f6ef8c9a0f6304d5,jmuben-3133,treino_auxiliar,1,
jmuben,jmuben,3649,data/raw/jmuben/Phoma/4 (295).jpg,10,phoma,128,128,ff8a76f039db119a67fa475c519f7bc9454aef4e5a7d7fa277defc6d57e27779,86757a4158a2d921fc501bb436ea4cda9e965539b26e4cdcd92bae4a9a945d8d,jmuben-3134,treino_auxiliar,0,grupo_ja_representado
jmuben,jmuben,3650,data/raw/jmuben/Phoma/4 (296).jpg,10,phoma,128,128,7be04baee9662d2f522bc52c74c92898043881ab686f74dfc0f70dfbdfb18bb9,92ab0e295aef86656d777550cce98a2726343d9284daf6cb0b439b7541b90daa,jmuben-3135,treino_auxiliar,0,grupo_ja_representado
jmuben,jmuben,3651,data/raw/jmuben/Phoma/4 (297).jpg,10,phoma,128,128,ecb2c8765f1ea996fe754ce7240a680a2a886dcdd522c81dd5ffa8431154c21d,932c0fa70cfde90d4eebd19e9e83c670361e19c16e6477b110eef6134338c217,jmuben-3136,treino_auxiliar,0,acima_do_limite_da_classe
jmuben,jmuben,3652,data/raw/jmuben/Phoma/4 (313).jpg,10,phoma,128,128,583ce333848b7f28640bbd3013d0d4c5847cbf3ac27e1773745dec7952e0063b,99481b499bdb3b9a5515a7150e38d47838f3c1b20dc7be05f44fc8df02bc073b,jmuben-3137,treino_auxiliar,0,grupo_ja_representado
jmuben,jmuben,3653,data/raw/jmuben/Phoma/4 (314).jpg,10,phoma,128,128,fa156175ea5c1d89c08a57afb9d3eecc865adc1971183e1209fc845014e3139f,94c332bcad0321c02eadcb11c1aafadb1b6207b2114eb7a6ef59e84d5e145bdb,jmuben-3138,treino_auxiliar,1,
jmuben,jmuben,3654,data/raw/jmuben/Phoma/4 (315).jpg,10,phoma,128,128,394172ad5157df60563e12084f7fbbd1115e43780898169ac527063f532ef446,a71c0f1cf1b001c7bcd445f176e1d9016ded6647a52cb4b537c3520c52f65a5b,jmuben-3139,treino_auxiliar,1,
jmuben,jmuben,3655,data/raw/jmuben/Phoma/4 (316).jpg,10,phoma,128,128,614d4a30b4d2da64c12985357554cf070b0c72357d80858d674cd0c4931d59db,86b54c5ac1024ef27e1145abb332e648fad1e43db0e9109b17761a646aadefab,jmuben-3140,treino_auxiliar,1,
jmuben,jmuben,3656,data/raw/jmuben/Phoma/4 (317).jpg,10,phoma,128,128,39e65b51aa838d25668c393e8076aa07cde4a89f64b6698a96247ea996f343d5,9833b807b91ce21c76b809f8e370327136a0fd95a53b4363edc617f72211f9c3,jmuben-3141,treino_auxiliar,1,
jmuben,jmuben,3657,data/raw/jmuben/Phoma/4 (326).jpg,10,phoma,128,128,6727581b9b68f26fc190c9c65fd5667be14c4fcc7495e7bbfb531c1e39b32087,87351227861dc4935c7636c68aecec9e3d20a37cc2c9bda11d2d874de15af9d1,jmuben-3142,treino_auxiliar,0,grupo_ja_representado
jmuben,jmuben,3658,data/raw/jmuben/Phoma/4 (327).jpg,10,phoma,128,128,8f10e5f012a53b0743ebb228d45e0d682729a586c8d3b9331a9e5d3a9838341a,a6d96a51f2b3fca8f1387d057dc2e8304df8e33e1d1c000fde0be8d8d601672d,jmuben-3143,treino_auxiliar,0,acima_do_limite_da_classe
jmuben,jmuben,3659,data/raw/jmuben/Phoma/4 (328).jpg,10,phoma,128,128,98ae47cea1d8b43a196bebe5fea5e6ad248d1760a838267f991e87818dfd97cc,a5b51732829216d37cd3fb6196ca08a39bcdb09b03771f0d3806e1cc877837fa,jmuben-3144,treino_auxiliar,0,grupo_ja_representado
jmuben,jmuben,3660,data/raw/jmuben/Phoma/4 (329).jpg,10,phoma,128,128,727b404846a6c0e2192c881e53586541b26624e3327e4797a1c03031ab718d48,a52b2527c32686a41db5fb78e6956d370e4fbf92e04c81bd16307de1df823604,jmuben-3145,treino_auxiliar,0,acima_do_limite_da_classe
jmuben,jmuben,3661,data/raw/jmuben/Phoma/4 (330).jpg,10,phoma,128,128,2c0850955229dbad8aa4a1c179b14f028d1365d91db1ef77d97fb5b185e0f3a8,a56406a496b43c96fa5a86983b7dc25164f75c4bf01743ef1e26709c83919fe3,jmuben-3146,treino_auxiliar,1,
jmuben,jmuben,3662,data/raw/jmuben/Phoma/4 (331).jpg,10,phoma,128,128,1da114303092040bf3bfab3450c3815ab3ceb0ea8986bfafc834643255b395a9,a7f42427e92ce349e8c2500cfd9b7803f7c3fc7d6e00a1fc7a083ee6e07f0e02,jmuben-3147,treino_auxiliar,0,grupo_ja_representado
jmuben,jmuben,3663,data/raw/jmuben/Phoma/4 (333).jpg,10,phoma,128,128,e619f9f665a35e472fcca946bf06246a11817b17c8cb12b68da231b046ce69f8,b3aed15ae1913ed28eede5647b6858347a14361d17d2a4936dcd690c7b0813f1,jmuben-3148,treino_auxiliar,0,acima_do_limite_da_classe
jmuben,jmuben,3664,data/raw/jmuben/Phoma/4 (334).jpg,10,phoma,128,128,37f4337d2a7e311d01bee56e88a29c536566c963ed9fdbab58746fb899967074,a23c25ebed4b9816d96e728c92dcb59aa6b4da9414b9c5151f75a08bb758ac15,jmuben-3149,treino_auxiliar,1,
jmuben,jmuben,3665,data/raw/jmuben/Phoma/4 (335).jpg,10,phoma,128,128,587d854959776e95c578f0f17bf30449de155e508486e310084c722bbc94112d,8d1c3cd3339dfa3be09137239c737132c9a2262cfeb18054d3a30ddfb60a08fd,jmuben-3150,treino_auxiliar,0,acima_do_limite_da_classe
jmuben,jmuben,3666,data/raw/jmuben/Phoma/4 (336).jpg,10,phoma,128,128,bfe40ae6871e307d12faccf21a8ca46a08fcc877be2000d4e388109eeb19f87b,856c1995ba65b13132d0e347192db2f6cfb1506bb4d68926584e67a4db1456ef,jmuben-3151,treino_auxiliar,0,grupo_ja_representado
jmuben,jmuben,3667,data/raw/jmuben/Phoma/4 (337).jpg,10,phoma,128,128,68c907a006ea8c10862044f60d539ec17c0ccc4871085ef6cf7f3efafd5e4724,8e6f5e7bd1c2b1c7af0d60b8928f61d90d12dbc5323fc5daf90a23d4fc005981,jmuben-3152,treino_auxiliar,0,acima_do_limite_da_classe
jmuben,jmuben,3668,data/raw/jmuben/Phoma/4 (338).jpg,10,phoma,128,128,cae311ee4fb715e0062030a05a551ed8ffef6bbec093ef29619509f465ef85dd,84eb0ce49d8cb08d31666198cec5bb2ef3764ed9701b87e06cc15b37d3ec8c83,jmuben-3153,treino_auxiliar,0,grupo_ja_representado
jmuben,jmuben,3669,data/raw/jmuben/Phoma/4 (353).jpg,10,phoma,128,128,7dcc8b92c1a3305cf737bb950204e011b55212dbef9ce9a9369bbc59cc5be796,a1e974399f0985e962597337b1865a74de138d99adccb5e3346c325c5214c787,jmuben-3154,treino_auxiliar,0,grupo_ja_representado
jmuben,jmuben,3670,data/raw/jmuben/Phoma/4 (354).jpg,10,phoma,128,128,9541b8816e7ffc6564b3656a34c7365133edc94a559cd4479445849c48148e8e,8ce62eee5911919837c05588a9b12b4eaadde798eeb0d6a9f429550bfd42d456,jmuben-3155,treino_auxiliar,0,acima_do_limite_da_classe
jmuben,jmuben,3671,data/raw/jmuben/Phoma/4 (369).jpg,10,phoma,128,128,56f8dbe97ab5a5235775943819a67b14c7c1b26d1c96f00d92734cf28639fe95,835b66ab33c998aac369e0a3ff5017ea504abc63b579d4094328cf7d352ab8a9,jmuben-3156,treino_auxiliar,0,grupo_ja_representado
jmuben,jmuben,3672,data/raw/jmuben/Phoma/4 (370).jpg,10,phoma,128,128,41d5176045793f0e99da66212d9891d762e2ddcb004a41a95623a8c2eb6bf925,88d0712b343e0f2bca5ce9a9ae5ee1b1106e68b44d0ebc8097269a76e9add3fc,jmuben-3157,treino_auxiliar,0,grupo_ja_representado
jmuben,jmuben,3673,data/raw/jmuben/Phoma/4 (371).jpg,10,phoma,128,128,4915844158d18a93d01da38a31c0e31f783fcb39ea3a271cdead07b5490c8612,ae4e1cef80fbee62279555c842fc840e92827a586e66134b876991667e356767,jmuben-3158,treino_auxiliar,0,acima_do_limite_da_classe
jmuben,jmuben,3674,data/raw/jmuben/Phoma/4 (372).jpg,10,phoma,128,128,77d85f215a653cc52bace4e8ddcbad34dd5f075efc6324c99f49d33c470df5aa,85ed610b71d2327493c81be455aaa547ca747d75aa16122f6ab355ee885277b8,jmuben-3159,treino_auxiliar,0,grupo_ja_representado
jmuben,jmuben,3675,data/raw/jmuben/Phoma/4 (373).jpg,10,phoma,128,128,2839428a231240bd53d22036814ca2adaa4773a5445d5a776385eaca48b87c2a,95184863bac7a8563f63fd14e0e203eb018981f50f961e4a642aaae72e37b5ff,jmuben-3160,treino_auxiliar,0,grupo_ja_representado
jmuben,jmuben,3676,data/raw/jmuben/Phoma/4 (374).jpg,10,phoma,128,128,ec74a55c094c6856a863eeb1576cc4dcda16afd7d4694623d7aad34dad86c55f,a5401edab12b8e6c99bf277668efc13dbc27240e5e91d58e98c52ac36a74c354,jmuben-3161,treino_auxiliar,0,acima_do_limite_da_classe
jmuben,jmuben,3677,data/raw/jmuben/Phoma/4 (377).jpg,10,phoma,128,128,81f48ef6ef7f93e7476858b12af65e01dcfaaf2ff8f2247a8d2f6fcc21871306,889039008d01ad81c4d156d066f91f7d947dc53f6f5f380f076dce14e3fc7792,jmuben-3162,treino_auxiliar,0,acima_do_limite_da_classe
jmuben,jmuben,3678,data/raw/jmuben/Phoma/4 (378).jpg,10,phoma,128,128,aaf32d7e2aec9b27abdac992467db78334aeffeecd689c679942b0c8012223c6,90b0c6ebe95652a8fc35b9eb3f1a2a3545cb811e16992cd64ead9ace12c1f255,jmuben-3163,treino_auxiliar,0,grupo_ja_representado
jmuben,jmuben,3679,data/raw/jmuben/Phoma/4 (379).jpg,10,phoma,128,128,188a95177bfe3d2f84a461f473241791753adb0dfb2c5caaed991218392e9d31,8d762d7785572455c66dd6647324233617b297d350bb6b7dba9215530b8a6318,jmuben-3164,treino_auxiliar,0,acima_do_limite_da_classe
jmuben,jmuben,3680,data/raw/jmuben/Phoma/4 (380).jpg,10,phoma,128,128,653a1f0fdec7aba15a88c4a7953728a9157801541573cb6bb7fca02a6e0f65a7,9321333de955a954ed200c35be14c51e5d4a768a1573d3cb6d29b6c71f95494b,jmuben-3165,treino_auxiliar,1,
jmuben,jmuben,3681,data/raw/jmuben/Phoma/4 (381).jpg,10,phoma,128,128,60740983ff3dd4d10fb77847c86dd41dfda555313df6c571e111f10fb567fb92,85b1d8c4c628e9ddd2aaa44c3999fa229add259b6a945aad92c03c51ebd7cbc5,jmuben-3166,treino_auxiliar,1,
jmuben,jmuben,3682,data/raw/jmuben/Phoma/4 (382).jpg,10,phoma,128,128,3cab80645f54d6978fb4fd5ee47c7d7eb91078decc0c00c9eea43e5f33b1f458,8eac2698d69a23fee37e395e85dfd88b63401de09024c1db7f27945a43a3e84c,jmuben-3167,treino_auxiliar,1,
jmuben,jmuben,3683,data/raw/jmuben/Phoma/4 (383).jpg,10,phoma,128,128,5fbeee27efcdcfde444fa0ccc1656e9b1ce5f694316fa9e8714465335602a6ae,86b526bed6ad12aec3b03b9131d19ddcfaeee06e2bba954a40806962385117ef,jmuben-3168,treino_auxiliar,0,grupo_ja_representado
jmuben,jmuben,3684,data/raw/jmuben/Phoma/4 (392).jpg,10,phoma,128,128,2972d65fcfd978a19141451bda56dfbc012a534a33f1460f151d2bcc9e8edee7,b4b60a528d498bfac2b0f7da06eb23f8712f556661fd9870acd4d67960f50036,jmuben-3169,treino_auxiliar,0,grupo_ja_representado
jmuben,jmuben,3685,data/raw/jmuben/Phoma/4 (397).jpg,10,phoma,128,128,a0008876546c5ff95d585eee64a17b8e31c8015629a0f585aa4d2286ea3f9fbc,96961adae85b6721b4419a6da59e70a04dfba8ebcc3f3f49cd856e810521e353,jmuben-3170,treino_auxiliar,0,grupo_ja_representado
jmuben,jmuben,3686,data/raw/jmuben/Phoma/4 (398).jpg,10,phoma,128,128,bfc77fd6245076da52e56d22bc4e67fe9c648b7f81ca580fe06d6ca143631ccc,855a316a3f2d95af9258e1aa3e92cb4be4940fffc891e7141dc38eeae32c0866,jmuben-3171,treino_auxiliar,0,grupo_ja_representado
jmuben,jmuben,3687,data/raw/jmuben/Phoma/4 (407).jpg,10,phoma,128,128,d86898359278b3a4fd2beeb051da4f595784664f7062061422346ac306d12fdf,9c00007f97f84bc09ca230e067e02d61f3d78f07988f97d09debb9da36b3258f,jmuben-3172,treino_auxiliar,0,acima_do_limite_da_classe
jmuben,jmuben,3688,data/raw/jmuben/Phoma/4 (408).jpg,10,phoma,128,128,09edfeb65bc2b77558a564ba5e236243da4efec3f7772be0077e71d468700e55,96065ffb80ff8a03c1c04a3f6d015aa889fae2fb6a95b2ca4a19c326a9d5f653,jmuben-3173,treino_auxiliar,0,grupo_ja_representado
jmuben,jmuben,3689,data/raw/jmuben/Phoma/4 (409).jpg,10,phoma,128,128,86292829022d66f32669dd45f1ae434db63725c854c7ee038ef0a5c617551758,8041fc0faf83c9e0613cb0c7347892af197778a41874859d2d5fb5bddc744ca7,jmuben-3174,treino_auxiliar,0,grupo_ja_representado
jmuben,jmuben,3690,data/raw/jmuben/Phoma/4 (433).jpg,10,phoma,128,128,31f7ebb8239b6f389b4fa6e65446a4b23ab02756debb427aff561a51aaa45626,a473670a93c0b8b6b964287d5a0b16dfb492cda0454a195d9a4c5fd2ed35e8bd,jmuben-3175,treino_auxiliar,0,acima_do_limite_da_classe
jmuben,jmuben,3691,data/raw/jmuben/Phoma/4 (434).jpg,10,phoma,128,128,5b17d52575e0f6a5180b52939fa6236770328c8eb8a054a769cb9f84bbb3e2f6,834242f3458b3a647cd9c93bcc6a39b48729b0e4cea866b3666dcb10b7b79c5c,jmuben-3176,treino_auxiliar,0,acima_do_limite_da_classe
jmuben,jmuben,3692,data/raw/jmuben/Phoma/4 (435).jpg,10,phoma,128,128,5395d71fca95d0d4427bf130c5b4ca970cdf28659186bb2ceef97fabf79ca3ba,a4737748b9d0b8b62a6c6a1f5ecb1652cdb04f2c194f935546daa037a2ec13cb,jmuben-3177,treino_auxiliar,0,grupo_ja_representado
jmuben,jmuben,3693,data/raw/jmuben/Phoma/4 (436).jpg,10,phoma,128,128,c7181689e9d58391a1d9ee6540594088c8c9f41966e3cf174e80496a91780a75,860a4dec874c749b7bafda6dd8b92330ac4cb392996725d848b3660ecc59374e,jmuben-3178,treino_auxiliar,1,
jmuben,jmuben,3694,data/raw/jmuben/Phoma/4 (437).jpg,10,phoma,128,128,1cd84c2ec78ea6f46eaaf8306ab7e9de45294984b78a455a5857e8c08d19897c,a08f4ac9d427b88933381c53c1b64fdd433a734e7395697cb84ba1c61f41647f,jmuben-3179,treino_auxiliar,0,grupo_ja_representado
jmuben,jmuben,3695,data/raw/jmuben/Phoma/4 (445).jpg,10,phoma,128,128,b92435c863099ca163f384e9bcdf3be3a17a3aa2e383826ad3789ca3070e591c,b4db2b11e1ca9e71800cb4d9160cb3445dc8e3087fb07fe653a4338c64e7bdfc,jmuben-3180,treino_auxiliar,0,grupo_ja_representado
jmuben,jmuben,3696,data/raw/jmuben/Phoma/4 (446).jpg,10,phoma,128,128,21ca220030973abd5750d2a5fde85aec6b10f085f1b53c9e0f0d1d4b3ecfef4d,97c42c6fe344b2f79926d4dc3a271226a1277c826902ff027dc096f0b5f1bcf2,jmuben-3181,treino_auxiliar,0,grupo_ja_representado
jmuben,jmuben,3697,data/raw/jmuben/Phoma/4 (447).jpg,10,phoma,128,128,6e4241932538740421066531c0d221241935b477ef1dfae8096533aa003ace7f,b4363b40e637b1c8b277746f78ec007f6836d837b80e1d271f828ce069f24a79,jmuben-3182,treino_auxiliar,0,grupo_ja_representado
jmuben,jmuben,3698,data/raw/jmuben/Phoma/4 (469).jpg,10,phoma,128,128,d1b701a9bbebeb4da8ac1a41d2bc3bdd8ce0d400d48b90f9fcee59c5cef7652e,9a47414cae64602647975db181f9679c20f2adde4ceb5ce886a62b935367a8be,jmuben-3183,treino_auxiliar,0,grupo_ja_representado
jmuben,jmuben,3699,data/raw/jmuben/Phoma/4 (470).jpg,10,phoma,128,128,3685aebe67c3a08eac3617c39ca0c4036561bb7d428b5c32d2448c17e9c99332,9a574066a746e83245965f9980fba7d860baaadb84ed6a6d54868a9761514bbf,jmuben-3184,treino_auxiliar,0,acima_do_limite_da_classe
jmuben,jmuben,3700,data/raw/jmuben/Phoma/4 (471).jpg,10,phoma,128,128,7caff1eed15f1580de56af12dee090f811304460ddd14273e9809e188f17ad1d,91824ea2c8da027b584d13093f20718abba371f577f0345b72add394a97e74bd,jmuben-3185,treino_auxiliar,0,grupo_ja_representado
jmuben,jmuben,3701,data/raw/jmuben/Phoma/4 (481).jpg,10,phoma,128,128,87ceb7933ed849f60809f948d406888e5f8105c4284cc72f3cc8317879c8891f,86cc5999c1b3d28e8eb0c6b63e988b342c1b1e61e95e596a9ca7d2da1a6939ce,jmuben-3186,treino_auxiliar,0,grupo_ja_representado
jmuben,jmuben,3702,data/raw/jmuben/Phoma/4 (482).jpg,10,phoma,128,128,b86189f9446ae018451837a221f22f978b5fab67bb92c29d811055e248932b67,84d95b32c327d6bc0e275cac1a81ea3c3cd31acf6a5c1d63a4ac1ed2397d618b,jmuben-3187,treino_auxiliar,0,acima_do_limite_da_classe
jmuben,jmuben,3703,data/raw/jmuben/Phoma/4 (483).jpg,10,phoma,128,128,a45318cc4241cd621f90da744550bdd5dae2dec8f40364aea032830985961466,86cc185bf178f1c2835ef52114fcf125e5968539f4831adb296461fe0629d76d,jmuben-3188,treino_auxiliar,0,grupo_ja_representado
jmuben,jmuben,3704,data/raw/jmuben/Phoma/4 (484).jpg,10,phoma,128,128,e5d8fc75c2e0435f1d16e88d1575461fe7c431c5214c0cfef687a2e65a9fa533,84cc59dac1a2d28e87b2c4a71e88cb246d9e1ee1ea8f5b582d25e696de733856,jmuben-3186,treino_auxiliar,1,
jmuben,jmuben,3705,data/raw/jmuben/Phoma/4 (485).jpg,10,phoma,128,128,72fc20cf6f97a4bdd4fea7ce7afa72f2403e578b32f77fb85325014ebcfc486b,93315d337cc6da38a2a5f2cd1a7cd999f4ec0247b75e39220c92b659e052a3ab,jmuben-3190,treino_auxiliar,1,
jmuben,jmuben,3706,data/raw/jmuben/Phoma/4 (486).jpg,10,phoma,128,128,b16a7b75575fd7e47c89f4c2fab00fd791399037a8ee296fc42a9761d72dd3ce,93384c65dc94fa3cf2c1524f0a99e45c02e2b35f6936249bf25cc3d389e8ed69,jmuben-3191,treino_auxiliar,1,
jmuben,jmuben,3707,data/raw/jmuben/Phoma/4 (487).jpg,10,phoma,128,128,69ec94934f1ce84b3d5421fdd90dbf9b3c2b0417153acc013e8386ff62a249a5,80cc0cdd7f8828312373be16d03d43fb6f02d834b16156726ddd9b99986cddcc,jmuben-3192,treino_auxiliar,0,grupo_ja_representado
jmuben,jmuben,3708,data/raw/jmuben/Phoma/4 (522).jpg,10,phoma,128,128,6c838f200b31f05c59d0fdd1012476b9af7f71a280a48b91ce1ec13a5aba4095,84cc59e3d1a1d28e86b2f4871bdee5970ed9aa656b5c0d21e496de59395449d8,jmuben-3193,treino_auxiliar,0,acima_do_limite_da_classe
jmuben,jmuben,3709,data/raw/jmuben/Phoma/4 (523).jpg,10,phoma,128,128,a79a877ded98d1b95747238db000340cc6fdf96264af6c8946792089425384ce,8db22d47c6692b5138898d5c3ad47425311079ace76d4ac7e6a285ebcb4b7b5a,jmuben-3194,treino_auxiliar,1,
jmuben,jmuben,3710,data/raw/jmuben/Phoma/4 (525).jpg,10,phoma,128,128,5b8985f6db32a15d3583f8efbdec7fcd7a78cbf2a3f16c4d9720786d839c54b9,9ce117e8e11b15e86913b3369b88487b3ece9a4dd2724ec8ccc7662eae30e91e,jmuben-3195,treino_auxiliar,0,grupo_ja_representado
jmuben,jmuben,3711,data/raw/jmuben/Phoma/4 (526).jpg,10,phoma,128,128,fdf15878ddf53be621bafb6317ce242b7804c440e86419de74d4635c3deea5be,94571fa06609a3fcd6024eec64fb3217930a95bf49b32c99646eb39337353711,jmuben-3196,treino_auxiliar,0,grupo_ja_representado
jmuben,jmuben,3712,data/raw/jmuben/Phoma/4 (527).jpg,10,phoma,128,128,cad9bc23d5d80573aa58537afc114b4db7c90fd7a17e87014ea9ff9d69763b9f,98621fdce617b4fe4dda480734edb798d26351344cdaa185665e0751aadc6a56,jmuben-3197,treino_auxiliar,0,acima_do_limite_da_classe
jmuben,jmuben,3713,data/raw/jmuben/Phoma/4 (542).jpg,10,phoma,128,128,7581ecd381a9c515a1337fc09c72f4750b61f20ed0a7141d8eabe94fd2805c57,8739306673b6cb1e6831809b2f8ef489d2c6ca5fc7727f0341aa63199b2cacd6,jmuben-3198,treino_auxiliar,1,
jmuben,jmuben,3714,data/raw/jmuben/Phoma/4 (543).jpg,10,phoma,128,128,69a5da3ed99fc90e5c567add3803f97dc8aa07e2da0e2ec7abe0cc05ca30b85d,b631669c8debb919e95c524212f9e01af0f5db35b020fced4f58bb94c4474169,jmuben-3199,treino_auxiliar,0,acima_do_limite_da_classe
jmuben,jmuben,3715,data/raw/jmuben/Phoma/4 (544).jpg,10,phoma,128,128,7e5ec5e8d61b43a002e643febaed526e856f4a115ef865b2555154da77d1eac3,9cda6e1537cc9a43c45fc696972276ec3171b57949adc349752884a472f24ce9,jmuben-3200,treino_auxiliar,1,
jmuben,jmuben,3716,data/raw/jmuben/Phoma/4 (551).jpg,10,phoma,128,128,fba94e86adcb4106dc18dbf44d1716606cdcf1ef30562b90038f29c92c957832,81e53a121e15c3d1615c613b78c62f6325cc9065695acd974fb867599b2bd6ae,jmuben-3201,treino_auxiliar,0,acima_do_limite_da_classe
jmuben,jmuben,3717,data/raw/jmuben/Phoma/4 (552).jpg,10,phoma,128,128,d92b1459745daa0941ded071e7b5b33cc63889ab2a219d35e7657e2774367d1d,87c57c52471fe3c96468de9f8e79c3b078922d0130e56d5e59376e219ae8cca4,jmuben-3202,treino_auxiliar,1,
jmuben,jmuben,3718,data/raw/jmuben/Phoma/4 (553).jpg,10,phoma,128,128,d54c45de9eecd1aa4caf453377aed6c94a646917ca93a3dee2d49a065e4b791f,80ecb2763e8587e3cad0ae4f831dd0c7da116bd2c9a743bb22bc1b1b9328b3e8,jmuben-3203,treino_auxiliar,0,acima_do_limite_da_classe
jmuben,jmuben,3719,data/raw/jmuben/Phoma/4 (554).jpg,10,phoma,128,128,b50cd1f50644fb38ca6b78ccd4fb8003d65741f2212a5e51dbbe0ce72e4d5e7f,87c678594e1dc38b60e4ca87ce4f8735d0de2d1125c492e265cf5d9b6a91ba3c,jmuben-3204,treino_auxiliar,0,grupo_ja_representado
jmuben,jmuben,3720,data/raw/jmuben/Phoma/4 (555).jpg,10,phoma,128,128,b9eda231af5dfadb8f56115dd467b4e74e50ab0e0ce6af8ab64f65c3e4af9905,8fc970a55c7ec31761c2d5187c988e57d5f8ca65ce229442e8b8915969adbae6,jmuben-3205,treino_auxiliar,0,acima_do_limite_da_classe
jmuben,jmuben,3721,data/raw/jmuben/Phoma/4 (558).jpg,10,phoma,128,128,f8048d89ab19faf6c3e50bb5dd675c8d246feac540a8a7d7f43ae0ded1b4c968,990239d8a96e95263ff97207395dc01c66013df8fc1ecf8670791e2b81dd9d94,jmuben-3206,treino_auxiliar,0,grupo_ja_representado
jmuben,jmuben,3722,data/raw/jmuben/Phoma/4 (559).jpg,10,phoma,128,128,46d24b9739ed5cc51990f958ee76cc4685c1106e9c448645e83a9d38bff53f4b,983a3041a2f657fa625a87ec9c05e2443da9c7e93c0fe1c1df7c2383fc79c306,jmuben-3207,treino_auxiliar,0,grupo_ja_representado
jmuben,jmuben,3723,data/raw/jmuben/Phoma/4 (560).jpg,10,phoma,128,128,003819c39e7059f092c37a9674ce68fe1088ba36ce52b668da9b0973ff254332,92688fd3a397c3044589b80d8d080f8e321f7a1d0f3d1e3b9c769c473c8f69bf,jmuben-3208,treino_auxiliar,0,acima_do_limite_da_classe
jmuben,jmuben,3724,data/raw/jmuben/Phoma/4 (561).jpg,10,phoma,128,128,b262c1018611e769f269a5841b1ee8fa4dd547942e84aa449959c3bbb58aa329,92f5229e8fdb5e84cf02bc3e62b64f16cc24333e86c12f3cf0478e79758e9821,jmuben-3209,treino_auxiliar,0,grupo_ja_representado
jmuben,jmuben,3725,data/raw/jmuben/Phoma/4 (562).jpg,10,phoma,128,128,6cf22e086ac75346088984abf564e566f54e6e22f7e387955dcb96cf808bba77,96e0602ca3b735fb458947e28d19f073321e85e20f3de38c9c7663bc3d8f9642,jmuben-3210,treino_auxiliar,0,acima_do_limite_da_classe
jmuben,jmuben,3726,data/raw/jmuben/Phoma/4 (563).jpg,10,phoma,128,128,f7f2cb59ab2d0ba22390326b510eade40efe873262240a089f7a328d0d7087c9,90153a01a04c56a642fc05fbcc2f3bc88279079e79c3de3d63c714f48baf74de,jmuben-3211,treino_auxiliar,0,acima_do_limite_da_classe
jmuben,jmuben,3727,data/raw/jmuben/Phoma/4 (564).jpg,10,phoma,128,128,02f19fe6010c26052665d98042b31e4a7f4a3e11f90a731265fca096ab2a611b,958260b387fa30fcc7246f189f0770e6627399880ee67b14948f47e9fb47c833,jmuben-3212,treino_auxiliar,1,
jmuben,jmuben,3728,data/raw/jmuben/Phoma/4 (565).jpg,10,phoma,128,128,ed153b0857fad845ea776d924d39c009723e5a1e3b1ae57845123fe624781307,92e5239e8f9b4c80ad16b87c62ac9d44f07932c78e69711c8ce37f1d9863637c,jmuben-3213,treino_auxiliar,0,grupo_ja_representado
jmuben,jmuben,3729,data/raw/jmuben/Phoma/4 (566).jpg,10,phoma,128,128,5fadf4ae5ba7d973b95daedb9135e122542d159ba23191685ed9327343a5dc17,92c122fca7d81fcb52a94f833d008c7b62fa9e8ece837d78e18e9cf367181c84,jmuben-3214,treino_auxiliar,0,acima_do_limite_da_classe
jmuben,jmuben,3730,data/raw/jmuben/Phoma/4 (586).jpg,2,phoma,128,128,3205927b80d5b10d5beb6238da918b5238cb2cfd02be026a626599d63c9daf76,822f70d86f82ca0ffa869f1bea981710a6f63a82c59e28399f303c254fcf32cf,jmuben-3730,treino_auxiliar,1,
jmuben,jmuben,3731,data/raw/jmuben/Phoma/4 (587).jpg,10,phoma,128,128,d0d700aef9c974a4ba2c41cdfeb6a4087b05bca12f916c28e47a0472eb353dc0,877563e2eb646d36e62c8eb4cf121eca1c8359a971e3c3c78786250e425f983b,jmuben-3215,treino_auxiliar,1,
jmuben,jmuben,3732,data/raw/jmuben/Phoma/4 (588).jpg,10,phoma,128,128,ca14463bc53ae402b5d4588007acaa73c65826d069cd6603dbfcc31ac8b32915,8f611c3beb4c929be6a9735acc16e3343903ae24e1c7fc72ac0cbdc40c266ec7,jmuben-3216,treino_auxiliar,0,grupo_ja_representado
jmuben,jmuben,3733,data/raw/jmuben/Phoma/4 (589).jpg,10,phoma,128,128,71442964501bad9bccfa1fe7b6475645e479299b02d27e803de95a530ae73ccd,983d0d8fcd50656a43e84a4691ea9a6eb29e723ea22c664fcccd739bc43cd992,jmuben-3217,treino_auxiliar,0,grupo_ja_representado
jmuben,jmuben,3734,data/raw/jmuben/Phoma/4 (590).jpg,10,phoma,128,128,3d85e7dad2c33a1a99b9d041ba075e0397fefcd2761de529ef818e0c50810103,a0c4f0ca9f451f2be5b310fb4c5c960f2907f133192d6b3d995475b1c9c931f1,jmuben-3218,treino_auxiliar,0,acima_do_limite_da_classe
jmuben,jmuben,3735,data/raw/jmuben/Phoma/4 (591).jpg,1,phoma,128,128,04dbd2867e0e47becbe4ef5eba74628b88b6fdc89060d824707ed27e38f3755f,84ac037712ab4549bfc9d97b6dd52223ed9c2db4149ced431aabf55014a7965c,jmuben-3411,treino_auxiliar,0,grupo_ja_representado
jmuben,jmuben,3736,data/raw/jmuben/Phoma/4 (613).jpg,5,phoma,128,128,162e13b0356c4cc3a01da215ad0aef74be5175637fa4306158053610d31df879,8b530d27b1b68eb6a6e41cc6b19a863ad87837c9e411852a7d21a9e7150d7ebb,jmuben-3220,treino_auxiliar,0,acima_do_limite_da_classe
jmuben,jmuben,3737,data/raw/jmuben/Phoma/4 (625).jpg,10,phoma,128,128,e34b11ec839afe455982b6f98c8d9aaa330499bae30662908b15559858048041,ac13325b8935f9093de40d3b70b1fc39def4271f018fcc25e38270e17e52583d,jmuben-3221,treino_auxiliar,0,acima_do_limite_da_classe
jmuben,jmuben,3738,data/raw/jmuben/Phoma/4 (635).jpg,10,phoma,128,128,0b2dbdbdecf1ae833acaee93a42bc64f7a2bc341bc831528de1be7717820f6f6,89a731c54cc3d8b2c9278cc96dc76c359e74b6db2732626dc3b98336b09c6391,jmuben-3222,treino_auxiliar,0,grupo_ja_representado
jmuben,jmuben,3739,data/raw/jmuben/Phoma/4 (647).jpg,10,phoma,128,128,9f9e4d4ee3e214e20a1ad95c8d17518f5da5e64f6049899a35de216a8d04fcf7,87182c7179c75f47c8ded21836d124bd9da4912ce54b6cd15891cb36efa660e9,jmuben-3223,treino_auxiliar,0,acima_do_limite_da_classe
jmuben,jmuben,3740,data/raw/jmuben/Phoma/4 (672).jpg,10,phoma,128,128,bd9b09ec4693052d684297ed2a250595924d420f2f1fcdf4cc423b3b77f00e82,ac143ecf8668ba36998bf3f4fccff5c0bd3036a174b883ae00c030d8d347f155,jmuben-3224,treino_auxiliar,0,acima_do_limite_da_classe
jmuben,jmuben,3741,data/raw/jmuben/Phoma/4 (767).jpg,10,phoma,128,128,d780e0c53fbfa49127a70dd0a23f78f1843cfba31ca18354ebe64d6ca186996d,8b3131ab2cd0fe2ad2c60c5577aae0950679d98a1ca32335dd3f91ee5f2669c8,jmuben-3225,treino_auxiliar,1,
jmuben,jmuben,3742,data/raw/jmuben/Phoma/4 (773).jpg,10,phoma,128,128,e4f1e171282de0070a4ef490f10276c0b7b634356b38c8956664dd0ff541a962,9c6327c3c738b9c66acc96e36edb64b1edb618dcd5879230b426a336fe300262,jmuben-3226,treino_auxiliar,0,acima_do_limite_da_classe
jmuben,jmuben,3743,data/raw/jmuben/Phoma/4 (774).jpg,10,phoma,128,128,ae433b6281007e2b65f246e7998c8d3d56a9a6eb6f16fd3b55f0e23814292d66,8e69638ef2c3737130c734312d3cbf1e2f444b860bc713e137f820f5627c48de,jmuben-3227,treino_auxiliar,1,
jmuben,jmuben,3744,data/raw/jmuben/Phoma/4 (809).jpg,10,phoma,128,128,4f90afb0d3fbe5d52c7b4508020c109604bb422f4f0e043a22db97612758d193,9c71239ce1cc60c7c33161235be652e77273f0d35a9cb4eab424fb34ae34362c,jmuben-3229,treino_auxiliar,0,grupo_ja_representado
jmuben,jmuben,3745,data/raw/jmuben/Phoma/4 (810).jpg,10,phoma,128,128,b09830fecbaa41cf1df3754613d24f150ea302fc4b835c10295425f0fcb584bd,9c633c73c738b87863ce9e4cb2c3560f6471ed9340986d919ad8a4cb18dc75ab,jmuben-3230,treino_auxiliar,0,acima_do_limite_da_classe
jmuben,jmuben,3746,data/raw/jmuben/Phoma/4 (811).jpg,10,phoma,128,128,f17d2af88f218c2a9425b374a7c77b39f3da80036da9f589c4637d6206b0f796,9cc637a78673219cd798a4e76c3ead67cb0d9129bf4aa549424fee648a24145b,jmuben-3231,treino_auxiliar,0,grupo_ja_representado
jmuben,jmuben,3747,data/raw/jmuben/Phoma/4 (823).jpg,10,phoma,128,128,fe565fc1d607c04c91f2591b56d306785b16370991983d3c87cfc8212332f2e7,91993c7c8dcc4a4752c6569697a633249649bfd9a5b30608bdeb62bab4f620d9,jmuben-3232,treino_auxiliar,0,grupo_ja_representado
jmuben,jmuben,3748,data/raw/jmuben/Phoma/4 (863).jpg,10,phoma,128,128,61eb169d91b21ad33edc4ee8f23938ab7061a86f27e7651e00a4960a22d4f7c5,86ad7ce9bcc80adcf1d411d568377636930b31c2b8722379681c1fdff0031fb2,jmuben-3233,treino_auxiliar,1,
jmuben,jmuben,3749,data/raw/jmuben/Phoma/4 (898).jpg,10,phoma,128,128,f4a1155cc7b123ed65ca1c267fde95a7c885faae0b5776c11fe835b155cf68c4,a2895c3f812cc402f15f7fd60c3503f4e7121a754fb5477fb0e1581d4df8958c,jmuben-3234,treino_auxiliar,0,grupo_ja_representado
jmuben,jmuben,3750,data/raw/jmuben/Phoma/4 (915).jpg,7,phoma,128,128,5134b773d7f5097024682c11819dc35fd55fc5e29d512f47ac96c0b252af6ba8,976b6aa8e874613a2c0fe689a29363507b0e3b8b398c398739873c9b3d9a3d0f,jmuben-3235,treino_auxiliar,0,acima_do_limite_da_classe
jmuben,jmuben,3751,data/raw/jmuben/Phoma/4 (921).jpg,10,phoma,128,128,8aae4ab680cd92298a4d3bda56c502722403b6eb6ec1e452070d0b11c5c950fe,821446d471051c29bf0263da6cf2447d9dbec8cfd7b79891836ffb3232e14ba2,jmuben-3236,treino_auxiliar,0,grupo_ja_representado
jmuben,jmuben,3752,data/raw/jmuben/Phoma/6 (3305).jpg,4,phoma,128,128,c40fe72806a7648609a9c491a33aad1775be9aa99ea61719357dbfe2c50e6264,8f232cf416a68325da1ac1cae958e8aa7e8255d32097f55a57ca787b39497a95,jmuben-3228,treino_auxiliar,0,grupo_ja_representado
jmuben,jmuben,3753,data/raw/jmuben/Phoma/6 (3379).jpg,2,phoma,128,128,5d5f49e8164ce0ac70040d3b6adb872ae96e1028f93a36ebc5e0ab14bb3f2c8c,8ae67ae6af46d40614defcad7ea5a243615ad1425e425a3dee358540f52831af,jmuben-3219,treino_auxiliar,0,grupo_ja_representado
jmuben,jmuben,3754,data/raw/jmuben/Phoma/6 (868).jpg,2,phoma,128,128,903343338cef0648e82653c6011a83f73da23ab4f8dc0a52c5d0238c9810e14b,822f70d86f82ca0ffa869f1bea981710a6f63a82c59e28399f303c254fcf32cf,jmuben-3730,treino_auxiliar,0,grupo_ja_representado
jmuben,jmuben,3755,data/raw/jmuben/Phoma/6 (873).jpg,2,phoma,128,128,5b80a23b27087a99b94b38f8c655d75fb446375d4a825a39d1e38d7f3b89ff6c,84ac037712ab4549bfc9d97b6dd52223ed9c2db4149ced431aabf55014a7965c,jmuben-3411,treino_auxiliar,1,
jmuben,jmuben,3756,data/raw/jmuben/Phoma/6 (881).jpg,4,phoma,128,128,5ef83fd98c443cd1c764a0788c732b8e9d325dd781520b224c1f30c8ece440e4,9f0358a9cdaff84f31bdd70da928200df99e2cac6244c94d59dcf92ec1a54d16,jmuben-3756,treino_auxiliar,0,acima_do_limite_da_classe
jmuben,jmuben,3757,data/raw/jmuben/Phoma/6 (883).jpg,2,phoma,128,128,ed19b8412b517774e3e0a942eac08dfd4818aca690acaa70acef0d50be543367,92f508e53ca1e95ac09187a9478bb39d3334ceb68fd45e56e4aac1260fea3ce4,jmuben-3757,treino_auxiliar,1,
